# -*- coding: utf-8 -*-

# Resource object code
#
# Created by: The Resource Compiler for PyQt5 (Qt v5.15.2)
#
# WARNING! All changes made in this file will be lost!

from PyQt5 import QtCore

qt_resource_data = b"\
\x00\x00\x61\xc9\
\x89\
\x50\x4e\x47\x0d\x0a\x1a\x0a\x00\x00\x00\x0d\x49\x48\x44\x52\x00\
\x00\x01\x56\x00\x00\x00\x32\x08\x06\x00\x00\x00\x07\xbd\xf3\x7b\
\x00\x00\x00\x01\x73\x52\x47\x42\x00\xae\xce\x1c\xe9\x00\x00\x00\
\x04\x67\x41\x4d\x41\x00\x00\xb1\x8f\x0b\xfc\x61\x05\x00\x00\x00\
\x09\x70\x48\x59\x73\x00\x00\x0e\xc3\x00\x00\x0e\xc3\x01\xc7\x6f\
\xa8\x64\x00\x00\x61\x5e\x49\x44\x41\x54\x78\x5e\x95\x7d\x07\x80\
\x15\x45\xf2\x7e\x6d\x5e\x96\x8c\x64\x51\x92\x88\x80\x82\x88\x60\
\x40\x45\x14\x31\x60\x40\xcc\x59\xcf\x9c\xc5\x7c\x67\x3a\x3d\xb3\
\x98\x73\x3e\x3d\x3d\x3d\x73\x56\x30\x07\x4c\x20\x22\x2a\x60\x00\
\x11\x04\x49\x92\xe3\xc6\x7f\x7d\x5f\x55\xcd\xcc\x7b\xbb\xde\xfd\
\x7f\xdf\xee\x4c\x77\x57\xee\xea\x9e\x9e\xf0\x66\xdf\x16\xd4\xd4\
\x54\xd7\x3d\xf4\xd0\xc3\x72\xfe\x05\x17\xca\x1a\xd9\x40\x0a\x1b\
\x6f\x2c\x7d\x36\xef\x2d\x7b\x0c\xdd\x5a\xba\x6d\xd8\x42\x4a\x8a\
\xea\xa4\xae\x4e\x14\xba\x63\x85\x0d\x91\x82\x02\x2b\x95\x06\x32\
\x9a\x05\xba\xab\xad\xad\x05\x53\x0a\x0b\x0b\xb5\x5e\xc3\x3a\xe8\
\xd8\xea\xcc\x10\x79\x75\x4a\xaf\xad\x53\x59\x97\x07\x5f\x0b\xca\
\x60\x2b\x82\x8c\xd7\x41\x2f\x28\xb0\x36\xbc\xd2\x0a\xea\xaa\x53\
\x58\x08\x3b\x75\xba\xd1\x0a\x6d\x41\xc2\xcd\x11\xa1\x95\xd8\x53\
\x80\x1f\xf6\x20\x89\x3a\x6c\xd1\x0f\x3c\xe8\xaf\xf5\xa1\x36\xd1\
\x71\x25\xfa\x43\x7c\x90\xaf\xa9\x51\xbe\xb2\xb4\x4a\x84\x28\x0c\
\x14\x15\x15\xa9\x4c\x11\xe5\x6b\xaa\x6b\x94\x57\x2b\x05\x2a\x08\
\x5a\xa1\xda\x02\x9d\xb6\xa9\x93\xeb\x03\xf4\xf0\x6b\x71\x21\x46\
\xb0\x34\x66\xb4\x3d\xe6\xd8\x20\x03\x3e\x3a\x64\x79\x30\x8b\x94\
\xd7\xb2\xb0\xa8\x90\x04\x37\x4f\x3a\xa1\xed\x42\xed\x33\xe8\x16\
\x8f\xf1\xd5\x1a\x69\x1c\x17\xd1\x31\xa2\xae\xe6\x43\x99\x35\x35\
\x18\x57\xf0\xd5\x26\x61\x7a\xa6\x08\x1a\x78\xda\x4f\xad\x57\xab\
\x2c\x22\x88\x7c\x51\x5a\xe5\x20\x0e\x19\x50\xd0\x62\xa9\x44\xc6\
\x4b\x9f\x0a\xf0\x75\x4b\x6d\xb3\xd7\x2c\x09\xad\x72\xbe\x69\x13\
\x14\xc4\x56\xab\xe3\x01\x7e\xb1\xe6\x1e\x79\xaa\xf3\xf1\x33\xbb\
\x16\x03\xcc\xd1\x07\xe8\x3a\x71\xf0\x53\x58\x54\x6c\x06\x41\xa3\
\x6d\xf3\x63\x79\x40\x9f\x50\x23\x47\x79\xb0\x69\x36\xb0\x21\x06\
\x8b\x53\xfd\xab\xbd\x18\x1f\xda\x53\x50\x4e\x69\xcc\x9b\x92\xd2\
\xf1\x84\xbc\xe9\xd2\xbe\xb6\x31\xe7\x42\x8f\x59\x81\x23\xfa\x46\
\x15\xc7\x8a\x70\x5e\xc1\x4f\xd8\x81\x0d\xb6\xe1\xc7\xed\x42\x1e\
\x72\xa8\x61\xee\xc1\x9a\x1d\x53\x96\x27\xd8\xb4\xf1\x40\x3d\x0b\
\xd3\x87\x20\x6c\x51\x46\xfb\x8f\xd8\x2d\x56\xb5\xab\x76\x0a\x68\
\xcb\xfa\x8b\x12\x74\x58\xc2\x98\xd3\xac\xc2\xe6\x93\xea\xa0\x1f\
\x8a\x82\x02\xb4\xdd\x3f\x75\x6c\xde\x59\xbf\xd5\x2f\xc7\x02\x72\
\x64\xa3\xe6\x7d\xb4\x3a\x8e\x35\x94\xc6\xd7\x3e\x6b\xbb\x10\xe3\
\x4c\x01\x3b\x2e\x61\x23\xc9\x0b\xe7\x9e\x48\x71\x71\x31\x63\x37\
\x9b\x66\xdf\x74\xa0\x05\x8b\x80\xe5\x38\x84\x38\x86\x1a\x1f\x6c\
\xa0\x04\x35\xfa\x82\xbe\xd7\xd4\x15\xc9\xf4\x59\x8b\xe5\xcd\xf7\
\x27\xc8\xcc\x99\xb3\xa5\x6a\xe9\x74\x69\x2c\x4b\xe4\x96\x5b\x6f\
\x91\xbf\x1c\x77\x9c\x14\x3c\xf1\xe4\x93\x75\x47\x1f\x7d\xac\x14\
\xb6\x1e\x20\x1d\x3a\x6d\x22\xb7\x5e\x71\x82\x0c\xdd\x71\x80\x7c\
\x37\xfd\x57\x59\xb8\x68\xa9\x1a\x53\x93\xec\x88\x96\xe6\x19\x51\
\x25\x81\x25\x81\x80\xa6\x0e\xd1\x01\x20\xa6\x07\x26\x0a\xe8\x40\
\x6d\x4d\x35\x07\xa8\xa8\xb8\x84\xf6\x28\x6b\xea\x30\x99\xda\x74\
\xd0\xb4\x93\x0a\xb4\x51\xc7\xba\xee\x9c\x11\x13\xd8\x92\xa6\x09\
\xe5\x42\xe6\x03\x8e\x24\xd0\x36\x06\xd3\x92\x4e\x5f\xea\x03\x13\
\x10\x65\x4c\x54\x1b\x60\xb3\xcb\xe4\x21\x66\x6f\x63\xf0\x6c\x22\
\x42\x90\x5e\xad\x4f\x5a\x07\x62\x62\xc5\x01\x01\x59\xc8\xd0\xaf\
\xfe\x14\x68\xd0\xb0\x05\x4f\x38\xc8\x21\x67\x13\x3a\x1d\x48\xe8\
\x53\x16\xb6\x75\x01\xa4\x3f\x9f\x64\xb0\x43\xdb\x94\xd3\x26\x1d\
\x6b\x25\xda\x41\xa2\x4f\x80\x42\x56\xa3\x8c\xb6\x31\xd9\xd5\xae\
\x5a\xa6\x8e\xe5\xd9\x65\xdc\x0b\xed\x69\xc1\x49\xa4\x39\x60\x9f\
\x54\x8e\xb9\x08\xdb\x5a\xa0\x0f\x9c\xe0\xe0\x69\x1b\x32\x90\x8d\
\x7e\xb3\xaf\x1a\x3b\x64\xd1\xcf\x98\x0f\x80\x59\xd1\xbd\xfe\xc6\
\xd8\xc7\x04\x26\x0d\x76\xe1\x17\xfd\x85\x5d\x95\x89\xb9\x13\xf1\
\xf0\x64\xec\x96\x00\xeb\x0b\x28\xc6\x83\x5d\xc8\xc5\x18\x07\x22\
\x26\x50\x2c\x27\xb6\x08\x98\xbe\xe5\xc9\xc9\x99\x1d\x08\x5a\x6a\
\x81\xec\x50\xcf\xe5\x38\x07\x38\x8e\xd6\x17\xf8\xc7\xaf\xd9\xb1\
\x45\x83\x82\x0a\x93\x15\x5d\xe0\xac\x3f\x5c\xe0\xf0\xa3\x7a\x76\
\x92\x52\x6d\xd8\x82\xb8\xfa\x2b\x72\xbb\xa0\xc3\x56\x0d\xec\x2b\
\xdd\x72\xa1\x7a\x9a\x27\x88\x72\x01\xd1\x92\x7d\x63\xdb\xf3\x86\
\xf1\x73\x1d\xc6\xcc\xd8\x54\x16\x6d\xe6\x01\xf1\xa5\xfe\x2c\x5e\
\xf0\xc3\x96\xc5\x1f\x51\x00\x38\xf6\x38\x1f\x20\xaf\x32\xb8\x68\
\x82\xf7\x1a\x2d\xa1\x41\xdf\x0a\xeb\xb7\x2d\x7a\xe8\x53\xb1\x1e\
\xeb\x18\x17\x8b\xc7\x72\x56\x5d\x5d\xad\x32\x3a\x9e\xc9\xf1\x0a\
\x07\x96\x37\x20\xf6\x31\xb7\xac\xc5\x5e\xd0\xbf\xee\x48\x63\xac\
\x6e\x07\x12\xc9\x9c\x82\x1e\x7e\x94\x87\x18\xc1\x87\x19\x8b\x59\
\x63\xe5\x62\x4c\x55\xdd\x6c\xae\x43\x8f\xb1\xe8\x0f\xc7\x53\x63\
\xc5\x38\x59\xa6\x5d\x18\x75\xfd\x35\xf7\x75\xb2\x61\x87\x36\xd2\
\xbb\x67\x67\x79\xe7\xa3\x49\x32\xfa\x8a\xfb\xe5\xf7\xd9\xd3\xa5\
\x6e\xe9\x14\x79\xe6\x99\xa7\xa5\xa0\x73\x97\x2e\x75\x73\x57\xb5\
\x94\xae\x3d\xb7\x96\xb7\x9f\xfa\x87\x7c\x32\x61\xba\x5c\xf4\x8f\
\x47\x64\xc9\xca\xd5\x36\x39\x69\x18\x30\xa3\x04\x0d\x3b\xe8\x50\
\xa1\xb2\x4c\xaa\x0a\x21\xf1\x65\xa5\x25\xd2\x66\x83\x96\xd2\xb6\
\x75\x0b\x69\xd6\xac\xa9\x94\x14\xdb\x01\xbb\x7a\xd5\x2a\x59\xbc\
\x74\xb5\xcc\xff\x63\xa5\xac\x5a\xbd\x46\x69\x3a\x30\xbc\xb2\x45\
\x12\xcc\x8e\x01\x29\xb1\x5e\x44\x02\x48\x4b\x7c\xa3\x12\x0d\x8b\
\xc1\x06\xce\x06\x18\xc9\xc2\x60\x92\x47\xb6\xc9\xc0\x80\xc5\xe9\
\x30\xa7\xac\x72\xd2\x69\x2a\x83\x6f\x09\xf7\xc4\x2b\x6c\x50\xd5\
\x87\x16\xc6\xd3\xcd\x1a\x2c\x61\x05\x03\x03\x7b\x36\x01\x4d\x97\
\x7a\x09\x60\xc3\x4b\xc2\x6c\x1b\x4c\xcf\x60\x76\xac\x0a\xab\x26\
\x17\x7c\xf3\x0f\x02\x1b\x60\x90\x6e\xb0\x3c\x51\xc3\xd4\x0c\x94\
\x43\x9e\xb5\x7f\x21\x4f\x9a\x55\x0d\x50\x4c\xfd\x01\xe6\x33\x93\
\x13\xe5\xb1\x7f\xa8\xb3\x0d\xc0\x4e\x26\xaf\x11\x03\x65\x74\x1c\
\xea\xf9\xc0\xaf\xd9\xc1\x0f\x68\xf4\xa9\xf2\xf4\x47\x9f\x86\xf0\
\x60\x15\xec\x52\xdb\x76\x30\x18\x68\x41\xc7\xd0\xe6\x0a\x08\x66\
\xd7\x85\xb5\xae\x5b\xd8\x50\x9a\xf5\x0b\x5a\x20\xb9\x0e\x61\xf6\
\xad\xaa\x7d\x62\x1f\x20\xe5\x07\x9d\xdb\x8c\x38\x93\x9c\x90\x0e\
\x51\xb4\x61\xc0\xca\xb0\x65\x8b\x9a\x9f\x58\xc1\xa2\x3d\xcc\x7d\
\x98\xc1\x98\x84\x06\x29\xdc\x03\xb9\x34\xf4\xd1\xf2\xe9\x2d\xd2\
\x4d\x3f\xd5\x51\xc3\xc6\x8b\x58\xc8\x42\xc9\x28\x15\xa1\x99\x01\
\xc5\x75\x17\xb2\x8e\xe8\x27\x17\x3a\x6d\x73\x5e\x7b\x0c\x61\x3f\
\x4e\x32\x24\x2a\x2d\xc6\xa0\xa0\xd0\xee\x04\x2c\x27\x68\x23\x9f\
\xd9\xe3\x22\xb6\x54\x07\x08\x6b\x91\x5b\x52\x28\x1f\x3c\xb4\x8d\
\xcf\xe3\x5e\x29\xe8\x11\xc4\x21\x96\xf8\xf3\xbc\xa2\xd7\xc9\x7a\
\x00\x1a\x35\x00\x8b\x2d\x5a\xae\x4c\x8f\xae\xa8\xbf\xb6\xe0\xe6\
\xe6\x14\xa8\x93\x0e\x6d\x5a\xca\x8d\x97\x1d\x2f\x5b\x6e\xde\x4d\
\x86\x1f\x76\x89\xcc\xf9\x79\x92\x74\x68\xbc\x42\x5d\x94\xb5\xa8\
\x6b\xdc\x7d\x84\x7c\xf2\xdc\xd5\x32\xf6\x83\x49\x72\xe5\xad\x4f\
\x99\x8a\x1a\xf1\x7e\xa4\x4e\xdd\x51\x0e\x10\x04\x12\xa2\xc2\x8d\
\xcb\x4b\x65\x40\xdf\x4d\xa5\x7d\xfb\xf6\x3c\xcb\xfe\xf0\xd3\x1c\
\x59\xba\x72\xbd\x94\x97\x55\xe8\x59\x76\xbd\xd4\x55\x57\x49\x95\
\xc6\x54\x5e\x5e\x2c\x5d\x37\xee\x28\x1b\xb4\x6c\x2c\xab\x57\xae\
\x92\x89\x53\x7e\x94\xb9\xf3\x17\x71\x70\xc2\xbc\x25\x9d\x15\xfa\
\xb0\x2b\x4e\x3b\x90\x8c\x66\xec\x04\x2e\xef\xe2\x0e\xe8\x68\x11\
\xb6\x10\x2b\x9b\xf0\xa3\x34\xd2\x5d\x98\xa2\xd8\xe9\x06\x3e\xfc\
\x20\x91\xee\x97\xe2\x7a\x0b\x8f\x0a\xfa\x9b\x0c\x1c\xf7\x79\x80\
\x3e\x6c\xc3\x5f\x46\xd6\x00\x43\xa6\x17\x54\xb3\xe1\xc4\x1c\x44\
\x3e\x30\xa1\x21\xed\x07\x2f\x5b\x5a\xd2\x00\xea\x5a\xd1\xdf\x24\
\x67\x90\xd2\x5c\x26\x7e\xc9\x46\xdd\xf5\x29\x06\x7d\xe3\xdb\x89\
\x44\x25\xd0\xe4\xc2\x6b\x07\x10\x08\x66\x43\x69\x3c\x61\x99\xfd\
\x88\x8a\x57\x8f\xca\xa7\xdf\xf0\x6d\x26\x0d\x20\x6b\x11\x36\x0c\
\x16\x97\x1d\x88\x5e\xcf\xf0\xac\xf0\x32\xda\x0e\xce\x33\x15\xe5\
\xf8\x51\xdd\xf9\x50\xd7\x2a\x5a\xb0\x97\x3d\x40\xf3\x6d\x98\x90\
\x55\x53\x3f\x06\x8b\xc3\x68\x56\xcb\xf2\x5d\x09\x3a\xf0\x61\x2d\
\x03\xfb\x17\x08\xfd\xf4\x04\x0d\x4a\x8e\xbc\x22\xb1\x9c\x17\x03\
\x73\x45\x61\xd7\x08\x65\x95\x0b\x49\xe3\x20\x6f\xba\x77\xd9\x7a\
\x0b\xab\xc2\x2e\x14\x42\xda\xf6\xb6\x08\xa9\x9c\xcb\xda\x45\x4d\
\xc0\xa4\x08\xd8\xf3\x66\xba\x68\x2a\x72\xfa\x0a\x30\x0a\xab\xd2\
\x6e\x88\x18\x2d\xcb\x0d\x3e\x68\x20\xe6\x65\x31\x14\xf3\x40\x41\
\x55\x82\x16\x46\x08\x6d\xf4\x03\x86\x2c\xbf\x26\xe3\xba\x49\x9e\
\xc2\x51\x06\x2a\x93\xce\x45\xf0\x31\x8f\x32\x42\x6e\x82\x45\xc8\
\x21\x5f\x2a\x43\x5a\x2c\xac\x79\xc0\x9a\x74\xf3\xe5\xc7\x4b\x9f\
\x1e\x9d\x64\xd7\x43\x2e\x95\xf5\xbf\x7f\x22\x05\xa5\xed\xb6\xae\
\x3b\xf0\xe0\x43\xe5\xaa\x73\x0f\x97\x01\x7b\x8e\xf6\x5b\x13\x98\
\x54\x03\xb0\x9b\x1f\x9c\xc2\x68\x76\x50\x60\x12\x37\x6b\x5c\x2e\
\x43\xb6\xeb\x2f\x35\xc5\xe5\xf2\xdd\xd4\xd9\xd2\xaf\xd7\x46\xd2\
\xb1\xdd\x06\x7a\x29\x2d\xb2\x6e\x7d\xb5\x2c\x58\xbc\x5c\xe5\x6a\
\x18\xc0\x06\xad\xf4\xea\x55\x2f\xc5\xcb\xcb\xca\x64\xd5\x9a\xf5\
\xf2\xc9\xe7\xdf\x49\xeb\x0d\x5a\x48\xa7\x76\x4d\xe5\xbb\x1f\x7e\
\x96\xa9\x3f\xfe\xaa\x67\x46\xf4\x07\x49\xb3\xce\x5b\x28\x11\x8f\
\xd3\x80\x4c\x32\x73\x81\xb6\xf3\x14\x4c\x0c\x9b\x41\xcb\x4b\xa8\
\x59\x37\x68\x85\x2c\xec\xd8\x3f\x27\x92\x44\x86\xd2\x32\x07\x2e\
\x58\x59\x53\x40\x42\xc3\x4e\x1b\x11\x67\x1e\x72\xc4\xea\x19\x01\
\x8c\x66\xf1\x43\xda\x27\x14\xe2\x22\xc7\x11\xf6\x39\xd1\xb4\xae\
\xbf\xd9\x2b\x77\x03\xe8\x60\x34\xe0\x87\x07\x9b\x82\x76\x31\x31\
\x31\x81\xd0\xc6\x2f\x28\x81\x4c\x2d\x16\x6e\xb7\x89\x03\x36\x9d\
\xb4\x81\x90\x4f\xe5\xd8\xd2\x3a\xfa\x81\xcd\xae\x00\x33\x60\x23\
\x4b\xd1\x3a\x9a\x34\x61\xf6\x4d\x57\xfb\x47\x7a\xea\xcf\x9a\x18\
\xb3\x94\x46\xd0\x2f\x68\x28\x51\x75\xbe\xc7\x13\x40\xcf\x43\x24\
\x11\xcf\x9a\xca\x15\xaf\xef\x27\x0b\x65\x71\xac\xf4\x37\x15\x8b\
\x0a\xe2\xf7\x2a\x04\x50\xcf\xc8\xf0\xaa\x5b\x7f\x28\x92\x17\x23\
\x10\x14\xaa\xb8\x71\xfa\x0a\x5b\x0e\x63\xe9\x8e\xbf\xa9\x5c\x2c\
\xf8\x40\xe4\x34\x2b\x67\x79\x30\x43\x66\x97\x35\xa3\xe5\xf4\x39\
\x5b\x07\x42\xd6\xf0\x67\xf9\x09\x9b\xa9\xef\x3c\x84\x5e\x98\xcb\
\x88\xb0\x0a\x7e\xf4\x03\x32\xc1\xa7\x1e\x4e\x68\x4a\x64\x1f\x73\
\x0d\xe4\xc6\xc3\x5e\xd2\x8e\xc1\x79\x5a\xe4\x48\x25\x7c\x03\x2f\
\x94\xb4\x04\xd5\xcc\x99\x74\x79\x59\x89\x4c\x1a\x7b\xa7\x9c\x7d\
\xe9\xbd\xf2\xda\x6b\x2f\x4b\x41\xa3\x2e\x7b\xd5\x3d\x7e\xe7\x45\
\x32\xed\xa7\xb9\x72\xfd\x3d\xcf\x99\x3b\xfb\xad\x07\xd2\xb8\x73\
\xd3\x1a\xfc\xe0\xad\x7b\xe9\xad\x7e\x0b\xf9\x66\xda\x6f\x32\x62\
\xd7\xfe\xb2\xae\xb2\x4e\x5e\x7b\xe7\x2b\x59\xba\x74\x99\x14\x16\
\xd9\x22\x84\x89\xa2\x35\x28\x26\x46\xd0\x2a\x29\x2e\x91\x21\xdb\
\xf4\x92\x9e\x5d\x3b\xca\x97\x53\x66\xa9\xd9\x5a\xd9\xb8\x7d\x63\
\x79\x75\xdc\x27\xb2\xbe\xca\x1f\x1a\xc3\x0d\x95\xa0\xe3\x36\xcc\
\xc8\x9f\x20\xcb\x33\xf9\xe8\x53\x36\xaf\xc9\xe0\x42\x26\x43\x07\
\x8c\x95\xda\xa9\x3f\x41\xb2\x6d\xc8\xe5\xf3\x03\xce\x03\x3b\x31\
\x87\x09\xe1\x36\xc3\x6e\xce\xe0\x65\xed\x39\x3d\x21\xd9\xa2\xc2\
\x5a\xbd\x98\xb2\x80\x8f\xd4\xe6\x7f\x8f\x1f\x08\xd9\x3c\xbf\xf5\
\xe4\x1a\x00\x44\x54\x1c\xfe\xcc\x0f\x74\xad\xb4\x7e\x6a\xf5\xbf\
\xd9\xa9\x97\x03\xb7\x01\x3a\x69\x6e\x87\xac\xe8\x7f\xc8\x02\x59\
\xdb\x3a\x9a\x49\x0c\x8e\xc4\xae\xc3\x0c\xb1\x9a\x0f\x4a\x26\xf2\
\x19\x3d\xb5\x69\x73\x0f\xb4\xac\xae\xc9\xa4\x2e\x1a\xe6\xa7\x27\
\xe2\x44\x90\x30\x3d\xa7\x65\x54\x29\x1f\xee\xfe\x27\xd0\x67\xd8\
\x4a\x85\x73\x72\xc4\xd8\x03\x66\x34\x3f\xde\x3f\x9b\x8b\xac\x25\
\xed\x94\x9e\x80\xea\xee\x9f\xed\xac\x8c\xfb\x05\x4f\xc9\x6e\x5d\
\xe5\x5c\x86\x44\x50\x83\xe3\xcd\x4c\x1b\xc8\x1f\x6f\x1b\x5f\x6c\
\xd9\x7e\x00\xd6\x40\xee\x12\x72\x8e\xae\xc5\x19\xf6\xb3\x27\x17\
\x30\xc2\x6b\x8e\x4d\xba\xc9\x12\x0c\x21\x8b\xf5\x0a\xf1\x40\x02\
\x7e\xcf\x3b\x79\x94\xf4\xe9\xb9\xb1\x1c\x7d\xc6\xb5\x78\x70\x56\
\x28\xbd\x37\xd9\x58\xa6\xfe\x34\x3b\x42\xf3\x0f\x7d\x00\x50\xd0\
\x81\x24\x1d\xb0\x40\xcb\xa5\x25\xc5\x72\xcc\x01\xbb\xca\xbc\x85\
\x6b\xa5\x79\xb3\x66\x32\x68\xcb\xee\xf2\xd8\x73\x1f\xcb\xbf\x5f\
\x19\x2f\xcb\xf5\xf6\x1e\x8b\x2a\x6d\xe9\x1e\x4b\xa2\x2d\x8b\x66\
\x18\x34\x3c\xaf\xa9\xae\xa9\x96\x77\xc6\x4f\x91\xbb\xff\x35\x56\
\xd6\xac\x5a\x21\x3b\x0c\xec\x29\x13\xa7\x2e\x90\x7d\xf7\xdc\x59\
\xda\xb5\x6e\x41\x79\xf3\xab\x7a\x5a\xb1\x28\x8c\x12\x60\x6c\x49\
\xe7\x73\x79\x09\x9c\xdc\x40\x8e\x32\x40\x6c\xb6\x65\x07\x00\xba\
\xd0\x33\xd5\x90\x09\x24\x8c\x3c\x04\xd1\x64\xd3\x61\x33\x24\x2d\
\x1a\xae\x6f\x20\xcd\xb6\x4b\x32\xa0\x5c\x1b\x59\xc7\x69\xff\x0d\
\xf9\x16\x13\x76\xc2\xc8\x93\xe0\x98\x62\xf3\xba\x55\xc0\x49\x0a\
\x83\xcf\x05\x18\x4c\x44\x74\x87\x5f\x4b\x9a\xb5\xa3\x8c\x6a\x0e\
\xe0\x3b\xe3\x3f\xa7\x99\x51\xf0\xa0\x79\x0a\xd6\xdf\x68\x25\xc2\
\x49\x9c\xd1\xce\x90\x14\x94\xd4\x1d\x72\x69\x3f\x29\x8d\xd4\x9c\
\x2b\x1a\xaf\xb9\x4f\x82\xc2\x56\x4d\xc0\x1c\x61\x7e\xa4\xce\x52\
\x95\x7c\x61\x07\xe5\x8c\xc7\x78\xb0\xb1\xe5\x76\x22\x60\xc0\x4d\
\xe4\xcc\x69\xca\xfc\x39\xea\xec\x13\xdd\x1c\xe4\xa8\xb8\x2d\xb3\
\x17\x36\xad\x60\x25\x47\x96\xe2\x51\x35\xfc\x37\xff\xce\xca\x9a\
\x36\xa2\xd9\xc5\x3a\x12\xf6\x08\x97\x37\x59\x30\xd9\x4a\x90\xd7\
\x4c\x00\x1b\x7c\x4c\x18\x9b\x8e\x5d\x8e\xdd\x0c\xd0\x4f\x5b\x6d\
\x1c\xd0\x75\xe1\x3f\xb3\x9f\xc8\x26\x80\xa4\x49\x63\x8c\x62\x33\
\xc9\x58\xd3\xb0\xd3\x58\x50\xa3\xfd\x02\xbd\xdb\x9e\x2d\x9b\x76\
\xdd\x50\x63\x2c\xc5\xc2\x5a\x27\xc5\xc5\x45\xba\xc8\x61\x92\xd8\
\xf3\x04\xd7\xa2\xbc\xc7\xc4\x0a\x16\x08\xac\xcc\x8d\x1a\x95\xc9\
\x11\x07\xec\x21\xef\x7e\xfe\xa3\xec\xb3\xdb\xd6\xf2\xee\x27\xdf\
\xca\x2b\xef\x4c\xd4\xab\xf0\x6a\x39\xed\xb0\x9d\xf9\xa8\x37\x0b\
\xdc\xda\x1f\x7d\xe0\x50\x29\x2c\x2c\x76\xfb\x66\x14\x9f\xba\x8d\
\xda\x7d\x90\x34\xad\x28\x97\x1f\x7e\x59\x20\x77\xfe\xf3\x75\x19\
\xb4\x45\x27\xf9\x75\xde\x52\xe9\xb7\x45\x6f\xe9\xde\xb9\x23\x7a\
\x46\xd9\xa4\x74\xc0\x42\x32\x59\xb4\xcc\x4f\xb6\xb9\x89\x3e\xf8\
\x41\x44\x13\x96\x9c\xfa\xc8\x28\x2b\xcc\x9d\xee\x72\x44\x43\x06\
\xa5\xd7\xc9\x87\x6d\xc8\x86\x70\x8e\x92\x22\x6b\x3b\x95\x63\x7c\
\x39\x3c\x8b\xd7\xb9\xdc\xa7\x08\x9b\x4e\x67\xa1\xbb\xc4\x86\x6e\
\x39\x31\x64\x40\x12\x78\x56\x46\x4e\xe0\x9f\x2a\x60\x90\x66\xf6\
\x12\x28\x93\xbc\x3c\x9b\x6c\x66\xc4\x60\xa1\x21\x50\x37\x8f\x97\
\x35\x6f\x50\x42\x56\xa4\x21\x53\xae\x63\x87\x8b\x6e\xbc\x52\xf0\
\xab\x85\x88\x39\xec\xb2\xc4\x3c\xc5\xa6\x35\x06\x8b\x0a\xe8\x8e\
\x90\xcd\x22\x3f\x30\x57\x23\xb2\xb6\x55\x8e\xf3\x09\xa5\x11\x7c\
\x03\xc2\x27\xab\x16\x83\x31\x14\x19\x59\xfe\xea\x8e\x82\x79\x80\
\x48\xa6\x64\xfc\xda\xd7\x2c\xd2\x71\x42\x2c\xdc\xd3\x5f\x0a\x1b\
\x63\x67\xda\x46\x01\xdb\x18\x55\x8e\xbc\xc2\xed\x65\x9f\xcb\xe6\
\x42\x69\xf9\xb6\xf2\xe2\x8f\x31\x21\x9b\x72\x19\xe4\x8a\x9a\xae\
\xeb\x9b\x0e\xea\xb6\x68\x11\x21\x9f\xb0\xac\x92\x9a\xcd\x77\xe0\
\x50\x31\xcc\x13\xe6\xc8\xdb\x36\x07\x14\x20\x79\x3f\x53\x38\x4f\
\x41\xaa\xc7\xc1\x2a\xf7\x86\x1c\x0d\x95\xc1\x0f\xf3\xee\xf6\xf0\
\xe8\xad\xda\xdf\x84\xe0\xe5\x6a\x1d\x97\x41\x7f\x05\x02\xa6\x12\
\x6b\x5e\x89\x00\xf9\xaa\x42\x9d\x94\x95\x97\xcb\xbe\xbb\xed\x20\
\xef\x7d\x3e\x5d\xf6\xd7\x45\xf5\xee\xc7\xc7\xca\x92\x65\x2b\xa4\
\xbc\xb8\x50\xee\xf9\xc7\x71\x72\xf9\xe8\x03\xe5\xf8\x83\x86\xa8\
\x3a\x6e\x67\xd4\xbd\x6e\x27\x1c\xb1\xbb\x8c\xb9\xec\x18\x79\xf8\
\x86\x93\xa5\x69\x93\xc6\x8c\x12\x56\x47\xed\x3e\x50\xee\xbd\xee\
\x24\xf9\xd7\xed\x67\x48\xd3\xa6\x8d\xe8\xf1\xf9\xb1\x13\xa4\x4c\
\xaf\x76\x4b\x8b\x8a\xa5\xd3\x86\x9d\x64\xc3\x8e\xed\x94\x8a\x85\
\xd1\x6c\x05\x92\x14\x7b\x61\x25\x26\x9a\x4d\xb6\x14\x58\x3c\x30\
\x31\x2d\x19\x84\xda\xc1\xa7\xb1\xa4\xa7\x26\x1d\x50\x56\x62\x32\
\x49\xb0\x81\x6e\x34\x9b\xe4\x18\x38\x95\x4c\xfc\x98\xe5\x44\x9e\
\x70\xa6\x36\x4d\x16\x0b\x99\x2f\xf0\x4e\xe7\xa7\xab\xd4\x04\x8c\
\x6e\x2d\xec\xad\x87\xa9\x0f\xad\x40\x87\x71\xa1\x65\x83\x09\x9b\
\x90\xce\x2e\x8a\x1e\x8d\x6d\x2a\x9c\xed\x37\x0b\xec\xdc\x38\xf3\
\xc5\x86\xd3\xf2\x01\x7d\xd7\xe3\xa4\xc9\x0a\x85\x4f\xf7\x9b\xc3\
\x75\x1d\x7a\x8b\x9c\x59\xab\x3e\x5c\x3f\xd1\x86\x2e\x73\x9d\x66\
\x87\x3c\x97\x03\x2d\xe8\x36\x86\x19\x4a\x2e\x13\x3b\x2d\xd2\x0d\
\x34\xeb\x2f\xc6\xd0\xfa\x4f\x50\x14\x7c\x6b\x3a\xc1\x68\x0a\xe6\
\x5a\x37\x7c\x4e\x80\x4f\xf5\xf1\x2e\x32\x9f\x63\xd3\x06\x0a\xb7\
\xe3\x06\xb8\x27\x9d\x05\x4b\x83\xc7\x12\x72\xb4\xaf\x5b\x28\xa0\
\x0a\x7e\xd0\x93\x7d\x8a\xe8\x07\xc0\x79\xc5\x79\x00\xdd\xa0\xd3\
\xa3\x6e\xae\xc9\x22\x68\xff\x1b\x7c\xc6\xab\x76\x92\x28\xb1\x83\
\x5d\x9d\xaf\x36\x96\xd6\x34\x32\x64\x31\x27\xd3\x5b\x70\xd7\xb2\
\xfc\x40\x4e\x65\x98\x87\x88\x33\xec\xfb\x06\xd8\xde\x41\x5a\x4a\
\xcf\x97\x35\x47\x59\x8d\xb4\x5f\x9c\xa3\x38\xce\x94\x6d\x3a\x1a\
\x1b\x8e\x75\x6e\x36\x57\x6c\x2c\x68\x19\x15\xaa\x93\x64\x41\xba\
\x2e\xfa\xe3\x71\x93\x09\x9a\xc9\x73\xde\x50\xc3\xf9\xa0\x61\xe3\
\xf1\x01\x6a\xa1\x14\x15\x35\xeb\xfe\xf7\x53\x8f\xd9\x5b\xde\xfb\
\xf4\x5b\x99\xf1\xeb\x7c\x32\x28\xe5\xe0\x63\x01\xb6\xb5\xa2\x93\
\xe9\x98\x83\xf7\x94\x8f\x26\xfc\x22\x23\x76\xee\x2b\xf7\x3c\xf1\
\x36\x9d\xe1\xc5\x5f\xbc\x05\x80\x2b\xd0\x1f\x66\xfc\x2e\xe3\xc6\
\x4f\x95\x3f\x96\xac\x80\x12\xb1\x74\xe5\x3a\x59\xb6\x7c\x8d\x7c\
\x33\xfd\x57\xf9\xea\xdb\x5f\xd4\x9c\x05\xb4\x7c\xe5\x7a\x59\xbd\
\x7a\xbd\x7c\xf5\xdd\x2f\xf2\xc5\xe4\x9f\x3c\xc8\x3a\x99\xfd\xfb\
\x1f\xd2\xba\x55\x4b\xa9\x2b\x28\x95\x4d\xba\x74\x90\x39\xf3\x16\
\x49\x65\x15\x16\x7e\x05\x63\xf1\x00\x93\x0e\x66\xa1\xc9\xd4\x7d\
\x2e\x15\x8b\x6b\x0c\x8e\x2d\x98\x96\x64\xb2\xb4\xb4\xe4\x53\xd2\
\x72\x47\x2b\x66\x43\x09\x94\xd1\xc5\x18\x2f\x1c\x6b\x49\x02\x7d\
\x43\xd5\xec\xc0\x2e\xc0\x89\x03\x1e\x06\xc8\x0c\x28\x5c\x96\xbe\
\x6d\x70\xf1\x90\x1d\x25\xc4\x89\xf4\xf9\x4b\x2e\x10\x2b\x36\xf5\
\x63\xbe\xcd\xac\xd9\xc3\xce\xfc\x5b\x3b\x62\x56\x78\x3d\xde\xa6\
\x30\x61\xc0\x72\x16\xfa\xd9\xb8\x43\x37\x26\x20\x36\xf0\x6d\xbc\
\xc0\xa5\x16\x59\x89\x7c\xd2\x1f\x93\x49\xfa\x88\xa0\x68\x07\x9b\
\xca\xaa\x70\xe4\xc6\x15\x95\x65\x3e\x4c\x1f\xa4\x68\x63\x3c\x60\
\xc3\xfd\x40\x87\x75\xcd\x29\xe0\x72\xa0\x92\x87\xa6\x71\x88\xf0\
\x8f\xc7\x4d\x78\x64\x85\x48\x6b\xf4\x6e\x8a\xcf\xfa\xe1\x1e\x8a\
\x54\xb0\xbe\xb0\xa1\x44\xe6\x99\x04\xdd\xe8\x83\x12\xac\x5b\x04\
\x00\x0c\x78\x15\xa2\xdc\x05\x4d\x77\xa1\xef\x6d\xfa\x62\xdd\xe1\
\x7c\xeb\xbb\xc5\x99\xf8\x74\xd8\xfb\xbc\x96\x77\xb0\xf0\xbe\xad\
\x19\x02\x42\xd7\xea\x2c\x55\x88\x17\x0a\x31\x87\xb1\xa0\xc1\x29\
\x74\x28\x67\xb0\x58\xb8\xf3\x36\x64\x58\x55\x5d\xf8\x34\x61\xcb\
\xbd\xd5\xb3\xf9\xe7\xd8\xc6\x98\x51\x11\xa5\xd5\x21\x92\x64\xc9\
\xed\x80\x0e\x9d\x12\xbd\x23\x2e\xd5\x0d\x64\xbe\xd3\xca\x7e\xab\
\xac\x8b\x07\xa2\xc9\x7c\x24\x36\x00\x28\xda\xc2\x1d\xb1\x90\x1f\
\xf5\x0c\xb2\xe3\x47\x3f\x2c\xad\x8d\x8d\xfd\xa1\x25\xa5\xa3\xb4\
\x5f\xb6\xc8\x47\x5d\x7d\x41\xd7\x8e\x61\x50\x14\x94\x73\x61\xdd\
\xc1\xa6\x57\x13\x74\xef\xd2\x5e\x86\x6e\xd7\x57\x1e\x7c\xf2\x0d\
\x29\x28\xd9\x70\x78\xdd\x77\x1f\x3c\x24\x97\xdc\xf4\xa4\xbc\xf5\
\xc1\x57\xf0\xa0\xc0\x0e\x1a\xa1\xac\x86\x74\xd0\x76\xdc\xa6\xaf\
\xcc\x5f\x5a\x29\x23\x87\x6f\x23\x77\x3f\xfa\xba\x2e\x76\x95\x26\
\xae\x8b\x82\x4d\x02\x7c\x9e\x8c\xeb\xcb\x78\xe7\x0d\x5c\x4a\x90\
\x07\x58\xc7\x8c\x86\x3a\x5e\xf2\x65\xc7\xc9\xd6\x92\x55\xdd\x15\
\x96\xc8\x1e\x43\x06\xc8\x8f\xb3\x17\xc9\xd0\x6d\xba\xcb\x7d\x8f\
\xbf\xaa\x6e\x74\xe2\xa8\x1c\xf4\x18\x99\x99\x31\x5a\x54\x94\x48\
\x73\x46\x30\xc0\xac\x26\x6a\xf8\x4e\x5b\xca\xde\xc3\xb6\xe1\x15\
\x07\x64\x20\x14\xef\x14\xda\x4b\xc1\x98\x20\x05\x72\xe7\xa3\xaf\
\xca\xb4\x9f\x66\x9b\xae\x02\xb6\x8e\x1e\xb5\xb3\x0c\xec\xbf\x19\
\x63\xc5\xd5\xca\xa2\x25\xcb\xe5\xaa\xdb\x9f\x93\xab\x2f\x38\x54\
\x9a\x37\x6d\x6c\x9e\xb5\x2f\xff\x79\xf5\x13\xf9\x78\xe2\x34\xb4\
\xf8\x8b\xdd\x0e\x03\x37\x93\xc3\xf6\xdb\x19\x0d\x82\xfd\x56\x3b\
\x4b\x97\xad\x94\xb1\xef\x4d\x94\x4f\x26\x4d\x07\xd5\x98\x01\xe5\
\x23\xa6\x93\x8f\xdc\x43\xfa\xf6\xee\x4e\x2e\xda\x1f\x7e\xfe\x9d\
\x3c\xf7\xc6\x67\x72\xf2\x11\xbb\x49\xbf\xde\xdd\x28\x8a\x1c\x3e\
\xad\x7e\xc7\x4f\x98\x8a\x20\x48\x83\xeb\x1e\x7a\x52\x3a\xe7\x84\
\xfd\x92\x7e\xd5\xa8\x1c\xca\x95\xab\x56\xcb\x47\x5f\x7c\x2f\x6f\
\x7f\xf4\x0d\xff\x32\xca\x80\x78\x19\xb0\x6c\xb5\x45\x57\x39\xe1\
\xb0\x3d\xd9\x57\xf8\xd4\x9d\xdc\xf9\xd8\x9b\xf2\xe3\x2f\x73\xc9\
\xa7\x9c\xda\xd9\x79\xdb\x3e\x72\xe0\xde\x3b\x9a\x33\x05\x4e\xae\
\x97\x8d\x79\x52\xae\x3e\xff\x70\x3d\x63\xeb\x95\x34\xe7\x75\xad\
\x3c\xf1\xc2\xfb\x3c\x71\xa2\x13\x71\xc2\x29\x55\xfe\x4d\x97\x1c\
\x2f\x45\x7a\xc0\x01\x38\xdb\x43\x16\x39\x84\xdf\x55\xab\xd7\xc9\
\xc5\xd7\x3f\xce\xc7\x48\xf0\xe5\x42\xe6\x5b\x37\x9b\x5b\x34\x15\
\xee\x8d\xae\x5b\x91\xde\xf1\x1c\x73\xe0\x2e\x72\xdc\xa1\x7b\xc8\
\xc6\x9d\xda\xea\xdd\x58\x8d\xfc\xac\xb1\xbf\xf9\xde\x97\x3a\xb6\
\x6f\x50\xc6\xc4\xcd\x56\xef\x1e\x1b\xc9\x19\xc7\xef\x27\x35\x35\
\x58\x8c\x2d\x47\xe4\xab\xf5\xe4\xad\x05\xdd\xbd\xf8\xe6\x67\xf2\
\xee\xf8\x6f\xc8\xcb\xfa\x45\x9f\x10\xcf\x01\x7b\x6c\x27\xc3\x87\
\xf4\xe7\x9b\x35\xcf\xbd\x0e\xd9\x29\xca\x4b\xed\x41\x81\x91\xab\
\xcd\xd1\x27\xec\x2b\x3d\xba\x6d\x08\xed\x24\x9e\xa2\x62\x7b\x54\
\x56\xad\x17\x11\x98\xe1\xeb\xd6\xaf\x97\x0b\xaf\x79\x5c\xf3\x1a\
\x63\xa4\x43\xa1\xb2\x97\x9f\x7d\xa8\x6c\xd8\xa1\x35\x42\x4f\xae\
\x92\x6a\xfc\xa5\x7b\x35\x20\xd7\xdf\xfd\x82\xcc\x5d\xb0\x84\xf4\
\x24\x4a\x06\x8c\xba\x47\xee\x64\xcb\x63\x81\x6c\xd8\xae\xa5\x5c\
\x78\xea\x01\x52\x52\x5a\xc2\x0b\x08\xc4\xa1\x43\x21\x97\xeb\x78\
\x2e\x5b\xb9\x46\xb6\xdf\xba\xa7\x1c\xbe\xef\x4e\x36\x1f\x14\x78\
\xc9\x7e\xed\xba\xf5\x72\xde\xdf\x1f\xe2\xb0\xc4\x49\x8f\x66\xd5\
\x0f\xfa\xd4\xbd\x4b\x47\xb5\x39\x4a\x86\xee\xb0\xa5\x34\x6e\x54\
\x2a\xab\xd7\xac\xd7\x79\xf7\x9d\x8c\xb9\xe7\x79\x99\x3e\x73\x2e\
\xd7\x08\xc4\x1b\xfd\x87\xcf\x62\xbd\xf3\xbd\xe1\xaf\xc7\x4a\x99\
\x9e\x10\xf5\x40\x23\x1d\xf9\xaa\xac\xac\xe2\x31\xf9\xd2\xb8\x2f\
\x64\xe1\x92\x95\xec\x45\x92\x57\x07\xec\x1c\xbe\xef\x0e\x1a\xeb\
\xe6\x1a\x1f\x74\x75\xfe\x72\x12\xc2\x0f\xec\xd4\xc9\x03\x4f\x8d\
\x95\xef\xa6\xcd\x52\x1e\x74\x39\x1a\x52\xaa\x7d\x86\xcf\x12\xcd\
\x7f\xb1\xfa\xc5\x5f\xaa\xbd\xa7\xe3\xfc\xfc\x9b\x9f\xe6\xf9\xb0\
\x7a\x1a\x2f\x1a\x66\x05\xc0\xd8\x5f\x31\xfa\x30\x19\xb8\xd7\x59\
\x52\x5c\x50\xa0\x13\x1b\x4e\x21\xa8\x3f\x91\x68\xb3\x07\x86\x29\
\x95\x95\x16\x4b\x9b\xd6\xad\xa5\x43\x8b\x5a\x69\xf4\xf4\x8b\x72\
\xd0\xea\x55\x52\xd7\xbd\xa3\x94\x6e\xbb\x15\x13\x8b\x0e\x14\x2c\
\x5a\x2a\x55\x6f\x7c\xa0\x13\x01\xf6\xec\x76\xa9\x54\x17\xc7\xa2\
\x6e\x1b\xab\x19\xfc\x55\x8c\x1a\x9a\xf2\xa3\xd4\x4e\xfa\x9e\x2f\
\xf4\xd4\xc2\x87\x0e\x50\xa3\xc3\xf7\xc6\x2b\x02\xd6\x09\x35\x56\
\x3d\x7e\x82\xd4\x4c\x9f\x25\xc5\x6f\xbc\x23\xfb\x9d\x72\x80\xdc\
\xff\xed\x42\xd9\xbc\x67\x57\xf9\x6e\xfa\x0c\x0e\x46\x74\xd6\x3a\
\xa8\x9b\x26\xce\x73\xa7\x00\xdf\x62\x66\x57\x74\x07\x39\xf8\xdf\
\xa2\x57\x67\x39\xf6\xd0\xdd\xc8\xfa\x6f\x78\xfe\x8d\x4f\x73\x16\
\x56\xe8\x37\x6f\xd6\x58\x0e\x1d\xb9\xb3\x94\x95\x95\x90\xf6\x82\
\x26\x1d\x27\x94\xde\x9b\x76\x91\x5d\x77\xe8\x4b\xda\xa2\xc5\xcb\
\xe5\xc5\xb1\x5f\x68\x4d\x23\x49\x62\xab\xe3\x19\x7b\xd7\x1d\xb7\
\x94\x8e\xed\x37\xa0\x5c\x3a\x30\x05\x72\x96\x2e\x7c\x57\xde\xf2\
\x6f\xb9\xe5\x81\x97\xc1\x21\x1d\x40\x0d\x39\x6d\xd9\xb4\x91\x1c\
\xba\xdf\x4e\x89\xdf\x7d\x76\xdf\x56\x5e\x7f\x7f\x92\xb4\x6f\xdb\
\x52\xe3\x19\x22\x25\x9a\xb7\xdf\xf5\x20\x7a\xf1\xed\x09\xb4\x87\
\xbc\x67\xed\x6f\x33\x60\x33\xe9\xd9\xbd\x13\xdb\x3c\x89\xe9\x0f\
\xee\x2c\x4e\x3f\x6e\x1f\x79\xf2\xf9\x0f\xe4\xd4\xbf\xde\xc3\x70\
\x0d\xc6\xc7\x1f\x77\xec\x3c\xb8\xaf\x74\xd2\x83\x17\x98\xf1\xcb\
\x3c\xb9\xe7\xc9\x77\x58\x27\xe0\x47\x63\x2b\x2b\x29\x92\xdd\x77\
\xde\x4a\xda\xb5\x69\x49\xf2\xb4\x9f\xe6\x70\xa1\x1c\xbe\xf3\x80\
\xa4\xaf\x8b\xfe\x58\xa1\x07\xc3\x04\xea\x24\xd0\xf0\xf0\x4e\x70\
\x9f\xde\x5d\x65\x60\xbf\x1e\x46\xc8\xc3\x12\x3d\xe9\xfc\xed\xc6\
\x27\x55\xcd\x78\x96\x4e\x97\x53\x5b\xb4\x16\x6d\xe8\xe3\x17\x6d\
\x8d\xeb\xca\xf3\x8e\x91\xb3\x4f\x1c\x29\x55\xba\x40\xbd\xfe\xf6\
\x97\xba\x08\xb5\x92\xed\x07\xf6\x96\xad\xfa\xf6\x90\x07\xf5\x2e\
\x6b\x6d\xa5\x5f\x10\x40\x53\x75\x3a\xb6\x6b\x21\x47\x1e\x30\xd4\
\x29\x7f\x8e\xa9\x3f\xcc\x96\xb7\x3f\xfe\xda\x2f\x1a\xb2\xb0\x05\
\xf9\x32\x3d\xa8\xba\x75\x6e\x4f\x4a\xa7\x8e\x6d\xe4\xdd\x4f\x26\
\x5b\xbf\x11\x17\x4a\xfc\x6a\x15\x73\x7f\x8f\xa1\x03\x64\xfb\x41\
\x9b\x53\xf6\xcf\x80\x93\xcb\x25\x37\xfc\x5b\xaa\x2b\xb1\xb8\xa7\
\x1e\x91\xdb\xc3\xf6\xdf\xd9\x2e\x0a\x1a\xc0\x3d\x8f\x8f\xd5\x85\
\xf5\x0f\x6f\x41\xcf\xf2\x95\x5a\x88\xba\xee\x19\x1b\xfe\xec\xb3\
\x48\xb6\xdb\xba\x97\x6c\xa6\x27\x99\x2c\x3e\xfc\xfc\x7b\x3d\x91\
\x8f\xd7\x13\xf9\x1e\x32\x52\x4f\x1c\x01\xcc\xa5\xb1\x7a\x21\x86\
\xf9\x16\xe0\x71\xa9\xf6\xf0\xb3\xdd\x80\x9e\xf2\xfc\x43\x97\x49\
\xd3\x26\x8d\x78\xb7\xb9\x50\x8f\x8d\xf6\x6d\x5a\xc8\x21\xba\x38\
\xef\xb3\xdb\x36\x72\xe4\x19\x37\xc9\x3b\x9f\x7c\xe3\xda\x1e\x8d\
\x87\xd3\x65\xa3\x76\xb2\xeb\x4e\xfd\x13\xcb\x18\xa3\x38\xe6\x2f\
\x3f\xef\x28\x19\x7d\xc5\x83\x8c\x29\x1f\x90\xc0\x71\x7a\xe0\x3e\
\x3b\x48\x45\x45\x99\x11\xf3\x30\x56\x7d\xe2\xaf\x4a\xd9\x75\xee\
\x74\xaf\x0b\x53\x8f\xae\x1d\x65\xa7\xed\xb6\xa0\xcc\x0a\x3d\x91\
\x7c\xf5\xed\x4c\x35\x68\x8b\xb3\x21\xa2\x31\x58\x38\xba\xe3\x80\
\x9a\x8c\xcd\x3f\xd4\x0a\xa5\xb0\xb8\xb4\x9c\x13\x05\x67\x29\x80\
\x0a\x19\x1b\x90\xc3\x41\xb4\xcb\x8e\x03\xe5\x83\x2f\x7f\x96\xb3\
\x2a\xaa\x64\xf7\x9f\x7e\x96\x93\xfe\xf8\x5d\x2e\xea\xdd\x5e\x6e\
\xb9\xe2\x18\xb9\xf9\xb2\x63\xe4\xd6\xcb\x8f\x93\xab\x8f\xd8\x45\
\x4e\x5f\xbd\x52\x4e\x59\xbd\x4c\x4e\x58\xb1\x58\x4e\x58\xbe\x50\
\x2e\xdb\x6b\x80\x8c\xb9\xf4\x28\x93\x51\xd9\x4b\xb6\xdb\x54\x4e\
\x5c\xb6\x48\x4e\x5c\xbe\x58\x4e\x5a\xfe\x87\x9c\xb2\xe2\x0f\xb9\
\x61\xf4\x41\x2a\x73\xb4\x5e\xc1\x1c\x25\x37\xfd\xed\x08\x39\xbf\
\x4f\x47\x39\x5e\xf5\x8f\x5d\x31\x5f\xb6\x7a\xf1\x55\x69\x59\x51\
\x28\x7d\x7a\x75\xcf\x04\x87\x89\xa2\x3f\x3a\xb1\x2c\xe1\xe8\x10\
\x23\xd5\xcd\x60\x7d\xd4\x1f\x56\x6c\xc3\x64\x00\x9e\x7d\x75\xbc\
\xec\x7e\xc8\xdf\x74\xe2\xae\x65\x7b\xce\xbc\x85\x32\xfc\xe0\xbf\
\xc9\x84\xaf\x7f\x60\x3b\x26\x71\x0c\x26\x70\xeb\x83\x2f\xc9\xd7\
\xdf\xea\x55\x97\x62\xed\xba\x4a\x39\xfe\x9c\xdb\xa4\x4e\x73\x76\
\xf4\x59\x63\xf4\x00\xb6\xdc\x3d\xf1\xfc\x7b\xf2\xb6\x0e\x1c\x0e\
\x6e\x78\x07\x10\xc3\x3b\x1f\x4f\x96\x7b\xff\xf9\x2a\xdb\xc0\x69\
\x17\xdd\x2d\x3b\x8d\x3c\x5f\xaf\xa2\xe6\xd1\xc7\x59\x7a\xb5\x54\
\x94\xf1\x15\xc0\xb8\xfc\xe3\xb6\xa7\xe5\x7b\x3d\xc9\x04\x36\x68\
\xd9\x54\xaf\x26\x87\xf1\x4a\xe2\xd7\xb9\x8b\x48\xbb\xf3\xe1\x57\
\xe4\x3d\xf5\x8b\xbe\xb2\xbf\x8e\x9f\xd4\xfe\x85\x57\x3d\xe4\x2d\
\x91\x6b\x6e\x7d\x4a\xfa\xef\x7a\xba\xbc\xf3\xd1\xd7\x6c\x1f\x3a\
\x72\x27\xe9\xd0\xa6\xb9\xea\xf0\x4c\xa8\xb0\xbc\x7e\x3a\x71\xba\
\xdc\x74\xd7\xb3\x94\x01\xfe\x7a\xed\x63\x7c\x6b\xc4\x72\xaf\x50\
\x1f\xa8\xbd\xa9\x07\xd6\x23\x7a\xdb\x13\x38\xed\xa2\x3b\x65\xed\
\x9a\x35\xf2\xdb\xef\x16\xd7\xc2\x3f\x96\xcb\xae\x87\x5c\x26\xef\
\x7e\xfa\x9d\x8e\x95\x3d\x5f\x8b\x18\x2b\xab\xaa\xe4\xd0\x53\xae\
\x37\xdf\x8a\xf1\x5f\x4c\x95\x61\x87\xff\x5d\x4e\xfb\xdb\x7d\x2e\
\x03\x2a\x76\xea\x49\xf5\x90\x1e\xeb\x9b\x6d\x94\x81\x08\x11\xb9\
\xd3\x93\x82\x2e\xf6\x47\x1f\x3c\x8c\xad\x71\x1f\x4c\x94\x23\xcf\
\xbe\x45\x0e\x38\xfe\x6a\xa9\xe2\x77\x35\xe0\x0a\xc6\x73\x94\x63\
\x8b\xe2\xf2\x89\xc6\xb0\xe7\x91\x57\xca\x2f\xfe\x48\x6c\xd5\x9a\
\xb5\xb2\xf7\x91\x97\xca\x7b\xba\x98\x02\xa1\x67\x71\xa4\x40\x1f\
\xb6\xee\xdb\x5d\xba\x6e\xdc\x3e\x89\x09\x0b\x79\x07\x5d\x48\x00\
\x7a\x09\x1d\xeb\x4e\x12\xf2\xe8\xcb\xef\x97\x73\x74\xa1\x08\x3c\
\xfd\xc2\x87\xb2\xdf\x71\x57\x32\x5e\xc8\x51\x16\x60\x0e\xec\x0e\
\xeb\xd4\xbf\xde\xc5\x13\x0f\xb0\x60\xe1\x52\x19\x7a\xd0\xdf\x64\
\x9f\xa3\xaf\xe0\x82\x00\xbb\x55\x38\x71\x20\x4e\xe5\x5b\xc8\x69\
\x1f\x2d\x1a\x83\xc5\xa4\x0a\x5a\xce\xfa\x6d\x81\x5c\x76\xe3\x63\
\xc6\x50\xcc\x9a\xfd\x3b\xcb\xe1\x43\xfa\x49\xe3\xf2\x12\xd9\x65\
\x70\x3f\x1e\x3f\x33\x67\x19\x7d\xf9\xca\xd5\x72\xc4\x19\xb7\xf0\
\xca\x35\x39\x4e\xcc\x99\xde\xc1\x55\xc8\x93\x77\x5f\xc4\x45\x75\
\x9e\x9e\xf4\xb7\xdb\xfb\x7c\xe9\xb9\xc3\x89\x32\xf4\x80\x0b\xe5\
\x8f\xa5\x2b\xa4\xa2\x51\x99\x3c\x70\xd3\x59\xfc\xbc\x85\x31\x20\
\x0c\x86\x55\xa7\x57\xeb\x55\xf2\x97\xd1\x37\x4b\xe5\xfa\x2a\x10\
\xe4\xd3\x2f\xa7\xca\xa0\xbd\xce\x95\xe3\xce\xbe\x99\x17\x10\xcd\
\x9b\x55\xc8\x7d\x37\x9e\x2e\xfd\x7a\x75\x55\xae\xfb\xf5\xdc\xa0\
\x79\xf7\x3f\x5f\x93\xcf\x26\x7c\x4f\x32\x72\xb8\xd7\x51\x57\xc9\
\x9e\x47\x5d\x29\x3f\xcc\xf8\xcd\xba\x4a\xf9\x74\xc1\xc4\x7e\xbd\
\xfa\xfa\xcb\xd9\x63\xd8\x06\xde\xd0\x93\xf1\x43\x4f\x8f\x33\xeb\
\xb4\xcb\x9a\x42\xa5\x35\x5e\x6b\x06\x4d\x41\x82\xf1\xd8\xd4\x53\
\x67\x61\x4d\x0d\x9e\x5d\x16\xf0\x0b\x1b\x4c\xc0\x0e\x2e\x93\x33\
\xe1\x22\x5d\x95\x5b\xb5\x68\x29\x07\xec\xb2\x95\x34\x7a\x71\x9c\
\x8a\x28\xbd\xd0\x6f\x91\x32\xe0\x00\xea\x6d\x0b\xce\xde\xc5\x30\
\x50\xa3\xc9\xf1\x03\x27\x50\xa0\x57\x5e\x3a\xbd\x69\x03\x72\xf1\
\x38\x28\x8b\x02\x65\x93\xac\xf1\xd4\x68\x42\xce\xec\xdc\x4c\xa6\
\xfc\xb0\x40\x7a\x75\xd7\x2b\x5f\x4a\x60\x8f\xd8\xd8\xf8\x13\xa4\
\x4c\x3e\x85\x50\x5b\xef\x7c\x34\x59\x46\x5f\x7a\xaf\xdc\xf3\xcf\
\x57\xe4\xf3\x49\x3f\xf0\x53\x3c\x60\xcd\xda\xf5\xf2\xc9\x84\x69\
\x72\x83\x2e\x26\xe7\xe9\x24\xc7\x6d\x0a\xe4\xd9\xff\xc8\x89\x96\
\xf1\xe7\x87\x38\x38\x49\x56\x1f\xb5\xda\x47\x3e\xc7\x54\x60\xbc\
\xf0\xb8\x82\xcf\xba\x90\x0b\xa3\xf2\xca\x3d\x1b\xea\xec\x79\x8b\
\x65\xca\xf4\x39\xf2\xda\x3b\xb8\xba\x15\x69\xac\x67\x57\x3c\x83\
\x82\x8e\xc5\x6d\x0b\x17\x6e\xaf\x8a\x4a\x4b\x13\xdd\x38\x31\x9c\
\x76\xcc\x08\xbe\x99\xc1\x31\x53\x94\x68\x4e\x31\x98\x08\x2a\x99\
\xe4\x0a\x1c\xf0\xa5\x25\x76\xa5\x0b\xac\x58\xb5\x46\x66\xcd\x5d\
\xac\xb7\x39\x7a\x25\xa5\xb0\x3f\xd8\x68\xc6\xba\x3b\xe4\xc6\xbf\
\x6e\xcb\x5c\x0d\x99\x1f\xe4\x2a\xed\x05\x7a\x07\x5f\x94\x75\xe0\
\xaa\x67\xcc\x65\xc7\xcb\xa0\xfe\x9b\x31\xa7\x87\x9e\x7c\x83\x1e\
\xb0\xf3\x2d\x36\x22\x6c\xda\x3c\xa9\xab\xf5\xe7\xe6\x8a\x3f\x96\
\xae\x94\x09\x93\xa6\xcb\xb3\xaf\x7d\x24\x87\x9d\x7a\xbd\x9c\x7c\
\xf1\x9d\xf4\x11\x73\x10\x45\xdc\xf6\x2a\x39\x41\xa6\xca\x78\x74\
\x46\x25\x27\xba\x9d\xb6\xeb\x2b\xfb\xed\x36\x48\x2a\xf5\x16\xff\
\x98\xb3\x6f\x95\x13\xcf\xbf\x5d\x2a\x71\xcb\x9c\xe4\x48\x4b\x8d\
\x7f\xfa\xcc\x79\x72\xfa\xc5\x77\xc9\x35\xb7\x3f\x25\x1f\x7f\xf1\
\xad\x2e\x1a\xba\x40\x29\x60\xe7\x93\x09\x3f\xc8\x98\xfb\x5e\x90\
\xd1\x97\xdd\xa7\x57\x6f\x7a\x6b\xef\xfd\xe5\x5c\x4f\x62\xd3\x5b\
\xd0\xfd\x87\xd2\xec\xd8\x77\xbf\x60\xdf\xf1\x6c\x17\x77\x1a\x94\
\x31\x0d\xef\xb3\xe6\x42\x49\x37\xdf\xf7\xa2\x9c\xa1\x3e\x5f\x18\
\xfb\xa5\x4c\xfc\x76\x86\xcb\x88\xfc\x3a\x67\xbe\x7c\xf4\xe5\x4f\
\x72\xc1\x55\x8f\xc8\xc5\xd7\x3c\x6a\xf1\x7a\x2f\xb9\xd7\x1d\x72\
\x1e\xe3\xbc\x5e\x6f\x91\xbf\xfc\xfa\x47\xf9\xf0\xb3\xef\xe4\x88\
\x33\xc7\xc8\xa1\xa7\xde\x28\x73\x17\xfe\xa1\x7e\xe1\x27\x7c\xa3\
\x6a\x71\xc6\x66\x5d\x8f\x0f\xe0\x60\x4f\xb7\xcc\x58\xbe\xe1\x73\
\x73\xc7\x41\x7d\x64\xf3\x4d\x3b\x4a\x33\x5d\x2c\x67\xea\x09\x67\
\xaa\x9f\xe4\xcd\x04\xec\x63\xb3\x58\xcc\x76\xad\xec\x33\x6c\x90\
\xb4\xd9\xa0\x39\x69\x63\xee\x79\x4e\x7e\xfc\xe5\x37\xa4\x59\xbe\
\xfe\xfe\x17\x19\x73\xef\x73\xa4\xb7\xd6\x79\xb7\xcf\xb0\x81\x1e\
\x23\xb6\xb4\xe0\xfa\xe3\x58\xa9\x17\x3f\xd3\x7e\x9e\x23\xcf\xea\
\x5d\xe4\x51\x67\xdc\x48\x11\xe4\xf6\xfc\x53\x46\x86\xb8\xea\xd9\
\x33\x51\xeb\x97\x46\xe5\xea\xf8\x4e\x8b\x2f\x27\x4d\x93\x4f\xf5\
\xd8\x3e\x45\xef\xcc\x0e\x3d\x7d\x0c\xaf\x44\x2d\x77\xb6\xf1\x27\
\x9a\x8e\x38\xbe\xb5\x37\x16\x5f\xe2\x28\xa5\x99\x3f\xcf\x31\x36\
\xda\x31\x23\x7a\x54\x48\x21\xfe\x22\x8a\xe2\x89\xb2\x31\x99\x24\
\x9d\x04\x70\x82\x5b\xc9\x4f\xf4\x2a\x66\x64\xc1\x72\xa9\x5c\x62\
\x67\x4a\x0b\x2a\x1f\xb0\x63\x8b\x0a\x86\x48\x87\xcd\x82\xce\xa0\
\xb0\x9c\xef\x78\xf9\xa6\x21\xc0\x71\xea\x9c\xc0\x57\x1f\x14\xea\
\x22\x52\xa0\xfe\xf1\x85\x13\x5d\x3e\xfc\x44\x6a\xa4\x44\xfa\xf5\
\xe9\xa1\xf6\xb0\x48\x61\xd1\x83\x64\xae\xde\x7f\x85\x06\x32\x45\
\x6f\xe5\x1e\x7e\xe6\x3d\xbf\xcc\x77\xba\x82\x3d\xd1\xdf\x71\x9f\
\x4c\x91\x07\x9f\x7e\x5b\xe6\xce\x5f\xc2\x24\x71\x33\x01\xea\x27\
\x8b\x08\xdc\xb2\xae\x0c\x06\x12\x71\xc0\x8e\xd1\xf3\xc3\x8b\xa4\
\x03\xdb\xea\x6d\xd2\x91\xa3\x76\x96\x23\x46\xed\xc2\xf6\x04\x5d\
\xe4\x57\xad\x5d\xab\xe2\xaa\x90\xd1\x81\x4f\xd8\x8b\x5b\x3e\x1c\
\xf4\x78\x5e\x88\x5b\xf4\xa3\xf5\xd6\x35\x4c\xa6\x29\xc4\xce\xe2\
\x4e\x91\x1a\x1c\xb8\xe5\xa6\x72\xf8\xa8\x9d\xe4\xa4\x23\xf7\x62\
\x7b\x85\x5e\x75\xcc\xd0\x2b\x90\x90\x36\x35\xc4\x9e\x5e\xdd\x03\
\x5c\x58\xd3\xa6\xc1\xce\x56\x39\x07\xe3\x65\xa3\x0f\x97\xa3\x0f\
\x1a\xc6\x18\x4f\xbe\xf0\x6e\x2e\x18\x6e\x92\x60\x77\xe8\xc4\x08\
\x39\x39\xd9\xba\xa7\x3c\x77\xff\x45\xf2\xd4\xdd\x17\x48\x9f\x4d\
\xbb\xe8\xd5\xe6\xd7\x7a\x92\x52\xa7\x71\xc0\x68\x00\x89\x34\x2b\
\xa9\x2e\xe1\x76\xab\x74\xbe\x8c\xb9\xe7\x59\xce\xdb\xa6\x4d\x2a\
\xe4\x89\x7b\x2e\x94\x8f\x5f\xba\x49\x79\x35\xf2\xf2\xd8\xcf\x93\
\x93\x63\x00\x23\x8c\xe7\x91\xff\x7a\xf1\x03\x19\x3f\xd1\x9e\x51\
\xc7\x73\x44\xf6\x59\xed\x7e\xf2\xd5\x0f\x9c\x37\xdf\xff\x34\x87\
\x31\x67\xc2\xa6\x48\xa3\xb2\x22\x39\x60\xef\x1d\x19\xe7\x4d\xba\
\x60\x7e\xc6\x67\xec\x22\x07\xec\x63\xcf\x9f\x19\x3f\x04\x09\xe8\
\x17\xca\xb8\x8f\xbf\x91\xc7\x5e\xf8\x40\x96\x2d\xb7\xe7\x85\x01\
\xe4\x13\x17\x3b\x8f\x3c\xf3\xae\x3c\xf6\xfc\xfb\x7c\x6e\xed\x1c\
\xee\x13\x33\x8e\x36\xad\x5b\xc8\x8b\x0f\xff\x4d\x5e\x7e\xf4\x72\
\x39\x62\xe4\x10\x79\xe5\xed\x89\xb2\x7a\xcd\x3a\x4a\xf3\xc0\x4f\
\xc0\x40\xdc\x00\x7a\xad\x12\xe8\x48\xb6\x33\xee\x03\xf8\x6c\xf2\
\xcf\xba\x68\x57\xf3\x59\xee\xe8\x93\x0f\x24\x0d\xcf\xe5\x8b\x4b\
\xd3\x13\x35\x2f\x20\xd4\x60\x98\x88\xc5\x6d\x6b\x3e\xde\x31\x4c\
\x9c\xfc\xa3\x5a\xb5\xb1\x43\xf9\x95\xb6\x03\x5b\xf4\xdc\x28\x2f\
\x37\x06\x1e\xdf\x5e\x67\xcc\x0a\xea\x7e\x37\x53\x56\xae\xb4\xbb\
\xcc\xad\x75\x2e\xf3\xcb\x68\xb0\x46\xc0\x44\x28\x68\x30\x71\x9c\
\x62\x01\x7e\xea\xde\x0b\xe5\x59\x9d\x57\x97\x9c\x71\xb0\xbc\xf3\
\xc1\x24\x59\x30\x7f\xb1\x09\xab\x5c\x9a\x03\x3d\xc6\x78\xdc\x06\
\x60\x30\x7b\x62\x42\x19\x75\xaf\xb9\x53\x1e\xb3\x04\x8e\x19\x7b\
\x36\x5d\xa8\x17\x33\xba\xae\xa5\x13\xd7\xe0\xa5\xfa\x8b\x55\xb9\
\xf7\xa6\x5d\xa5\xac\x51\x53\xd9\xf0\xcb\xaf\xa5\x9a\x0e\x95\x8e\
\x9f\x50\x09\x68\x70\x75\x7a\x75\xa0\x1e\xd8\xa4\xd5\x3c\x99\x82\
\xd2\x22\x29\x6f\x59\x21\x8d\xba\xb4\x95\x46\x83\x7a\x4a\xd9\x9e\
\xdb\xcb\x4a\x1d\xc0\xc5\x4b\x57\xc9\xf7\x3f\xce\xd1\xed\x37\x99\
\xdd\xb3\xbb\x14\x9d\x72\x90\xb4\x3c\x6c\xb8\x34\xdb\x77\x27\x29\
\x6d\xd5\x54\x8e\x1e\xd6\x57\xca\xf4\xea\xad\xa0\x48\xaf\x85\xc3\
\xa8\x16\x49\x1d\x48\xfa\x81\xc9\xeb\xa3\xad\xb0\x14\x32\x8d\x8a\
\x48\x46\xaa\x97\xd4\xd0\xb7\x68\x79\xc2\x63\x00\xb2\xf6\x0c\x46\
\x2b\xc8\xdc\x0a\xb1\x4d\x35\x94\xb8\x0a\x50\x22\x5d\x21\xe9\xe9\
\x24\xc7\xb3\xb8\xbb\xaf\x3b\x8d\x67\x75\x5c\x1d\x1d\x7f\xc1\x9d\
\x7c\xd8\xae\x5a\x30\xab\x40\xc9\x0a\x75\xa3\x8b\x33\x67\x2f\x94\
\x97\xc7\x7d\xce\xfa\x29\x47\x8f\x90\x5a\x5d\xc0\x52\xa8\x7c\xda\
\x25\xc6\xe2\xc6\x12\x1c\xac\x57\x50\xf7\x5d\x7f\x26\x9f\x61\xad\
\xd4\xab\xd7\xb3\x2f\xbd\x4f\xd6\xac\xab\xcc\xb8\xb3\xf8\xd3\xd2\
\x10\x13\x35\x49\x35\x98\x09\x3f\x15\x8c\x67\x54\x58\x58\x67\xcf\
\x5d\xa8\x35\x57\xf0\x1c\xd8\x41\x94\x18\x31\x3b\x0e\x7c\x59\xcf\
\xb0\x9d\xb6\x94\x61\x3b\xf6\x97\xbe\xbd\x3a\xab\x5c\x76\x0e\x99\
\x5e\xa8\x86\x05\xd8\x60\xce\x19\x83\xdb\xd3\xed\xfe\x7f\x8f\x93\
\x13\xce\xbd\x5d\xe6\xcc\x5d\x44\x0e\x9e\x9f\x3d\x79\xd7\x45\x72\
\xc7\x55\x27\xa5\xca\x2e\xcb\x8d\x52\x51\x78\x9c\x00\xd9\xba\x63\
\x1b\x77\x68\xe6\x09\x3a\x36\xd6\x46\x19\xa1\x57\x5e\xf8\x00\x13\
\xb7\xaa\xd3\x7e\xf8\x55\x5e\xd7\xab\x56\xa0\xcf\xa6\x1b\xf3\x85\
\xf1\x24\x70\xd8\x82\x01\xea\x5a\x15\xc0\x07\x36\x01\x7e\x88\xc7\
\x20\x71\x9c\x99\x9e\x8d\xa5\xd6\xdd\x0c\xe2\x8b\x18\x1b\xe9\x85\
\x0a\x72\x86\x67\xe2\x38\x71\x16\x68\xde\x2c\x36\xcc\x3f\xd3\x8b\
\x58\xe1\xd1\xb4\xe0\x01\xf6\x7c\xa3\x58\xce\x72\x26\x8b\x96\xac\
\x90\x6f\xf1\x2c\x52\xb1\xd7\xae\x83\x58\xbe\xf1\xde\x97\x2a\x17\
\xf3\x38\x62\x70\x1b\x19\x34\x6d\xdc\xc8\x6b\x7a\xc5\xb9\x0a\x0b\
\xa1\x59\x86\xcf\xd5\x6b\x6c\x61\x04\xca\x4b\x71\x5f\xab\x1c\x4f\
\x84\x47\x95\x0b\xc6\xad\x50\x1f\xd5\x95\x95\xfc\xe0\x15\x28\x2f\
\xd3\xb5\x80\xb1\x63\x04\x12\x13\xec\x27\x3e\x38\x05\x70\x41\x32\
\x6c\xc7\x2d\x65\xb7\x9d\xfa\xcb\x2e\x3b\xf4\xf3\x0f\x4a\xdd\x8b\
\xca\xd5\x79\x4e\x68\x21\xfc\x28\x2c\x57\xe0\x28\x22\x20\x2d\x73\
\xba\x09\x19\xfe\x5a\x6e\x21\xcb\x71\x31\xa6\x2e\xac\x58\xf5\xb5\
\x15\x9f\x8e\x07\x70\x30\x5d\x78\xe0\x2e\x72\xfa\x8e\x9b\x4b\x7f\
\x9d\x98\xc7\x8c\x18\x24\x45\x9a\x94\xe2\x36\x4d\xa5\xa8\xa2\x44\
\x6f\x51\xf5\xca\xb1\x94\xae\x13\xe0\x36\xbf\xa4\x7f\x0f\x29\xdc\
\xa6\x97\x54\x0f\xdf\x56\x56\x1d\x3e\x42\x7e\x2c\x69\x2c\x6f\x7d\
\x30\x45\xfe\xfd\xe2\x78\xb9\xfb\xd1\xb1\x72\xcd\xac\x55\x72\xe9\
\xde\x07\xc9\x59\xfd\x76\x96\x03\x8a\x36\x92\xa1\x3f\xd7\x48\xb7\
\xdd\x2f\x93\x2e\xdb\x9f\x2d\xdb\xee\x7b\xa9\x6c\xb7\xef\x25\xb2\
\xcb\x98\xd7\xe4\xa6\xf9\xeb\x64\xed\x93\xaf\xc9\xea\x57\xdf\x95\
\x75\x9f\x7e\x2d\xfb\xfd\xfb\x9f\x72\xee\x0f\x5f\xcb\x47\x3b\xf4\
\x90\xeb\x8f\xdc\x4d\xc7\xd7\x16\xf7\xe8\x2d\x3b\xc6\x9a\x21\x5b\
\xb7\x24\xc4\x86\xdf\x54\xc7\x60\x6d\xec\xed\x0c\x68\x8f\x39\x4c\
\xc5\x12\xc7\x46\x02\x95\xe4\x42\x89\x47\x19\xbc\x2e\x77\xb2\x46\
\x84\x78\xb2\x3a\xce\xca\x7e\xb2\x7b\x8b\xde\x0e\x3d\xf9\xcc\x38\
\xad\x15\xf0\x79\x54\xcf\xee\x1b\xaa\xa8\x0e\x3a\x7d\xb8\x82\x82\
\x35\x3c\x5a\x88\x45\x46\x7d\x5e\x7b\xc7\x33\xbc\x8a\xc1\x5d\x44\
\x67\x5d\x20\x01\xc6\xe8\x57\xb5\x8c\x0d\x30\x65\x8b\xc7\xf1\xd2\
\x1b\xe3\xe5\x82\x2b\x1f\x94\xe3\xce\xb9\x45\x36\xdf\xf9\x14\xfb\
\xd4\xd3\x4f\x02\x54\x60\xbc\x5e\xcf\xc4\x61\x8f\x8b\x40\x49\x6d\
\x91\xab\xf2\x59\xfb\xf7\x3e\xfa\x0a\x63\x2b\xd7\x83\xfd\xc9\xbb\
\xcf\x97\xb6\x1b\x34\x55\x2a\xf8\xb6\x71\xe2\x41\xde\x73\x64\x13\
\xdb\xf0\xd1\xa7\xdf\xc9\xe0\x7d\xcf\x97\xe1\x87\x5d\xca\x3f\xad\
\xc6\x89\x88\xe3\x4b\xa4\xba\xa6\xef\xe4\x00\xc2\xe6\x86\xbe\x08\
\x3f\x81\x7e\xe3\xfd\xaf\xa4\xdf\x6e\x67\xcb\x39\x97\x3f\xa0\x57\
\x85\xab\x48\x3f\xf6\xd0\xe1\x7a\xb7\xb0\x99\x2b\xe5\x81\xb1\x60\
\x83\x0f\xcb\x77\x50\xb8\x98\x30\x66\x36\xb4\xb0\xf1\x65\xde\xf4\
\x38\x39\xf6\x90\x3d\x48\xef\xd0\xae\x95\xcc\x9e\xf4\x84\xdc\x74\
\xf9\x89\x10\xe4\xa3\x91\xc3\x46\xea\x55\x6b\x02\x1a\x50\xa0\x03\
\x5a\xe7\x6f\x6e\x67\xe0\xc6\x00\xd9\xd8\x14\x64\xf8\x96\x0a\x71\
\x31\x1f\xb0\xe7\xb9\x32\xec\x90\x4b\xe5\xa2\x6b\x1f\x35\x9b\xe8\
\x0b\x4f\x86\xa1\xaf\xf2\xa0\x31\xe6\x30\x95\xe6\x13\xfd\x09\x5e\
\x02\xbd\x63\x79\xed\x6d\x3b\x41\x00\x2b\x74\x81\xfc\x54\xaf\xc4\
\x99\xff\x00\x8d\xa1\xa2\x3b\xd2\x2d\x2f\x78\xae\x1a\x68\xd3\xa6\
\x15\x69\x84\x8a\xb4\x69\xdd\xca\xea\x8a\x79\x8b\x97\x31\xba\x5c\
\xc7\xd6\x0c\x8a\xcd\x6b\x8b\xb3\x4c\xd7\x9c\x16\xcd\x31\xa7\x84\
\x5f\x69\x5a\xed\x57\x88\xf6\x38\xc3\x7c\x63\x8b\x10\x71\x82\x1f\
\x76\xf0\x25\x32\x64\xd4\xf9\xb2\xd7\x51\x57\xc8\xba\x2a\x1d\x47\
\x8c\x99\xf3\x33\x15\x45\x1a\x43\x3c\x6a\x81\x4f\xcc\x43\x7e\x17\
\x2d\x8d\xea\xe6\x2a\xea\x49\x7f\x90\x63\x07\xe4\x95\x42\x1d\x9d\
\x2f\xf1\xc6\x43\xae\x0f\x6d\x40\x60\xe1\xda\x2a\x39\xf1\xe3\xf1\
\x32\xf8\xf2\x1b\x64\xf7\x5b\xee\xd0\x6b\xeb\x46\xd2\xac\x77\x2f\
\x69\xb5\xc7\x10\x99\x7d\xf3\x55\x72\x6d\xdd\x06\x72\xca\x25\x8f\
\x72\x3b\xf0\x8c\xbb\x65\xc4\x8d\xaf\xc8\x51\x4d\xbb\xc9\xde\x2b\
\x5b\xca\xb0\x69\xeb\x64\xc4\x87\x73\x64\xcf\xcb\x9e\x94\xc3\xce\
\xb8\x53\xce\xb9\xf2\x71\xb9\xfe\xde\x57\xe5\x9f\x2f\x8d\x97\xc9\
\xdf\xcf\x94\x29\xd3\x67\x49\xaf\xae\xad\x75\xdd\xa8\x94\xa3\x46\
\x6e\x27\xa3\xf6\x18\x28\xc5\x25\xa5\x82\xaf\x17\x2c\x2e\x2a\x90\
\x25\xeb\xaa\xa4\xc9\x51\x23\xa5\x7c\xc4\x2e\x52\xb2\xf3\x36\x52\
\xd3\xb2\x99\xac\x9d\x39\x4b\x2a\x7e\x9b\x2b\x2f\x4f\xfd\x8d\x57\
\x8a\x49\x06\x11\x6f\x4e\x07\xd2\x04\xa0\x73\xe9\xd9\x3b\x77\x0b\
\x75\xf2\x31\x38\x9e\x3c\x70\x53\xb9\x40\x81\xac\xd2\x5b\x2c\x00\
\xaf\x67\x54\xf8\x59\xb9\x65\xb3\x0a\x3d\x13\x5a\x82\xf1\x9c\xd0\
\x7c\x5b\xfe\x50\x4d\x06\x3b\x73\x6b\xfd\xbe\x2e\x22\x57\xdd\xf6\
\x1f\x59\xb7\x6e\x3d\xdb\x17\x9c\x7a\x80\x85\xeb\xb2\xb1\xa1\x0d\
\xbf\x71\xc5\x88\xe6\x8f\x33\xe7\xca\x9b\xef\x4e\x60\x3b\xce\xcc\
\xbc\x5d\x4c\xcd\x1b\xe8\xbb\x90\x93\x2b\x80\xaf\x84\x7c\xe0\xa9\
\xb7\xe5\xf9\xb7\x3e\x97\xa5\x7a\x4b\x85\x3e\xd3\x4f\x80\x31\xc3\
\x90\xdd\xd6\x04\xb8\xb0\x7a\x3c\xfc\x61\x1d\xb7\x4f\x38\xbf\xd8\
\x22\x04\xbc\x38\x6e\x82\x8c\xb9\xf7\x79\xd6\xf1\xb8\xe2\xb9\x07\
\x2f\x91\x8a\x46\xc8\x13\x7c\x40\x13\x85\xdb\xd1\xad\x10\x27\x13\
\xc7\xe2\x25\xcb\xe5\xfb\xe9\xbf\xf0\x36\xfa\xc8\xfd\x87\xca\xe3\
\xb7\x9d\xa7\x57\x3e\x15\xc6\x4c\xfa\xe6\x8b\x80\xd7\xb9\x79\xc1\
\xaa\xc6\xde\xa4\xbc\x44\xbe\x7f\xff\x3e\x99\xf6\xe1\x7d\x9a\xf3\
\x1a\x79\xf4\xd9\xf7\xe4\xdc\xab\x1e\x81\x02\x7d\x0e\xd0\xdb\x54\
\x8b\xc6\x36\x80\xb1\xf0\x79\xa3\x5d\xd1\x24\x7d\x42\xac\x7c\x54\
\xc6\x86\x97\xf0\x63\x7c\xb0\x3b\xb5\x6f\xc5\x4f\xd3\x01\xbc\x0a\
\xf7\xaa\x2e\x46\xaf\x8e\xfd\x9c\x1f\x2a\x01\xfb\xee\xbe\x9d\x6a\
\x42\x37\xe6\x95\x01\xba\x96\x7b\xbd\x12\xe3\x73\x54\x03\x0e\xe2\
\xfa\x72\x5e\x41\x01\xae\xfe\x72\x7e\x29\xf0\x39\xc1\x8c\xd9\x0b\
\x64\xc2\xe4\x1f\xa4\x53\xdb\x16\xf2\xaf\xdb\xcf\x95\x1e\xdd\x36\
\x36\x39\x87\x0d\xa9\xc9\x03\x29\x47\xe1\x76\x81\x3a\x2c\x3a\x81\
\x82\x3a\x79\xfb\xa3\xaf\xbc\xa1\xb7\xf4\xdf\xfc\xa4\x77\x37\x7a\
\xc1\xc1\x1c\x01\x96\x33\x8b\x85\x4d\x9a\xc2\x82\x82\x3c\x84\xb7\
\x7d\x76\x1b\xe4\x3d\x2f\xc0\x5a\x2d\x23\xf5\x0e\x15\xc0\xa3\xa6\
\xb7\xf4\xe4\x07\x1d\x70\x4d\xdf\xe6\x05\x4e\xb8\xf9\xd1\xa2\x7d\
\xe0\x3e\x43\xf8\x79\x04\xf0\xd6\x7b\x13\xf5\x2e\x4f\x79\xea\x3c\
\xd3\x35\xb6\x63\xce\x63\x31\xfc\x66\xda\x2f\xf2\xf5\x77\x33\xf5\
\xca\xbe\x58\xfe\x39\xe6\x4c\xd9\x79\xdb\x2d\x54\x44\x4f\xda\x39\
\xc7\x4c\xee\xd8\xd8\x5a\x52\x27\xa5\xc5\x05\xf2\xfc\x43\x97\xc8\
\x63\xb7\x9d\xcf\x73\x2b\xc9\x21\x88\x92\x75\xdd\xb1\x13\x38\x96\
\xb0\x61\x61\x66\x6e\xf0\x7d\x89\xd6\x69\x6a\xf2\xec\x6c\x56\x9e\
\x7a\x7f\x92\x54\x9d\x7d\xbc\xb4\x3f\x78\x2f\x69\xb4\x75\x6f\x3e\
\x56\xab\xfe\x75\xae\xac\xfb\x62\xb2\x3c\xf8\xce\x37\xf2\xf4\x5b\
\x5f\xc9\xb3\xaf\x7e\x26\xcf\xe8\x36\x75\xfa\x6c\x7e\x30\xb2\x72\
\xed\x3a\xd9\xb4\x5b\x5b\xed\x40\x0f\xe9\xbb\x69\x3b\xb9\xf6\xa2\
\x43\xe4\xfc\xe3\xf7\x94\x53\xf4\x2a\xf3\xfe\x6b\x8f\x97\xd3\x8f\
\x19\x2e\x63\x2e\x39\x52\x2e\x3c\x79\x6f\x29\x2b\x2e\xd6\x83\xa7\
\xb1\x1c\xba\xf7\xb6\x72\xd6\x71\x7a\xd6\x2f\x28\x95\x23\x0f\xd8\
\x59\x17\xcd\x12\xd9\xa2\x63\x2b\x59\xfa\xc4\x4b\xb2\xe6\x8d\x8f\
\x64\xcd\x5b\x9f\x4a\xd5\x94\x9f\xa4\x58\xcf\x38\x1f\x0e\xd9\x41\
\x3e\xc5\xa7\xf7\xd9\x6c\x66\xab\x4c\x74\x10\xd8\x73\x26\x32\x81\
\xf3\x5a\x64\x16\x44\x7c\x33\x4d\x8b\x26\x38\x88\x2d\x41\x28\x98\
\x7c\x6e\x36\x70\x18\xf0\x37\xdf\x9b\x44\x79\xbc\x3e\xf5\xd0\x98\
\xb3\xe4\xa8\x03\x87\xc9\xbd\x37\x9c\xc9\xc9\x84\x07\xe5\x6f\x7d\
\x38\x59\x55\xe1\x53\x15\x3c\x87\x00\x6e\xf3\xdb\xb6\xb6\x57\x92\
\x80\x56\xcd\x9b\xc8\xa2\xa5\xab\xe4\xb1\x67\xde\x66\x7b\x87\x41\
\xbd\xe5\xa8\x51\x3b\xf9\x4b\xd4\xd0\x75\x7d\xdd\x1a\xe9\x2d\x4f\
\xa3\x72\x9b\x4c\x4d\x1a\x97\xf3\x5d\xbb\x9b\xf4\x8a\x2e\xed\xa3\
\x4d\x66\x9b\x0c\x59\xe0\xc3\x41\x7b\x06\x17\x68\xd2\xa8\x84\x9f\
\x9a\xd3\xbe\xc2\x0e\x6c\x85\xb6\x6d\xb2\xd9\x07\x6f\xd0\x6b\xd5\
\xac\xb1\xf1\x14\xb8\x4d\xc7\x1a\x1e\x0b\x01\x64\xe1\x11\x79\x68\
\xa5\x27\xbc\x40\x8b\x66\x4d\x65\xcc\x03\xaf\x26\x6f\x57\x6c\xd9\
\xa7\x9b\xdc\x7f\xfd\xa9\x8c\x5b\xa3\x64\x6e\x93\x93\x9c\xfa\x6c\
\xdd\x3c\x7d\x25\x66\xb3\x4d\x37\x92\xf3\x4e\x39\x40\xae\xbc\xe0\
\x48\x39\xe5\x98\x11\xb2\xff\x88\xc1\xfc\x06\x34\x0e\x06\xe4\x75\
\xa3\x1e\x63\x50\xb0\x0b\xd6\xef\xf8\x01\x11\x5c\x8e\xa7\x8e\x2f\
\x5e\x4d\xc3\x87\x24\x9b\xe9\x1d\x41\xe0\xdb\xa9\xbf\xba\x94\x22\
\x6c\x2a\x90\x4f\x54\x9b\x35\x6d\xa6\x5b\x13\xd2\xf0\x85\xd3\xcd\
\x70\x20\x43\x2e\xef\x24\xc4\x1c\x68\x13\xcf\xca\xf1\x2c\x0f\xaf\
\x14\x5d\xf4\x8f\x87\xe5\x68\x7c\x48\x76\xe1\x5d\xf2\xf2\x5b\xf6\
\x3a\x50\xf7\xae\x1d\x64\x60\xdf\x6e\xe8\xae\xc7\xe8\xf0\x2a\x6c\
\x6e\xd0\xdc\x4f\x20\x0a\xe4\x1a\x17\x17\x18\xfb\x74\x79\xb1\x59\
\x65\x3b\x3d\x79\x34\x2a\xe3\x3c\x00\x70\xc7\x33\xfa\x84\xbd\xe5\
\xec\xe3\xf7\x96\x4b\x46\x1f\x21\xa3\xf6\xda\x5e\x69\xf6\x57\x8c\
\x86\xb4\x66\xe1\xeb\x8e\x25\xa0\x7d\xe6\x5c\xc0\x5c\x29\x94\xa6\
\x8d\x30\x4e\x06\xfc\x99\xf9\xf4\x19\x73\x65\xd6\x6f\x78\xa4\x23\
\xfc\x4a\xd1\xf2\xb2\x62\xde\x82\x03\x78\x7c\x51\xa1\x77\x06\x8c\
\x0d\xf9\xa1\xdd\x42\x2e\x8a\x1f\x4f\x98\xc6\x57\xd3\x80\x93\x8e\
\xda\x43\x4e\x3c\x6c\xb8\xf4\xe9\xd9\x59\x2e\x3a\xfd\x20\x3e\x83\
\x07\xf0\x16\xcb\x94\x69\xb3\x11\x81\x45\x88\xe3\x4e\xe7\x08\xc2\
\xc1\x3c\x8d\x5c\x77\xdb\xb8\x3d\xe7\xc5\x3d\xd7\x9d\x29\x77\x5c\
\x73\x1a\x69\xf3\xe6\xff\x21\xb7\x3e\xf4\x2a\x17\x76\xeb\x5d\x7a\
\x7c\x23\x75\xcd\x9a\xd8\x45\x0f\x2e\x3c\xce\x3d\x69\x14\xf5\x6f\
\xb8\xe4\x78\xd9\x7f\xcf\x6d\xa5\x4d\x2b\xbd\xe2\xa5\x92\xf5\x9b\
\x77\x84\x3a\xe7\x9b\x94\xa7\x27\xf9\x5e\x3d\x36\x96\x33\x8e\xdd\
\x4b\xfe\x7e\xde\xe1\xb2\xdb\x4e\x5b\xca\x80\xbe\xdd\x55\x32\xe6\
\x98\xcd\x85\x34\x89\xb0\xe1\x9b\x02\xf3\x9b\x27\xe9\xb2\x8d\xf6\
\xa8\x9b\xf2\xfe\x03\xf2\xb7\x1b\x9e\x90\x71\x1f\x7e\xad\x02\xb6\
\x20\xa0\x63\xb5\x2a\x74\xf1\x5e\x83\xe5\x90\x87\xfe\x25\x75\xb8\
\x7a\x68\xd3\x52\x0a\x75\xd0\x4a\x1a\x97\xc9\x5d\xfd\x77\x90\x87\
\xc6\x4e\x92\x4e\x6d\x9a\xc9\xec\x79\x7f\xc8\x93\xb7\x9d\xa6\xf2\
\x05\xf2\xd6\x47\x53\xe5\xe0\xbd\x06\xf0\x8c\xf4\xc9\x97\xd3\x64\
\xdf\xe1\x03\xe5\xfe\xc7\xc7\x49\xe7\xce\x6d\x65\xc0\xe6\x5d\xe4\
\x8d\x8f\xbe\x97\x6d\xfa\x75\x93\xd7\xde\x9d\x24\xbb\x6c\xd7\x4b\
\x5e\x7c\x73\x82\xf4\xeb\xdd\x99\xcf\x3f\x1e\x7c\xea\x7d\x59\x8d\
\x67\x28\x1a\xf7\x5e\x83\x7b\xcb\x8d\xb5\x8b\xa5\x6a\xf9\x5a\x29\
\xd2\xab\xc3\xaa\xe5\x2b\x38\x09\x5e\xea\xd7\x5f\x2e\x7f\xfa\x5d\
\x7e\xe8\x85\xc9\xcd\x0e\xf9\x20\x10\x49\x1b\x03\x8d\x76\xca\xb6\
\x45\xd2\x16\x90\x9f\x3e\x7d\x44\x3a\xb4\x4d\x6f\x4b\x7e\xd5\x09\
\xd4\x47\x6f\x8f\xed\xdb\xc8\xf3\x00\x9b\x0a\x3c\xcf\x7a\xee\xc1\
\xbf\xc9\x8e\xdb\xe4\xbe\x7f\x88\x45\xf5\xc6\x7b\x5e\x90\xeb\xee\
\x7c\x46\x9d\xa9\xac\xcb\x87\xe3\x23\xf6\xdf\x51\x27\xc6\x59\x39\
\x61\x6e\xb3\xf7\x79\x7c\xce\xf9\xd5\x5b\xb7\xd3\x2e\x70\xcc\x99\
\x37\xc9\x0b\x63\xbf\xf0\xa9\x86\x2b\xa7\x3a\x79\xfa\x9e\x8b\x64\
\xef\xe1\xdb\x92\x0f\xdc\xf6\xc0\x0b\x72\xc5\x98\x27\xe5\xa5\x47\
\x2f\x97\xa1\x83\xfb\x91\x86\x57\xaf\x6e\x7b\xd0\xdf\x83\x65\xff\
\xf1\x5b\x20\xfd\x7b\x75\x96\xf7\x5e\xb8\x89\x67\x50\x00\x56\xaf\
\xb8\xe9\x09\xb9\x55\x65\x41\x49\x1e\x1f\x44\x5e\x98\x4f\x91\xdd\
\x77\xee\x2f\xcf\x3e\x78\x79\x12\x2f\xe2\xd8\xff\xb8\x7f\xc8\xfb\
\x9f\x7f\x0b\x61\xd2\xc0\x3a\xee\x90\x5d\xe5\xd6\xab\x4e\x65\x1d\
\x58\x57\x59\x2d\xfd\x86\x9f\x29\x53\xdf\xbd\x3b\xb9\x9a\x06\x70\
\x0b\xb9\xc7\xe1\x57\xd8\xb1\x43\x69\x5c\x0d\x88\xcc\xfa\xf2\x5f\
\xc9\x15\x48\x3e\xd0\x8d\xee\xdb\x9d\x20\x7f\xe0\xb5\xa2\x24\x9f\
\xbe\x43\xbc\x1e\x07\x8b\x08\x40\x81\xef\x04\x9e\xfc\xce\x5d\xc9\
\xbb\xb5\xb8\x6a\xe1\x89\x47\xe5\x9e\x7e\xf9\x23\x39\xe5\xa2\xbb\
\x55\xde\x75\x09\xf4\x5d\x49\x58\x14\xf4\xe7\x93\x17\x6e\x90\xbe\
\xbd\xf1\x2a\x8f\x01\xcf\xc0\x7b\xe9\xbc\x58\xa3\x77\x2b\x0c\x23\
\x7c\x6b\xb9\xf3\x76\x9b\xcb\x2b\x8f\x5d\x69\x82\x0a\xbc\xc7\x3b\
\x68\xaf\x73\x78\x30\xbe\xf0\xf0\x65\x4e\xb5\xab\xca\xee\x83\x8e\
\xd3\xbb\x04\x9d\xdb\x4c\x2a\x96\x13\x0b\x7a\xb3\x4d\x3a\xc8\x67\
\xaf\xdd\xce\x18\x03\xf7\x3c\xf6\x06\xdf\x08\x80\x88\x91\x75\x07\
\xbf\xba\xe1\x36\xf3\xdd\x67\xae\x95\x6d\xfa\xff\xc9\x23\x0d\x05\
\x6e\x7f\x27\x4c\xf9\x99\x57\xde\xb1\x40\x85\x79\xf6\x01\xf1\x67\
\x80\x58\x36\xdf\xac\xb3\x7c\xfc\xe2\x8d\xc9\x5c\xc1\x9c\x1e\x3c\
\xf2\x42\xbe\x86\x89\x85\x6a\xda\x8c\x79\x72\xae\x2e\xe0\xe7\x9d\
\x6a\x1f\x64\x01\x78\x9d\xaf\xff\xf0\xb3\xb9\xc8\xc6\x89\x9e\x73\
\x48\xd1\xa9\xdd\x06\xf2\x9f\xfb\xfe\x2a\x5b\xf4\xee\xc2\x76\x00\
\x62\x9f\x7c\xf9\xbd\x1c\x79\xe6\x2d\xb2\x74\xd9\x0a\xe6\x12\xb9\
\x77\x2e\x6d\xcd\xd0\x63\xb3\x65\xf3\xf4\xc4\x1e\x40\x1e\x3f\x9b\
\x30\x55\xce\xba\xfc\x41\x99\xf1\x2b\x5e\xfb\x4a\xfb\x81\x7e\xc2\
\xf7\x35\x17\x1e\x21\x67\x1e\xbf\xbf\x53\xeb\xe3\x64\x3d\xe9\x3d\
\xf5\xd2\x07\x9e\x10\xe8\xd7\xf1\xe2\xe5\xa7\xf1\x0f\xf3\xcd\x87\
\x86\x30\x6b\x8e\xae\x0d\x43\x4f\xd7\x13\xad\xca\x6b\xac\x91\x53\
\x74\xc6\xe6\x02\xcc\xe9\x7c\xd8\x7e\x0b\xbd\x90\x3c\x56\xb6\x3f\
\xe0\x62\xbd\x46\xec\xb8\x6b\xdd\xb7\x1f\x3e\x22\x97\xdc\xf4\x6f\
\xbe\xf0\x1b\x0a\x18\xcb\x0e\x9a\x9c\xd7\x76\xec\x21\x85\x33\xe7\
\x48\x41\x55\x8d\xd4\x56\x57\x69\x59\x2d\x45\xcb\x97\xcb\x6d\x83\
\xf7\x92\xc7\xc7\x4d\x94\x6d\xfa\x76\x96\x19\xb3\x16\xca\x63\x37\
\x9f\x24\x4d\x74\x00\x6e\x79\xf0\x2d\x5e\x91\x55\xe8\x59\x67\xd6\
\xdc\x3f\xf4\xb6\xa4\x23\x5f\x9c\xff\xf8\xcb\xe9\x7c\xaf\xb1\x4c\
\x3b\xb1\x64\xd9\x2a\x26\x01\xb7\x40\x7c\xd8\x8e\x0f\x06\xf4\xca\
\x19\x0b\x0c\x5e\xc1\x82\xef\x13\x76\xdb\x4a\x0e\x7e\xf4\x5f\x52\
\xa4\xe3\x54\xa4\x57\xf6\x75\xea\x57\x70\xe7\xb1\xeb\x76\xb2\xdf\
\xe2\x4a\x3e\x5b\xb2\x93\x40\x0a\x0e\xae\x0f\x30\x13\xa7\x9b\xa7\
\x20\xe1\xf1\x47\x17\x8a\xdd\x87\x0c\xd0\x2b\x0d\x5b\x44\x21\x8a\
\xdb\x72\xbc\x15\x10\xb7\xdd\x00\x74\xdd\x9a\x02\xfa\x76\xf5\xb9\
\xef\xb0\x41\xb2\xc3\xb6\x9b\xeb\x99\xb5\x5c\xe6\x2f\x5a\xaa\x27\
\x87\x2f\x64\xf2\xf7\x33\x7c\xe1\x50\xfb\x49\x08\xe6\x7d\xe3\x0e\
\x1b\xf0\xaf\xa4\xd0\x8c\xe7\x35\x1f\x4f\xfc\x51\x56\xea\x81\xb6\
\xcd\x96\x3d\xfc\xd5\x94\x02\x99\xf4\xed\x4c\x99\xb7\x70\xb1\xd6\
\x60\xc0\xec\x0c\xe8\xbb\x89\xb4\x6b\xdd\x8a\x0b\x15\xe6\x3c\x26\
\x14\x3e\x9d\xde\x48\x6d\xf6\xd7\x2b\x42\xf8\xf8\xee\x87\x39\xbc\
\x1d\x8c\xfe\xc1\x2b\xe8\xb8\x72\xd9\x5e\xef\x34\x70\xd0\xc2\x37\
\x72\x80\x03\xe4\x67\xbc\x09\xc0\xd0\x8c\x4e\x3d\x6e\x96\x4f\xbc\
\xc8\x3d\x68\xcb\x9e\xf4\x87\x18\xc0\xfb\x74\xd2\x8f\x7c\x07\x11\
\x08\x9d\x8d\x36\x6c\x23\xbd\x37\xd5\x93\xa2\x0a\xe2\x3d\x5c\x8c\
\xe4\x3b\xe3\xbf\xd1\x13\xe6\x16\xa4\x61\x41\xc6\x1f\x23\x60\x71\
\xc4\x63\x88\x02\x4c\x4c\xf6\x0e\xaf\xf0\x89\x0c\xdf\x69\x2b\x3e\
\x87\xc4\x01\x13\x31\xf2\xb8\x86\x2d\x0d\x05\x9f\x9c\x67\x6f\x93\
\x13\x20\x56\xaf\x62\x84\x69\x15\x7a\x8e\xc6\x7a\x45\xb7\xe7\xd0\
\xad\x65\xa0\xe6\xb6\xb9\xce\xc9\x65\x2b\x56\xcb\xdb\x6a\x2b\x7d\
\x21\x5d\x91\x91\x37\x18\x01\x2f\xb6\x43\x07\x0b\x8c\x3d\x6f\x2f\
\x90\xb7\xc7\x4f\xe1\xb8\x65\x81\x9c\xb4\x6e\xd9\x54\xb6\xed\xbf\
\xa9\x6a\xe2\x3d\x16\x3c\x87\x5c\x2d\x1f\x7d\xfe\xbd\x8e\x67\x33\
\x19\xd8\x6f\x53\xe6\x20\xe6\xc0\x5b\x7a\xd1\x82\x3f\x58\x08\xbf\
\xe1\xbe\x69\x93\x32\x19\xac\x63\x54\xac\x79\xc2\x5f\x5e\xe1\x7d\
\x9a\x99\xb3\xe7\xcb\xb7\x7c\xad\x09\x19\x55\x49\xd8\xd0\xb1\xe1\
\x18\x29\x75\xfb\x01\xbd\x64\x83\x16\x4d\x90\x86\x7a\x7d\x47\xcc\
\xe3\xbf\xfa\x41\x4f\x08\x6b\x29\x0f\xff\x64\xbb\x0c\x68\x0d\x01\
\x8b\xe7\xe0\x81\xbd\x39\x5e\xd4\xd1\xed\xc3\x2f\xa7\xca\x0a\xcd\
\x9d\x2d\xd0\x22\x9b\x76\x6d\x2f\x3d\xba\x74\xd4\xb9\x58\xc4\x05\
\x77\xf5\xda\xf5\xf2\xde\xe7\x53\x39\x76\x8c\x84\xf1\x45\x89\xab\
\xc7\x22\xbd\xb0\x1a\xa4\x76\xfb\xe8\x1d\x44\x63\xfe\x05\xd7\x5b\
\x7a\x17\xfc\x2e\xde\xb9\xa6\x04\x64\xb5\x48\x02\x34\x3f\xbb\xea\
\x05\x03\xee\x66\xf9\xb8\x4f\xe9\x98\x13\x35\xda\xff\xef\xa6\xfd\
\xca\xdc\x14\x82\x47\x71\x3f\xfe\xb5\x11\x26\x7a\xf5\xd8\x48\xba\
\x6f\xdc\xc1\xac\x61\xfc\xbc\xe4\xbc\x52\x7c\xa3\x36\xe6\xfc\x8e\
\x63\x4c\xe1\x34\x8c\xd3\xf0\x1d\xb7\xc4\xc1\xcd\xb5\x01\x7f\xb9\
\x87\x3c\x40\x0f\x7f\x8d\xb7\x46\x2f\x18\x3e\xc0\xbb\xd8\x18\x65\
\xd5\x89\x31\xa5\x71\xdd\x45\x17\x86\xea\xc2\x7a\xf5\x45\x47\xcb\
\xb6\xfb\x5d\x28\x05\xc5\xed\x87\xd6\x7d\xf7\xd1\x3f\xe5\x52\xbd\
\xea\xc1\xe5\xbe\x09\x23\xa0\x3a\xb9\xf3\xe0\x21\xb2\xe3\xbf\x9e\
\x97\x2a\x4d\x60\x9d\xce\x09\x1c\xb2\x35\x7a\x46\x29\x6e\x5e\x2e\
\x97\x0e\x19\x29\xef\x7c\xf1\x2d\xaf\x22\xd1\x51\x98\x46\x50\x78\
\xbe\x81\x47\x06\x36\x38\x3a\xc9\xf1\x81\x56\x09\x6e\x33\x4a\x75\
\xc1\xad\x90\xae\x9d\xdb\x49\x7b\xbd\x52\x6c\xd6\xa4\x5c\x3a\x77\
\x6a\x23\x4d\xf5\x36\xb1\x5d\xeb\xe6\xfc\xcb\x2e\xfc\xad\x2d\x06\
\x0d\x41\x72\xd1\xd3\x89\x5a\xbb\x62\x95\x54\x2d\x5c\x22\xcb\xa6\
\xff\x22\x33\x3f\x9c\x20\x9d\x96\x2d\x93\x37\x36\xef\x2d\x7f\x7d\
\xea\x3d\x95\xf3\x0e\xa2\xd0\xb8\xb1\x30\x58\x5f\x7d\x42\x79\x02\
\xf8\x3c\x25\x83\x48\x04\x65\xa9\x88\xdf\x98\x84\xae\xa3\x1b\x6b\
\x6e\xc3\x60\x1a\xbc\xba\x01\x1d\xcd\x64\xa2\xda\x82\x46\x12\xfc\
\x69\x23\x7b\x26\x4e\xec\x86\xbc\x0e\x9c\xc5\x05\xbf\x90\xc3\x46\
\x6d\x08\x99\xbe\xfe\x80\x82\xb8\x4c\xcd\xf9\x51\x8d\x18\xb0\x8b\
\x38\x29\x18\xed\x94\x46\x31\x87\xe5\xc5\x79\x19\x8e\x1d\x88\xe0\
\xe3\x0a\xc4\x0e\x64\xb3\x67\xb4\x80\x69\xaa\x4d\x15\x26\x97\x32\
\x46\xc5\x04\x46\xcb\x74\x49\x32\xd0\xa7\xe7\x08\x7e\x82\xa6\x1b\
\xe3\xa1\xb8\xeb\x80\xac\x3f\xa1\x1e\xe3\x08\x44\xfe\x12\xfd\x06\
\x60\x27\x08\x5c\x81\xb2\x81\x5d\x72\xc2\x4c\xf4\x5d\xd7\x8a\xc8\
\x2f\xe0\x15\x25\xf0\xaf\x09\xcd\x13\x05\x5d\x54\xab\xc8\x4f\xd8\
\x42\x05\x0c\xc0\x2b\x2a\x6b\xfd\xb7\x36\x7d\xb9\xbf\x7c\x80\x8c\
\xe3\x86\x39\x81\x0f\x3c\x9a\xf3\xdc\x67\x35\xcc\x54\xcc\x63\x70\
\x62\x4c\x93\x08\x73\xc0\xf1\xa2\x98\x4a\x85\x7f\xad\x27\xfd\x07\
\x8b\x35\x85\xd3\x12\x39\x54\xb9\x37\x30\x9f\x14\x71\x5b\x5a\xc0\
\x4e\x62\xda\x73\x6b\x04\xab\xa2\x6e\xbe\x6c\x1c\xd9\x37\xc6\x04\
\xfd\xe8\x87\x43\xe5\xec\x33\x0e\xeb\x37\xd4\x4c\xd3\xfb\xa0\x2d\
\x16\xaa\xcb\xbc\xc0\x96\xfe\x60\x7c\x48\x06\x17\xbf\x4a\x8f\x71\
\xe6\xa2\x4a\xff\x06\xd6\xa3\x6d\xe2\x44\x48\xa0\x6d\xaf\x72\x3a\
\x85\xb1\x28\x4d\xed\xc5\xb3\x77\x12\xc0\x0e\x65\x80\x24\xbb\x2b\
\xda\x75\x87\x7e\x72\xc5\xb9\x87\xcb\xa0\x7d\xce\xb3\xef\x0a\xf8\
\xf6\xfd\x07\xe5\xaf\x37\xfc\x8b\x2f\xd0\x1b\x10\x70\x81\x6c\xd6\
\x6d\x43\x19\xb1\xfd\xe6\xd2\xba\xa4\x42\x0e\xdd\x74\x03\xa9\x9d\
\xbb\x48\xd6\x2f\x5a\x2c\xb5\xab\x56\xca\x8c\xbd\x47\xc8\xab\xe3\
\xbf\xe3\x49\x03\xb7\xcf\x65\xba\x78\x36\xd2\x2b\x38\x3c\x77\xc1\
\xd5\x54\x87\x76\x2d\x79\x39\x8f\xbf\xec\xc1\x73\x19\xfc\x49\x66\
\x71\xe6\xf6\xf0\xff\x8a\x1f\x67\xce\x93\xa3\xce\xb8\x4d\x4a\xca\
\xf0\x37\xca\x6b\xe5\xc7\x5f\x7e\xe7\x52\x64\x40\x6f\x0d\x76\x50\
\x31\x4d\x1c\x43\x20\x67\x61\x05\x51\x13\x64\x1a\x9e\x28\x02\x03\
\x86\x81\x04\x1f\xbf\xc6\xe0\x41\x91\x85\xb6\x41\x21\x37\x06\x8a\
\xad\x94\x1e\xfe\x38\x59\x12\x79\x97\x4d\x06\xd7\xfc\xe4\xc2\xec\
\xa4\x0c\xaf\x07\xd9\x76\xf5\xc1\x19\x10\xbc\xac\x2e\xc8\x66\x23\
\x09\x55\x91\xf4\x89\xa6\xb1\x73\x7d\xdd\x12\x2b\xa0\xe9\x86\x9f\
\x94\xea\x60\x33\x91\x4c\x8b\x1c\x92\xd1\x8d\x9c\xd5\x07\xc5\xb2\
\x11\xf4\xf4\x03\x11\xc0\xf4\x02\x6c\xe9\x0e\x92\xb9\x1c\xa5\x25\
\x7d\xce\x05\x63\x07\x0f\xf1\xeb\x66\x5d\xb3\xd9\x02\x1b\x0d\x6b\
\xb9\x07\xda\xd4\x12\xba\xba\xe0\x25\x1a\x54\xf2\x88\xb3\x7e\xc1\
\xd6\x1d\x8b\x1c\xc0\x46\x70\x54\x2f\xd1\xb1\x36\x10\x24\x84\x0b\
\x3a\xad\x83\xe8\x71\xa3\x0e\x91\xa4\x3f\x14\x83\x45\xc8\x02\x4e\
\x03\x4c\xd0\x2a\xd0\xa3\x7c\x86\xef\x88\x93\x7e\x02\xda\xf6\x7a\
\x52\x81\xbe\xd9\xa2\xef\x04\x69\x9d\x64\xe7\xc5\x9b\x25\x26\x8b\
\x2d\xec\x78\x3f\x14\x49\xdf\x1c\x68\x33\x37\xe0\x47\x3f\xc9\x81\
\x0e\x2b\x84\xe9\x79\x83\x80\x2f\xab\x61\xf1\x04\xd0\x57\x92\x50\
\x72\x9c\xdd\x52\xc6\x90\xf9\x42\xc5\x69\x34\xe2\x34\x80\x6e\xcc\
\x30\xf4\xa8\x0b\x9a\xda\xab\x9f\xcb\x50\x52\xd0\x04\x16\xd6\x42\
\x19\xb6\xa3\x2e\xac\xa3\x0f\x93\x41\xfb\x9e\x2f\x05\xe5\x9d\xf7\
\xae\xfb\xe6\x9d\x7b\xe4\xc2\x6b\xfe\x69\x5f\x1a\x41\x25\x6c\x7a\
\x46\x50\x5b\xf8\x0f\x01\x33\x7e\x5f\x2f\x13\x5f\xfa\x3b\x6f\x2d\
\x03\x75\xeb\x2b\xf1\x7f\x57\x28\x5a\x80\x67\x13\xd9\x67\x93\x08\
\x8a\x9d\xf6\x60\x22\x26\x33\x6b\x65\xde\x22\x5b\x57\x59\x25\xd5\
\x73\x17\xd0\x6e\x41\x79\x99\x14\x77\x6a\xaf\x97\xd3\xa9\x4d\x3c\
\x48\xff\xcb\x39\x77\xc8\xd2\xe5\x4b\x65\x2e\x3e\x71\xe5\x65\xb1\
\x32\xe0\xdf\xed\x27\x09\x51\x30\xd9\x60\x68\xd3\x28\xb6\xaf\x07\
\xe8\x78\xd5\x12\xc8\x9a\xd3\x7d\x02\x27\xf4\xff\x0e\xba\x83\x1e\
\x0f\x48\x6d\xf3\xfe\xc3\xe3\x48\xbd\x84\x60\xee\x82\x0f\x40\xcc\
\x76\x29\x92\xf8\xb0\x0f\x5b\xff\x05\x2a\x9f\x9a\xc8\x97\xd5\xb6\
\xfd\x12\x10\xb5\x13\x91\xd2\xd4\x2e\x36\xe6\x0f\x5b\x0e\xcc\xb7\
\xed\xb1\xcb\xb7\x0b\x1d\x2d\xbc\x5f\xf5\x90\x95\x0f\xbe\x19\xd2\
\x0d\x0b\x5f\x7a\x30\x38\x83\xb1\x00\xd9\x31\x6d\x08\x0d\xe5\x23\
\xc7\x12\xf9\x4a\xc9\x9a\x70\x7b\xdc\x63\xe7\x26\x72\x6c\xd1\x6f\
\x76\x7c\x94\x67\x06\xad\x95\x89\x2f\x07\x68\x67\xcc\xa4\x0d\x2d\
\xed\xb7\xbe\x8e\xc3\x6c\x52\x82\x32\xa8\xb1\x6e\x45\x8a\x9c\x3e\
\x2b\x23\x04\xb8\x08\x90\xa8\x4d\xad\xe4\xc9\x99\x5f\xa5\x31\x46\
\x5f\xc8\xc9\xc1\x8e\x7b\xd7\x71\xb9\x7a\x50\x3a\x59\xce\xa3\x9d\
\xb0\x62\x2c\x43\x2a\x87\x1c\x1a\xdf\xa5\x58\xa4\xf3\x38\xc9\x85\
\xdb\xca\x41\x42\xc3\x66\x75\xfe\xd0\x6e\xee\xf8\x24\x9a\xce\x63\
\xd5\xdb\x1e\x4c\x42\x07\xb2\x63\x0d\x7a\xd2\x46\x49\xdb\x2e\x1b\
\xa5\x92\xd9\xd3\x90\x23\x59\x77\xda\xa6\xbe\xfe\xe0\x3d\xec\x2b\
\xcf\x3b\x5c\xb6\xd9\xf7\x3c\x5c\xc1\xfa\x02\x47\x05\x15\xd2\x3d\
\x75\xb4\x0d\x0e\xa8\xd5\xeb\x56\xab\xb2\x75\xa2\x7a\xc1\x1f\x32\
\x6f\xf4\x75\xf2\xf3\xe0\xc3\x64\xed\xb3\x6f\xc9\xe2\x8b\xc7\xc8\
\xcf\x03\x0f\x91\x25\x8f\x3c\x8f\x07\x88\x94\x59\xf2\xec\x1b\x32\
\x75\xc0\x28\xf9\x71\xe0\x81\x32\xf7\xcc\xbf\xcb\x9c\x43\x47\xcb\
\xaf\xdb\x1e\x26\x33\xb7\x39\x58\x7e\x52\xda\x4f\x43\x0f\xb7\x85\
\x19\xa8\xa9\x95\x25\x8f\xbe\x24\xd3\xb6\x3a\x40\x7e\xbf\xea\x6e\
\x59\xff\xe3\x4c\x99\x77\xf0\x39\x32\x63\x9b\x43\x64\xc5\x5b\x1f\
\x99\x0c\xa0\xc1\xf3\x25\x7a\x04\x84\x00\xbd\x7f\x49\x99\x01\x13\
\x10\x50\x05\x24\x2d\x9b\xc8\x1c\x34\xc8\x43\xc2\xc2\x4e\x1e\x8f\
\x09\x62\x86\x08\xb3\x6d\x25\x11\xb1\xa1\xed\x62\x48\x3c\x54\x32\
\x6a\x44\xee\x40\x9b\x9a\x2b\xb3\x16\x0a\x88\x83\x67\xce\x0c\x8d\
\x68\xc8\x28\x00\x12\x37\xf0\x49\x71\x44\xdb\xed\x6b\x23\x9b\x9b\
\x30\x95\xa3\x42\xd8\x1c\x09\xad\xfa\x02\xca\xa1\x0d\xb5\xe5\x57\
\xe9\xd8\x68\xd7\x6d\x07\x12\x3e\xad\xa1\x67\xda\x86\x3d\x2c\x04\
\xa4\x81\xad\x65\x22\xe3\x60\x70\x11\xa0\xe6\x13\x27\xaf\x0c\xcd\
\x6a\xae\xef\x2d\xa2\x5e\x0e\x00\x48\xa8\x6c\x0e\xdd\x0e\xa6\x64\
\xac\x48\x31\x4b\x06\x8f\x87\x3e\x51\xb8\x50\x00\xf1\x92\xe4\x74\
\xf2\x2c\x1e\xf2\xec\x37\x17\xb4\x45\xc1\x0c\xac\x8d\xcc\x18\x50\
\x42\x39\xb3\x39\xd5\x90\xd6\x0c\x68\x23\x6e\xd8\xc1\x31\x6b\x3e\
\x62\xae\x51\x9d\x2a\xae\xa7\x04\xfa\xca\xd8\x26\xcf\xd4\x12\x50\
\x46\xdb\x19\x92\xc3\x3c\xa5\x74\xc8\x85\x1d\x98\xd4\x7a\x62\xd7\
\xec\xb0\x95\x55\x42\x6c\x88\x23\xe4\x48\xcf\xd5\x4b\x34\x9d\x94\
\xc3\x52\x84\x39\x1b\x17\xdb\x68\x86\x08\xe1\x54\x29\xc4\x80\x64\
\x0d\x04\xa0\xa7\x74\x48\x9a\x3f\xd7\xa1\x2c\x94\xf2\x4e\xb6\x94\
\x42\x69\x8f\x03\x48\x55\x19\xfb\x93\x56\x6d\xe3\xc3\x11\xa3\x9b\
\xb0\x19\xc2\x83\x63\xbd\x72\xad\x5e\x4f\x67\x55\xf3\x16\xc9\xcc\
\x61\xc7\xc9\xd2\x47\x5f\x96\x56\xa7\x1f\x2e\x15\x27\x1c\x2c\xad\
\x6f\xbf\x54\xaa\x94\x3f\xf7\x82\x9b\x65\xc1\x4d\x0f\x43\x49\x6a\
\x56\xad\x91\x75\x73\x16\xca\x9a\x5f\xe7\x49\xbb\x2b\xcf\x91\x4e\
\x4f\xde\x22\xcd\x2f\x3e\x5e\x6a\x56\xaf\x91\xf5\xbf\x2e\x90\xaa\
\x1a\x0d\x05\xaf\x6d\xa8\xcd\x45\xd7\x3d\x20\x0b\x2e\xbe\x45\xea\
\x8a\x0a\x64\xa3\xfb\xae\x92\xa6\xfb\x0e\x93\xb6\xf7\x5f\x29\xeb\
\x67\xcd\x95\x59\x47\x5e\x2c\xcb\x5e\xb0\x57\x92\x00\xfc\xa5\x51\
\x5c\x0d\x02\x1e\x29\x91\x24\x29\xd9\xe5\x22\xf8\x40\xaa\xa3\x44\
\x6e\x4e\xd3\x7a\x4c\x40\x02\xc4\x7c\x5b\x99\x76\x6a\x27\x2a\xba\
\x29\x31\x52\x4d\x90\x99\x6e\x89\x4f\xad\x27\x13\x29\x00\x72\x72\
\x30\x04\xb4\x4e\x31\x18\xce\xc8\x27\x76\xbd\x9e\xd8\x25\xc1\x74\
\x20\x9f\x51\x31\x71\xec\xb0\x51\xc0\xb7\x80\xe9\x27\x07\x43\xb2\
\x91\x98\xdb\xfe\x53\xb8\x8c\xc2\xac\x05\xbc\x15\x36\xb4\xdd\xb1\
\xc5\x3a\xe9\xd6\x76\xbd\x74\x6d\xb3\x56\xba\xb4\x5e\xa7\xdb\x5a\
\xe9\xac\x5b\xa3\xd2\x6a\xe5\xe2\x75\xac\x2a\xd9\xaa\xfb\x0a\xe9\
\xd1\x7e\xb5\xce\xcf\x88\x59\xa4\xd3\x06\xeb\xa5\x55\x53\xfb\x86\
\x2a\xeb\xb6\xe5\xb5\x45\xc5\x7a\xd9\xa8\xf5\x1a\x7b\x12\x99\xa1\
\x47\xce\xbd\xe0\xcd\x55\xf7\x0e\xeb\x65\x43\xb5\x63\x26\x71\x60\
\x99\x6d\x83\xe9\xe0\x86\xa3\xab\xc6\xd7\xa5\xad\xde\x45\xf1\x83\
\x37\x6c\x28\xbc\xd4\x36\xc7\x5a\xfb\xc3\x13\x1f\x6e\x89\x9d\x13\
\x39\x00\x50\xc3\x46\xb5\x44\x55\x2b\x14\x49\xe5\x40\xb2\x58\xd9\
\x22\x2d\xe5\xd3\x53\xd2\x0a\x6e\x12\x0b\x16\x87\x8c\x4f\x20\xec\
\x45\xff\xb1\xb1\xae\x30\xd7\x2e\xaf\x45\x58\x67\x5f\xf4\xc7\xe8\
\x6e\x3b\x40\x9e\x22\xec\xb1\x9e\xb6\x2d\x0f\xda\xe6\xe6\x36\xac\
\x61\xed\x20\x11\x54\xb4\xaa\x22\x7c\x72\xcf\x5d\xc6\x3e\x76\xa1\
\xab\x55\xeb\x93\xb7\x1b\x02\x7d\x65\xfa\x91\x20\xab\x84\x7a\xb4\
\x53\xba\xe5\x47\xed\xa3\x11\xea\xb0\xc5\xfe\x64\xec\x65\x9b\x51\
\x32\x2e\xd3\xc5\x27\x28\xaa\x54\xc8\x4f\xc1\xc0\x48\x64\xf0\x83\
\xb6\x1a\xc4\xa7\x7b\x58\x60\xe7\xdf\xf4\x88\xac\x9f\xbd\x50\x39\
\xb5\xd2\xb8\x7f\x6f\x4a\xe1\xaf\xad\x1a\x0f\xde\x8a\x27\xa9\x05\
\x77\x3f\x21\xb5\xf8\x56\x1a\xcc\xd3\xf8\x8b\x21\x04\x55\x52\x2c\
\x2d\x46\x0d\x97\x2e\xef\xfe\x53\x5a\x1c\xb5\xb7\x94\x76\xb5\xaf\
\xb1\x5b\xf3\xf5\x54\x59\x78\xfb\x13\x5c\xe1\x5b\x8e\xdc\x85\xb6\
\x80\x46\x7d\x7b\x4a\x71\x97\x8e\x7c\x86\x32\xf7\xd2\xdb\xa5\x16\
\x7f\xfb\xac\xf1\x55\x55\xd9\x02\x0f\xf0\x9a\x03\x9d\x65\x87\x01\
\x8b\x37\xa7\x93\xaa\xcf\x18\xb0\x29\x3f\x10\xb5\x10\xcd\x99\x40\
\xb0\x11\x4e\x52\x09\x87\xb7\xd1\x27\xd6\xf1\xe9\x35\x0f\x63\xf3\
\xad\x20\x47\x59\x16\x1b\x49\xee\x50\x1b\x19\x37\xa8\xf3\xc1\xb8\
\xc7\x4f\xb7\x20\xd2\x4e\x56\x30\x60\xb4\x44\x87\x7a\xd8\xd2\x31\
\x33\x0b\xb4\xa2\x40\x1c\xce\x31\xe3\x5e\xf7\xa6\xc7\x9b\x32\xb2\
\x08\xdb\x29\x60\x2b\xb6\x06\x01\x33\x6a\x93\x7f\x58\x90\xff\x88\
\x43\xe9\xa9\x3b\x38\x47\xa5\x56\x4e\x1a\xb1\x40\xee\x3d\xed\x1b\
\xf9\xf7\xf9\x13\x64\xe2\x8d\x6f\xcb\xfd\x27\x4e\x96\x7b\x8f\xfb\
\x4a\xfa\x76\x5e\x2a\x47\xed\xf4\xab\xbc\x7f\xd5\xa7\x72\xfa\x88\
\xd9\xf2\xc8\xe8\x6f\xe4\xb5\x4b\xbe\x92\x92\xd2\x3a\xa9\xd1\x89\
\xf6\xf4\x85\xdf\xc8\xc7\xd7\x7c\x21\x3e\x5d\x14\x66\xf3\x99\xd1\
\x13\xe5\xd9\xf3\xbe\x96\xda\x3a\xbc\x0f\x0c\x57\x18\x7f\xbc\x52\
\xa2\x25\x9d\xea\x3c\x6b\xbc\x5e\xde\xba\x7a\x82\x3c\x7c\xee\x0f\
\xf2\xec\x45\x5f\xcb\xfd\xc7\x4f\x96\x42\x7f\x5b\xc1\x00\xc5\x1a\
\x29\x2a\xa8\x91\x47\x47\x4f\x95\xff\xfc\x7d\x96\xfc\xeb\xe2\xa9\
\xf2\xd8\xe9\x5f\xeb\x31\x80\x7e\xf8\x87\x22\xd1\x21\xe6\x24\xc6\
\xd1\xea\xb9\xa9\xcb\x36\x4c\x47\xa5\xa8\x67\xf2\xd9\x9c\xc2\x2e\
\x4c\x7b\xfe\x48\xb7\xf1\x45\xd5\xfe\x52\x2d\xab\xa3\x1b\xca\xa4\
\x0d\x5d\x6c\x1e\x1b\x35\x15\xda\x06\x85\x1b\xe3\x37\xfb\xa9\xdf\
\x0c\xa8\x6a\xc7\x16\x7e\x02\x89\x85\x84\x44\xc1\xa0\x7a\x4b\xcb\
\xc4\x77\x06\x79\xf1\x98\xbc\x59\x24\xd4\x17\x5b\x2e\x97\xba\x48\
\x24\xbc\x9e\x6e\x0d\xfa\x49\x34\x51\xda\xdd\x06\xc4\x20\x9b\x95\
\x37\xae\x81\xf4\x3f\xb1\x05\x5e\x4e\xae\x89\x28\x15\x54\x83\xbe\
\x16\x2a\x83\x37\x17\x6c\xea\xe3\x5d\xd6\x62\xcc\x4e\x9d\xb0\x7a\
\x4b\x0e\x26\xea\xa6\x0a\x05\xa5\xe9\x56\x52\x5e\x4e\x5e\x95\x5e\
\x71\x16\x96\x14\x49\xb1\x14\x49\x2d\xde\xc9\x73\xb1\xca\xe9\x33\
\xb9\xb0\xd6\xae\x5a\x2b\x95\xf8\xca\x38\x04\x03\x2b\x30\xc4\xc7\
\x03\x8c\x40\x4a\x3a\xb6\x95\x4e\xb7\xfe\x55\x36\x79\x02\x5f\x8a\
\x51\x20\x8b\x9f\x7e\x5d\xaf\x5e\x6b\xf8\xa7\x69\x4d\x06\xda\x77\
\x9a\x12\x7a\x49\x51\xae\x0b\x37\x26\x69\xf5\xc2\x25\xb2\xe2\xcd\
\x8f\x68\x8a\x6f\x0c\xe0\x04\x00\xb0\x3f\xd8\x99\x6d\xfa\x64\xfc\
\xd8\x0c\xce\x49\xca\x7a\x80\x7c\xe8\x44\x9d\xed\x00\x34\x83\xce\
\xb3\x05\xa9\xa0\xb1\xa6\x64\xfb\x14\x32\xab\xe3\x50\x1d\xe6\xc0\
\x75\xd8\xc2\xa2\x48\x1a\x08\x69\xc9\xb8\xd9\xc4\x2e\xb6\x40\x5a\
\xcf\xed\x1f\xec\x66\xe3\x43\x15\x77\x18\xe9\x17\x4a\x44\x6a\x22\
\xd6\x64\x4b\x74\xb3\x60\x84\x5e\xaf\xcf\x8f\xf9\xd7\xf0\x84\x86\
\xb4\xfd\x34\x08\x9e\x0c\xf2\xf2\x54\x57\x28\x97\x3d\xbe\x91\xec\
\x72\xe9\xd6\x72\xd6\x23\xfd\x64\xe1\xf2\x66\xb2\xd3\x95\x43\x65\
\xd8\x75\x83\x65\xc2\xcf\xcd\xe5\xaa\x83\xa6\xcb\x5f\xee\x1e\x28\
\x47\xde\xb1\xa5\xec\xf4\xb7\x1d\xa4\x65\x93\x75\xb2\x5d\xf7\xe5\
\x3a\x79\xeb\xa4\x72\x55\x8d\xac\x5f\x5d\x2b\xe7\xec\x39\x47\xe7\
\x1d\x9e\xc3\x17\xc8\xd1\x3b\xce\x91\x4e\xad\x71\x05\x8a\xb1\xc1\
\x85\x00\x7c\xe8\x4e\x43\xe2\xc9\x4f\x37\x7c\x8a\x7c\xe1\xde\x3f\
\xcb\xe4\x9f\x5b\xc9\x8e\x17\x0f\x94\xc1\x17\x6f\x2d\x1d\xdb\x54\
\xca\xc6\xad\xed\xfb\x12\x20\xcc\x91\x55\x1f\xfb\x6e\x35\x5f\x3a\
\x35\x5d\x23\xdb\x9c\xb9\xb9\x6c\x7f\xde\x56\xd2\xb6\x8d\xc8\x01\
\x3b\x2c\xa5\x44\x0a\xab\xc3\x3e\xbf\x76\xd3\x73\x63\x54\xec\xb3\
\xb2\x00\xac\x67\xf3\x94\xf2\x6d\x6c\x01\xe5\x25\xe3\x6c\xf3\x8c\
\x51\xb1\x92\x97\x61\x15\x81\x5e\xa2\x6b\x42\x56\x27\xb4\xee\xcd\
\xc4\xa2\x8e\x83\x2d\xfe\xae\x03\x50\x2c\x13\x17\x78\x19\x76\xc3\
\x30\x19\x8a\xa9\x5f\x2b\xb1\x6b\x00\x19\x5f\x26\x82\xbd\xcd\xb6\
\xdc\x59\x97\xdf\x3f\xe5\xa4\xaa\xf4\x13\x5d\x4c\xc9\x66\x05\x1b\
\xc5\x75\x67\xee\x5c\x10\x1b\x95\x52\xe4\xb6\x52\x90\x1e\xb1\xf2\
\xe4\xe3\x75\x20\xaa\xe4\xc7\xa6\x08\x63\xf4\x81\xbe\x68\xa9\xba\
\x85\xf6\xed\x39\x78\x4d\x21\xd1\x4c\x37\x1d\x80\xa2\xa2\x62\x7b\
\x97\x50\x15\xbb\xe9\x2d\x7a\xcf\x9f\xdf\x94\xae\x13\xff\x23\x15\
\xdb\x6f\x45\xe9\x75\x53\x7f\x92\xca\x69\xb3\x78\x45\x5b\xd6\xae\
\x8d\x94\x6d\xd8\x56\xa9\x3a\x70\x78\xb4\xa0\x5b\xe5\x77\x3f\xc8\
\x9a\xd7\x3f\x90\x15\x2f\xbf\x2b\x6b\x26\x4f\x93\x3a\xff\x9e\x45\
\x44\xb4\xfe\xcb\xef\xf8\x46\x41\x9d\xca\xc5\x55\x6c\xa0\x18\x7f\
\x07\xef\x21\xad\xfa\x78\x82\x56\x0b\xf8\x9e\x5f\x3c\xc7\x40\x37\
\xd2\x6f\xb7\x41\x67\x48\x4e\xa1\x72\xe9\x84\xb3\x22\x17\x19\x62\
\x26\xf1\xae\x91\x0b\xb0\x13\x19\x48\xe4\x1a\x0c\x1d\x9b\x18\xf8\
\xc1\x81\x80\xeb\x7a\xd0\x94\x9b\x89\x23\x4c\xe5\x2c\x50\x8c\xd5\
\xae\x7a\xec\xc4\xe1\xf2\xd0\x0b\x5d\x05\x74\xec\x6a\x03\xba\xa0\
\x1b\xcf\x6c\x21\x43\xde\xe6\x1e\xf5\xd4\x47\x8e\xbf\x1c\x84\x7d\
\x8b\x3c\x0b\x5a\x4c\xfc\x2b\x8f\xbe\x53\x0d\xab\xd9\x16\x07\x6c\
\x2a\xaf\x54\xd6\xd3\xb8\xe8\x83\x2e\xcc\x0f\xba\xca\x97\xae\xf1\
\xd7\x5e\x3a\xff\x8a\x4a\x74\x49\x2c\xd6\x93\x76\x5d\xa9\x2c\x5c\
\xd1\x44\x0e\x19\x38\x4b\xba\x6f\xb0\x42\xc7\xb9\x5a\x06\x5c\x30\
\x44\xde\x9b\x8e\x39\xa1\x27\x76\xbd\x18\xb8\xee\xb5\x2d\xe4\xd8\
\x5d\x67\x4a\x87\xe6\xeb\xa5\x59\xa3\x6a\xb9\x60\xff\x9f\xe4\xba\
\xe7\xfa\x49\x4d\xa5\xda\xd3\x39\xf5\xb4\x5e\x8d\xee\xbf\xfd\x62\
\xf5\xa4\x76\x75\x24\x5e\xbf\xfc\x53\xe9\xd2\xae\x46\x46\x6e\xb3\
\x58\x9e\xfa\xa8\xa3\x0c\xd8\x68\xa1\xf4\xd9\x70\xa5\xec\x77\xfd\
\x40\xf9\x65\x21\xfe\x48\xc1\x17\x07\x8f\x6d\xe7\x7e\xcb\x65\xdc\
\x77\xed\x75\xd1\xac\x91\x02\xdd\xde\x98\xb8\x81\x0c\xdd\x62\x89\
\xfa\xf7\x3e\x72\x33\xf9\x68\x46\x06\xcd\x42\xd4\x74\xc3\x2f\x89\
\xe8\xbf\x37\x72\xc6\x83\x86\x0c\xcc\x19\x25\x55\x24\x0e\x6e\xc8\
\xc6\x66\xaa\x54\xb7\x26\xcb\x9c\xf1\xcd\xd6\xa1\x9e\xc4\x6b\x63\
\xc1\xf8\x55\xc6\x8e\x1d\x54\xd5\x4f\xe8\x40\x3e\x40\x79\x87\xf3\
\x43\x9f\xe6\xf4\x38\x67\x1d\x6b\x07\x04\xb3\xba\xf5\x09\x8a\xa0\
\x61\x8e\xab\xc9\xcc\xde\x02\xb1\x32\x4b\x37\x0d\xdb\xc7\x08\x79\
\x33\x85\xd6\x11\xcf\x9f\x22\x9f\xe9\xae\x0c\x66\x17\xee\xc3\xac\
\x8d\x2f\x62\x8c\x58\x32\xfa\x24\x60\x97\x51\x70\xb0\x57\xda\xc6\
\x58\x14\xea\x4c\xd4\x9a\x1d\x30\x89\xb0\xc2\x12\xa6\x57\x3f\x78\
\x20\xc5\xc5\xd7\x78\xc5\x2d\x9a\x49\xd9\x26\x1b\x73\xe1\xc4\xb3\
\xd4\x79\x67\x5c\x6b\xea\x6a\xac\xd5\x91\xfb\xea\x6d\x7f\x89\x14\
\x96\x15\x4b\x71\x87\xd6\x52\xae\x8b\xe5\xba\xaf\xa6\x4a\x71\xb7\
\x8d\x65\xc5\xbb\x9f\xc9\x2f\x3b\x1e\x6d\x1f\x7a\x4d\x9e\x4e\xf9\
\x9a\xf9\x7f\xc0\x91\x5a\x56\x5f\x99\x3f\xa7\x03\xca\xf4\xea\xb6\
\x40\xaf\x38\x60\xbb\x66\xe9\x4a\x8f\xa7\x98\x31\x20\x44\x0f\x33\
\x03\xf6\xf8\xff\x1f\xcc\x8d\xee\xb0\xa1\x91\x99\x5c\xcc\x2b\x4a\
\xb6\x82\xa6\xfe\x93\x2d\xb3\x80\x40\xd5\x65\x58\x78\x95\x60\xdd\
\xe5\xb4\x30\xb9\x7c\xa1\x0c\xc2\xe6\xff\x80\x87\x49\xf9\xac\x25\
\x4e\x10\xaf\x27\x3e\xb4\x48\xac\x86\x62\x62\xc0\x11\x4d\xef\x9f\
\x69\xc0\x96\x32\x12\x15\x6d\x41\x0f\x9b\xb2\x69\x33\x0c\xa3\x8d\
\xe7\x8b\x3c\x39\xa3\x91\x32\x50\x4d\xa6\x27\xed\x1b\x3d\x47\xc6\
\x25\xc8\xd7\x1f\xdc\x3c\x1d\x74\x73\x7f\x69\xd7\x62\x8d\x7c\xf8\
\x8f\x89\xf2\xcd\x98\xaf\xe4\xd2\x7d\x7f\x94\xd2\xc2\xb5\x3a\x4c\
\x55\x94\x5e\x56\x59\x24\xb7\xbd\xd5\x5d\xae\x3d\xec\x7b\xb9\xe4\
\xe0\x9f\xe4\x89\x4f\x3b\xeb\x02\xa9\x36\xf5\x1a\x00\x1f\x72\xbe\
\xf8\xd9\x46\x72\xcc\x0e\x33\xa5\x46\xc7\xaa\x5f\xe7\x65\xfc\x93\
\xc5\xb9\x4b\x1a\x4b\xb3\x8a\x75\x72\xf5\xa8\x29\x72\xf5\x11\x3f\
\xcb\x03\xa7\xfd\x24\xef\x5e\xf6\xb5\x34\xad\xb0\x93\x3d\xa3\x44\
\x17\xb5\x68\xd3\xac\x52\x96\xac\x2c\xd1\x39\x88\x56\x9d\x2c\x5d\
\x51\x22\xad\x9b\xda\x05\x06\x10\xd1\xa7\x40\xdf\xea\x53\x01\xcb\
\xa3\xe9\x01\xac\xb9\xa8\x91\x91\x5b\x36\xd9\x7f\x02\x6d\xe7\x91\
\x99\xd1\xcf\x82\x2c\xaf\xe7\xf8\xcf\x93\xb7\xdc\xa2\xc2\x66\x06\
\x90\x03\x31\xf1\xec\x30\x1a\x11\xb6\x72\x4d\x2a\x8c\x00\x4d\xfc\
\x60\x7e\x84\x96\x69\x2a\x1f\x22\x14\x33\x0a\x42\xac\x9f\xa7\x4c\
\x3b\xe1\x79\x49\x85\xa4\x48\xd9\x19\x18\x89\x5c\xcb\x87\x85\xf5\
\x5f\xf0\x3f\x05\xdc\x26\xca\x7c\x87\x7f\xe6\x40\x69\xf1\x48\x51\
\xf9\x38\x1c\x28\x87\xdb\x19\x3b\x70\xc8\xd1\xcd\x0d\x2a\x8d\x9d\
\x71\x9d\x40\xcd\xb2\x15\xf2\xeb\x81\x67\xcb\xda\xef\xed\x4f\xe7\
\x1a\x6d\xdb\x57\xda\x5e\xf0\x17\xe5\xe8\x02\x7b\xe0\x5e\xb2\xc5\
\xe4\x57\x64\xb3\x2f\x9e\x93\x56\x17\x9e\x28\xa5\xbd\xba\xc9\x86\
\x63\x2e\x92\xc2\x0d\xdb\xc8\xba\x19\xbf\xc9\xaf\x87\x9d\x27\xb5\
\x2b\xd7\x48\x8d\xff\xcf\x2c\xe8\xe7\x87\x9f\x26\x1f\x2f\x6a\xa3\
\x8d\x2b\x1c\x5b\xd0\x70\x87\x07\x02\x65\x5c\xce\x86\x96\x0c\xb6\
\x73\x50\x8f\x94\xd7\x99\x7a\x7a\xb9\x0a\xee\x42\x91\xa5\xdb\xc1\
\x90\x1c\x34\xf9\x26\x55\x96\xe1\x79\xab\x1e\x42\x2d\xa3\x1a\xed\
\x94\xf2\xbf\x60\x13\xd9\x00\x1d\xd7\x4b\x0d\x25\x48\xe4\x82\xce\
\x02\xbb\xd8\x18\xb1\xed\xd3\x0e\xab\x78\x7a\xc2\x49\x3b\x84\x32\
\x95\x09\x13\x9c\x3f\x09\xc0\xcf\xb4\x33\xe2\x89\x2a\x4a\xdd\xb0\
\x10\x72\x4c\x79\x86\x86\xbf\x1a\x99\x39\xbf\x58\x0e\xbe\xbd\x9f\
\xf4\x3e\x67\x3b\x39\xef\xf1\x4d\xe4\xf0\x21\xb3\xe5\x82\xdd\x67\
\xa8\x48\x8d\x4a\x58\x4c\x8f\xbd\xb3\x91\x6c\xd1\x75\xb5\x8c\x18\
\xb8\x4c\x6e\x7b\x63\x53\x1a\xc6\x0b\xf6\x78\x66\xff\xd2\x17\x6d\
\xa5\x57\x97\x55\xd2\xaa\x42\xe4\xf0\xc1\xbf\xcb\xa3\xef\x76\xc7\
\x55\x04\x7d\x3f\xf6\xf1\x46\x32\xfc\x1f\x5b\xc9\xf6\x97\x6e\x23\
\xb5\x05\xd5\x72\xc4\x60\xfc\x3d\x7c\xf6\x2a\x4a\xd7\x67\x75\x51\
\x80\x7f\x40\xe8\x9d\x2b\x2e\xaa\x95\xaa\x6a\x93\x49\xa0\x31\x24\
\x27\x9c\x6c\x5f\xb3\x9d\xcd\x03\x72\x6b\xf9\x4d\x6d\xa5\x69\xcb\
\xe8\xa1\x8a\x2d\x98\x49\xd2\xac\x9a\x69\x12\x36\x76\x5e\xe6\x31\
\x83\x87\x5a\x20\x27\x62\xaa\xe4\xeb\x05\xd7\x69\xe4\xe1\x14\x98\
\x41\x1a\x78\x03\xc8\xf0\xb2\x66\x89\x3c\x3d\x9a\xd6\x5d\x5e\xdc\
\x64\x40\x54\x37\xb8\xb2\x63\xcd\x38\x86\x7a\x86\x09\xa3\x36\xcc\
\x23\xea\xf5\x33\x8e\xa3\x0c\x5d\xab\xe9\x71\x60\x7e\x4d\x12\x50\
\xba\x55\x1c\xd6\xb0\x74\x28\x0f\x17\xa4\x75\x05\x25\x6e\x4f\xa9\
\xe4\x84\x10\x1e\xc4\xd6\xf2\x9b\x93\xf0\x27\x98\x9c\xf8\x8e\xea\
\x85\x7f\xc8\x9c\x51\x67\xc9\xfa\x6f\x7e\x54\x7a\x9d\x54\x0c\xdb\
\x56\xba\x3d\x73\xbb\x7d\xd2\xaf\xc0\x9f\xa2\xd5\xae\x5f\x2f\x75\
\x95\xfe\x4a\x95\xa2\xa0\xb4\x44\xca\xb6\xdc\x54\xa7\x76\x9d\xac\
\x5f\xb4\x54\x56\x7f\x3e\x59\x8a\x5b\xda\xbf\x05\xe1\x86\xcb\x94\
\x0c\x6a\x74\xe1\xb5\x49\xad\x8e\xf1\xb7\xf4\xda\xc9\xdc\x5b\x4d\
\x2d\xf3\x07\x02\x4d\x92\xbc\x42\x3e\x09\x79\x70\x5e\xb2\x81\x84\
\x1d\x90\x1e\x2c\xd8\x82\x6a\x79\xf1\x0d\x0b\x00\x72\x15\x1b\xe0\
\x36\x92\x03\x87\x8a\x28\xc9\xa0\x2d\xa3\xa4\xd3\x3c\x7c\xd0\x6c\
\x82\x9c\xc6\xff\x40\xd8\x57\x44\x2c\xee\x27\xa1\xb3\x08\x8f\x0a\
\xc6\x86\x4d\xeb\x10\x85\xbc\xcb\xc6\x58\x98\xb8\xd9\x4a\xf2\x40\
\xb5\x6c\xf4\x69\x0d\xb2\xd6\x0f\xdf\x12\x9a\x57\x01\xb0\xac\x30\
\x64\x6d\x61\x5c\xf1\xac\x9f\x1f\x34\xd5\x48\xc7\x56\x95\xf2\xc1\
\xf5\x93\x64\x83\xa6\x05\xb2\x66\x5d\xa1\xbc\xf5\x75\x33\xb9\x67\
\x6c\x57\xe9\xdb\x75\x85\x8a\xe2\x51\x80\xce\xc9\x6a\x9d\x47\xd5\
\x05\x72\xe8\xad\x5b\xcb\x41\xd7\xf5\x93\xb5\xeb\x6a\x05\x7f\x8a\
\x58\xa0\x57\xa6\xb5\xd5\xd5\xfc\x26\xa6\x37\xbe\x6e\x2f\x7f\x19\
\x36\x4f\x86\xf7\x5f\x2c\xcf\x7d\xd1\x5e\x2a\x6b\x0a\x64\xde\xaa\
\xc6\x32\xe7\x8f\x0a\x5d\x7c\x6b\xa4\xaa\xaa\x4a\x66\xfc\x5e\xaa\
\x57\xac\x98\x7b\x18\x23\xfc\x69\x2a\x16\x8f\x02\x99\x36\xb7\xa9\
\x6c\xd2\xd6\xfe\xf4\x1a\xb7\xcc\x3d\x3b\xae\x92\x9f\x7e\x6f\xcc\
\x3b\x38\xe4\x81\x79\x49\x7b\x63\xed\x78\x05\x4c\x7f\xb3\xd9\x49\
\xe0\xe2\x99\x9e\x3b\xc0\xb0\x1c\x83\x11\x73\x08\x3f\x54\x21\xc3\
\x60\x35\x8b\xd1\x60\xba\xfc\xd1\x6a\x12\x93\x1f\x2b\xf4\x94\xaa\
\x2b\x72\x1a\xff\x03\x6a\x0b\xea\x61\x0b\x17\x36\xa0\xa2\xaf\xee\
\x8b\xe3\x0e\x78\xcc\xde\x22\x20\x8b\xd0\x53\x8f\x2a\xaf\x39\x4a\
\x74\x14\xac\x69\x3b\x95\x49\x41\x9a\xee\xe0\x87\x0e\x15\xac\x13\
\x19\x0d\x90\xc8\x0f\x19\xe3\x22\x1e\xd4\x92\x1f\x8f\x11\x3f\x59\
\xb0\x95\x4b\x52\x04\x01\xf1\x72\xef\x6d\x20\xf5\x15\x7d\x46\x9f\
\xb0\x5e\x92\x66\x1f\xf6\x7b\xa7\xb0\x63\x20\x19\xa8\x30\x26\x15\
\x9e\xb3\x06\xa7\x6a\xde\x42\xf9\x75\x9f\xd3\xf4\x4a\x75\xa6\xf2\
\x6b\x65\x83\xe3\xf6\x97\x6e\x4f\xde\x24\x85\x8d\xca\xf8\xc8\x00\
\x2f\xfa\xcf\x39\xe2\x7c\x99\xda\x63\x0f\x99\x75\xd2\xa5\xae\x65\
\x28\x6c\xde\x8c\x8b\x2e\x82\x59\x37\x77\x81\x94\xf5\xee\xca\x2f\
\x53\xd1\xe3\x44\x2a\x7f\xf5\xff\x00\xea\xa8\xe6\x37\x7d\x5b\x58\
\x4d\xfb\xf7\xe6\x9f\xca\xe2\x40\x88\xe0\xad\x63\x96\xa8\x68\x91\
\x82\x36\x48\x51\xb0\x44\xed\x7f\x01\xce\x20\x97\xb9\x2a\x71\xdb\
\x44\x38\x00\x74\xa2\xc1\x2a\x08\x24\xa9\x1c\x7f\xe8\xcc\xf4\x53\
\x4d\x53\x8a\x67\x90\xb4\xc9\xcd\x64\x52\xb9\xe8\x4b\x4a\xa9\x07\
\x8e\x70\x3a\x09\xc3\x14\x76\x39\x7f\xbd\x84\x76\xd6\x96\xcb\x98\
\x70\x06\x41\x8f\x7e\x39\x8c\x6c\xf2\x49\x3e\x5d\x06\x85\x1d\x18\
\x19\xa5\x90\x0b\x7f\x09\x30\x29\x55\x2e\x44\x5d\x2d\x7b\x60\x01\
\xb5\x35\x7a\x65\xa8\x73\x49\xad\xf0\x67\xe1\x8a\x32\x59\xbe\x42\
\xe4\xbe\x63\x27\xc9\xe0\x4d\x17\xcb\x9e\x5b\x2c\x94\x13\x76\x9d\
\x25\x6f\x4c\x69\xaf\xca\xb8\x8a\xac\xe5\x15\x24\x16\xe1\x9f\x75\
\x61\x9c\x36\xb7\x42\x0a\x31\x2f\xea\xf4\x0e\xa8\xb6\x4a\x2d\xd8\
\x3b\x85\x8f\xbf\xdb\x49\xce\xda\x71\x8a\x7c\x30\xad\xad\xac\x58\
\x8b\x27\x82\xb5\x72\xf3\xcb\xdd\xe5\xa6\x63\xbe\x91\x61\x7d\x16\
\xc9\xa1\xdb\xce\x93\x5d\xfa\xfd\x21\xcf\x7f\xd9\x16\x69\x95\x6b\
\x0f\xff\x5e\x8e\xde\xe9\x37\xb5\x53\x2b\xff\xf9\xa4\x9d\x8c\xda\
\x65\xa1\x8c\x1a\xb4\x48\x46\x0e\x58\x28\xfb\x0f\xfa\x5d\x1e\x7e\
\x07\xff\x28\xd0\x17\x35\xf6\x37\x1f\xde\x2f\x65\x59\x2d\x64\xa2\
\x04\x15\x73\xc6\xe7\x4d\x1e\x98\xaa\x84\x61\x3a\xc8\x47\x00\x35\
\xea\xe2\xe4\x87\x2d\xc7\x4a\xae\x2f\xee\xc9\x86\x51\x94\xe9\xa2\
\x47\x1f\xb1\x29\x4c\x43\x1b\x21\x00\xe4\x8c\x51\xa6\xee\xfd\x66\
\x0c\x00\x9b\xba\x83\x88\xeb\x24\xd2\x90\x8d\x2d\xa8\x94\x6f\x00\
\x0d\xe5\x93\x24\x9f\x5b\x5e\x27\xa2\x03\xd1\x8c\x8d\x2e\xb8\x0b\
\x6f\xa9\x9a\xcb\x02\xc1\x03\x8c\x1f\xcc\x1c\xad\x0c\xb2\x74\xdf\
\xe2\x64\xa3\x3c\x66\x56\x9d\xf3\xf3\x1f\x2d\xf1\xef\x9a\x0a\xb1\
\x70\x52\xc5\x05\xcd\x88\x09\x52\x08\x0f\xef\xf1\x29\x83\xaa\xd7\
\x2e\x5b\xc9\x2b\xd5\x75\xbf\xcc\xd3\x2b\xd9\x1a\x69\x31\xfa\x68\
\xe9\x70\xdd\xb9\xf6\x21\xd5\x8c\x5f\xe5\xe7\x7d\x4f\x95\x65\x63\
\x3f\x92\x55\x13\xbf\x93\xba\x75\x55\x52\x3d\x4f\x17\xc7\x0c\xea\
\x56\xac\x62\x89\x5b\xbf\xc6\x7d\x37\x95\x66\xa3\x76\xb7\x64\xa8\
\xdf\x35\x13\xf1\xcd\x49\x0e\x25\xae\x9d\x3c\xcd\xba\xa0\x57\xab\
\xcd\xf7\xdb\x85\x32\x6c\x27\x67\x4d\x6c\x98\x60\x30\x60\x00\x3d\
\xc2\x07\xdd\x64\xd0\xcc\x95\xc9\x4e\x56\x22\xd1\x61\x8b\xbe\xb8\
\x05\x01\xb6\xf0\xa3\xfe\xb8\x81\x4e\x43\x91\x33\x48\x86\x72\x20\
\xeb\x23\x6b\x3c\x6a\xca\xe7\x43\x7f\xc8\xc1\xb6\xd9\x27\x07\x7d\
\x75\xbb\x39\x66\x41\xd3\x2d\x48\xa6\x03\x59\x5d\x54\xa1\x83\x71\
\x0a\x3d\xf4\x32\xa9\xff\x17\xd0\x98\xee\x32\x7e\xd2\x97\xef\x15\
\xb0\x1b\x7d\x61\x32\x6d\x33\xdf\x46\x8e\xb6\x37\x4c\x46\x91\xd3\
\x0f\x3a\xd0\x49\x88\x2e\xc0\x1e\x64\x28\x57\x27\x73\x97\x36\x92\
\x87\xdf\xc3\x97\x7d\x6b\x5b\x73\x5a\x5b\x5b\x20\x87\xdf\xb6\xbd\
\x7c\x3c\xb3\x83\x9c\x32\x7c\x81\x8c\xdc\xee\x0f\xb9\xe4\xdf\x9b\
\xcb\xe3\x1f\x75\x12\xbc\x93\xf2\xc4\xf8\x2e\x32\xf3\xf7\x46\xf4\
\x49\xeb\x34\x5a\x20\xb3\x17\x57\xc8\x53\x9f\xe2\x43\x50\xb3\x33\
\x79\x4e\x2b\x79\xf0\xd3\x6e\x72\xc7\xb8\x9e\x3c\x5d\xc2\x1d\x3e\
\xb8\xba\xea\x99\x9e\x72\xf8\x90\x05\x32\x64\xf3\x15\x72\xc0\x98\
\x6d\x65\xc6\xfc\x72\xe5\xd5\xea\x95\x6c\x63\x59\xb4\xbc\x9c\x27\
\xff\x99\x0b\x9b\xca\x41\xd7\x0e\x90\x3d\x06\x2d\x91\x3d\x07\x2e\
\x95\x43\x6e\xea\x2f\xb3\x17\xe2\x8e\x0c\x7d\x40\xbf\xec\x44\xc9\
\xfe\xa1\x1b\x80\xc7\x61\x7c\x10\x82\x81\x78\x48\x48\x48\xd6\x4a\
\x14\x7d\xb3\x76\xcc\x05\xdd\x87\x20\x61\xbd\xcd\x10\x72\xea\xd0\
\x4d\xed\x41\x97\x3f\x24\x19\x8f\x54\xcf\x79\x2e\xd4\x0e\xe3\x33\
\x3e\x37\x90\x21\xeb\x75\xfb\xa0\x0b\xef\x91\xc7\x82\x6a\x6b\x82\
\x6d\x01\x8c\x2c\x7e\xac\x4e\xb8\xab\xe0\xa4\x3f\xa9\xa6\xf9\x62\
\x35\x07\xf9\xb1\xda\x22\xe6\x9a\x4a\xa6\x9d\xc8\x6b\x02\xb4\x33\
\x7a\x64\xbb\x8e\x23\x55\x31\x8b\x10\x65\x57\xe3\x6a\x3a\xfa\x1d\
\x26\xa8\xe0\x9e\x51\xa7\xbe\xe7\x09\x32\x98\x07\xf8\x2c\x8a\x74\
\x93\xe1\x7b\xac\x61\xc0\xa0\xce\x32\xed\xa4\xae\xc2\x0b\xae\x7f\
\x48\xd6\xcc\x98\xab\xb4\x5a\x69\xbc\xff\x50\xe9\x70\xe1\x09\x64\
\xad\xfe\x70\x82\xcc\xd8\xfd\x24\x59\x31\xfe\x1b\x2e\xa8\xad\x8e\
\x3f\x88\xcf\xb9\xd6\x4e\x9b\x21\xb5\x2b\xec\xb5\xac\xda\xb5\xeb\
\x65\x0d\xbe\xb4\xa5\xa6\x46\xca\xfb\x74\x97\x8a\x2d\x7b\x49\xcb\
\xbd\x87\x48\xa3\xad\x7b\xd1\xc7\x8a\x57\x3f\x48\x9c\x55\xfd\x36\
\x5f\x2a\x27\xff\x80\x48\xa4\xf5\x09\x07\xf0\x35\x2d\x82\x81\xb3\
\x7b\xba\xd9\x34\x43\x5c\x36\x91\xbd\x57\xea\x17\x3c\x03\xca\xa8\
\x67\xe1\xba\x81\xd0\x85\x6c\x2e\x83\x21\x25\xc9\x06\x50\x78\x3d\
\x12\x1e\x6e\x42\x24\xcf\x48\x06\x98\xa4\x10\xf2\x98\x13\xb9\x54\
\x3e\xb1\x19\x60\x35\xd3\xd6\x7a\xa2\x17\xcf\x67\x50\xd0\xb7\xdb\
\x85\x0d\xd0\xc8\x76\x99\x7c\x24\xb1\x26\x95\xff\x03\xc2\x26\x74\
\x43\x5f\x4b\xe6\x3e\x0b\xc8\xb9\x4c\x88\x01\x24\xa7\xb9\xf8\x6d\
\x61\xb9\xdc\xf4\xfc\xc6\x3a\x19\xed\x95\x25\x50\xd7\xeb\xad\xfe\
\x7d\x63\x37\x94\x23\xef\xda\x42\x4e\x79\xb0\x8f\xbc\x35\xa5\x35\
\x3f\x48\xc2\xb9\xe8\xbe\xd7\x3b\xc8\x8f\xba\xb0\x6a\x47\x61\x8d\
\x3a\xc8\xc9\x2f\x8b\x1a\xcb\xed\xaf\x76\xc2\xd5\x02\x88\x3a\xe9\
\xea\xe4\xfa\x97\x7b\xea\x22\x5c\x4e\x19\xd0\x30\x77\xdf\xfc\xba\
\xad\x1c\x7f\x4f\x5f\x39\xed\xe1\x3e\x32\x79\x56\x63\xce\x55\x2c\
\xea\xf7\x8e\xeb\x2c\x6f\x7d\xd3\x46\x2d\xd9\xc9\xfb\xeb\x5f\x1a\
\xcb\x49\x77\xf5\x96\x93\xef\xdf\x5c\xbe\xfe\xb5\x99\xaa\xdb\x83\
\x82\x2c\x68\x16\x34\xab\x28\xa0\x89\x31\xb0\x85\x37\xda\x84\x8f\
\x4d\x8c\x0f\x62\x4e\xed\xe5\x95\xd1\xa4\xae\xeb\x13\xca\x20\x2f\
\x4b\x4b\x91\x52\x73\xf5\x1a\x96\x76\x38\x93\x66\xb1\x4b\xfa\x02\
\x64\x34\x83\xce\x3e\xe0\x24\x6e\x79\x72\xa5\x24\xac\xa4\x85\x4a\
\xa8\x7b\x9f\x6d\x43\xdd\x2e\x02\xe2\xc7\x60\x65\x92\x23\x45\x2c\
\x76\x96\x33\x6c\x24\xd7\x03\xc8\xae\x92\x80\xe1\x32\x28\x87\xb7\
\x73\xba\xa7\x60\x53\x89\x71\x9c\xdb\x8f\xc3\x2b\xa9\x6d\x8b\x25\
\x62\x0e\x39\xb4\xa9\xee\x2d\x7e\x4d\x4f\x62\x86\x75\x55\xc8\x74\
\x02\x97\xb7\x7c\xc6\xaa\x0b\xe2\xca\x77\xc7\x6b\xbd\x9a\xb7\x6e\
\xcd\x37\xef\x29\xcb\x1e\x7d\x5e\x66\x1f\x72\x8e\xcc\x3e\xf0\x6c\
\xa9\x59\xb9\x5a\x57\xed\x02\xa9\x5e\xb0\x58\xda\x9e\x7b\xac\x34\
\x3b\x7e\x94\x14\x57\x56\xc9\x82\xcb\xef\xd0\x85\x72\x81\x2c\xb8\
\xf2\x2e\xa9\x5d\xbc\x44\x1a\x0d\xee\x2f\x1b\xff\xf3\x06\xbe\x12\
\x53\x50\x5c\xcc\xc7\x08\xcd\xf6\xdc\x5e\x2a\x7f\x9e\x23\x8b\xef\
\x7d\x4a\xaa\xe7\xfc\x2e\x8b\x2e\xbe\x59\x4a\x4a\x4a\xa4\xcd\x79\
\xc7\x48\xc7\x2b\xcf\xf0\xd0\xf4\x04\x80\xff\xea\x89\x58\xd2\x1e\
\xb0\x0d\x58\x37\xb1\x4f\x3b\x1d\x30\xaa\x6d\xa1\x96\x05\xa5\xd3\
\xcc\x29\x32\xf5\x2c\xb9\x1e\xdc\x5a\x22\xe3\xb1\x39\xcc\x24\x76\
\x0d\x18\xf1\x1c\xc7\x24\xb2\x89\x84\x0d\xfa\xba\xa9\x9d\xfc\x83\
\x38\x17\xd0\xf7\x2a\x72\xe2\x7a\x4c\x8d\x9b\xc0\x16\x22\x7f\x0a\
\x8f\xa3\x21\x41\xcb\xa3\xf3\xb3\x68\x40\x96\xfe\x08\xd7\x21\x10\
\x8c\x57\x81\x6c\xdd\xfb\x6b\x05\x3c\xa1\x82\x05\x51\x37\x74\x80\
\x57\x48\x78\x23\x15\x5f\x31\x88\xd7\x57\x20\xa6\x74\x15\x43\xae\
\x30\x2f\xa9\x93\xe9\x2c\x6c\x41\x84\x6d\x2c\xae\xdc\xa2\x6d\x63\
\x13\x39\x2d\x2e\xac\xe3\x97\x22\xd3\x3d\x74\x59\x9a\x6d\x83\xc9\
\xe2\xeb\x0d\xf5\x06\x8b\x48\xc7\x03\xa5\xe5\xda\xea\xb9\xc8\xce\
\x81\x7a\x48\xec\x1b\x4c\x32\x5f\x5e\x65\x28\x87\xd2\x28\x99\x4a\
\xca\x4e\x60\xd9\xb3\x7d\x8a\x30\x01\x98\x87\x8c\x44\x86\x47\x44\
\x08\x50\xd2\x8d\x2c\xd6\x5d\x2c\x8c\xb1\x34\x58\xcd\xe9\xdc\xd4\
\x48\xd8\xf1\x71\xc9\x8d\x29\xad\x5b\x4d\xf7\x4e\x0a\xb5\xac\x4c\
\x7d\x80\x97\xea\x04\x22\x34\xd6\xad\x70\xc4\x71\x61\xb0\x88\x6c\
\x0f\x49\x76\xcf\x37\x9a\x75\x65\x6f\x66\xec\x26\x15\xa2\xa1\xf1\
\x85\x5d\xdc\xe8\xb1\xdf\xba\x15\x94\x6e\x38\xbc\x6e\xca\xfb\x0f\
\xca\xa5\x37\x3d\x29\x6f\xe1\xfb\x58\xc1\x08\x0f\x5a\x1f\xb2\xed\
\xe6\x32\x6d\xd6\x62\x99\xf8\xda\x0d\x52\xb1\x60\x91\xd4\xac\xb6\
\xef\x79\x2c\x2a\xd7\xdb\x27\x3c\xf3\xf4\xef\xcb\xe4\x2d\x7a\x49\
\xb1\x14\xb5\x6e\x25\x25\xed\x36\x20\x0d\x0b\xea\xea\x4f\x26\x48\
\xf5\xe2\xa5\x52\xda\xb1\xbd\x94\x6e\xde\x43\xca\x7b\x74\x4e\xed\
\x07\xd4\x5e\xe5\xec\xdf\x65\xcd\xe4\xa9\x52\x37\x7f\xb1\x14\xeb\
\x15\x6a\xc5\xe0\x01\x52\xd4\xca\xfe\x85\x2e\xf0\xc3\xcf\xbf\xc9\
\x71\xe7\xde\x21\xcb\x97\xaf\x90\xd9\xf1\x7d\x8a\x01\xb5\x97\x2c\
\x4c\x28\xd8\x6f\xeb\xa0\x09\xea\x0e\x75\xa3\x6a\x8b\x44\x26\x23\
\x60\x94\xa0\xa7\xfb\x86\x61\x83\x02\x24\x2e\x50\xf7\x32\x90\xdf\
\x4d\x08\x50\x06\xf1\xb2\xc8\xf8\x53\x43\x36\x60\x76\x90\x73\xe7\
\x06\x8d\xaf\x5b\xd8\xf3\xbe\x18\x94\x98\xd0\x5d\x2c\x31\x90\x8f\
\xd0\x03\xcf\x84\x21\x9b\xa5\x62\xcf\x38\xb4\x11\x39\x65\x1b\xf1\
\xe9\x0f\x23\xf7\xb8\xb9\x70\x05\x68\x08\x7a\xb8\x52\xb3\x6a\x62\
\x39\x53\x4f\x17\x2e\x07\x9b\xa6\xc0\xf1\x70\x15\xa3\x2b\x68\x48\
\x1b\x49\xdb\xcb\x1c\x28\xd1\xaf\x80\x28\x6f\xce\x5d\x27\xa3\x08\
\x72\xd0\x20\xa3\xf2\x16\x8f\x7a\xc6\x51\x91\x17\x5b\x98\xc3\x2e\
\xfa\x4e\xf9\x90\xa3\x49\xee\xac\x41\x3a\x36\x10\x5c\x46\xeb\x96\
\x33\xad\x79\x5c\x49\x0e\x42\xd5\xf7\x10\x22\xc7\xf9\x21\x9f\x85\
\xf1\x59\xcd\x45\x6a\xc2\xed\x9a\x5f\xc6\xe7\x70\xeb\x4e\xf3\xbe\
\xa0\x6e\xbf\xac\x5b\xac\x4e\xcf\x07\xf3\xe0\xc8\xe9\x4b\xd8\x8d\
\x5a\x8a\xd0\x08\xb9\x98\xe3\x59\x9a\xd9\x35\x1a\x60\x36\x22\x76\
\xc4\x49\x02\x14\x5c\x55\x39\x5a\x92\x1c\xbc\x0c\x2c\xb4\xac\x3d\
\x15\x82\x2a\x18\xc6\xe4\x7a\x65\xca\x2e\x07\x16\x77\xce\x87\x2f\
\xcc\xa9\x04\xce\x63\x0c\x26\x83\x7a\xc6\x02\xbf\x47\xf6\x8a\x73\
\x0f\x93\xed\x46\xe2\x4b\x58\x4a\xca\xf9\x1a\x93\x75\x18\x62\xb1\
\x57\xa8\x22\xa8\xf8\xab\x12\xf0\x4b\x7b\x74\x91\x46\x7a\x0b\x5f\
\xd1\xbf\xb7\x94\xf5\xea\x26\xe5\x7d\x7b\x4a\xc5\x56\x7d\xa4\x11\
\xfe\xbc\x75\xb3\xee\x52\xd9\xb9\x93\xac\x6e\x54\xce\xff\xab\x0e\
\xf9\x92\x4e\xed\xa4\xc5\xa1\x7b\x4b\xeb\x33\x8e\x92\x66\xa3\x76\
\x93\xf2\x4d\xbb\x58\x60\x0a\xfc\x6b\xdd\x55\xab\xd7\xc9\xd2\x65\
\xab\x65\xe5\x9a\xf5\x52\xd8\xa9\xbd\xb4\xd8\x6f\x98\xb4\x3c\xf9\
\x50\x69\xba\xcf\x2e\x39\x8b\x2a\xb0\xbe\xaa\x46\xca\x4a\x71\xfb\
\xe7\x04\xb7\x43\xa8\xaf\x74\xc0\x94\x4e\x9e\x4d\x1c\xeb\x3a\x38\
\xd6\x17\xb6\xb8\x43\x2b\x2d\x12\x3d\x6e\x4e\x6a\x08\x74\xe3\xfe\
\xa8\x6b\xc3\x0f\x40\x2d\xbb\x25\x80\x28\xc5\x21\xe9\x0d\xc0\xfd\
\x51\x16\x25\xda\xda\x32\x2e\xda\x31\xf8\x90\x23\xd1\x0b\xa7\x25\
\x74\xab\x43\x8f\x4d\xc2\x7d\x85\x35\x88\xba\x7d\xb6\xf1\xa3\xf7\
\xd5\xe1\x2b\x36\xb6\x29\x92\xca\x42\x19\x74\x46\x4a\x1b\x81\x94\
\x9f\x53\x2a\x92\x1a\xfa\x8a\x06\x17\x3e\x9d\x67\xa0\x41\x2e\xb6\
\xb0\x19\x75\xc0\x8b\x24\x98\x68\x67\xea\xc8\x3f\x37\xfe\x24\x44\
\x2b\x81\xb0\x97\xd0\x5c\x26\x80\xa6\xdb\x80\x9f\xb0\xd7\x20\xd4\
\x56\x72\x6b\x4f\xbb\x24\x32\x7f\x46\x73\x12\xc0\x3a\xe8\x29\x1f\
\x56\xcd\x8f\xdb\x0f\x37\x2a\x9b\x98\x53\x58\xc8\x20\xa6\x6d\x56\
\xb3\x42\x80\x19\xb4\x3a\x00\xd3\x28\xf3\xc4\xcc\xbe\xcf\xa1\x44\
\xdc\xb2\x95\x9a\x84\x10\x7f\x09\x64\xd3\x84\xad\x0f\x09\x87\xfe\
\x94\x66\x2d\x83\xf2\x13\xb3\x44\xe8\x2a\x72\x04\x33\x00\x3d\x9b\
\x0b\x20\xaf\x7f\xc9\xb1\xaa\xf4\x1c\x96\x5d\x12\x5a\x1d\xc8\xf2\
\x12\x16\x1d\xa0\x92\x22\x91\xd3\x0a\x0c\xfa\x98\x34\x08\xf2\xa3\
\x5f\x6e\x54\x63\x4d\xc2\x65\x09\x83\x61\x14\x39\x41\x5d\xef\xaa\
\x34\xd5\xbc\x93\x52\xfb\x05\xe5\x5d\xf7\xab\x9b\x3c\xee\x2e\xb9\
\xe8\x9a\x47\xe4\xdd\xf1\xdf\x2a\xd1\xc4\xf0\xe7\x7f\x98\x0c\x3b\
\x6d\xd3\x5b\xbe\x99\xf6\xbb\x6c\xdd\x77\x13\xd9\x67\xd8\xd6\xd2\
\x7f\x8b\xae\xd2\xa9\xc3\x06\x7c\x0d\x6b\xc1\xc2\x65\xf2\xc5\xe4\
\x9f\xe5\xb5\x77\xbe\xe2\x3f\x82\x5b\xb3\x0e\x9f\xda\xd7\xf0\xfb\
\x57\xb7\xe8\xdd\x5d\x46\x0c\xdd\x52\x86\x6c\xd7\x47\xda\xb4\x6e\
\xce\x7f\xb9\xb0\x60\xe1\x72\xfe\x53\xb2\x77\xc6\x4f\x95\xcf\x26\
\xfd\xc0\x6f\x27\xaf\xd6\x2b\x5e\x7c\x83\x37\x6c\x0e\x1e\xb8\x99\
\xec\x31\x64\x4b\xd9\xa4\xdb\x86\xd2\xbc\x59\x85\x2c\x57\xfe\xec\
\xdf\x16\xc9\xa7\x93\x7e\x92\x57\xdf\x99\x24\xcd\x1a\x97\xca\xef\
\xf3\xe7\xc9\x9c\xdf\xff\xf0\xce\xe4\x01\x49\x01\x87\x25\x12\x02\
\xa2\x4d\x95\x80\x69\x39\x9f\x40\xe9\x03\x89\x4f\xd6\x91\x44\xb4\
\xc8\x36\x1e\x75\x4c\x91\x88\x03\x10\x9c\xa4\x0e\x9f\x6e\xd6\xb4\
\x48\x74\x33\x26\x93\x0f\x8b\x13\x70\x25\xd4\x28\xab\x9b\xf2\xcc\
\x33\xda\xb0\x93\xca\x10\xa1\xaa\xa0\x9c\xb7\x53\x57\xa6\x17\x25\
\x7d\x29\x33\xd8\xc1\x89\x7d\x3e\xec\x80\x4c\xad\xa0\x56\xbf\x1b\
\x0d\xeb\x26\x20\x5b\x0f\x13\x5e\x1d\x68\x2d\x11\x8f\x8a\xf5\xd0\
\x1d\x64\x05\x14\xe6\xcf\x52\x14\x02\x06\x13\xb3\xcf\x06\xd0\x2f\
\x34\x2d\x07\x90\x73\x1b\x46\x34\x3a\x6c\x91\xa8\x88\x0a\x79\x01\
\xcf\x6f\xc0\x1d\x33\x6e\xad\xc7\x18\x03\xe9\x98\x21\xa7\x26\x4a\
\xa3\x28\x53\x83\x8a\x68\xe4\xea\x9b\x1c\x6c\x87\x72\x94\x5e\x4f\
\xec\x1b\x72\x74\x1d\x90\xc8\x89\x37\x03\xe3\x19\x2c\x27\x61\x5e\
\x77\x6c\x42\x02\x4c\xc4\x9f\xce\x5f\xf0\xb3\x16\x11\x46\xf4\xd5\
\x44\x74\xc7\xdf\x8c\x94\x32\x28\xe3\x72\x09\x2b\x9a\xae\x17\x71\
\x60\x97\xcc\x6f\xb6\x9c\xae\xcd\x50\xb5\x9a\x19\xb0\xbd\xb6\x69\
\xdf\x05\x01\xda\xd0\x36\x05\x4c\x2a\x6b\x01\x7c\x6b\xa1\x8f\x56\
\x1a\x94\x6a\xbf\xde\xb7\x8c\x8e\x82\x77\x2d\xc6\xf5\x5f\x2b\xf3\
\xc4\x72\x91\xf0\xeb\x64\xb8\xae\x5d\x97\x8f\x3e\x42\xb6\xdd\xf7\
\x3c\x5b\x58\xbf\xd1\x85\xf5\xc2\x6b\x1e\xe6\xc2\xca\xff\xbc\xa8\
\x42\xfc\x57\x14\x1a\x20\xfe\x8f\xcb\xe4\xef\xe7\xc9\x2a\xbd\x0a\
\xc5\x62\x5b\x53\x59\x25\x85\xba\x48\xe2\xaf\xa0\xf8\xaf\x37\xf0\
\xee\x20\x3b\x82\x0f\x00\xe0\x05\xb0\x12\x7c\x2c\xc0\xb0\x89\xad\
\xa6\x5a\xe5\xa1\xcb\x07\x61\x16\x2d\xa7\x34\x12\x65\xbf\xaa\x53\
\xcb\x2b\x64\x51\x79\x7c\x02\x09\x9b\x25\x25\xc5\xd4\xef\xd7\x6b\
\x23\x99\xbf\x60\xbe\xcc\x99\xb7\x58\xe9\x3a\xe9\xe9\xc6\x7d\x9a\
\x39\x6d\x32\x1d\x44\x90\x12\xe3\xca\x60\x8c\x1c\x98\x14\xa9\x6a\
\x2c\x00\x41\xf1\x89\x93\x20\x63\xd9\x7e\x93\x3a\xe5\xc0\x66\x13\
\x1c\x97\xcd\xa8\x5b\x64\xa6\x15\x30\x57\x54\x72\xfd\x0c\x9f\x7d\
\x31\x03\xb4\xa9\x3c\x4e\xd3\xb0\x19\xa2\xda\x8e\xd8\x4d\xc6\x4c\
\x01\xae\x41\x82\xf5\x2b\x2c\x1a\x2f\x41\x56\xc9\x2b\xb9\x7d\x0f\
\xfd\x2c\xb4\xcd\x18\xbd\x05\xbe\xfb\x60\x5b\x7f\x50\xcb\xda\xa1\
\x85\x54\xc4\x81\x86\xc9\xb2\x73\xee\x07\xfa\x21\x0f\xdb\x7c\xdc\
\x84\xa6\xce\x8b\x80\x99\xd2\x1f\x2c\x54\x5a\xe2\x59\x3c\xdf\x92\
\xc0\x7c\x04\x45\xed\x99\x0d\xcc\x50\x9b\x5f\x90\xc7\x9f\xd0\x32\
\x72\x08\x81\xae\x42\x56\xa5\x33\x8b\x19\xc7\x82\xd6\xad\xdf\xb4\
\x92\xe9\x4b\x94\x01\xf0\x33\x34\x54\xa9\x12\xfa\xb9\x88\xf1\x32\
\x7b\x26\x13\x62\xe6\x22\xe8\xa8\xa7\x08\x96\xe5\x9a\x24\x85\x56\
\x92\xb8\x52\xb0\x7f\x0e\x13\xc5\xde\xe7\x03\x73\xe9\xb9\x01\x32\
\x8e\x98\xeb\x70\x94\x41\x36\x0f\x01\x13\x0b\x39\x94\x59\x3b\xc1\
\x67\x33\x71\xe1\x5d\x76\x49\xaf\x28\x31\xd5\xf6\x18\xbd\x4e\xd4\
\xeb\x5f\x7e\xdb\xe5\x12\x2b\xf9\xfc\x80\xf2\x32\xec\x24\x26\xd4\
\x33\x3c\x63\x7b\xc5\x65\x72\xea\x8e\x44\x47\x77\xf8\x5f\x71\x97\
\x9f\x83\xef\x63\x3d\xd7\x3e\xbc\x42\xcc\xfc\x32\x11\xad\xc7\x24\
\x30\xc3\xba\x10\x72\x51\xc4\x24\xc0\x84\xac\x95\x22\x7c\x09\x4b\
\x51\x91\xb4\x68\xd6\x48\x5a\x36\xaf\x90\x32\x5d\xf4\x70\x35\x8a\
\xff\x30\x6a\x0e\x44\x69\xf8\xaf\xa7\xf6\x7f\x83\xf0\x75\x84\x90\
\x6d\xd1\xb4\x5c\x17\x48\xa4\xab\x96\x57\x9e\x98\x50\xf8\xb7\x2c\
\xcd\x9b\x36\xe6\xe5\x33\xfe\xd0\x00\x71\x84\x5d\x7c\x60\x01\xbb\
\xfc\xaf\x03\xb8\x7a\xe6\x07\x57\x88\xcb\x17\x10\x95\xe5\xa7\xb7\
\x4c\x38\x1b\x49\x11\xf5\x14\xd9\x06\x84\xb2\x9b\x93\x15\x36\xb9\
\xbd\x13\x0d\xa2\x21\x9e\xf6\x89\x31\x38\xbc\x9a\x50\x18\xb3\xb5\
\x38\x08\x19\x98\x2b\xa7\x85\x42\x36\x36\xb6\x7d\x03\x94\x96\xf4\
\x37\xd1\xd5\xcd\xeb\x8c\x3f\x68\x2e\x96\xf8\xa6\x8c\x91\xc3\xbe\
\xf1\x8c\x1f\x45\x2e\x5c\x49\x81\x05\x2b\xda\xae\x8e\x1a\xdb\x81\
\xb0\x17\x21\xfe\x39\xdc\x0e\xf7\x80\xb5\xb9\x67\xa0\xc6\xc1\xbf\
\xec\xb9\xe6\x82\xa3\xe4\x8e\x2b\x4f\x94\x2b\xcf\x3d\x5c\xf6\xdb\
\x6d\x1b\x19\xb5\xe7\xf6\x72\xed\xc5\xc7\xc9\x15\xe7\x1c\x26\xe5\
\xe5\x65\xb2\xef\x6e\x83\x64\x8f\x5d\x06\xa9\x4a\x11\xff\xbd\xcf\
\xed\x57\x9e\x20\xa5\x7a\xc7\x64\x0b\x17\x4f\xdb\xb4\x09\xab\xbb\
\xed\xb0\xa5\x5c\x7d\xc1\x31\xf2\x97\x83\x76\xd5\x96\x52\x74\x8e\
\x21\x67\x83\xb6\xec\x21\xd7\x9c\x7f\xa4\x1c\xb5\xff\x10\x0b\x22\
\x2f\x76\xeb\x6b\x20\x1a\x10\x0c\x64\xeb\x0a\x15\x61\x76\x73\x15\
\x8d\xe6\x3f\x31\x20\xb6\x87\x5c\x2a\x4b\x16\x76\x39\x66\x49\xb4\
\x6a\xd8\x08\x35\xf8\x49\x64\x13\x0f\x29\x20\xaa\x32\xcc\x49\xc8\
\x69\xc9\xaa\xc7\xc1\x58\x3d\xde\xec\xfe\xbf\x21\x91\x4b\x7c\x03\
\xa9\x1e\xcd\x45\xd3\x9c\x45\x85\x74\xb2\xd2\x66\x4a\x03\x50\xe1\
\xe6\x95\x7a\xf9\x68\x00\x19\x7e\xea\x1b\x7a\x60\x64\x99\x5e\x26\
\x30\x1e\xf3\xa6\x8a\xcc\x9e\xe7\x82\x88\x6a\xc6\x44\x2e\x8c\x91\
\x78\xd1\x63\xa5\x10\x2f\xb3\xe2\xaa\xd2\x3f\x77\xd5\x18\xec\x11\
\x40\xa0\xa6\xba\xca\x0c\x2b\x0d\x03\x83\x6f\x4e\x6a\xd5\xb2\xa9\
\x7c\xfb\xf6\xad\x32\xfe\xc5\x6b\xf8\x6f\x77\xcf\x3f\x65\x7f\x39\
\xfb\xc4\x91\x94\xc7\x2d\xfd\x67\xaf\x5c\x2f\x9f\xbe\x72\x83\x3c\
\x78\xc3\xa9\xd2\xb8\x71\x85\x4c\x19\x77\xab\xbc\xf3\xf4\x15\xf2\
\xec\xbd\xa3\xa5\x54\xaf\x70\xbf\x7c\xed\x26\x69\xa3\x36\x9e\xbc\
\xe3\x1c\x79\xfb\xa9\xcb\xe5\x83\x67\xaf\x96\x4e\xed\x5b\xf3\x9f\
\xb8\x4d\x7a\xeb\x56\xf9\xfa\xed\xdb\xa5\xa5\x2e\xb0\x74\xac\x8b\
\x33\xa2\xc1\x7b\xb3\x7c\x8f\x4e\xe3\x88\xe8\x62\x91\x89\x12\x9b\
\x75\xcc\x37\xc2\x1b\xca\x36\x39\x47\xc2\x8f\x64\x02\xa1\x18\x5b\
\x5a\xcd\xa4\xc4\xe0\xf6\x68\xd3\xed\x42\x26\x91\x03\xd9\xab\xbc\
\x8a\x52\x7a\x72\xa1\x4e\xb9\xa8\x40\x02\x80\x34\xe2\xb0\x92\x70\
\x39\x9e\xbf\x35\xef\x11\x27\xdd\xe9\x66\x34\xa3\xd7\xb7\xe7\x70\
\x53\x16\xa6\x8e\xb1\xc7\x4a\xb8\x3d\x13\xd2\xcd\x4d\x34\x8c\x54\
\x92\x08\x39\xc4\x97\x74\x1a\x26\xdd\x96\xd7\x13\x9f\x51\x36\xa8\
\x97\x58\x4d\xd9\xba\x2d\x58\xb4\x5c\x2e\xb9\xfe\x31\xa9\xaa\xaa\
\x91\x5b\x1e\x78\x59\x5e\x7b\xfb\x73\x39\xea\x80\x5d\xe4\x6f\x63\
\xfe\x25\x2f\x8d\xfb\x5c\xba\x75\xee\xc0\x7f\x56\x79\xc2\xa1\xbb\
\x48\x45\x45\x23\x39\x52\x17\xc6\x2e\x9d\xda\xe1\x6a\x81\x36\xb6\
\x1f\xb0\x29\xef\x9a\xda\x6e\xd0\x54\xe9\x6d\xe4\xe0\x7d\x76\x94\
\xab\xee\x78\x5a\x16\x2f\x5b\xe5\xff\x52\x1c\xaf\x6f\xd5\xc9\x19\
\xc7\x8e\x90\x4b\x6e\x7a\x4c\x3a\xb4\x6d\xc1\xf9\x6b\xf1\x20\xd6\
\x88\x06\x2d\xa3\x71\x3c\x94\xcc\xd8\x71\xb2\x61\xdb\xfb\x82\x0d\
\xbe\x59\x58\x3d\x72\x10\x79\xe0\x95\x35\xf2\x00\x50\x07\x17\x0d\
\xd9\x63\xce\x4a\xd3\x66\x14\xdc\x52\x38\x87\x66\x10\x95\x71\x61\
\x32\x2b\x8b\x39\x63\x96\x02\xa1\x87\xec\xa8\x14\xfc\xc1\xaf\x1e\
\x57\x16\x2b\xd8\xe8\x07\xd6\x02\x36\xb8\x4f\x0c\xe6\x81\xe4\x3c\
\xa7\xd6\x2d\xe8\x65\x88\x81\x6c\x93\xfd\x36\xfb\x9c\x2f\xa6\x68\
\x60\x13\xed\x0c\x0d\x77\x17\xb8\x7b\xe0\xc5\x9f\xd3\x02\x59\x5d\
\x45\xac\x5f\xbc\xad\xd7\x2d\xc6\x26\x7b\x9b\xef\xae\xd9\x34\xf7\
\x18\x1b\x6d\x67\x37\x80\xa5\x13\xf4\x37\x2c\xc4\x06\x24\xf9\xd7\
\xd8\xf8\x6f\xaf\xd5\x20\xbe\x85\x4f\x2f\x16\x75\xd0\x95\x81\x09\
\x48\xc0\xab\x7b\xa6\x01\x2c\x0a\xbc\x62\x85\x65\x0d\x50\x7f\x20\
\x5b\xa2\x57\x07\x8f\xfc\xfb\x6d\xf9\xcf\xab\xe3\xa5\x58\x3b\x5e\
\x56\x5a\xc2\xdb\x2c\xfc\xe7\xcd\x99\xb3\xe6\xcb\xf6\xfb\x5e\x22\
\x23\xf7\xd8\x56\x9a\xa8\x5c\x89\x5e\xe5\x3e\xf7\xca\x78\xe9\xb7\
\x79\x37\x69\xd2\xac\xa9\x54\xf8\xbf\x7b\x2e\x55\x9d\x8b\xaf\xfb\
\xb7\x2c\x5d\xb1\x5a\x46\x0e\x1f\x28\xdb\x6d\xd5\x53\x66\xce\x5e\
\xc0\x67\xb7\x3b\x6f\xbf\x25\x65\x22\x1e\xc4\x18\x9f\xdc\x5a\xe2\
\xb5\x6d\x11\xfa\x96\x22\xb7\x05\xd9\x74\x02\x1a\x6c\xd2\x79\x37\
\x1d\x59\x7e\x0a\xeb\xb1\xf9\x0f\x60\x90\x39\xd0\x09\x31\xdf\x63\
\x56\xda\x78\xc9\x9f\x04\x67\x58\x8c\x8a\x7d\x31\xa2\x77\x2b\x5a\
\x51\x89\x42\xe1\x34\x9a\xf4\x03\x07\x6d\x92\x75\x97\x09\xc3\x26\
\x94\x37\x20\x13\x82\xd6\x70\x58\x06\x13\x20\x80\x08\xa2\x41\xa4\
\x3c\xd3\xcb\x3a\xf4\x52\x91\x67\x35\x17\x0c\x81\x3b\x96\xd1\x8c\
\x31\x05\xa8\x1f\x26\x74\xee\xd9\x37\x5e\xe1\x4f\xab\x0b\xe4\x3f\
\xaf\x7c\x28\x0f\x5c\x7b\x8a\x1c\xb6\xdf\x4e\xb2\x78\xe9\x0a\xde\
\xc2\xdf\xf1\xc0\x8b\x72\xd1\xc9\xfb\x4a\x8f\xae\x1b\xca\x77\xd3\
\x67\x9b\x3d\x35\xd0\xa7\x67\x17\xe9\xb3\x59\x17\x39\xf6\xe0\xdd\
\xa5\xb1\xce\xc3\x9e\xdd\x3b\xca\x15\x67\x1f\x24\x7b\x0f\xdb\x8a\
\x8f\x9b\x70\xa2\xc3\xe7\x01\x6b\xd7\xae\x57\xf9\x1a\x99\x33\x6f\
\x81\x74\xeb\xd2\x41\x7d\xbb\x73\x0b\x0c\x15\x8b\x29\x07\xa0\x39\
\xdd\xe5\x6d\x6f\xfd\x60\x1d\x3b\xdd\xac\x6b\xd9\x39\xa4\x5a\xe1\
\x43\x0b\xaf\x39\x4c\xca\xbc\xc6\x0e\x85\xfd\x24\x84\xa4\x34\x9e\
\xb5\x6d\x4e\x20\x26\xb4\xe0\x22\xf1\x4a\x27\xa9\x4e\xd2\x37\x0b\
\xae\x3e\x28\x4f\x03\x39\x6a\x09\x12\x3d\x94\xbe\x51\x07\x40\x25\
\x1a\xa9\x32\xc6\x38\x89\x35\x16\x33\x6b\xa9\x74\xa2\xdc\x00\x52\
\x1b\xf4\xeb\xa2\xb1\x76\x11\x7f\xa2\x4e\x7e\x22\xa4\x15\xfc\x46\
\xec\x2c\x83\x19\x75\xac\x75\xbe\xde\x25\xbc\x3f\x01\xf4\xd1\xa7\
\xc4\x1e\xf4\xac\xd0\x0b\x50\x2c\x10\xf6\xcc\x29\xec\xc4\xa0\xb3\
\xa9\x52\x78\x6f\x35\xe9\xba\xf2\xb0\x80\xae\x5f\x5f\x2d\x0b\x96\
\xae\x96\x75\x5a\xe2\xdf\xfa\x1e\xbc\xcf\xf6\xf2\xd8\x6d\x67\xc9\
\xfb\x9f\x4d\xe5\x7f\x62\x7d\xe9\x91\x0b\xe5\x8d\x77\xbf\x92\x65\
\xab\xd6\xca\xda\xf5\x95\xbc\xa5\xc7\x2b\x53\x95\x55\xb5\x52\x59\
\xad\x67\x49\xf5\x89\x2b\xe5\x7f\x5c\x70\xa8\xb4\x6b\xd3\x5c\x5e\
\x79\x67\xa2\xec\xb2\xc3\x16\xb2\x66\x6d\xa5\x2c\x5b\xbe\x4a\xf6\
\xda\x75\x6b\xf5\xa7\x11\x64\x12\x56\xc3\x38\xa0\xea\x74\xce\x1c\
\x4c\x52\x50\x49\x40\x85\x60\x0d\x1d\x88\x3e\x71\xef\x8d\x06\x90\
\x6a\x2a\xdc\x6e\xb2\x81\x94\x95\x50\x1a\x73\xe4\x25\x37\x25\x67\
\xdc\x41\xc1\x61\x93\x89\x74\x0e\x80\x6e\xf8\x45\xdd\x37\x4e\x38\
\xe7\x61\x01\xc6\x17\x1a\x1b\xcd\xaf\x74\x68\x2c\xe3\x3f\x03\x84\
\xc1\x12\x3b\xd8\x80\x19\xee\xb0\xa5\xf1\x51\x22\xc8\x84\xb6\x5d\
\x17\x20\x8b\x3e\xad\x0d\x98\x6d\xd3\xa5\xe9\x8c\x7e\x2a\x66\x35\
\x64\x20\x7e\xb2\x60\x9b\x26\xac\x54\x0f\xa4\x67\xfb\x1c\x2a\x49\
\x7f\x59\x3a\x0f\x1a\x98\x9b\x45\xa5\xd2\xb8\xa2\x4c\xe6\x2e\x58\
\x22\xc7\x9d\x7f\x87\xbc\x3a\x76\xbc\x9c\x7d\xc2\x48\x2e\xac\x3f\
\xff\xb6\x58\xa6\xeb\xdc\xba\xf9\xc1\x97\xd4\x56\xb5\xde\x65\x55\
\xf3\x2a\xf0\x95\xb1\x9f\xcb\x21\x23\xb6\xe7\x1d\xd6\xbc\x3f\x56\
\xc8\x94\xa9\xb3\xe4\x92\x5b\x9e\x91\xa9\x3f\xcd\x93\x6e\xfc\x5a\
\xca\x42\x7e\x71\x36\x9e\xe1\xe3\xaf\xbd\x9a\x36\x6d\x22\x2b\x74\
\xee\x25\xfd\x88\xe4\x12\x88\x25\x22\x4a\x37\x82\xb1\x86\x6c\xe8\
\x85\x15\xfd\x71\x3b\xa8\xe3\x17\x9a\xf1\x81\x9e\x11\x6c\xf9\x8b\
\xfc\xa7\x76\x93\x9d\x15\x64\xb2\x42\x12\x60\x96\x15\x4e\xb6\xc2\
\x2a\x7c\x8e\x0c\x42\x22\x14\x7e\xac\x05\x50\x56\xe9\x11\x63\x50\
\x9c\x6c\x3b\x67\xc5\x98\xd9\xd8\xd4\x47\xc6\x4d\xa4\x20\x03\xe8\
\xe8\xc6\x22\x6c\x44\x1b\xbf\xba\xcb\x91\x47\x03\x4c\x54\x3d\xbe\
\x88\x31\xf1\xcf\xec\xb2\x4c\x11\xbc\x14\x9c\x53\x9e\xef\x94\x5b\
\x5f\xce\x60\xb6\xea\xf7\xd3\xea\x88\x33\x9f\x47\x0d\x3d\xf1\xe3\
\x4f\xa6\x31\xef\x6a\x74\x3d\x2c\x68\xd4\x6d\xff\xba\x71\x4f\xfd\
\x43\x9e\x7b\xed\x53\x79\xf8\xe9\xb1\x21\x85\x1d\x6d\xed\xbc\xdd\
\x16\xf2\xd5\x37\xbf\xca\xea\x75\xf1\x65\xc0\x40\x81\xb4\x68\xda\
\x48\x56\xac\xae\xd4\xbe\xd6\xf2\xac\x5f\x5e\xa6\x57\xac\x3a\xa1\
\x97\xad\x5a\x2f\x25\xba\x88\x36\x6d\x52\x2e\x4b\x97\xaf\xe6\x22\
\xd1\xbc\xa2\x54\x56\xe8\x82\xd9\xaa\x59\x63\x59\xa1\x0b\x6d\x93\
\xc6\xd0\x5d\x27\x4d\x2b\xca\xa5\x48\x27\x35\x16\x52\x24\x0e\x8f\
\x02\xe0\x07\x41\x37\x6b\x5c\x21\x8b\x97\x2c\x57\x5f\xf6\x6c\x0f\
\x1f\x90\x6d\xd1\xb3\x93\x5e\xa5\x2c\x97\xdf\xf0\x65\xda\x00\x0e\
\x40\x72\xf3\xe1\x49\x60\x11\x57\x15\x68\x27\x1d\x50\x60\xb0\x42\
\x92\xad\xa8\x38\x9c\x19\x6d\xd5\xb5\x45\x0e\x30\xdd\x84\x89\xc2\
\x7d\x25\x1e\x72\x74\xbd\x50\xfd\x64\x91\x4b\x25\xc1\x30\x71\x33\
\x9a\x02\xf1\x86\x3c\x83\x85\x14\x25\xad\x69\x9c\x1c\xa4\x7d\x84\
\x0c\xf4\xac\x1e\xaf\xfe\x40\x2b\x8d\xc1\x11\x55\x57\x25\xdb\x11\
\xd6\xcc\x77\x16\xb9\xfa\x39\x36\xa3\x3f\xd6\xca\x41\x64\x28\xcc\
\x99\x9e\x37\x74\xf2\x23\x7e\x8b\x1b\xf1\xe3\xb6\x4e\xe4\xda\x8b\
\x8f\x96\x6b\xee\x7a\x49\xd6\xad\x5d\x25\xb7\xfd\xfd\x04\xf9\x71\
\xc6\x6f\xd2\x59\x17\xc6\xd7\xdf\x9f\x2c\x3d\xba\xb4\xd3\x05\xf4\
\x0b\x59\xb0\x78\x39\xfd\x5d\x7a\xfa\x48\xb9\xe1\xde\x17\xf9\xb6\
\x09\xec\xdc\x7b\xdd\x69\xf2\xfc\x9b\x5f\xc8\x7b\x9f\x4e\x91\xbf\
\x8f\x3e\x94\xff\x88\x72\xcb\xde\xdd\xe4\xac\x4b\xee\x96\x5b\xaf\
\x3a\x59\xce\xb9\xf2\x31\x19\x7d\xfc\x08\xa9\xaa\x5c\x2f\x9b\x6e\
\xb2\xb1\x9c\x75\xd9\x03\x76\x02\x47\x1f\x18\xa4\xc7\x06\x30\xd6\
\x7c\x18\x2d\xcb\xf1\x1e\xe6\xa8\x02\x50\xb7\x7e\xc3\xb6\xdf\x25\
\x92\x08\x7a\xcc\xad\x00\x78\x5a\x28\xcf\xf4\xf2\x8c\x11\x2e\x03\
\xb8\xdd\x2c\xb0\xb0\x22\x07\xd0\x47\x69\x22\x2e\x43\xbd\x50\x56\
\x84\x2a\x48\x0d\xfa\xca\xa8\x26\x6a\x14\xb6\x6a\xd8\xd2\xc2\x6a\
\xb6\x8f\xf1\xce\x2a\xb3\x2f\x6c\xc7\x71\x14\xc8\x69\x28\x54\x46\
\x05\x82\x9a\x9f\x03\xb6\xc9\x57\x09\x0a\xa1\x66\x76\x43\x16\xf6\
\xe3\xed\x0e\xc0\xa8\x26\x63\x14\xdb\x03\x11\x0b\x74\x53\xfd\x94\
\x9f\x80\x7e\x51\xd1\x1d\xfc\x63\x9e\xd6\xd6\xc8\xb1\x87\xec\x26\
\xa3\x46\xec\x20\x23\x8e\xb8\x54\x0a\x2a\xba\xee\x55\x77\xc1\xe9\
\x47\xc8\x2e\x83\xfb\xca\x5e\x47\x5d\xa9\x2e\xc3\xba\x39\x18\x3a\
\xb8\x9f\x4c\x98\x34\x23\x5d\x58\xb3\x46\x95\xc0\x00\x74\xe3\x00\
\xea\x6a\x4d\x80\xc4\x0a\x3a\xa8\x57\xc4\xac\x21\x08\xad\x40\x9e\
\x50\x5d\x5c\x89\x50\x12\xe9\xd0\xce\x6b\x95\x1d\xc1\x06\x39\xb5\
\xc7\x54\x51\xb5\x4e\x06\x6c\xde\x4d\xe6\xcd\x5f\x20\x73\xe7\x63\
\x61\xcd\x74\x3e\x76\xd6\x04\xc7\x68\xa8\xd3\xbc\xee\xf8\x80\xd3\
\x05\x72\x90\x48\x7a\x09\x18\x0d\xf6\xf9\xa5\x2f\x1a\x0f\x27\x7e\
\x12\x3b\x92\x69\x35\x8b\xc1\x1a\xdc\x27\x74\x2b\x0d\x0d\xf9\x55\
\xa8\x50\x7d\xaf\x8a\xd4\xb8\xd6\xfd\x39\x1e\x9a\xa0\xe1\x0e\x23\
\x87\xaf\x25\x64\xa2\x4d\xc7\x4a\x84\x4e\xc8\x29\xe8\x89\x06\x72\
\x61\x32\x16\x07\xd3\x44\x22\x7e\x4d\xd7\xf4\x9c\x41\x92\xdb\xa4\
\x1a\xa5\xb5\x8e\x46\x68\xd4\x87\x49\xb9\x0d\xc2\x8d\x85\x82\xda\
\x31\x53\xe9\xb8\x85\x4d\xfc\xe2\x99\x55\xb5\x2f\x42\x98\xc0\x4d\
\xf5\xca\x55\x6f\x7c\xf4\xee\xa7\x86\xcf\x48\x6b\xc0\x53\x60\x2c\
\xf0\x58\x0a\x77\x44\xf8\x90\x14\xc0\x97\x62\xe3\xaa\xd4\xf2\x28\
\x52\x51\x5e\x2c\xab\xf5\x24\x0f\xf3\xa5\xa5\xb0\x0b\xdf\x05\xd2\
\xa4\x51\x09\xe9\x7c\x1b\xc6\xa3\x88\xf9\x95\xc4\x9b\x20\x1b\x7f\
\x9a\xa9\x00\x6b\xe9\xee\x4f\x81\x03\x32\x64\xe8\x0b\xd5\x70\xc3\
\xfe\x2b\x92\x18\x1a\x02\xc6\x38\x44\xea\xcb\x05\x19\x32\x88\xd2\
\x24\x7c\x01\x47\x2e\x83\x96\xa3\x6a\x8d\xe8\x3b\xa3\xf0\x58\x1a\
\x0a\xc5\x58\xc6\x37\x5d\x3a\x23\x50\x64\x63\x73\xae\xdb\xb6\xd8\
\xff\x3b\x42\xc0\xf4\x09\xd5\xcd\xb4\x08\xe6\x31\xe9\x8f\xf7\x2f\
\x47\x28\xab\x8f\x5f\xdd\xb9\x7c\x16\x11\x0f\xef\xde\x55\x26\x8e\
\x8d\x34\x8e\x2c\x10\xbf\xd1\xf9\x8c\x5c\xe7\xe5\x2b\x8f\x5d\x29\
\xef\xeb\x09\xfc\xd6\xfb\x9e\x92\x82\xe2\x56\xbd\xeb\x36\xea\xb9\
\xbd\x7c\xf5\xe6\xad\x32\x5a\xcf\xd6\xcf\xbe\x31\x5e\x0d\xe3\x4a\
\x50\x83\x54\x07\x4d\x9b\x34\x96\xc3\x47\x0e\x95\xa5\x2b\xd7\x9a\
\x11\x4c\x52\xe5\xe1\x76\xab\x58\xaf\x36\x99\x24\x75\x00\x59\x3c\
\xb7\xaa\xad\xb1\x3a\x62\xc3\x19\x19\x8f\x1a\x50\xe2\x5d\x55\x7c\
\xf9\x0a\x26\x2e\xfe\x0d\x0c\x68\xe8\x00\x7c\xe1\xf9\x59\x49\x89\
\xbd\x29\x80\x85\x0c\xcf\x52\x21\x57\x0b\x39\xb5\x5d\x5c\x5c\x2c\
\x15\x8d\xcb\xa5\x45\xe3\x32\xb9\xe3\xe1\x17\x95\x86\x03\xca\x13\
\xc8\x48\xad\x83\x76\xd6\xf7\xce\xb2\xb0\x03\x36\x67\x81\xe1\xa0\
\xb2\xc2\x94\x25\x08\x3a\x44\x39\xe1\xb5\xa2\xf6\x4c\xd7\xf4\x21\
\xc1\x36\x65\x73\xb4\x93\x66\x58\xad\xe7\x53\xdb\x09\x05\x22\xde\
\x40\x81\x66\x12\x57\x02\xe5\xf0\x37\x1d\x40\xf4\xcf\xe4\x40\xc5\
\x42\x6f\x62\x16\xaf\x42\x79\x59\x2b\x1c\x70\xab\xd9\xaf\xf7\x85\
\xaf\xd4\xe5\xc4\x64\xe3\x94\xc4\x09\x39\xf2\x94\x8e\x1f\xd0\xe9\
\x17\x92\x66\x8b\x3a\xa4\x85\x1d\xb3\x64\x6c\xaf\x7b\x80\xd4\x74\
\x59\xd6\x15\xf0\x81\x1f\xd8\xe0\xe3\xa8\x8c\x5e\xc8\x90\xe8\x40\
\x0d\xf3\x02\x7a\x16\x0e\x3e\x84\xd1\x1f\x9c\xf8\x14\xcc\x0d\x26\
\x1d\xb4\x79\xa0\x81\x0e\x41\xe4\x29\xeb\x17\x9b\xdb\xd5\x45\xd9\
\xe8\xc1\x55\x1e\x3c\x05\x9b\xbb\x44\xd3\x7c\xe3\x47\x69\x2e\x42\
\x83\xa8\x43\xca\xfc\x87\xfd\xd4\x66\xe4\x09\x92\xd0\xa7\x86\x8f\
\x4d\xaa\x97\xca\x27\xf1\x29\x4c\xd7\x69\xd8\xd8\x34\xf9\x58\x50\
\xcc\x7c\xcc\x0d\x25\xb9\x1f\xd4\x5c\x81\x30\xba\x51\xd3\x5d\x7d\
\x39\x80\xb6\xb0\xa5\xc2\x69\x5c\x4a\xe7\x17\x80\x83\xed\x24\xc8\
\x58\xdf\xac\xee\x15\xbb\x0b\xf1\x2a\x41\x9b\x96\x33\xc6\x1e\x34\
\x47\xd0\x01\xe3\xf9\x2e\x89\x05\x45\x86\x8f\x96\x36\x6d\x6c\x20\
\xa6\x6b\x48\xe8\x43\x07\x44\xd7\x63\xc5\x79\x59\x9f\x10\x8a\xdc\
\x65\x91\x1d\x87\x7a\xd0\xdc\xd3\xa7\xaa\x61\xcd\x3a\x68\x9f\x9d\
\xe4\xc6\x4b\x8e\x93\x2d\x76\x3b\x43\x96\xce\xf9\x46\x87\xa3\xb8\
\x51\x5d\x71\x87\x9d\x65\xd4\x5e\x3b\xca\x83\x37\x8f\x96\x0b\xae\
\x7a\x50\x9e\x7a\xf9\x63\xde\x0e\xf1\x53\x2e\x5c\x46\xab\xe3\x72\
\x7c\x38\x15\x31\xe9\x0f\x3a\xc7\x95\x5d\x8d\xc3\xbf\x39\x80\x80\
\x6e\x28\x94\x80\xaf\x1b\x24\x05\x93\x5f\xdb\xf1\xa9\x19\x17\x4f\
\x5c\x51\x40\x54\x95\xa1\x86\x67\xb0\xb0\x07\x1b\x7e\xac\x28\x0f\
\x32\x78\xcd\xcb\x7c\xad\xad\xac\xd6\xab\x13\xbc\x76\xa5\x6d\xb5\
\x63\x6e\x30\xc1\x58\x63\xdd\x82\x41\x4c\x48\x14\x68\xe6\x23\x05\
\xf8\xe8\x41\x1c\x88\x20\x21\x41\x26\x0f\xbe\x1d\xac\x4a\xc3\xa2\
\x8f\x3a\x6d\x1a\xcf\x7e\x4d\x0f\x3a\xa6\x07\x11\xf3\x11\xcf\xce\
\xd8\x26\xcd\x6d\x1b\xdb\xed\x98\x2d\xc8\xd0\x34\xe8\x1a\x4b\xd8\
\x22\x28\x6f\x32\xfc\x86\x31\xfc\x60\x92\x86\x3e\x45\xbd\xef\x7e\
\x80\x05\x2d\xcc\x18\x2b\xe5\x31\x6e\xad\xd3\x8e\xfa\x03\xd9\x76\
\x98\xff\xa0\xe9\x62\xc5\xc5\xcb\xfa\x0f\xbb\xd0\xe1\x42\x0c\xb8\
\xe1\x58\xcc\xc2\x2e\xc0\x13\x9d\xf2\x39\xb6\xd4\x27\x95\x7b\xa5\
\xb2\x54\x07\x49\x1f\x93\x7c\xa1\xad\x74\x6b\x3b\x8d\xfb\x00\x68\
\x36\xd6\x80\xa9\x79\x0b\x0d\x8f\x21\x3d\xe9\xa0\x5f\x11\xbf\xf6\
\x45\xdb\xb1\xe8\xe2\x87\x6a\xbe\x59\xde\xb4\xcc\x75\x48\xbd\x86\
\x19\x0a\xfa\x33\x3f\x06\x1b\x23\x94\xf6\x5a\x62\xcc\x47\xd7\x57\
\x59\xfa\xf5\x7e\x13\x88\x8b\x32\x80\xce\x6f\xcf\x01\x55\x60\xcf\
\x0a\x53\x47\x5d\xf7\xc8\x39\xfb\x45\x51\xed\x8f\xfe\x70\x6e\xba\
\x20\x6c\x44\x6e\x61\x9f\x70\x9a\xd9\x73\x9a\x83\x5e\x48\x72\x1d\
\xc2\x64\x72\x6c\x29\x4c\x15\x31\xb3\xa9\x02\x9a\xd5\x8c\x0f\xce\
\x2b\x54\x75\x63\xbf\xc0\x0a\x75\xd8\x62\x23\x16\x22\x3f\x3e\xb8\
\x33\x1b\xe4\x67\xfc\x19\xc2\x1f\x74\xc0\x33\x19\xe6\x01\x2d\xda\
\x35\xfd\x34\xdf\x89\x49\x22\xdb\x07\x63\x64\x98\x8c\x29\x03\xce\
\x11\x1b\xbf\xc4\x16\x73\x6e\xc7\x1e\xe3\x83\x0d\xb2\x91\x3d\xad\
\xeb\x6f\xa3\xf2\x12\x39\x7c\xff\x9d\xe5\xca\xf3\x8f\x92\x13\xce\
\xbd\x55\x5e\x1d\xf7\xb1\x54\xce\xfb\x50\x0a\x0e\x3a\xe8\xc0\xba\
\xe7\x5f\xfd\x50\x4a\x3b\x6c\x2b\x23\x86\x6e\x2d\xb7\x5f\x7d\xaa\
\xac\x59\x57\x2d\x6f\x7f\x38\x51\x16\x2c\x5a\xc2\xdb\xad\xc4\xae\
\xde\x36\x61\x70\xd3\xe0\x3d\x00\xdd\x90\x68\x04\x86\xf7\x56\x11\
\x90\xfd\x73\xc2\x08\xd6\x82\xc0\xc4\xc3\x56\x8d\xab\x51\x95\x81\
\x4d\x9b\x24\xb0\x6f\x49\x03\x1d\x0b\x2d\xda\xb8\xca\x8d\x04\xf2\
\x8b\x60\xcc\x5d\x0a\x76\xd2\xaa\x01\xd8\x47\x8c\xb8\x3d\x84\x3c\
\xed\x6a\x1b\x03\x8a\x50\x70\x15\x5c\xad\x1b\xbe\xb0\xb8\x44\xaf\
\x84\x21\x54\xad\x27\x91\x90\xc5\x55\x35\x1a\x88\x05\x9f\x46\xd7\
\xe0\x83\x36\x85\xd9\xa1\x10\x17\xf5\xf0\x0d\x3a\x60\x71\x23\x18\
\x2c\x44\x88\x39\x13\x1c\x64\x5c\x37\x4e\x3e\x76\x10\x6a\x8d\x6d\
\x85\xf2\x98\x5b\xd5\x03\xad\xb0\xc8\x5e\xdb\x40\x1c\xaa\xa4\x74\
\xfc\x20\x13\xf0\xe0\xa0\x5d\xb4\xed\xc4\x43\xdb\xee\xab\x46\xef\
\x1c\xec\x5f\x9a\x63\x61\xc6\x01\x68\x7d\xe3\xc2\x69\xda\x0a\xcb\
\x2d\x75\x52\xab\x0a\x95\x57\x72\x1c\x24\xbc\x93\xd6\x3a\x9a\x88\
\x1b\x76\x29\xe5\x77\x1f\x00\xf3\xae\x25\x62\x36\x25\xb5\xa8\x31\
\xc1\x2e\x5e\xd9\x43\x6c\xf1\xcf\x20\x93\xb1\x47\x9f\xa1\x9c\xec\
\x20\x0f\x3f\x26\x8b\xb1\x42\xb4\x58\xb4\x21\x6b\x73\x49\x25\xb0\
\xc0\xa8\x0c\xf3\x0d\x3f\x88\x0f\x3d\x61\x3b\x72\xeb\xfd\xd4\x1d\
\xe6\x1b\x68\x36\x56\x36\x3e\x28\xf9\xfa\x9e\xd6\xcc\xbe\x8f\x21\
\xf2\xa3\x36\xd0\xc6\x9d\x12\xee\x9c\xf0\x1f\x8c\xe1\x1b\xf5\xc8\
\x1f\xe3\xd1\xcd\x7c\xe2\x98\x70\xbf\x50\x04\x4d\x6d\x02\x76\x70\
\x6a\x5b\x79\x9c\xcf\xf0\x0b\x0b\x10\x51\x59\xfb\x5a\x4e\x5c\x70\
\xe0\xc3\x59\xbb\x13\x03\x9f\x31\x40\x9f\xbe\xd4\x96\xfb\x08\xbf\
\xf8\xe0\x17\x80\xbd\x54\xd0\xdb\xda\x40\x3f\x78\x32\x81\x61\x40\
\x75\x11\x06\x72\x86\xf9\x6b\xe3\x65\x72\x78\x57\x1d\x62\xb0\x0f\
\x3e\x34\xf8\x2f\x99\xc0\xd7\x31\x00\x2d\x72\x00\x39\x8e\x8b\xc6\
\x03\x1b\xbc\xfb\x84\x0e\xfb\x67\x79\xa7\x2f\x46\xa2\xc2\xfa\x6b\
\xfd\x42\x2c\xe6\x03\xfd\xb5\xfe\x41\xce\x55\xb4\xe0\xbc\xd0\x1f\
\xcc\x53\xc6\x4d\x3b\x66\x09\xbf\xd1\x3b\x8e\xbb\x22\x2e\xae\x4c\
\xdb\x6c\x43\xc7\x8e\x03\x9b\x93\x90\x07\x19\x63\x0e\x3e\xea\x30\
\x0d\xc0\x07\xfb\xcc\x5c\x16\xf0\x0e\x3c\xee\xc8\x01\xb3\xe7\x27\
\x3e\xa3\x30\xf6\xea\x2a\x7c\x18\x5f\x2c\x9d\x37\x6a\x2f\x7b\xed\
\x3a\x90\x63\x76\xd2\x05\x77\xc8\x7b\x9f\x7c\x25\x55\x0b\xbe\x94\
\xbd\x86\x6d\x2b\x05\x8b\x17\x2f\xae\xdb\x73\xcf\x3d\x65\xd2\xb7\
\xbf\x48\x49\xdb\xad\xa4\x49\xd3\x16\x72\xcc\x81\xc3\x64\xef\xe1\
\xdb\xf2\x9d\x3e\x1a\xd5\xcd\x4c\x5b\x22\xb8\xb0\xb0\x85\x70\xd2\
\x40\x38\xb1\x00\x6d\xb2\xf3\x54\xb5\xe0\x21\x95\x76\xc4\xe4\x31\
\xf0\x89\x2d\x23\x39\xdf\x3a\x93\x2c\x72\xce\x83\x91\xb8\xa2\x82\
\x2f\x6c\x4c\x8a\xca\x32\x0a\xc8\x6a\x19\x36\x13\x3f\xe6\x3c\x89\
\x94\x09\x03\x29\xb3\x07\xa0\xcd\x2b\x2f\x2d\x23\x86\xf0\x0d\x1e\
\xf4\xe2\x20\x4f\x8c\x29\x6c\x01\xd1\x26\x07\x08\xae\xc0\x57\x5d\
\xf7\x1f\x8b\x1e\xc8\x28\x61\x9b\x83\x0e\x82\xc2\x0a\xcf\x0d\x1c\
\xb2\x7f\xf1\x87\x19\x96\xaf\xac\x4c\x20\xf2\x1d\xb1\x32\x17\x80\
\xd6\x2d\x56\x5b\x44\xa0\x11\x6d\x94\xdc\x20\x86\x4e\xc0\x6e\x66\
\x32\x65\x41\x9f\xdc\x21\x24\xe3\xc3\x8f\x93\xd4\x8e\xd9\x05\x62\
\xb2\xf3\x00\x24\x3f\xb5\x69\x7d\x32\x5d\x20\x74\x08\xd8\xf3\x2a\
\x2a\xb6\x70\xa1\xbf\x38\x41\x42\x0e\x73\x47\x19\xfa\x8b\x3c\xa0\
\x0f\xcc\xb7\x9b\x80\x0c\xec\x42\x87\x79\x50\x5a\xd2\x2f\xda\xd6\
\xbc\xd0\xbf\x2b\x38\x0b\xa0\x75\xa5\x63\x4c\x91\x4b\xd4\xb1\x08\
\x00\xec\x27\x72\x07\x9f\x7e\xa0\xa3\x8e\xc7\x56\x50\xe4\xe2\xac\
\x34\xd4\x51\xd8\x18\xa9\x8e\x91\x60\x98\x76\xe0\x9b\x36\x20\x4f\
\xcf\x46\x07\x4c\x4e\xa9\xca\x43\xbf\x60\x03\x31\x44\x9f\xc8\xa6\
\x1d\xb3\x0b\x39\xeb\x8f\xcf\x33\xdd\xa0\x03\xc4\x5c\xa0\x20\xa0\
\x7a\x21\x67\xc7\x03\x34\x3d\x1e\xd8\x77\x5b\xc8\x9b\x71\x28\x62\
\x41\x69\x49\xff\x5a\x67\x3c\x24\xe9\x0f\xc5\xa0\x0f\x82\xeb\xb0\
\x61\xf2\x16\x6b\x66\x5e\xc2\x0f\xca\x98\xef\xea\x13\x75\xfa\xa7\
\x9c\xdd\xc1\xa2\x1d\x27\x8a\x98\xb3\x40\xe4\x03\x88\x7c\x84\x7f\
\x36\x75\x47\x7d\xda\x34\x6e\x20\x95\x87\x1f\xeb\xa7\x8d\x9f\xcf\
\x21\x9f\x5f\x76\x31\xa3\xf2\xfa\x63\xa5\xdb\x46\x0d\x65\x38\xa3\
\x7d\x93\xc0\x1c\x41\x6c\xb3\xe7\x2e\x94\xe7\x5e\x1f\x2f\xcf\x8f\
\xfd\x52\x56\x2e\x99\x2f\x95\x0b\x26\x48\xbf\xde\x5d\x65\xdc\xb8\
\xb1\xf2\xff\x00\x0a\x71\xd8\xd8\x36\x4e\x72\x3e\x00\x00\x00\x00\
\x49\x45\x4e\x44\xae\x42\x60\x82\
"

qt_resource_name = b"\
\x00\x05\
\x00\x6f\xa6\x53\
\x00\x69\
\x00\x63\x00\x6f\x00\x6e\x00\x73\
\x00\x14\
\x0e\x5e\xf5\xc7\
\x00\x54\
\x00\x53\x00\x4d\x00\x5f\x00\x47\x00\x55\x00\x49\x00\x5f\x00\x42\x00\x61\x00\x6e\x00\x6e\x00\x65\x00\x72\x00\x76\x00\x36\x00\x2e\
\x00\x70\x00\x6e\x00\x67\
"

qt_resource_struct_v1 = b"\
\x00\x00\x00\x00\x00\x02\x00\x00\x00\x01\x00\x00\x00\x01\
\x00\x00\x00\x00\x00\x02\x00\x00\x00\x01\x00\x00\x00\x02\
\x00\x00\x00\x10\x00\x00\x00\x00\x00\x01\x00\x00\x00\x00\
"

qt_resource_struct_v2 = b"\
\x00\x00\x00\x00\x00\x02\x00\x00\x00\x01\x00\x00\x00\x01\
\x00\x00\x00\x00\x00\x00\x00\x00\
\x00\x00\x00\x00\x00\x02\x00\x00\x00\x01\x00\x00\x00\x02\
\x00\x00\x00\x00\x00\x00\x00\x00\
\x00\x00\x00\x10\x00\x00\x00\x00\x00\x01\x00\x00\x00\x00\
\x00\x00\x01\x9d\x70\xa9\x0c\x14\
"

qt_version = [int(v) for v in QtCore.qVersion().split('.')]
if qt_version < [5, 8, 0]:
    rcc_version = 1
    qt_resource_struct = qt_resource_struct_v1
else:
    rcc_version = 2
    qt_resource_struct = qt_resource_struct_v2

def qInitResources():
    QtCore.qRegisterResourceData(rcc_version, qt_resource_struct, qt_resource_name, qt_resource_data)

def qCleanupResources():
    QtCore.qUnregisterResourceData(rcc_version, qt_resource_struct, qt_resource_name, qt_resource_data)

qInitResources()
