TAZ,STATE,COUNTY,DMA,STL_Zone,region,CBM_Ext
6132,Florida,Levy,2,88,2_North Central,11553
6212,Florida,Flagler,3,42,3_Northeast,11559
6218,Florida,Flagler,3,42,3_Northeast,11559
6168,Florida,Levy,2,217,2_North Central,11553
6166,Florida,Levy,2,217,2_North Central,11553
6170,Florida,Levy,2,217,2_North Central,11553
6216,Florida,Flagler,3,42,3_Northeast,11559
6417,Florida,Alachua,2,3,2_North Central,11554
6412,Florida,Alachua,2,3,2_North Central,11554
6413,Florida,Alachua,2,3,2_North Central,11554
6415,Florida,Alachua,2,3,2_North Central,11554
6414,Florida,Alachua,2,3,2_North Central,11554
6416,Florida,Alachua,2,3,2_North Central,11554
6219,Florida,Flagler,3,43,3_Northeast,11559
6256,Florida,Putnam,3,134,3_Northeast,11559
6474,Florida,Dixie,2,35,2_North Central,11547
6322,Florida,Alachua,2,1,2_North Central,11553
6471,Florida,Dixie,2,216,2_North Central,11552
6364,Florida,Alachua,2,3,2_North Central,11554
6363,Florida,Alachua,2,3,2_North Central,11554
6278,Florida,Putnam,3,134,3_Northeast,11557
6398,Florida,Alachua,2,1,2_North Central,11554
6411,Florida,Alachua,2,3,2_North Central,11554
6114,Florida,Levy,2,209,2_North Central,11552
6115,Florida,Levy,2,209,2_North Central,11552
6116,Florida,Levy,2,209,2_North Central,11552
6113,Florida,Levy,2,88,2_North Central,11553
6117,Florida,Levy,2,88,2_North Central,11553
6118,Florida,Levy,2,88,2_North Central,11553
6121,Florida,Levy,2,88,2_North Central,11553
6122,Florida,Levy,2,88,2_North Central,11554
6126,Florida,Levy,2,88,2_North Central,11554
6127,Florida,Levy,2,88,2_North Central,11553
6124,Florida,Levy,2,88,2_North Central,11553
6123,Florida,Levy,2,88,2_North Central,11553
6125,Florida,Levy,2,209,2_North Central,11552
6258,Florida,Putnam,3,134,3_Northeast,11557
6175,Florida,Levy,2,217,2_North Central,11552
6287,Florida,Alachua,2,1,2_North Central,11554
6176,Florida,Levy,2,209,2_North Central,11552
6289,Florida,Alachua,2,1,2_North Central,11554
6213,Florida,Flagler,3,42,3_Northeast,11559
6227,Florida,Flagler,3,42,3_Northeast,11559
6290,Florida,Alachua,2,1,2_North Central,11556
6260,Florida,Putnam,3,134,3_Northeast,11557
6293,Florida,Alachua,2,1,2_North Central,11554
6230,Florida,Flagler,3,42,3_Northeast,11559
6295,Florida,Alachua,2,1,2_North Central,11554
6313,Florida,Alachua,2,1,2_North Central,11554
6361,Florida,Alachua,2,3,2_North Central,11554
6362,Florida,Alachua,2,3,2_North Central,11554
6246,Florida,Flagler,3,43,3_Northeast,11559
6339,Florida,Alachua,2,1,2_North Central,11556
6279,Florida,Putnam,3,134,3_Northeast,11557
6276,Florida,Putnam,3,134,3_Northeast,11557
6500,Florida,Gilchrist,2,48,2_North Central,11552
6410,Florida,Alachua,2,2,2_North Central,11553
6422,Florida,Alachua,2,2,2_North Central,11553
6408,Florida,Alachua,2,2,2_North Central,11553
6504,Florida,Gilchrist,2,48,2_North Central,11553
6652,Florida,Franklin,1,52,1_Northwest,11530
6506,Florida,Gilchrist,2,48,2_North Central,11552
6507,Florida,Gilchrist,2,48,2_North Central,11552
6508,Florida,Gilchrist,2,48,2_North Central,11553
6743,Florida,Bradford,2,8,2_North Central,11557
6430,Florida,Alachua,2,2,2_North Central,11554
6524,Florida,St. Johns,3,146,3_Northeast,11559
6128,Florida,Levy,2,88,2_North Central,11554
6129,Florida,Levy,2,88,2_North Central,11554
6120,Florida,Levy,2,209,2_North Central,11552
6207,Florida,Flagler,3,42,3_Northeast,11559
6130,Florida,Levy,2,209,2_North Central,11552
6138,Florida,Levy,2,88,2_North Central,11554
6135,Florida,Levy,2,88,2_North Central,11554
6134,Florida,Levy,2,88,2_North Central,11554
6133,Florida,Levy,2,88,2_North Central,11553
6140,Florida,Levy,2,88,2_North Central,11554
6141,Florida,Levy,2,88,2_North Central,11554
6139,Florida,Levy,2,88,2_North Central,11554
6143,Florida,Levy,2,88,2_North Central,11554
6209,Florida,Flagler,3,42,3_Northeast,11559
6131,Florida,Levy,2,88,2_North Central,11553
6147,Florida,Levy,2,88,2_North Central,11554
6148,Florida,Levy,2,88,2_North Central,11554
6119,Florida,Levy,2,209,2_North Central,11544
6149,Florida,Levy,2,209,2_North Central,11552
6150,Florida,Levy,2,88,2_North Central,11554
6208,Florida,Flagler,3,42,3_Northeast,11559
6151,Florida,Levy,2,88,2_North Central,11554
6255,Florida,Putnam,3,134,3_Northeast,11559
6152,Florida,Levy,2,88,2_North Central,11553
6144,Florida,Levy,2,209,2_North Central,11552
6145,Florida,Levy,2,209,2_North Central,11552
6146,Florida,Levy,2,209,2_North Central,11552
6153,Florida,Levy,2,209,2_North Central,11552
6155,Florida,Levy,2,88,2_North Central,11553
6253,Florida,Putnam,3,134,3_Northeast,11557
6159,Florida,Levy,2,209,2_North Central,11552
6158,Florida,Levy,2,209,2_North Central,11552
6157,Florida,Levy,2,209,2_North Central,11552
6136,Florida,Levy,2,209,2_North Central,11552
6154,Florida,Levy,2,88,2_North Central,11554
6156,Florida,Levy,2,88,2_North Central,11554
6161,Florida,Levy,2,88,2_North Central,11553
6160,Florida,Levy,2,88,2_North Central,11553
6142,Florida,Levy,2,88,2_North Central,11553
6137,Florida,Levy,2,88,2_North Central,11553
6210,Florida,Flagler,3,42,3_Northeast,11559
6163,Florida,Levy,2,88,2_North Central,11553
6214,Florida,Flagler,3,42,3_Northeast,11559
6211,Florida,Flagler,3,43,3_Northeast,11559
6215,Florida,Flagler,3,43,3_Northeast,11559
6164,Florida,Levy,2,88,2_North Central,11554
6257,Florida,Putnam,3,134,3_Northeast,11557
6217,Florida,Flagler,3,43,3_Northeast,11559
6220,Florida,Flagler,3,42,3_Northeast,11559
6254,Florida,Putnam,3,134,3_Northeast,11557
6162,Florida,Levy,2,217,2_North Central,11552
6172,Florida,Levy,2,209,2_North Central,11552
6169,Florida,Levy,2,209,2_North Central,11552
6173,Florida,Levy,2,217,2_North Central,11552
6221,Florida,Flagler,3,42,3_Northeast,11559
6174,Florida,Levy,2,88,2_North Central,11554
6167,Florida,Levy,2,88,2_North Central,11554
6165,Florida,Levy,2,88,2_North Central,11554
6223,Florida,Flagler,3,42,3_Northeast,11559
6224,Florida,Flagler,3,42,3_Northeast,11559
6179,Florida,Levy,2,217,2_North Central,11552
6177,Florida,Levy,2,217,2_North Central,11553
6180,Florida,Levy,2,217,2_North Central,11552
6178,Florida,Levy,2,217,2_North Central,11552
6184,Florida,Levy,2,217,2_North Central,11552
6181,Florida,Levy,2,217,2_North Central,11552
6291,Florida,Alachua,2,1,2_North Central,11554
6183,Florida,Levy,2,209,2_North Central,11552
6292,Florida,Alachua,2,1,2_North Central,11554
6171,Florida,Levy,2,88,2_North Central,11553
6288,Florida,Alachua,2,1,2_North Central,11554
6228,Florida,Flagler,3,42,3_Northeast,11559
6186,Florida,Levy,2,217,2_North Central,11552
6259,Florida,Putnam,3,134,3_Northeast,11557
6189,Florida,Levy,2,217,2_North Central,11552
6188,Florida,Levy,2,217,2_North Central,11552
6294,Florida,Alachua,2,1,2_North Central,11554
6297,Florida,Alachua,2,1,2_North Central,11553
6191,Florida,Levy,2,217,2_North Central,11552
6190,Florida,Levy,2,217,2_North Central,11552
6192,Florida,Levy,2,217,2_North Central,11552
6185,Florida,Levy,2,217,2_North Central,11553
6225,Florida,Flagler,3,42,3_Northeast,11559
6229,Florida,Flagler,3,42,3_Northeast,11559
6232,Florida,Flagler,3,42,3_Northeast,11559
6235,Florida,Flagler,3,42,3_Northeast,11559
6237,Florida,Flagler,3,42,3_Northeast,11559
6236,Florida,Flagler,3,42,3_Northeast,11559
6238,Florida,Flagler,3,42,3_Northeast,11559
6261,Florida,Putnam,3,134,3_Northeast,11557
6234,Florida,Flagler,3,42,3_Northeast,11559
6193,Florida,Levy,2,217,2_North Central,11552
6262,Florida,Putnam,3,134,3_Northeast,11557
6194,Florida,Levy,2,217,2_North Central,11552
6239,Florida,Flagler,3,43,3_Northeast,11559
6243,Florida,Flagler,3,42,3_Northeast,11559
6240,Florida,Flagler,3,43,3_Northeast,11559
6241,Florida,Flagler,3,43,3_Northeast,11559
6231,Florida,Flagler,3,43,3_Northeast,11559
6198,Florida,Levy,2,217,2_North Central,11552
6199,Florida,Levy,2,217,2_North Central,11552
6197,Florida,Levy,2,217,2_North Central,11552
6196,Florida,Levy,2,217,2_North Central,11552
6195,Florida,Levy,2,217,2_North Central,11552
6222,Florida,Flagler,3,43,3_Northeast,11559
6263,Florida,Putnam,3,134,3_Northeast,11557
6296,Florida,Alachua,2,1,2_North Central,11554
6200,Florida,Levy,2,217,2_North Central,11552
6245,Florida,Flagler,3,43,3_Northeast,11559
6201,Florida,Levy,2,217,2_North Central,11552
6300,Florida,Alachua,2,1,2_North Central,11556
6265,Florida,Putnam,3,134,3_Northeast,11557
6203,Florida,Levy,2,217,2_North Central,11552
6206,Florida,Levy,2,217,2_North Central,11552
6202,Florida,Levy,2,217,2_North Central,11552
6182,Florida,Levy,2,217,2_North Central,11552
6244,Florida,Flagler,3,42,3_Northeast,11559
6304,Florida,Alachua,2,1,2_North Central,11556
6299,Florida,Alachua,2,1,2_North Central,11556
6301,Florida,Alachua,2,1,2_North Central,11554
6247,Florida,Flagler,3,42,3_Northeast,11559
6242,Florida,Flagler,3,42,3_Northeast,11559
6248,Florida,Flagler,3,43,3_Northeast,11559
6204,Florida,Levy,2,217,2_North Central,11552
6249,Florida,Flagler,3,43,3_Northeast,11559
6486,Florida,Gilchrist,2,48,2_North Central,11552
6205,Florida,Levy,2,217,2_North Central,11552
6187,Florida,Levy,2,209,2_North Central,11552
6306,Florida,Alachua,2,1,2_North Central,11556
6305,Florida,Alachua,2,1,2_North Central,11556
6266,Florida,Putnam,3,134,3_Northeast,11557
6303,Florida,Alachua,2,1,2_North Central,11554
6307,Florida,Alachua,2,1,2_North Central,11556
6298,Florida,Alachua,2,1,2_North Central,11554
6264,Florida,Putnam,3,134,3_Northeast,11557
6308,Florida,Alachua,2,1,2_North Central,11556
6466,Florida,Dixie,2,35,2_North Central,11552
6487,Florida,Gilchrist,2,48,2_North Central,11552
6309,Florida,Alachua,2,1,2_North Central,11554
6302,Florida,Alachua,2,1,2_North Central,11554
6233,Florida,Flagler,3,42,3_Northeast,11559
6490,Florida,Gilchrist,2,48,2_North Central,11552
6489,Florida,Gilchrist,2,48,2_North Central,11552
6488,Florida,Gilchrist,2,48,2_North Central,11552
6468,Florida,Dixie,2,35,2_North Central,11552
6269,Florida,Putnam,3,134,3_Northeast,11557
6270,Florida,Putnam,3,134,3_Northeast,11557
6271,Florida,Putnam,3,134,3_Northeast,11557
6314,Florida,Alachua,2,3,2_North Central,11554
6267,Florida,Putnam,3,134,3_Northeast,11557
6492,Florida,Gilchrist,2,48,2_North Central,11552
6315,Florida,Alachua,2,3,2_North Central,11554
6321,Florida,Alachua,2,3,2_North Central,11554
6485,Florida,Gilchrist,2,48,2_North Central,11552
6320,Florida,Alachua,2,3,2_North Central,11554
6312,Florida,Alachua,2,3,2_North Central,11554
6319,Florida,Alachua,2,3,2_North Central,11554
6268,Florida,Putnam,3,134,3_Northeast,11557
6318,Florida,Alachua,2,3,2_North Central,11554
6324,Florida,Alachua,2,3,2_North Central,11554
6325,Florida,Alachua,2,3,2_North Central,11554
6272,Florida,Putnam,3,134,3_Northeast,11557
6329,Florida,Alachua,2,3,2_North Central,11554
6326,Florida,Alachua,2,3,2_North Central,11554
6317,Florida,Alachua,2,3,2_North Central,11554
6493,Florida,Gilchrist,2,48,2_North Central,11552
6494,Florida,Gilchrist,2,48,2_North Central,11552
6332,Florida,Alachua,2,3,2_North Central,11554
6310,Florida,Alachua,2,1,2_North Central,11554
6465,Florida,Dixie,2,35,2_North Central,11544
6333,Florida,Alachua,2,3,2_North Central,11554
6251,Florida,Flagler,3,42,3_Northeast,11559
6491,Florida,Gilchrist,2,48,2_North Central,11553
6330,Florida,Alachua,2,3,2_North Central,11554
6226,Florida,Flagler,3,42,3_Northeast,11559
6336,Florida,Alachua,2,3,2_North Central,11554
6331,Florida,Alachua,2,3,2_North Central,11554
6344,Florida,Alachua,2,3,2_North Central,11554
6342,Florida,Alachua,2,3,2_North Central,11554
6327,Florida,Alachua,2,3,2_North Central,11554
6341,Florida,Alachua,2,3,2_North Central,11554
6316,Florida,Alachua,2,1,2_North Central,11553
6328,Florida,Alachua,2,1,2_North Central,11553
6470,Florida,Dixie,2,35,2_North Central,11547
6345,Florida,Alachua,2,3,2_North Central,11554
6347,Florida,Alachua,2,3,2_North Central,11554
6348,Florida,Alachua,2,3,2_North Central,11554
6349,Florida,Alachua,2,3,2_North Central,11554
6346,Florida,Alachua,2,3,2_North Central,11554
6350,Florida,Alachua,2,3,2_North Central,11554
6334,Florida,Alachua,2,3,2_North Central,11554
6274,Florida,Putnam,3,134,3_Northeast,11557
6340,Florida,Alachua,2,3,2_North Central,11554
6351,Florida,Alachua,2,3,2_North Central,11554
6352,Florida,Alachua,2,3,2_North Central,11554
6354,Florida,Alachua,2,3,2_North Central,11554
6355,Florida,Alachua,2,3,2_North Central,11554
6356,Florida,Alachua,2,3,2_North Central,11554
6358,Florida,Alachua,2,3,2_North Central,11554
6357,Florida,Alachua,2,3,2_North Central,11554
6338,Florida,Alachua,2,3,2_North Central,11554
6335,Florida,Alachua,2,3,2_North Central,11554
6516,Florida,St. Johns,3,146,3_Northeast,11559
6360,Florida,Alachua,2,3,2_North Central,11554
6359,Florida,Alachua,2,3,2_North Central,11554
6311,Florida,Alachua,2,1,2_North Central,11556
6366,Florida,Alachua,2,3,2_North Central,11554
6367,Florida,Alachua,2,3,2_North Central,11554
6368,Florida,Alachua,2,3,2_North Central,11554
6365,Florida,Alachua,2,3,2_North Central,11554
6369,Florida,Alachua,2,3,2_North Central,11554
6373,Florida,Alachua,2,3,2_North Central,11554
6372,Florida,Alachua,2,3,2_North Central,11554
6370,Florida,Alachua,2,3,2_North Central,11554
6371,Florida,Alachua,2,3,2_North Central,11554
6374,Florida,Alachua,2,3,2_North Central,11554
6337,Florida,Alachua,2,3,2_North Central,11554
6353,Florida,Alachua,2,3,2_North Central,11554
6343,Florida,Alachua,2,3,2_North Central,11554
6252,Florida,Flagler,3,43,3_Northeast,11559
6250,Florida,Flagler,3,43,3_Northeast,11559
6377,Florida,Alachua,2,3,2_North Central,11554
6375,Florida,Alachua,2,3,2_North Central,11554
6380,Florida,Alachua,2,3,2_North Central,11554
6376,Florida,Alachua,2,3,2_North Central,11554
6379,Florida,Alachua,2,3,2_North Central,11554
6378,Florida,Alachua,2,3,2_North Central,11554
6277,Florida,Putnam,3,134,3_Northeast,11557
6382,Florida,Alachua,2,3,2_North Central,11554
6495,Florida,Gilchrist,2,48,2_North Central,11552
6498,Florida,Gilchrist,2,48,2_North Central,11552
6499,Florida,Gilchrist,2,48,2_North Central,11552
6497,Florida,Gilchrist,2,48,2_North Central,11552
6391,Florida,Alachua,2,3,2_North Central,11554
6387,Florida,Alachua,2,3,2_North Central,11554
6390,Florida,Alachua,2,3,2_North Central,11554
6389,Florida,Alachua,2,3,2_North Central,11554
6388,Florida,Alachua,2,3,2_North Central,11554
6383,Florida,Alachua,2,3,2_North Central,11554
6385,Florida,Alachua,2,3,2_North Central,11554
6384,Florida,Alachua,2,3,2_North Central,11554
6386,Florida,Alachua,2,3,2_North Central,11554
6475,Florida,Dixie,2,35,2_North Central,11544
6394,Florida,Alachua,2,3,2_North Central,11554
6395,Florida,Alachua,2,3,2_North Central,11554
6396,Florida,Alachua,2,3,2_North Central,11554
6501,Florida,Gilchrist,2,48,2_North Central,11552
6611,Florida,Taylor,2,154,2_North Central,11544
6381,Florida,Alachua,2,1,2_North Central,11554
6393,Florida,Alachua,2,3,2_North Central,11554
6469,Florida,Dixie,2,35,2_North Central,11544
6404,Florida,Alachua,2,3,2_North Central,11554
6406,Florida,Alachua,2,3,2_North Central,11554
6400,Florida,Alachua,2,3,2_North Central,11554
6399,Florida,Alachua,2,3,2_North Central,11554
6405,Florida,Alachua,2,3,2_North Central,11554
6397,Florida,Alachua,2,3,2_North Central,11554
6403,Florida,Alachua,2,3,2_North Central,11554
6518,Florida,St. Johns,3,145,3_Northeast,11559
6402,Florida,Alachua,2,3,2_North Central,11554
6401,Florida,Alachua,2,3,2_North Central,11554
6392,Florida,Alachua,2,3,2_North Central,11554
6502,Florida,Gilchrist,2,48,2_North Central,11552
6503,Florida,Gilchrist,2,48,2_North Central,11552
6520,Florida,St. Johns,3,146,3_Northeast,11559
6273,Florida,Putnam,3,134,3_Northeast,11559
6281,Florida,Putnam,3,134,3_Northeast,11557
6409,Florida,Alachua,2,1,2_North Central,11556
6517,Florida,St. Johns,3,146,3_Northeast,11559
6419,Florida,Alachua,2,2,2_North Central,11554
6323,Florida,Alachua,2,1,2_North Central,11556
6407,Florida,Alachua,2,1,2_North Central,11556
6523,Florida,St. Johns,3,146,3_Northeast,11559
6476,Florida,Dixie,2,216,2_North Central,11552
6473,Florida,Dixie,2,216,2_North Central,11552
6612,Florida,Taylor,2,154,2_North Central,11544
6418,Florida,Alachua,2,3,2_North Central,11554
6420,Florida,Alachua,2,3,2_North Central,11554
6477,Florida,Dixie,2,216,2_North Central,11547
6467,Florida,Dixie,2,35,2_North Central,11544
6423,Florida,Alachua,2,3,2_North Central,11554
6505,Florida,Gilchrist,2,48,2_North Central,11552
6275,Florida,Putnam,3,134,3_Northeast,11557
6521,Florida,St. Johns,3,146,3_Northeast,11559
6282,Florida,Putnam,3,134,3_Northeast,11557
6421,Florida,Alachua,2,2,2_North Central,11554
6522,Florida,St. Johns,3,146,3_Northeast,11559
6742,Florida,Bradford,2,8,2_North Central,11557
6427,Florida,Alachua,2,2,2_North Central,11554
6280,Florida,Putnam,3,134,3_Northeast,11559
6789,Florida,Gulf,1,52,1_Northwest,11530
6478,Florida,Dixie,2,216,2_North Central,11552
6519,Florida,St. Johns,3,146,3_Northeast,11559
6676,Florida,Clay,3,23,3_Northeast,11557
6426,Florida,Alachua,2,1,2_North Central,11556
6741,Florida,Bradford,2,8,2_North Central,11556
6525,Florida,St. Johns,3,145,3_Northeast,11559
6424,Florida,Alachua,2,1,2_North Central,11556
6285,Florida,Putnam,3,134,3_Northeast,11557
6432,Florida,Alachua,2,2,2_North Central,11554
6284,Florida,Putnam,3,134,3_Northeast,11557
6653,Florida,Franklin,1,52,1_Northwest,11530
6434,Florida,Alachua,2,2,2_North Central,11554
6655,Florida,Franklin,1,52,1_Northwest,11530
6678,Florida,Clay,3,23,3_Northeast,11557
6435,Florida,Alachua,2,2,2_North Central,11554
6656,Florida,Franklin,1,52,1_Northwest,11530
6527,Florida,St. Johns,3,146,3_Northeast,11559
6657,Florida,Franklin,1,45,1_Northwest,11528
6479,Florida,Dixie,2,35,2_North Central,11544
6428,Florida,Alachua,2,2,2_North Central,11554
6429,Florida,Alachua,2,1,2_North Central,11554
6437,Florida,Alachua,2,2,2_North Central,11554
6480,Florida,Dixie,2,216,2_North Central,11552
6610,Florida,Taylor,2,154,2_North Central,11544
6526,Florida,St. Johns,3,146,3_Northeast,11559
6679,Florida,Clay,3,23,3_Northeast,11557
6658,Florida,Franklin,1,52,1_Northwest,11530
6441,Florida,Alachua,2,2,2_North Central,11554
6654,Florida,Franklin,1,52,1_Northwest,11530
6425,Florida,Alachua,2,2,2_North Central,11554
6439,Florida,Alachua,2,2,2_North Central,11554
6744,Florida,Bradford,2,8,2_North Central,11556
6511,Florida,Gilchrist,2,48,2_North Central,11552
6496,Florida,Gilchrist,2,48,2_North Central,11552
6442,Florida,Alachua,2,2,2_North Central,11554
6677,Florida,Clay,3,23,3_Northeast,11557
6443,Florida,Alachua,2,2,2_North Central,11554
6472,Florida,Dixie,2,216,2_North Central,11552
6614,Florida,Taylor,2,154,2_North Central,11547
6509,Florida,Gilchrist,2,48,2_North Central,11552
6651,Florida,Franklin,1,45,1_Northwest,11528
6528,Florida,St. Johns,3,146,3_Northeast,11559
6436,Florida,Alachua,2,1,2_North Central,11556
6529,Florida,St. Johns,3,146,3_Northeast,11559
6438,Florida,Alachua,2,2,2_North Central,11553
6510,Florida,Gilchrist,2,48,2_North Central,11553
6445,Florida,Alachua,2,2,2_North Central,11554
6433,Florida,Alachua,2,2,2_North Central,11553
6286,Florida,Putnam,3,134,3_Northeast,11557
6483,Florida,Dixie,2,216,2_North Central,11552
6283,Florida,Putnam,3,134,3_Northeast,11557
6481,Florida,Dixie,2,216,2_North Central,11552
6482,Florida,Dixie,2,216,2_North Central,11547
6484,Florida,Dixie,2,35,2_North Central,11547
6513,Florida,Gilchrist,2,48,2_North Central,11552
6752,Florida,Bradford,2,8,2_North Central,11556
6565,Florida,St. Johns,3,146,3_Northeast,11559
6683,Florida,Clay,3,23,3_Northeast,11557
6567,Florida,St. Johns,3,145,3_Northeast,11559
6566,Florida,St. Johns,3,145,3_Northeast,11559
6561,Florida,St. Johns,3,146,3_Northeast,11559
6721,Florida,Clay,3,24,3_Northeast,11558
6726,Florida,Clay,3,24,3_Northeast,11558
6724,Florida,Clay,3,24,3_Northeast,11558
7569,Florida,Bay,1,7,1_Northwest,11525
7147,Florida,Duval,3,9,3_Northeast,11559
6994,Florida,Suwannee,2,153,2_North Central,11552
6882,Florida,Columbia,2,31,2_North Central,11552
7138,Florida,Duval,3,25,3_Northeast,11558
7148,Florida,Duval,3,9,3_Northeast,11559
7558,Florida,Bay,1,6,1_Northwest,11525
7578,Florida,Bay,1,7,1_Northwest,11525
7153,Florida,Duval,3,25,3_Northeast,11558
7566,Florida,Bay,1,6,1_Northwest,11525
7581,Florida,Bay,1,6,1_Northwest,11525
7149,Florida,Duval,3,25,3_Northeast,11558
7667,Florida,Baker,3,4,3_Northeast,11556
7669,Florida,Baker,3,4,3_Northeast,11556
6800,Florida,Gulf,1,52,1_Northwest,11530
7146,Florida,Duval,3,25,3_Northeast,11558
7586,Florida,Bay,1,6,1_Northwest,11525
7158,Florida,Duval,3,38,3_Northeast,11558
7164,Florida,Duval,3,25,3_Northeast,11558
7162,Florida,Duval,3,25,3_Northeast,11559
6802,Florida,Gulf,1,52,1_Northwest,11530
7151,Florida,Duval,3,25,3_Northeast,11559
6440,Florida,Alachua,2,2,2_North Central,11554
6447,Florida,Alachua,2,2,2_North Central,11556
6444,Florida,Alachua,2,1,2_North Central,11556
6536,Florida,St. Johns,3,145,3_Northeast,11559
6535,Florida,St. Johns,3,145,3_Northeast,11559
6530,Florida,St. Johns,3,146,3_Northeast,11559
6431,Florida,Alachua,2,2,2_North Central,11554
6449,Florida,Alachua,2,2,2_North Central,11554
6659,Florida,Franklin,1,52,1_Northwest,11530
6682,Florida,Clay,3,23,3_Northeast,11557
6790,Florida,Gulf,1,52,1_Northwest,11530
6446,Florida,Alachua,2,2,2_North Central,11554
6532,Florida,St. Johns,3,146,3_Northeast,11559
6451,Florida,Alachua,2,2,2_North Central,11553
6455,Florida,Alachua,2,2,2_North Central,11556
6456,Florida,Alachua,2,2,2_North Central,11554
6613,Florida,Taylor,2,154,2_North Central,11544
6533,Florida,St. Johns,3,145,3_Northeast,11559
6791,Florida,Gulf,1,52,1_Northwest,11530
6531,Florida,St. Johns,3,146,3_Northeast,11559
6539,Florida,St. Johns,3,145,3_Northeast,11559
6537,Florida,St. Johns,3,145,3_Northeast,11559
6540,Florida,St. Johns,3,145,3_Northeast,11559
6534,Florida,St. Johns,3,145,3_Northeast,11559
6538,Florida,St. Johns,3,145,3_Northeast,11559
6454,Florida,Alachua,2,2,2_North Central,11553
6746,Florida,Bradford,2,8,2_North Central,11556
6748,Florida,Bradford,2,8,2_North Central,11556
6745,Florida,Bradford,2,8,2_North Central,11556
6660,Florida,Franklin,1,45,1_Northwest,11528
6514,Florida,Gilchrist,2,48,2_North Central,11553
6543,Florida,St. Johns,3,145,3_Northeast,11559
6747,Florida,Bradford,2,8,2_North Central,11556
6804,Florida,Columbia,2,31,2_North Central,11553
6680,Florida,Clay,3,23,3_Northeast,11557
6452,Florida,Alachua,2,2,2_North Central,11553
6544,Florida,St. Johns,3,145,3_Northeast,11559
6547,Florida,St. Johns,3,145,3_Northeast,11559
6792,Florida,Gulf,1,52,1_Northwest,11530
6453,Florida,Alachua,2,2,2_North Central,11554
6662,Florida,Franklin,1,45,1_Northwest,11528
6541,Florida,St. Johns,3,146,3_Northeast,11559
6459,Florida,Alachua,2,2,2_North Central,11553
6448,Florida,Alachua,2,2,2_North Central,11554
6450,Florida,Alachua,2,2,2_North Central,11554
6460,Florida,Alachua,2,2,2_North Central,11554
6457,Florida,Alachua,2,2,2_North Central,11554
6549,Florida,St. Johns,3,146,3_Northeast,11559
6552,Florida,St. Johns,3,145,3_Northeast,11559
6548,Florida,St. Johns,3,145,3_Northeast,11559
6546,Florida,St. Johns,3,145,3_Northeast,11559
6553,Florida,St. Johns,3,145,3_Northeast,11559
6554,Florida,St. Johns,3,145,3_Northeast,11559
6555,Florida,St. Johns,3,145,3_Northeast,11559
6545,Florida,St. Johns,3,145,3_Northeast,11559
6751,Florida,Bradford,2,8,2_North Central,11554
6663,Florida,Franklin,1,45,1_Northwest,11528
6556,Florida,St. Johns,3,146,3_Northeast,11559
6750,Florida,Bradford,2,8,2_North Central,11554
6749,Florida,Bradford,2,8,2_North Central,11556
6805,Florida,Columbia,2,31,2_North Central,11553
6557,Florida,St. Johns,3,145,3_Northeast,11559
6559,Florida,St. Johns,3,145,3_Northeast,11559
6560,Florida,St. Johns,3,145,3_Northeast,11559
6558,Florida,St. Johns,3,145,3_Northeast,11559
6897,Florida,Lafayette,2,76,2_North Central,11552
6754,Florida,Bradford,2,8,2_North Central,11554
6542,Florida,St. Johns,3,145,3_Northeast,11559
6562,Florida,St. Johns,3,146,3_Northeast,11559
6753,Florida,Bradford,2,8,2_North Central,11554
6564,Florida,St. Johns,3,145,3_Northeast,11559
6563,Florida,St. Johns,3,146,3_Northeast,11559
6551,Florida,St. Johns,3,146,3_Northeast,11559
6550,Florida,St. Johns,3,146,3_Northeast,11559
6570,Florida,St. Johns,3,145,3_Northeast,11559
6794,Florida,Gulf,1,52,1_Northwest,11530
6462,Florida,Alachua,2,2,2_North Central,11554
6512,Florida,Gilchrist,2,48,2_North Central,11552
6461,Florida,Alachua,2,2,2_North Central,11554
6759,Florida,Bradford,2,8,2_North Central,11556
6806,Florida,Columbia,2,31,2_North Central,11553
6757,Florida,Bradford,2,8,2_North Central,11554
6458,Florida,Alachua,2,2,2_North Central,11553
6665,Florida,Franklin,1,45,1_Northwest,11528
6932,Florida,Union,2,155,2_North Central,11554
6684,Florida,Clay,3,23,3_Northeast,11557
6573,Florida,St. Johns,3,145,3_Northeast,11559
6681,Florida,Clay,3,23,3_Northeast,11557
6755,Florida,Bradford,2,8,2_North Central,11556
6664,Florida,Franklin,1,45,1_Northwest,11528
6571,Florida,St. Johns,3,146,3_Northeast,11559
6807,Florida,Columbia,2,31,2_North Central,11553
6661,Florida,Franklin,1,45,1_Northwest,11530
6515,Florida,Gilchrist,2,48,2_North Central,11552
6762,Florida,Bradford,2,8,2_North Central,11556
6756,Florida,Bradford,2,8,2_North Central,11556
6788,Florida,Gulf,1,52,1_Northwest,11530
6764,Florida,Bradford,2,8,2_North Central,11556
6898,Florida,Lafayette,2,76,2_North Central,11547
6763,Florida,Bradford,2,8,2_North Central,11556
6463,Florida,Alachua,2,2,2_North Central,11554
7189,Florida,Duval,3,25,3_Northeast,11559
7611,Florida,Bay,1,6,1_Northwest,11525
7182,Florida,Duval,3,9,3_Northeast,11559
7176,Florida,Duval,3,25,3_Northeast,11558
7184,Florida,Duval,3,9,3_Northeast,11559
7759,Florida,Madison,2,90,2_North Central,11544
7762,Florida,Madison,2,90,2_North Central,11544
7825,Florida,Leon,2,87,2_North Central,11540
7521,Florida,Duval,3,5,3_Northeast,11559
7824,Florida,Leon,2,87,2_North Central,11540
7765,Florida,Madison,2,90,2_North Central,11544
7511,Florida,Duval,3,5,3_Northeast,11559
7827,Florida,Leon,2,87,2_North Central,11540
7836,Florida,Leon,2,87,2_North Central,11540
7835,Florida,Leon,2,87,2_North Central,11540
7838,Florida,Leon,2,87,2_North Central,11540
7828,Florida,Leon,2,87,2_North Central,11540
7523,Florida,Duval,3,5,3_Northeast,11558
7831,Florida,Leon,2,87,2_North Central,11540
7840,Florida,Leon,2,87,2_North Central,11540
7841,Florida,Leon,2,87,2_North Central,11540
7842,Florida,Leon,2,87,2_North Central,11540
7843,Florida,Leon,2,87,2_North Central,11540
8134,Florida,Escambia,1,41,1_Northwest,11503
7863,Florida,Leon,2,87,2_North Central,11540
7859,Florida,Leon,2,87,2_North Central,11540
7864,Florida,Leon,2,87,2_North Central,11540
7860,Florida,Leon,2,87,2_North Central,11540
7861,Florida,Leon,2,87,2_North Central,11540
7866,Florida,Leon,2,87,2_North Central,11540
7862,Florida,Leon,2,87,2_North Central,11540
7865,Florida,Leon,2,87,2_North Central,11540
8085,Florida,Walton,1,161,1_Northwest,11515
7697,Florida,Jefferson,2,75,2_North Central,11542
7738,Florida,Calhoun,1,18,1_Northwest,11529
8023,Florida,Hamilton,2,53,2_North Central,11547
8100,Florida,Walton,1,161,1_Northwest,11520
7716,Florida,Jefferson,2,207,2_North Central,11542
7071,Florida,Liberty,1,89,1_Northwest,11528
7743,Florida,Calhoun,1,19,1_Northwest,11530
8028,Florida,Hamilton,2,53,2_North Central,11547
7718,Florida,Jefferson,2,207,2_North Central,11542
8559,Florida,Gadsden,2,47,2_North Central,11538
8030,Florida,Hamilton,2,53,2_North Central,11547
8568,Florida,Gadsden,2,46,2_North Central,11528
8560,Florida,Gadsden,2,46,2_North Central,11528
7663,Florida,Bay,1,7,1_Northwest,11529
6766,Florida,Bradford,2,8,2_North Central,11556
6464,Florida,Alachua,2,2,2_North Central,11554
6767,Florida,Bradford,2,8,2_North Central,11556
6758,Florida,Bradford,2,8,2_North Central,11554
6768,Florida,Bradford,2,8,2_North Central,11556
6934,Florida,Union,2,155,2_North Central,11554
6765,Florida,Bradford,2,8,2_North Central,11556
6935,Florida,Union,2,155,2_North Central,11554
6667,Florida,Franklin,1,45,1_Northwest,11538
6811,Florida,Columbia,2,31,2_North Central,11553
6809,Florida,Columbia,2,31,2_North Central,11553
6569,Florida,St. Johns,3,145,3_Northeast,11559
6574,Florida,St. Johns,3,146,3_Northeast,11559
6689,Florida,Clay,3,23,3_Northeast,11557
6808,Florida,Columbia,2,31,2_North Central,11552
6971,Florida,Suwannee,2,153,2_North Central,11552
6810,Florida,Columbia,2,31,2_North Central,11553
6899,Florida,Lafayette,2,76,2_North Central,11552
6576,Florida,St. Johns,3,146,3_Northeast,11559
6972,Florida,Suwannee,2,153,2_North Central,11552
6937,Florida,Union,2,155,2_North Central,11554
6761,Florida,Bradford,2,8,2_North Central,11556
6936,Florida,Union,2,155,2_North Central,11554
6666,Florida,Franklin,1,45,1_Northwest,11528
6938,Florida,Union,2,155,2_North Central,11554
6939,Florida,Union,2,155,2_North Central,11554
6575,Florida,St. Johns,3,146,3_Northeast,11559
6668,Florida,Franklin,1,45,1_Northwest,11538
6933,Florida,Union,2,155,2_North Central,11554
6669,Florida,Franklin,1,45,1_Northwest,11538
6901,Florida,Lafayette,2,76,2_North Central,11552
6796,Florida,Gulf,1,52,1_Northwest,11530
6690,Florida,Clay,3,23,3_Northeast,11557
6940,Florida,Union,2,155,2_North Central,11554
6688,Florida,Clay,3,23,3_Northeast,11557
6686,Florida,Clay,3,23,3_Northeast,11557
6691,Florida,Clay,3,23,3_Northeast,11557
6578,Florida,St. Johns,3,146,3_Northeast,11559
6687,Florida,Clay,3,23,3_Northeast,11557
6685,Florida,Clay,3,23,3_Northeast,11557
6942,Florida,Union,2,155,2_North Central,11554
6760,Florida,Bradford,2,8,2_North Central,11554
6943,Florida,Union,2,155,2_North Central,11554
6692,Florida,Clay,3,23,3_Northeast,11557
6694,Florida,Clay,3,23,3_Northeast,11557
6580,Florida,St. Johns,3,146,3_Northeast,11559
6812,Florida,Columbia,2,31,2_North Central,11552
6976,Florida,Suwannee,2,153,2_North Central,11552
6974,Florida,Suwannee,2,153,2_North Central,11552
6795,Florida,Gulf,1,52,1_Northwest,11529
6771,Florida,Bradford,2,8,2_North Central,11556
6944,Florida,Union,2,155,2_North Central,11554
6693,Florida,Clay,3,23,3_Northeast,11557
6770,Florida,Bradford,2,8,2_North Central,11554
6670,Florida,Franklin,1,45,1_Northwest,11538
6797,Florida,Gulf,1,52,1_Northwest,11529
6813,Florida,Columbia,2,31,2_North Central,11553
6695,Florida,Clay,3,24,3_Northeast,11557
6973,Florida,Suwannee,2,153,2_North Central,11552
6946,Florida,Union,2,155,2_North Central,11554
6948,Florida,Union,2,155,2_North Central,11554
6979,Florida,Suwannee,2,153,2_North Central,11552
6949,Florida,Union,2,155,2_North Central,11553
6577,Florida,St. Johns,3,146,3_Northeast,11559
6814,Florida,Columbia,2,31,2_North Central,11553
6941,Florida,Union,2,155,2_North Central,11554
6977,Florida,Suwannee,2,153,2_North Central,11552
6945,Florida,Union,2,155,2_North Central,11554
6579,Florida,St. Johns,3,146,3_Northeast,11559
6583,Florida,St. Johns,3,146,3_Northeast,11559
6769,Florida,Bradford,2,8,2_North Central,11556
6950,Florida,Union,2,155,2_North Central,11554
6568,Florida,St. Johns,3,145,3_Northeast,11559
6951,Florida,Union,2,155,2_North Central,11554
6773,Florida,Bradford,2,8,2_North Central,11556
6775,Florida,Bradford,2,8,2_North Central,11556
6952,Florida,Union,2,155,2_North Central,11553
6696,Florida,Clay,3,24,3_Northeast,11557
6900,Florida,Lafayette,2,76,2_North Central,11552
6774,Florida,Bradford,2,8,2_North Central,11554
6953,Florida,Union,2,155,2_North Central,11554
6902,Florida,Lafayette,2,76,2_North Central,11552
6947,Florida,Union,2,155,2_North Central,11554
6954,Florida,Union,2,155,2_North Central,11554
6699,Florida,Clay,3,24,3_Northeast,11557
6815,Florida,Columbia,2,31,2_North Central,11553
6905,Florida,Lafayette,2,76,2_North Central,11552
6673,Florida,Franklin,1,45,1_Northwest,11538
6816,Florida,Columbia,2,31,2_North Central,11553
6817,Florida,Columbia,2,31,2_North Central,11553
6697,Florida,Clay,3,23,3_Northeast,11557
6701,Florida,Clay,3,24,3_Northeast,11557
6777,Florida,Bradford,2,8,2_North Central,11554
6778,Florida,Bradford,2,8,2_North Central,11556
6672,Florida,Franklin,1,45,1_Northwest,11538
6772,Florida,Bradford,2,8,2_North Central,11556
6698,Florida,Clay,3,24,3_Northeast,11557
6581,Florida,St. Johns,3,146,3_Northeast,11559
6906,Florida,Lafayette,2,76,2_North Central,11552
6779,Florida,Bradford,2,8,2_North Central,11556
6780,Florida,Bradford,2,8,2_North Central,11556
6903,Florida,Lafayette,2,76,2_North Central,11547
6776,Florida,Bradford,2,8,2_North Central,11556
6978,Florida,Suwannee,2,153,2_North Central,11552
6959,Florida,Union,2,155,2_North Central,11554
6700,Florida,Clay,3,24,3_Northeast,11557
6958,Florida,Union,2,155,2_North Central,11554
6784,Florida,Bradford,2,8,2_North Central,11556
6675,Florida,Franklin,1,45,1_Northwest,11538
6585,Florida,St. Johns,3,146,3_Northeast,11559
6674,Florida,Franklin,1,45,1_Northwest,11528
6702,Florida,Clay,3,24,3_Northeast,11557
6584,Florida,St. Johns,3,146,3_Northeast,11559
6586,Florida,St. Johns,3,146,3_Northeast,11559
6955,Florida,Union,2,155,2_North Central,11554
6582,Florida,St. Johns,3,145,3_Northeast,11559
6909,Florida,Lafayette,2,76,2_North Central,11547
6820,Florida,Columbia,2,31,2_North Central,11554
6980,Florida,Suwannee,2,153,2_North Central,11552
6960,Florida,Union,2,155,2_North Central,11554
6907,Florida,Lafayette,2,76,2_North Central,11552
6910,Florida,Lafayette,2,76,2_North Central,11547
6782,Florida,Bradford,2,8,2_North Central,11556
6783,Florida,Bradford,2,8,2_North Central,11556
6671,Florida,Franklin,1,45,1_Northwest,11528
6821,Florida,Columbia,2,31,2_North Central,11553
6961,Florida,Union,2,155,2_North Central,11556
6615,Florida,Taylor,2,154,2_North Central,11544
6819,Florida,Columbia,2,31,2_North Central,11552
6823,Florida,Columbia,2,31,2_North Central,11553
6704,Florida,Clay,3,24,3_Northeast,11558
6706,Florida,Clay,3,24,3_Northeast,11558
6911,Florida,Lafayette,2,76,2_North Central,11547
6818,Florida,Columbia,2,31,2_North Central,11553
6822,Florida,Columbia,2,31,2_North Central,11553
6912,Florida,Lafayette,2,76,2_North Central,11547
6705,Florida,Clay,3,24,3_Northeast,11558
6588,Florida,St. Johns,3,146,3_Northeast,11559
6618,Florida,Taylor,2,215,2_North Central,11544
6619,Florida,Taylor,2,154,2_North Central,11544
6975,Florida,Suwannee,2,153,2_North Central,11552
6707,Florida,Clay,3,24,3_Northeast,11558
6590,Florida,St. Johns,3,146,3_Northeast,11558
6963,Florida,Union,2,155,2_North Central,11554
6589,Florida,St. Johns,3,146,3_Northeast,11558
6620,Florida,Taylor,2,215,2_North Central,11544
6962,Florida,Union,2,155,2_North Central,11554
6915,Florida,Lafayette,2,76,2_North Central,11547
6914,Florida,Lafayette,2,76,2_North Central,11547
6957,Florida,Union,2,155,2_North Central,11554
6710,Florida,Clay,3,24,3_Northeast,11558
6824,Florida,Columbia,2,31,2_North Central,11553
7034,Florida,Wakulla,2,159,2_North Central,11538
6964,Florida,Union,2,155,2_North Central,11554
6591,Florida,St. Johns,3,146,3_Northeast,11558
6709,Florida,Clay,3,24,3_Northeast,11558
6913,Florida,Lafayette,2,76,2_North Central,11547
6917,Florida,Lafayette,2,76,2_North Central,11547
6593,Florida,St. Johns,3,146,3_Northeast,11558
6592,Florida,St. Johns,3,146,3_Northeast,11558
6621,Florida,Taylor,2,215,2_North Central,11544
6596,Florida,St. Johns,3,146,3_Northeast,11559
6622,Florida,Taylor,2,154,2_North Central,11544
6623,Florida,Taylor,2,154,2_North Central,11544
7036,Florida,Wakulla,2,159,2_North Central,11538
6793,Florida,Gulf,1,52,1_Northwest,11530
6785,Florida,Bradford,2,8,2_North Central,11556
6708,Florida,Clay,3,24,3_Northeast,11558
6916,Florida,Lafayette,2,76,2_North Central,11547
7037,Florida,Wakulla,2,159,2_North Central,11538
6595,Florida,St. Johns,3,146,3_Northeast,11558
6786,Florida,Bradford,2,8,2_North Central,11557
6965,Florida,Union,2,155,2_North Central,11556
7073,Florida,Duval,3,198,3_Northeast,11559
6624,Florida,Taylor,2,215,2_North Central,11544
6829,Florida,Columbia,2,31,2_North Central,11554
6712,Florida,Clay,3,24,3_Northeast,11558
6625,Florida,Taylor,2,215,2_North Central,11544
6716,Florida,Clay,3,24,3_Northeast,11558
6714,Florida,Clay,3,24,3_Northeast,11558
6832,Florida,Columbia,2,31,2_North Central,11553
6715,Florida,Clay,3,24,3_Northeast,11558
6598,Florida,St. Johns,3,146,3_Northeast,11558
6599,Florida,St. Johns,3,146,3_Northeast,11558
6967,Florida,Union,2,155,2_North Central,11556
6627,Florida,Taylor,2,154,2_North Central,11544
6713,Florida,Clay,3,24,3_Northeast,11558
6834,Florida,Columbia,2,31,2_North Central,11553
7074,Florida,Duval,3,198,3_Northeast,11558
6827,Florida,Columbia,2,31,2_North Central,11553
7035,Florida,Wakulla,2,159,2_North Central,11538
6904,Florida,Lafayette,2,76,2_North Central,11552
6626,Florida,Taylor,2,215,2_North Central,11544
6828,Florida,Columbia,2,31,2_North Central,11552
6830,Florida,Columbia,2,31,2_North Central,11553
6833,Florida,Columbia,2,31,2_North Central,11553
6982,Florida,Suwannee,2,153,2_North Central,11552
6831,Florida,Columbia,2,31,2_North Central,11552
6597,Florida,St. Johns,3,146,3_Northeast,11558
6630,Florida,Taylor,2,215,2_North Central,11544
6628,Florida,Taylor,2,215,2_North Central,11544
6835,Florida,Columbia,2,31,2_North Central,11553
6600,Florida,St. Johns,3,146,3_Northeast,11558
6594,Florida,St. Johns,3,145,3_Northeast,11559
6826,Florida,Columbia,2,31,2_North Central,11554
6919,Florida,Lafayette,2,76,2_North Central,11547
6918,Florida,Lafayette,2,76,2_North Central,11547
6632,Florida,Taylor,2,215,2_North Central,11544
6836,Florida,Columbia,2,31,2_North Central,11553
6633,Florida,Taylor,2,215,2_North Central,11544
6629,Florida,Taylor,2,154,2_North Central,11544
6631,Florida,Taylor,2,215,2_North Central,11544
6719,Florida,Clay,3,24,3_Northeast,11558
6956,Florida,Union,2,155,2_North Central,11554
6634,Florida,Taylor,2,214,2_North Central,11544
6717,Florida,Clay,3,24,3_Northeast,11558
7076,Florida,Duval,3,198,3_Northeast,11558
6825,Florida,Columbia,2,31,2_North Central,11553
7075,Florida,Duval,3,198,3_Northeast,11558
6968,Florida,Union,2,155,2_North Central,11554
6636,Florida,Taylor,2,214,2_North Central,11544
6970,Florida,Union,2,155,2_North Central,11556
6787,Florida,Bradford,2,8,2_North Central,11556
6838,Florida,Columbia,2,31,2_North Central,11553
6969,Florida,Union,2,155,2_North Central,11554
6966,Florida,Union,2,155,2_North Central,11554
6711,Florida,Clay,3,24,3_Northeast,11558
6718,Florida,Clay,3,24,3_Northeast,11558
6920,Florida,Lafayette,2,76,2_North Central,11547
6635,Florida,Taylor,2,213,2_North Central,11544
6617,Florida,Taylor,2,215,2_North Central,11544
6908,Florida,Lafayette,2,76,2_North Central,11547
6637,Florida,Taylor,2,214,2_North Central,11544
6798,Florida,Gulf,1,52,1_Northwest,11529
6840,Florida,Columbia,2,31,2_North Central,11553
6703,Florida,Clay,3,23,3_Northeast,11557
6723,Florida,Clay,3,24,3_Northeast,11558
6837,Florida,Columbia,2,31,2_North Central,11553
6587,Florida,St. Johns,3,145,3_Northeast,11559
7078,Florida,Duval,3,198,3_Northeast,11558
6722,Florida,Clay,3,24,3_Northeast,11558
7077,Florida,Duval,3,198,3_Northeast,11558
6572,Florida,St. Johns,3,145,3_Northeast,11559
7079,Florida,Duval,3,198,3_Northeast,11558
6727,Florida,Clay,3,24,3_Northeast,11558
6725,Florida,Clay,3,24,3_Northeast,11558
7081,Florida,Duval,3,198,3_Northeast,11558
7080,Florida,Duval,3,198,3_Northeast,11558
7082,Florida,Duval,3,198,3_Northeast,11558
6728,Florida,Clay,3,24,3_Northeast,11558
6986,Florida,Suwannee,2,153,2_North Central,11552
6844,Florida,Columbia,2,31,2_North Central,11553
6841,Florida,Columbia,2,31,2_North Central,11553
6729,Florida,Clay,3,24,3_Northeast,11558
7084,Florida,Duval,3,198,3_Northeast,11558
6842,Florida,Columbia,2,31,2_North Central,11553
6981,Florida,Suwannee,2,153,2_North Central,11552
6922,Florida,Lafayette,2,76,2_North Central,11547
6730,Florida,Clay,3,24,3_Northeast,11558
6839,Florida,Columbia,2,31,2_North Central,11554
6847,Florida,Columbia,2,31,2_North Central,11553
6923,Florida,Lafayette,2,76,2_North Central,11547
6616,Florida,Taylor,2,154,2_North Central,11544
6983,Florida,Suwannee,2,153,2_North Central,11552
7087,Florida,Duval,3,198,3_Northeast,11558
7539,Florida,Bay,1,7,1_Northwest,11525
7041,Florida,Wakulla,2,159,2_North Central,11540
6924,Florida,Lafayette,2,76,2_North Central,11547
7089,Florida,Duval,3,198,3_Northeast,11558
7086,Florida,Duval,3,198,3_Northeast,11558
7091,Florida,Duval,3,198,3_Northeast,11558
6732,Florida,Clay,3,24,3_Northeast,11558
6602,Florida,St. Johns,3,145,3_Northeast,11559
7088,Florida,Duval,3,198,3_Northeast,11558
6845,Florida,Columbia,2,31,2_North Central,11553
6736,Florida,Clay,3,24,3_Northeast,11558
6984,Florida,Suwannee,2,153,2_North Central,11552
6843,Florida,Columbia,2,31,2_North Central,11552
6731,Florida,Clay,3,24,3_Northeast,11557
6733,Florida,Clay,3,23,3_Northeast,11557
6848,Florida,Columbia,2,31,2_North Central,11553
6641,Florida,Taylor,2,214,2_North Central,11544
6985,Florida,Suwannee,2,153,2_North Central,11547
6853,Florida,Columbia,2,31,2_North Central,11553
6638,Florida,Taylor,2,213,2_North Central,11544
6640,Florida,Taylor,2,213,2_North Central,11544
6720,Florida,Clay,3,24,3_Northeast,11558
6737,Florida,Clay,3,24,3_Northeast,11558
6735,Florida,Clay,3,24,3_Northeast,11558
6739,Florida,Clay,3,24,3_Northeast,11558
6734,Florida,Clay,3,24,3_Northeast,11558
6852,Florida,Columbia,2,31,2_North Central,11553
7090,Florida,Duval,3,198,3_Northeast,11558
7083,Florida,Duval,3,198,3_Northeast,11558
7092,Florida,Duval,3,198,3_Northeast,11558
6601,Florida,St. Johns,3,145,3_Northeast,11559
6738,Florida,Clay,3,24,3_Northeast,11558
6849,Florida,Columbia,2,31,2_North Central,11553
6850,Florida,Columbia,2,31,2_North Central,11553
6851,Florida,Columbia,2,31,2_North Central,11553
6603,Florida,St. Johns,3,145,3_Northeast,11559
6857,Florida,Columbia,2,31,2_North Central,11553
6859,Florida,Columbia,2,31,2_North Central,11553
6740,Florida,Clay,3,24,3_Northeast,11558
6858,Florida,Columbia,2,31,2_North Central,11553
7085,Florida,Duval,3,198,3_Northeast,11558
6854,Florida,Columbia,2,31,2_North Central,11553
6855,Florida,Columbia,2,31,2_North Central,11553
7097,Florida,Duval,3,38,3_Northeast,11558
6642,Florida,Taylor,2,214,2_North Central,11544
7095,Florida,Duval,3,38,3_Northeast,11558
6860,Florida,Columbia,2,31,2_North Central,11553
6862,Florida,Columbia,2,31,2_North Central,11553
6861,Florida,Columbia,2,31,2_North Central,11553
7039,Florida,Wakulla,2,159,2_North Central,11540
6639,Florida,Taylor,2,214,2_North Central,11544
7093,Florida,Duval,3,198,3_Northeast,11558
7096,Florida,Duval,3,38,3_Northeast,11558
6864,Florida,Columbia,2,31,2_North Central,11553
7094,Florida,Duval,3,198,3_Northeast,11558
6865,Florida,Columbia,2,31,2_North Central,11553
6866,Florida,Columbia,2,31,2_North Central,11553
6867,Florida,Columbia,2,31,2_North Central,11553
6868,Florida,Columbia,2,31,2_North Central,11553
7100,Florida,Duval,3,38,3_Northeast,11557
7105,Florida,Duval,3,38,3_Northeast,11558
7098,Florida,Duval,3,38,3_Northeast,11558
7101,Florida,Duval,3,198,3_Northeast,11558
7102,Florida,Duval,3,198,3_Northeast,11558
7104,Florida,Duval,3,198,3_Northeast,11558
7099,Florida,Duval,3,38,3_Northeast,11558
6846,Florida,Columbia,2,31,2_North Central,11553
7103,Florida,Duval,3,38,3_Northeast,11558
6871,Florida,Columbia,2,31,2_North Central,11553
6872,Florida,Columbia,2,31,2_North Central,11553
6870,Florida,Columbia,2,31,2_North Central,11553
7040,Florida,Wakulla,2,159,2_North Central,11538
6874,Florida,Columbia,2,31,2_North Central,11553
6873,Florida,Columbia,2,31,2_North Central,11553
6869,Florida,Columbia,2,31,2_North Central,11553
6856,Florida,Columbia,2,31,2_North Central,11552
6925,Florida,Lafayette,2,76,2_North Central,11547
6875,Florida,Columbia,2,31,2_North Central,11552
7542,Florida,Bay,1,7,1_Northwest,11525
6799,Florida,Gulf,1,52,1_Northwest,11529
7108,Florida,Duval,3,198,3_Northeast,11558
7541,Florida,Bay,1,7,1_Northwest,11525
7059,Florida,Liberty,1,89,1_Northwest,11528
7106,Florida,Duval,3,198,3_Northeast,11558
7113,Florida,Duval,3,198,3_Northeast,11558
7110,Florida,Duval,3,198,3_Northeast,11558
7109,Florida,Duval,3,198,3_Northeast,11558
6928,Florida,Lafayette,2,76,2_North Central,11547
7690,Florida,Jefferson,2,75,2_North Central,11542
7666,Florida,Baker,3,4,3_Northeast,11556
6605,Florida,St. Johns,3,145,3_Northeast,11559
7664,Florida,Baker,3,4,3_Northeast,11554
7112,Florida,Duval,3,38,3_Northeast,11558
7038,Florida,Wakulla,2,159,2_North Central,11538
6607,Florida,St. Johns,3,145,3_Northeast,11559
7540,Florida,Bay,1,7,1_Northwest,11525
7543,Florida,Bay,1,7,1_Northwest,11525
7549,Florida,Bay,1,7,1_Northwest,11525
6863,Florida,Columbia,2,31,2_North Central,11553
6927,Florida,Lafayette,2,76,2_North Central,11547
7545,Florida,Bay,1,7,1_Northwest,11525
7544,Florida,Bay,1,6,1_Northwest,11525
7547,Florida,Bay,1,7,1_Northwest,11525
7548,Florida,Bay,1,7,1_Northwest,11525
7550,Florida,Bay,1,7,1_Northwest,11525
6988,Florida,Suwannee,2,153,2_North Central,11552
7107,Florida,Duval,3,38,3_Northeast,11558
7120,Florida,Duval,3,25,3_Northeast,11558
7118,Florida,Duval,3,25,3_Northeast,11559
7552,Florida,Bay,1,7,1_Northwest,11525
7042,Florida,Wakulla,2,159,2_North Central,11542
7553,Florida,Bay,1,7,1_Northwest,11525
7546,Florida,Bay,1,7,1_Northwest,11525
7043,Florida,Wakulla,2,159,2_North Central,11540
7551,Florida,Bay,1,7,1_Northwest,11525
6991,Florida,Suwannee,2,153,2_North Central,11552
7128,Florida,Duval,3,25,3_Northeast,11558
6993,Florida,Suwannee,2,153,2_North Central,11552
6606,Florida,St. Johns,3,145,3_Northeast,11559
7665,Florida,Baker,3,4,3_Northeast,11554
7554,Florida,Bay,1,7,1_Northwest,11525
6989,Florida,Suwannee,2,153,2_North Central,11547
7559,Florida,Bay,1,7,1_Northwest,11525
7556,Florida,Bay,1,7,1_Northwest,11525
7555,Florida,Bay,1,6,1_Northwest,11525
7125,Florida,Duval,3,25,3_Northeast,11559
7130,Florida,Duval,3,25,3_Northeast,11558
7122,Florida,Duval,3,25,3_Northeast,11558
7560,Florida,Bay,1,7,1_Northwest,11525
7114,Florida,Duval,3,38,3_Northeast,11558
7561,Florida,Bay,1,7,1_Northwest,11525
7111,Florida,Duval,3,38,3_Northeast,11558
7132,Florida,Duval,3,25,3_Northeast,11558
7562,Florida,Bay,1,7,1_Northwest,11525
7115,Florida,Duval,3,38,3_Northeast,11558
7117,Florida,Duval,3,38,3_Northeast,11558
7123,Florida,Duval,3,38,3_Northeast,11558
7131,Florida,Duval,3,38,3_Northeast,11558
7129,Florida,Duval,3,38,3_Northeast,11558
7563,Florida,Bay,1,7,1_Northwest,11525
7133,Florida,Duval,3,25,3_Northeast,11559
7116,Florida,Duval,3,38,3_Northeast,11558
7564,Florida,Bay,1,7,1_Northwest,11525
7567,Florida,Bay,1,7,1_Northwest,11525
7136,Florida,Duval,3,25,3_Northeast,11558
7134,Florida,Duval,3,25,3_Northeast,11558
7135,Florida,Duval,3,25,3_Northeast,11559
6878,Florida,Columbia,2,31,2_North Central,11553
6608,Florida,St. Johns,3,145,3_Northeast,11559
6609,Florida,St. Johns,3,145,3_Northeast,11559
6604,Florida,St. Johns,3,145,3_Northeast,11559
7126,Florida,Duval,3,25,3_Northeast,11558
7121,Florida,Duval,3,25,3_Northeast,11558
7119,Florida,Duval,3,38,3_Northeast,11558
6880,Florida,Columbia,2,31,2_North Central,11553
7568,Florida,Bay,1,7,1_Northwest,11525
7670,Florida,Baker,3,4,3_Northeast,11554
7571,Florida,Bay,1,7,1_Northwest,11525
7572,Florida,Bay,1,7,1_Northwest,11525
7573,Florida,Bay,1,7,1_Northwest,11525
7127,Florida,Duval,3,198,3_Northeast,11559
7574,Florida,Bay,1,7,1_Northwest,11525
7575,Florida,Bay,1,7,1_Northwest,11525
7577,Florida,Bay,1,7,1_Northwest,11525
7140,Florida,Duval,3,9,3_Northeast,11559
6881,Florida,Columbia,2,31,2_North Central,11553
7570,Florida,Bay,1,7,1_Northwest,11525
7144,Florida,Duval,3,25,3_Northeast,11558
7143,Florida,Duval,3,25,3_Northeast,11559
7671,Florida,Baker,3,4,3_Northeast,11556
7557,Florida,Bay,1,7,1_Northwest,11525
7141,Florida,Duval,3,38,3_Northeast,11558
6987,Florida,Suwannee,2,153,2_North Central,11547
7142,Florida,Duval,3,38,3_Northeast,11558
6992,Florida,Suwannee,2,153,2_North Central,11552
7668,Florida,Baker,3,4,3_Northeast,11554
7139,Florida,Duval,3,25,3_Northeast,11558
7582,Florida,Bay,1,7,1_Northwest,11525
7579,Florida,Bay,1,7,1_Northwest,11525
6921,Florida,Lafayette,2,76,2_North Central,11547
6929,Florida,Lafayette,2,76,2_North Central,11547
7576,Florida,Bay,1,6,1_Northwest,11525
6876,Florida,Columbia,2,31,2_North Central,11553
7157,Florida,Duval,3,9,3_Northeast,11559
6801,Florida,Gulf,1,52,1_Northwest,11530
7155,Florida,Duval,3,25,3_Northeast,11559
7204,Florida,Duval,3,38,3_Northeast,11558
7621,Florida,Bay,1,6,1_Northwest,11520
7165,Florida,Duval,3,38,3_Northeast,11558
7001,Florida,Suwannee,2,153,2_North Central,11547
7230,Florida,Duval,3,25,3_Northeast,11558
7005,Florida,Suwannee,2,153,2_North Central,11552
7222,Florida,Duval,3,25,3_Northeast,11558
7228,Florida,Duval,3,36,3_Northeast,11558
7205,Florida,Duval,3,25,3_Northeast,11559
7622,Florida,Bay,1,7,1_Northwest,11525
7252,Florida,Duval,3,36,3_Northeast,11558
7248,Florida,Duval,3,36,3_Northeast,11558
7238,Florida,Duval,3,25,3_Northeast,11559
7206,Florida,Duval,3,25,3_Northeast,11559
7013,Florida,Suwannee,2,153,2_North Central,11552
7218,Florida,Duval,3,25,3_Northeast,11558
7253,Florida,Duval,3,25,3_Northeast,11558
7241,Florida,Duval,3,25,3_Northeast,11558
7214,Florida,Duval,3,9,3_Northeast,11559
7246,Florida,Duval,3,25,3_Northeast,11558
7444,Florida,Duval,3,36,3_Northeast,11558
7800,Florida,Leon,2,86,2_North Central,11540
7445,Florida,Duval,3,36,3_Northeast,11558
7420,Florida,Duval,3,9,3_Northeast,11559
8004,Florida,Hamilton,2,53,2_North Central,11552
8084,Florida,Walton,1,161,1_Northwest,11520
7895,Florida,Leon,2,87,2_North Central,11540
7530,Florida,Duval,3,5,3_Northeast,11558
7898,Florida,Leon,2,87,2_North Central,11540
7874,Florida,Leon,2,87,2_North Central,11540
8133,Florida,Escambia,1,138,1_Northwest,11503
8431,Florida,Santa Rosa,1,138,1_Northwest,11503
8318,Florida,Okaloosa,1,114,1_Northwest,11515
7773,Florida,Madison,2,208,2_North Central,11544
8321,Florida,Okaloosa,1,114,1_Northwest,11515
7971,Florida,Leon,2,85,2_North Central,11540
8185,Florida,Escambia,1,41,1_Northwest,11502
8166,Florida,Escambia,1,40,1_Northwest,11502
8363,Florida,Okaloosa,1,114,1_Northwest,11515
8540,Florida,Gadsden,2,47,2_North Central,11538
8095,Florida,Walton,1,161,1_Northwest,11520
8702,Florida,Holmes,1,70,1_Northwest,11525
8701,Florida,Holmes,1,69,1_Northwest,11520
8669,Florida,Jackson,1,74,1_Northwest,11525
7154,Florida,Duval,3,38,3_Northeast,11558
7598,Florida,Bay,1,7,1_Northwest,11525
7159,Florida,Duval,3,9,3_Northeast,11559
7152,Florida,Duval,3,38,3_Northeast,11558
7047,Florida,Wakulla,2,159,2_North Central,11540
7590,Florida,Bay,1,7,1_Northwest,11525
7156,Florida,Duval,3,38,3_Northeast,11558
7045,Florida,Wakulla,2,159,2_North Central,11540
7593,Florida,Bay,1,7,1_Northwest,11525
6879,Florida,Columbia,2,31,2_North Central,11553
7585,Florida,Bay,1,7,1_Northwest,11525
7583,Florida,Bay,1,7,1_Northwest,11525
7592,Florida,Bay,1,7,1_Northwest,11525
7584,Florida,Bay,1,7,1_Northwest,11525
6883,Florida,Columbia,2,31,2_North Central,11553
7589,Florida,Bay,1,7,1_Northwest,11525
7587,Florida,Bay,1,7,1_Northwest,11525
7594,Florida,Bay,1,7,1_Northwest,11525
7580,Florida,Bay,1,7,1_Northwest,11525
7145,Florida,Duval,3,38,3_Northeast,11558
7596,Florida,Bay,1,6,1_Northwest,11525
7595,Florida,Bay,1,7,1_Northwest,11525
6803,Florida,Gulf,1,52,1_Northwest,11529
7591,Florida,Bay,1,6,1_Northwest,11525
7150,Florida,Duval,3,38,3_Northeast,11558
7673,Florida,Baker,3,4,3_Northeast,11554
7161,Florida,Duval,3,9,3_Northeast,11559
6877,Florida,Columbia,2,31,2_North Central,11553
7599,Florida,Bay,1,6,1_Northwest,11525
7674,Florida,Baker,3,4,3_Northeast,11556
7597,Florida,Bay,1,6,1_Northwest,11525
7600,Florida,Bay,1,7,1_Northwest,11525
7602,Florida,Bay,1,7,1_Northwest,11525
7166,Florida,Duval,3,25,3_Northeast,11558
7169,Florida,Duval,3,38,3_Northeast,11558
7163,Florida,Duval,3,38,3_Northeast,11558
7604,Florida,Bay,1,7,1_Northwest,11525
6930,Florida,Lafayette,2,76,2_North Central,11547
7044,Florida,Wakulla,2,159,2_North Central,11538
7603,Florida,Bay,1,7,1_Northwest,11525
6931,Florida,Lafayette,2,76,2_North Central,11547
7171,Florida,Duval,3,38,3_Northeast,11558
6926,Florida,Lafayette,2,76,2_North Central,11547
7606,Florida,Bay,1,6,1_Northwest,11525
7588,Florida,Bay,1,7,1_Northwest,11525
6996,Florida,Suwannee,2,153,2_North Central,11552
7175,Florida,Duval,3,38,3_Northeast,11558
7191,Florida,Duval,3,38,3_Northeast,11558
7178,Florida,Duval,3,38,3_Northeast,11558
7186,Florida,Duval,3,38,3_Northeast,11558
7190,Florida,Duval,3,38,3_Northeast,11558
7601,Florida,Bay,1,6,1_Northwest,11525
7607,Florida,Bay,1,7,1_Northwest,11525
7160,Florida,Duval,3,9,3_Northeast,11559
7672,Florida,Baker,3,4,3_Northeast,11556
7050,Florida,Wakulla,2,159,2_North Central,11540
7675,Florida,Baker,3,4,3_Northeast,11556
6884,Florida,Columbia,2,31,2_North Central,11554
7168,Florida,Duval,3,25,3_Northeast,11558
6885,Florida,Columbia,2,31,2_North Central,11552
7676,Florida,Baker,3,4,3_Northeast,11556
7605,Florida,Bay,1,7,1_Northwest,11525
7678,Florida,Baker,3,4,3_Northeast,11556
7608,Florida,Bay,1,7,1_Northwest,11525
7177,Florida,Duval,3,25,3_Northeast,11559
6645,Florida,Taylor,2,213,2_North Central,11544
7179,Florida,Duval,3,25,3_Northeast,11559
7188,Florida,Duval,3,9,3_Northeast,11559
7172,Florida,Duval,3,9,3_Northeast,11559
7614,Florida,Bay,1,6,1_Northwest,11525
7167,Florida,Duval,3,9,3_Northeast,11559
7181,Florida,Duval,3,9,3_Northeast,11559
7174,Florida,Duval,3,25,3_Northeast,11558
7183,Florida,Duval,3,9,3_Northeast,11559
7610,Florida,Bay,1,6,1_Northwest,11525
7173,Florida,Duval,3,25,3_Northeast,11558
7613,Florida,Bay,1,7,1_Northwest,11525
6997,Florida,Suwannee,2,153,2_North Central,11552
7193,Florida,Duval,3,25,3_Northeast,11559
7185,Florida,Duval,3,25,3_Northeast,11558
7198,Florida,Duval,3,38,3_Northeast,11558
7137,Florida,Duval,3,38,3_Northeast,11557
7680,Florida,Baker,3,4,3_Northeast,11556
7124,Florida,Duval,3,38,3_Northeast,11558
7195,Florida,Duval,3,25,3_Northeast,11558
7201,Florida,Duval,3,38,3_Northeast,11558
7612,Florida,Bay,1,7,1_Northwest,11525
6886,Florida,Columbia,2,31,2_North Central,11554
7170,Florida,Duval,3,38,3_Northeast,11558
7048,Florida,Wakulla,2,159,2_North Central,11540
7617,Florida,Bay,1,6,1_Northwest,11525
7196,Florida,Duval,3,25,3_Northeast,11558
7203,Florida,Duval,3,25,3_Northeast,11559
7677,Florida,Baker,3,4,3_Northeast,11556
7194,Florida,Duval,3,25,3_Northeast,11558
7618,Florida,Bay,1,6,1_Northwest,11520
7180,Florida,Duval,3,25,3_Northeast,11558
7199,Florida,Duval,3,38,3_Northeast,11558
6995,Florida,Suwannee,2,153,2_North Central,11552
6990,Florida,Suwannee,2,153,2_North Central,11552
7192,Florida,Duval,3,38,3_Northeast,11558
7200,Florida,Duval,3,38,3_Northeast,11558
7202,Florida,Duval,3,25,3_Northeast,11558
7565,Florida,Bay,1,7,1_Northwest,11525
7615,Florida,Bay,1,6,1_Northwest,11520
7197,Florida,Duval,3,38,3_Northeast,11558
7211,Florida,Duval,3,25,3_Northeast,11558
6998,Florida,Suwannee,2,153,2_North Central,11552
7207,Florida,Duval,3,36,3_Northeast,11558
7619,Florida,Bay,1,7,1_Northwest,11525
6644,Florida,Taylor,2,213,2_North Central,11542
7003,Florida,Suwannee,2,153,2_North Central,11552
7208,Florida,Duval,3,36,3_Northeast,11558
7061,Florida,Liberty,1,89,1_Northwest,11530
7004,Florida,Suwannee,2,153,2_North Central,11552
7679,Florida,Baker,3,4,3_Northeast,11554
7620,Florida,Bay,1,7,1_Northwest,11525
7216,Florida,Duval,3,37,3_Northeast,11558
7046,Florida,Wakulla,2,159,2_North Central,11540
7217,Florida,Duval,3,37,3_Northeast,11557
7002,Florida,Suwannee,2,153,2_North Central,11552
7213,Florida,Duval,3,9,3_Northeast,11559
7209,Florida,Duval,3,25,3_Northeast,11558
7000,Florida,Suwannee,2,153,2_North Central,11552
7220,Florida,Duval,3,25,3_Northeast,11558
7007,Florida,Suwannee,2,153,2_North Central,11552
7235,Florida,Duval,3,38,3_Northeast,11558
7008,Florida,Suwannee,2,153,2_North Central,11552
7224,Florida,Duval,3,38,3_Northeast,11558
6999,Florida,Suwannee,2,153,2_North Central,11552
7187,Florida,Duval,3,38,3_Northeast,11558
7049,Florida,Wakulla,2,159,2_North Central,11542
7233,Florida,Duval,3,25,3_Northeast,11558
7239,Florida,Duval,3,36,3_Northeast,11558
7012,Florida,Suwannee,2,153,2_North Central,11552
7009,Florida,Suwannee,2,153,2_North Central,11552
7010,Florida,Suwannee,2,153,2_North Central,11552
7052,Florida,Wakulla,2,159,2_North Central,11540
7237,Florida,Duval,3,36,3_Northeast,11558
7231,Florida,Duval,3,36,3_Northeast,11558
7625,Florida,Bay,1,7,1_Northwest,11525
7219,Florida,Duval,3,25,3_Northeast,11559
7244,Florida,Duval,3,38,3_Northeast,11558
7243,Florida,Duval,3,36,3_Northeast,11558
7215,Florida,Duval,3,38,3_Northeast,11558
7258,Florida,Duval,3,36,3_Northeast,11558
7249,Florida,Duval,3,37,3_Northeast,11558
7255,Florida,Duval,3,36,3_Northeast,11558
7210,Florida,Duval,3,38,3_Northeast,11558
7232,Florida,Duval,3,38,3_Northeast,11558
7254,Florida,Duval,3,38,3_Northeast,11558
7221,Florida,Duval,3,25,3_Northeast,11559
7259,Florida,Duval,3,36,3_Northeast,11558
7242,Florida,Duval,3,38,3_Northeast,11558
6888,Florida,Columbia,2,31,2_North Central,11552
7264,Florida,Duval,3,25,3_Northeast,11558
7263,Florida,Duval,3,36,3_Northeast,11558
7245,Florida,Duval,3,36,3_Northeast,11558
7250,Florida,Duval,3,25,3_Northeast,11558
7257,Florida,Duval,3,38,3_Northeast,11558
7267,Florida,Duval,3,36,3_Northeast,11558
7017,Florida,Suwannee,2,153,2_North Central,11552
7015,Florida,Suwannee,2,153,2_North Central,11552
7256,Florida,Duval,3,36,3_Northeast,11558
7269,Florida,Duval,3,25,3_Northeast,11558
7272,Florida,Duval,3,25,3_Northeast,11558
7919,Florida,Leon,2,87,2_North Central,11540
7529,Florida,Duval,3,5,3_Northeast,11559
7531,Florida,Duval,3,5,3_Northeast,11559
7916,Florida,Leon,2,87,2_North Central,11540
8007,Florida,Hamilton,2,53,2_North Central,11547
7923,Florida,Leon,2,87,2_North Central,11540
7733,Florida,Calhoun,1,19,1_Northwest,11530
7735,Florida,Calhoun,1,19,1_Northwest,11530
8432,Florida,Santa Rosa,1,138,1_Northwest,11503
8433,Florida,Santa Rosa,1,138,1_Northwest,11503
7524,Florida,Duval,3,5,3_Northeast,11558
7775,Florida,Madison,2,208,2_North Central,11544
8643,Florida,Jackson,1,74,1_Northwest,11530
8389,Florida,Okaloosa,1,114,1_Northwest,11511
8297,Florida,Escambia,1,40,1_Northwest,11505
8110,Florida,Walton,1,161,1_Northwest,11520
8390,Florida,Okaloosa,1,113,1_Northwest,11511
8647,Florida,Jackson,1,74,1_Northwest,11530
8685,Florida,Holmes,1,69,1_Northwest,11520
8648,Florida,Jackson,1,74,1_Northwest,11530
8518,Florida,Washington,1,163,1_Northwest,11529
7623,Florida,Bay,1,7,1_Northwest,11525
7624,Florida,Bay,1,7,1_Northwest,11525
7270,Florida,Duval,3,36,3_Northeast,11558
6648,Florida,Taylor,2,214,2_North Central,11544
7229,Florida,Duval,3,9,3_Northeast,11559
7266,Florida,Duval,3,25,3_Northeast,11558
7276,Florida,Duval,3,36,3_Northeast,11558
7628,Florida,Bay,1,6,1_Northwest,11520
7212,Florida,Duval,3,9,3_Northeast,11559
7274,Florida,Duval,3,36,3_Northeast,11558
7275,Florida,Duval,3,36,3_Northeast,11558
7284,Florida,Duval,3,25,3_Northeast,11558
7251,Florida,Duval,3,25,3_Northeast,11558
7262,Florida,Duval,3,25,3_Northeast,11559
7271,Florida,Duval,3,36,3_Northeast,11558
7268,Florida,Duval,3,25,3_Northeast,11559
7273,Florida,Duval,3,36,3_Northeast,11558
7227,Florida,Duval,3,25,3_Northeast,11559
7631,Florida,Bay,1,7,1_Northwest,11525
7285,Florida,Duval,3,36,3_Northeast,11558
7280,Florida,Duval,3,36,3_Northeast,11558
7281,Florida,Duval,3,25,3_Northeast,11559
7278,Florida,Duval,3,37,3_Northeast,11558
7223,Florida,Duval,3,25,3_Northeast,11559
7236,Florida,Duval,3,9,3_Northeast,11559
7240,Florida,Duval,3,9,3_Northeast,11559
7286,Florida,Duval,3,36,3_Northeast,11558
7289,Florida,Duval,3,36,3_Northeast,11558
7234,Florida,Duval,3,9,3_Northeast,11559
7265,Florida,Duval,3,37,3_Northeast,11558
7226,Florida,Duval,3,25,3_Northeast,11559
7277,Florida,Duval,3,9,3_Northeast,11559
7283,Florida,Duval,3,37,3_Northeast,11558
7291,Florida,Duval,3,25,3_Northeast,11559
7225,Florida,Duval,3,9,3_Northeast,11559
7260,Florida,Duval,3,9,3_Northeast,11559
7006,Florida,Suwannee,2,153,2_North Central,11552
7287,Florida,Duval,3,37,3_Northeast,11558
7300,Florida,Duval,3,36,3_Northeast,11558
7296,Florida,Duval,3,36,3_Northeast,11558
7290,Florida,Duval,3,36,3_Northeast,11558
6889,Florida,Columbia,2,31,2_North Central,11553
6887,Florida,Columbia,2,31,2_North Central,11553
7019,Florida,Suwannee,2,153,2_North Central,11552
7294,Florida,Duval,3,36,3_Northeast,11558
7301,Florida,Duval,3,36,3_Northeast,11558
7308,Florida,Duval,3,36,3_Northeast,11558
7627,Florida,Bay,1,6,1_Northwest,11520
7307,Florida,Duval,3,36,3_Northeast,11558
7311,Florida,Duval,3,36,3_Northeast,11558
7303,Florida,Duval,3,36,3_Northeast,11558
7011,Florida,Suwannee,2,153,2_North Central,11552
7609,Florida,Bay,1,7,1_Northwest,11525
7312,Florida,Duval,3,36,3_Northeast,11558
7282,Florida,Duval,3,25,3_Northeast,11559
7634,Florida,Bay,1,7,1_Northwest,11525
7316,Florida,Duval,3,36,3_Northeast,11558
7313,Florida,Duval,3,36,3_Northeast,11558
7304,Florida,Duval,3,25,3_Northeast,11559
7279,Florida,Duval,3,25,3_Northeast,11559
7310,Florida,Duval,3,36,3_Northeast,11558
7314,Florida,Duval,3,36,3_Northeast,11558
7319,Florida,Duval,3,36,3_Northeast,11558
7288,Florida,Duval,3,25,3_Northeast,11559
7293,Florida,Duval,3,36,3_Northeast,11558
7292,Florida,Duval,3,25,3_Northeast,11559
7295,Florida,Duval,3,36,3_Northeast,11558
7633,Florida,Bay,1,7,1_Northwest,11525
7320,Florida,Duval,3,36,3_Northeast,11558
7321,Florida,Duval,3,36,3_Northeast,11558
7322,Florida,Duval,3,36,3_Northeast,11558
7317,Florida,Duval,3,36,3_Northeast,11558
7324,Florida,Duval,3,36,3_Northeast,11558
7326,Florida,Duval,3,36,3_Northeast,11558
7315,Florida,Duval,3,36,3_Northeast,11558
6643,Florida,Taylor,2,214,2_North Central,11544
7323,Florida,Duval,3,36,3_Northeast,11558
7309,Florida,Duval,3,36,3_Northeast,11558
7018,Florida,Suwannee,2,153,2_North Central,11552
7327,Florida,Duval,3,36,3_Northeast,11558
7298,Florida,Duval,3,37,3_Northeast,11558
7329,Florida,Duval,3,36,3_Northeast,11558
7297,Florida,Duval,3,36,3_Northeast,11558
7332,Florida,Duval,3,36,3_Northeast,11558
7328,Florida,Duval,3,36,3_Northeast,11558
7333,Florida,Duval,3,36,3_Northeast,11558
7334,Florida,Duval,3,36,3_Northeast,11558
7336,Florida,Duval,3,36,3_Northeast,11558
7335,Florida,Duval,3,36,3_Northeast,11558
7337,Florida,Duval,3,36,3_Northeast,11558
7302,Florida,Duval,3,25,3_Northeast,11559
7318,Florida,Duval,3,25,3_Northeast,11559
6649,Florida,Taylor,2,214,2_North Central,11544
7340,Florida,Duval,3,36,3_Northeast,11558
7331,Florida,Duval,3,36,3_Northeast,11558
7342,Florida,Duval,3,36,3_Northeast,11558
7339,Florida,Duval,3,36,3_Northeast,11558
7343,Florida,Duval,3,36,3_Northeast,11558
7344,Florida,Duval,3,36,3_Northeast,11558
7345,Florida,Duval,3,36,3_Northeast,11558
7330,Florida,Duval,3,36,3_Northeast,11558
7351,Florida,Duval,3,36,3_Northeast,11558
7346,Florida,Duval,3,36,3_Northeast,11558
6650,Florida,Taylor,2,214,2_North Central,11544
6646,Florida,Taylor,2,214,2_North Central,11544
7348,Florida,Duval,3,36,3_Northeast,11558
7349,Florida,Duval,3,36,3_Northeast,11558
7352,Florida,Duval,3,36,3_Northeast,11558
7353,Florida,Duval,3,36,3_Northeast,11558
7341,Florida,Duval,3,36,3_Northeast,11558
7359,Florida,Duval,3,36,3_Northeast,11558
7354,Florida,Duval,3,36,3_Northeast,11558
7020,Florida,Suwannee,2,153,2_North Central,11552
7362,Florida,Duval,3,36,3_Northeast,11558
7361,Florida,Duval,3,36,3_Northeast,11558
7358,Florida,Duval,3,36,3_Northeast,11558
7356,Florida,Duval,3,36,3_Northeast,11558
7363,Florida,Duval,3,36,3_Northeast,11558
7360,Florida,Duval,3,36,3_Northeast,11558
7355,Florida,Duval,3,36,3_Northeast,11558
7364,Florida,Duval,3,36,3_Northeast,11558
7365,Florida,Duval,3,36,3_Northeast,11558
7366,Florida,Duval,3,36,3_Northeast,11558
7368,Florida,Duval,3,36,3_Northeast,11558
7369,Florida,Duval,3,36,3_Northeast,11558
7305,Florida,Duval,3,36,3_Northeast,11558
7306,Florida,Duval,3,37,3_Northeast,11558
7372,Florida,Duval,3,36,3_Northeast,11558
6647,Florida,Taylor,2,213,2_North Central,11542
7367,Florida,Duval,3,36,3_Northeast,11558
7373,Florida,Duval,3,36,3_Northeast,11558
7376,Florida,Duval,3,36,3_Northeast,11558
7377,Florida,Duval,3,36,3_Northeast,11558
7374,Florida,Duval,3,36,3_Northeast,11558
7375,Florida,Duval,3,36,3_Northeast,11558
7357,Florida,Duval,3,25,3_Northeast,11559
7380,Florida,Duval,3,36,3_Northeast,11558
7381,Florida,Duval,3,36,3_Northeast,11558
7379,Florida,Duval,3,36,3_Northeast,11558
7386,Florida,Duval,3,36,3_Northeast,11558
7382,Florida,Duval,3,36,3_Northeast,11558
7299,Florida,Duval,3,37,3_Northeast,11558
7387,Florida,Duval,3,36,3_Northeast,11558
7325,Florida,Duval,3,36,3_Northeast,11558
7385,Florida,Duval,3,36,3_Northeast,11558
7388,Florida,Duval,3,36,3_Northeast,11558
7389,Florida,Duval,3,36,3_Northeast,11558
7390,Florida,Duval,3,36,3_Northeast,11558
7391,Florida,Duval,3,36,3_Northeast,11558
7636,Florida,Bay,1,7,1_Northwest,11525
7394,Florida,Duval,3,36,3_Northeast,11558
7635,Florida,Bay,1,7,1_Northwest,11525
7350,Florida,Duval,3,37,3_Northeast,11558
7393,Florida,Duval,3,36,3_Northeast,11558
7338,Florida,Duval,3,36,3_Northeast,11558
7395,Florida,Duval,3,36,3_Northeast,11558
7371,Florida,Duval,3,37,3_Northeast,11558
7383,Florida,Duval,3,36,3_Northeast,11558
7384,Florida,Duval,3,25,3_Northeast,11559
6890,Florida,Columbia,2,31,2_North Central,11553
7629,Florida,Bay,1,7,1_Northwest,11525
7638,Florida,Bay,1,6,1_Northwest,11520
7616,Florida,Bay,1,6,1_Northwest,11525
7056,Florida,Wakulla,2,159,2_North Central,11538
7347,Florida,Duval,3,25,3_Northeast,11559
7993,Florida,Hamilton,2,53,2_North Central,11553
7637,Florida,Bay,1,6,1_Northwest,11520
7994,Florida,Hamilton,2,53,2_North Central,11553
7016,Florida,Suwannee,2,153,2_North Central,11552
7055,Florida,Wakulla,2,159,2_North Central,11540
7410,Florida,Duval,3,36,3_Northeast,11558
7411,Florida,Duval,3,37,3_Northeast,11558
7053,Florida,Wakulla,2,159,2_North Central,11540
7683,Florida,Baker,3,4,3_Northeast,11556
7398,Florida,Duval,3,36,3_Northeast,11558
7396,Florida,Duval,3,36,3_Northeast,11558
7400,Florida,Duval,3,36,3_Northeast,11558
7404,Florida,Duval,3,36,3_Northeast,11558
7378,Florida,Duval,3,37,3_Northeast,11558
7406,Florida,Duval,3,36,3_Northeast,11558
7408,Florida,Duval,3,36,3_Northeast,11558
7632,Florida,Bay,1,7,1_Northwest,11525
7639,Florida,Bay,1,7,1_Northwest,11525
7057,Florida,Wakulla,2,159,2_North Central,11538
7058,Florida,Wakulla,2,159,2_North Central,11538
7399,Florida,Duval,3,37,3_Northeast,11558
7392,Florida,Duval,3,25,3_Northeast,11559
7415,Florida,Duval,3,36,3_Northeast,11558
7418,Florida,Duval,3,36,3_Northeast,11558
6891,Florida,Columbia,2,31,2_North Central,11553
7409,Florida,Duval,3,25,3_Northeast,11559
7421,Florida,Duval,3,36,3_Northeast,11558
7060,Florida,Liberty,1,89,1_Northwest,11530
7051,Florida,Wakulla,2,159,2_North Central,11528
7054,Florida,Wakulla,2,159,2_North Central,11528
7417,Florida,Duval,3,25,3_Northeast,11559
7402,Florida,Duval,3,25,3_Northeast,11559
7798,Florida,Leon,2,86,2_North Central,11540
7405,Florida,Duval,3,25,3_Northeast,11559
7403,Florida,Duval,3,25,3_Northeast,11559
7423,Florida,Duval,3,25,3_Northeast,11559
7014,Florida,Suwannee,2,153,2_North Central,11552
7419,Florida,Duval,3,36,3_Northeast,11558
7643,Florida,Bay,1,6,1_Northwest,11520
7727,Florida,Calhoun,1,19,1_Northwest,11530
7425,Florida,Duval,3,36,3_Northeast,11558
7427,Florida,Duval,3,36,3_Northeast,11558
7429,Florida,Duval,3,36,3_Northeast,11558
7424,Florida,Duval,3,36,3_Northeast,11558
7426,Florida,Duval,3,36,3_Northeast,11558
7431,Florida,Duval,3,36,3_Northeast,11558
7433,Florida,Duval,3,36,3_Northeast,11558
7682,Florida,Baker,3,4,3_Northeast,11554
7412,Florida,Duval,3,36,3_Northeast,11558
7428,Florida,Duval,3,36,3_Northeast,11558
7430,Florida,Duval,3,36,3_Northeast,11558
7397,Florida,Duval,3,9,3_Northeast,11559
7642,Florida,Bay,1,6,1_Northwest,11520
7026,Florida,Suwannee,2,153,2_North Central,11552
7022,Florida,Suwannee,2,153,2_North Central,11552
7401,Florida,Duval,3,9,3_Northeast,11559
7416,Florida,Duval,3,9,3_Northeast,11559
7435,Florida,Duval,3,9,3_Northeast,11559
7370,Florida,Duval,3,9,3_Northeast,11559
7996,Florida,Hamilton,2,53,2_North Central,11553
7434,Florida,Duval,3,25,3_Northeast,11559
7443,Florida,Duval,3,9,3_Northeast,11559
7440,Florida,Duval,3,36,3_Northeast,11558
7414,Florida,Duval,3,25,3_Northeast,11558
7422,Florida,Duval,3,36,3_Northeast,11558
7646,Florida,Bay,1,7,1_Northwest,11525
7801,Florida,Leon,2,86,2_North Central,11540
7025,Florida,Suwannee,2,153,2_North Central,11552
7645,Florida,Bay,1,6,1_Northwest,11520
7446,Florida,Duval,3,36,3_Northeast,11558
7024,Florida,Suwannee,2,153,2_North Central,11552
7441,Florida,Duval,3,25,3_Northeast,11559
7436,Florida,Duval,3,37,3_Northeast,11558
7442,Florida,Duval,3,25,3_Northeast,11559
7261,Florida,Duval,3,37,3_Northeast,11557
7648,Florida,Bay,1,6,1_Northwest,11525
7439,Florida,Duval,3,25,3_Northeast,11559
7021,Florida,Suwannee,2,153,2_North Central,11552
7641,Florida,Bay,1,7,1_Northwest,11525
7644,Florida,Bay,1,6,1_Northwest,11525
7407,Florida,Duval,3,9,3_Northeast,11559
7647,Florida,Bay,1,6,1_Northwest,11520
7450,Florida,Duval,3,9,3_Northeast,11559
7452,Florida,Duval,3,9,3_Northeast,11559
7448,Florida,Duval,3,36,3_Northeast,11558
7413,Florida,Duval,3,9,3_Northeast,11559
7684,Florida,Baker,3,4,3_Northeast,11556
7447,Florida,Duval,3,36,3_Northeast,11558
7432,Florida,Duval,3,37,3_Northeast,11558
7454,Florida,Duval,3,36,3_Northeast,11558
7455,Florida,Duval,3,36,3_Northeast,11558
7449,Florida,Duval,3,36,3_Northeast,11558
7438,Florida,Duval,3,37,3_Northeast,11558
7023,Florida,Suwannee,2,153,2_North Central,11547
7437,Florida,Duval,3,37,3_Northeast,11558
7247,Florida,Duval,3,37,3_Northeast,11558
7749,Florida,Madison,2,90,2_North Central,11547
7451,Florida,Duval,3,36,3_Northeast,11558
7456,Florida,Duval,3,36,3_Northeast,11558
7459,Florida,Duval,3,36,3_Northeast,11558
7681,Florida,Baker,3,4,3_Northeast,11554
7626,Florida,Bay,1,6,1_Northwest,11520
7995,Florida,Hamilton,2,53,2_North Central,11552
7752,Florida,Madison,2,90,2_North Central,11544
7650,Florida,Bay,1,7,1_Northwest,11525
7640,Florida,Bay,1,6,1_Northwest,11520
7463,Florida,Duval,3,36,3_Northeast,11558
7458,Florida,Duval,3,37,3_Northeast,11558
7804,Florida,Leon,2,86,2_North Central,11540
7457,Florida,Duval,3,9,3_Northeast,11559
7465,Florida,Duval,3,36,3_Northeast,11558
7453,Florida,Duval,3,9,3_Northeast,11559
7466,Florida,Duval,3,36,3_Northeast,11558
7460,Florida,Duval,3,25,3_Northeast,11558
7464,Florida,Duval,3,36,3_Northeast,11558
7691,Florida,Jefferson,2,75,2_North Central,11542
7462,Florida,Duval,3,36,3_Northeast,11558
7468,Florida,Duval,3,36,3_Northeast,11558
7472,Florida,Duval,3,36,3_Northeast,11558
7470,Florida,Duval,3,36,3_Northeast,11558
7461,Florida,Duval,3,36,3_Northeast,11558
7476,Florida,Duval,3,37,3_Northeast,11558
7475,Florida,Duval,3,37,3_Northeast,11558
7474,Florida,Duval,3,9,3_Northeast,11559
7751,Florida,Madison,2,90,2_North Central,11547
7477,Florida,Duval,3,36,3_Northeast,11558
7750,Florida,Madison,2,90,2_North Central,11542
7467,Florida,Duval,3,9,3_Northeast,11559
7473,Florida,Duval,3,36,3_Northeast,11558
7028,Florida,Suwannee,2,153,2_North Central,11547
7469,Florida,Duval,3,37,3_Northeast,11558
7651,Florida,Bay,1,7,1_Northwest,11525
7693,Florida,Jefferson,2,75,2_North Central,11542
7479,Florida,Duval,3,36,3_Northeast,11558
7754,Florida,Madison,2,90,2_North Central,11542
7692,Florida,Jefferson,2,75,2_North Central,11542
7799,Florida,Leon,2,86,2_North Central,11542
7029,Florida,Suwannee,2,153,2_North Central,11552
7031,Florida,Suwannee,2,153,2_North Central,11552
7484,Florida,Duval,3,5,3_Northeast,11558
7030,Florida,Suwannee,2,153,2_North Central,11552
7756,Florida,Madison,2,208,2_North Central,11547
7483,Florida,Duval,3,37,3_Northeast,11558
7027,Florida,Suwannee,2,153,2_North Central,11552
7485,Florida,Duval,3,37,3_Northeast,11558
7481,Florida,Duval,3,5,3_Northeast,11559
7478,Florida,Duval,3,5,3_Northeast,11559
6893,Florida,Columbia,2,31,2_North Central,11553
7482,Florida,Duval,3,9,3_Northeast,11559
7487,Florida,Duval,3,5,3_Northeast,11558
7490,Florida,Duval,3,5,3_Northeast,11558
8035,Florida,Nassau,3,110,3_Northeast,11557
7653,Florida,Bay,1,6,1_Northwest,11525
7753,Florida,Madison,2,90,2_North Central,11547
7480,Florida,Duval,3,5,3_Northeast,11558
7806,Florida,Leon,2,86,2_North Central,11540
7652,Florida,Bay,1,6,1_Northwest,11520
7649,Florida,Bay,1,6,1_Northwest,11525
7062,Florida,Liberty,1,89,1_Northwest,11530
7471,Florida,Duval,3,37,3_Northeast,11558
7488,Florida,Duval,3,37,3_Northeast,11558
7489,Florida,Duval,3,37,3_Northeast,11558
7803,Florida,Leon,2,86,2_North Central,11540
7492,Florida,Duval,3,5,3_Northeast,11558
7997,Florida,Hamilton,2,53,2_North Central,11552
8000,Florida,Hamilton,2,53,2_North Central,11552
7998,Florida,Hamilton,2,53,2_North Central,11552
8077,Florida,Walton,1,161,1_Northwest,11520
7728,Florida,Calhoun,1,18,1_Northwest,11529
7495,Florida,Duval,3,37,3_Northeast,11558
7496,Florida,Duval,3,5,3_Northeast,11558
7491,Florida,Duval,3,37,3_Northeast,11558
7493,Florida,Duval,3,5,3_Northeast,11558
7500,Florida,Duval,3,5,3_Northeast,11558
7630,Florida,Bay,1,7,1_Northwest,11525
7760,Florida,Madison,2,208,2_North Central,11547
7497,Florida,Duval,3,5,3_Northeast,11559
7503,Florida,Duval,3,5,3_Northeast,11558
7504,Florida,Duval,3,5,3_Northeast,11558
7498,Florida,Duval,3,5,3_Northeast,11558
7501,Florida,Duval,3,5,3_Northeast,11558
7802,Florida,Leon,2,86,2_North Central,11540
7808,Florida,Leon,2,87,2_North Central,11540
7807,Florida,Leon,2,86,2_North Central,11528
7755,Florida,Madison,2,90,2_North Central,11544
7805,Florida,Leon,2,86,2_North Central,11528
7499,Florida,Duval,3,5,3_Northeast,11558
7758,Florida,Madison,2,208,2_North Central,11547
7502,Florida,Duval,3,37,3_Northeast,11558
7505,Florida,Duval,3,5,3_Northeast,11558
7508,Florida,Duval,3,5,3_Northeast,11558
7507,Florida,Duval,3,5,3_Northeast,11558
7063,Florida,Liberty,2,89,2_North Central,11528
7506,Florida,Duval,3,5,3_Northeast,11558
7809,Florida,Leon,2,87,2_North Central,11540
7696,Florida,Jefferson,2,75,2_North Central,11542
7694,Florida,Jefferson,2,75,2_North Central,11542
7064,Florida,Liberty,1,89,1_Northwest,11528
7817,Florida,Leon,2,87,2_North Central,11540
7686,Florida,Baker,3,4,3_Northeast,11554
7494,Florida,Duval,3,5,3_Northeast,11559
7509,Florida,Duval,3,5,3_Northeast,11559
7816,Florida,Leon,2,87,2_North Central,11540
7695,Florida,Jefferson,2,75,2_North Central,11542
7032,Florida,Suwannee,2,153,2_North Central,11547
7819,Florida,Leon,2,87,2_North Central,11540
7820,Florida,Leon,2,87,2_North Central,11540
7815,Florida,Leon,2,87,2_North Central,11540
7818,Florida,Leon,2,87,2_North Central,11538
8076,Florida,Walton,1,161,1_Northwest,11520
7514,Florida,Duval,3,5,3_Northeast,11558
7515,Florida,Duval,3,5,3_Northeast,11558
7510,Florida,Duval,3,5,3_Northeast,11558
8080,Florida,Walton,1,161,1_Northwest,11515
8078,Florida,Walton,1,161,1_Northwest,11520
7810,Florida,Leon,2,85,2_North Central,11540
7033,Florida,Suwannee,2,153,2_North Central,11552
7822,Florida,Leon,2,85,2_North Central,11540
7814,Florida,Leon,2,85,2_North Central,11542
7513,Florida,Duval,3,5,3_Northeast,11558
7763,Florida,Madison,2,90,2_North Central,11544
7813,Florida,Leon,2,87,2_North Central,11540
8001,Florida,Hamilton,2,53,2_North Central,11552
8079,Florida,Walton,1,161,1_Northwest,11520
7517,Florida,Duval,3,5,3_Northeast,11558
7516,Florida,Duval,3,5,3_Northeast,11558
7821,Florida,Leon,2,87,2_North Central,11538
7757,Florida,Madison,2,90,2_North Central,11544
7066,Florida,Liberty,1,89,1_Northwest,11534
7767,Florida,Madison,2,208,2_North Central,11544
7826,Florida,Leon,2,87,2_North Central,11540
7823,Florida,Leon,2,87,2_North Central,11540
7522,Florida,Duval,3,5,3_Northeast,11558
7654,Florida,Bay,1,7,1_Northwest,11525
7655,Florida,Bay,1,7,1_Northwest,11525
8130,Florida,Escambia,1,138,1_Northwest,11503
7525,Florida,Duval,3,5,3_Northeast,11558
7829,Florida,Leon,2,87,2_North Central,11540
8081,Florida,Walton,1,161,1_Northwest,11520
7761,Florida,Madison,2,90,2_North Central,11544
7518,Florida,Duval,3,5,3_Northeast,11559
7656,Florida,Bay,1,6,1_Northwest,11525
7844,Florida,Leon,2,87,2_North Central,11540
8082,Florida,Walton,1,161,1_Northwest,11520
7832,Florida,Leon,2,87,2_North Central,11540
7850,Florida,Leon,2,87,2_North Central,11540
7851,Florida,Leon,2,87,2_North Central,11540
7847,Florida,Leon,2,87,2_North Central,11540
7852,Florida,Leon,2,87,2_North Central,11540
7849,Florida,Leon,2,87,2_North Central,11540
7848,Florida,Leon,2,87,2_North Central,11540
7854,Florida,Leon,2,87,2_North Central,11540
7853,Florida,Leon,2,87,2_North Central,11540
7857,Florida,Leon,2,87,2_North Central,11540
7846,Florida,Leon,2,87,2_North Central,11540
7858,Florida,Leon,2,87,2_North Central,11540
7830,Florida,Leon,2,87,2_North Central,11538
7856,Florida,Leon,2,87,2_North Central,11540
8131,Florida,Escambia,1,138,1_Northwest,11503
8083,Florida,Walton,1,161,1_Northwest,11515
7837,Florida,Leon,2,87,2_North Central,11540
7845,Florida,Leon,2,87,2_North Central,11540
7855,Florida,Leon,2,87,2_North Central,11538
7526,Florida,Duval,3,5,3_Northeast,11558
7839,Florida,Leon,2,87,2_North Central,11538
7766,Florida,Madison,2,208,2_North Central,11544
7871,Florida,Leon,2,87,2_North Central,11540
7868,Florida,Leon,2,87,2_North Central,11540
7870,Florida,Leon,2,87,2_North Central,11540
7869,Florida,Leon,2,87,2_North Central,11540
7872,Florida,Leon,2,87,2_North Central,11540
7873,Florida,Leon,2,87,2_North Central,11540
7520,Florida,Duval,3,5,3_Northeast,11559
7876,Florida,Leon,2,87,2_North Central,11540
7878,Florida,Leon,2,87,2_North Central,11540
7877,Florida,Leon,2,87,2_North Central,11540
7879,Florida,Leon,2,87,2_North Central,11540
7880,Florida,Leon,2,87,2_North Central,11540
7527,Florida,Duval,3,5,3_Northeast,11558
7512,Florida,Duval,3,37,3_Northeast,11558
7769,Florida,Madison,2,208,2_North Central,11544
7883,Florida,Leon,2,87,2_North Central,11540
7885,Florida,Leon,2,87,2_North Central,11540
7886,Florida,Leon,2,87,2_North Central,11540
7882,Florida,Leon,2,87,2_North Central,11540
7888,Florida,Leon,2,87,2_North Central,11540
7889,Florida,Leon,2,87,2_North Central,11540
7890,Florida,Leon,2,87,2_North Central,11540
7891,Florida,Leon,2,87,2_North Central,11540
7867,Florida,Leon,2,87,2_North Central,11540
8086,Florida,Walton,1,161,1_Northwest,11515
7811,Florida,Leon,2,86,2_North Central,11538
7893,Florida,Leon,2,87,2_North Central,11540
7812,Florida,Leon,2,86,2_North Central,11538
7875,Florida,Leon,2,87,2_North Central,11540
7881,Florida,Leon,2,87,2_North Central,11540
7764,Florida,Madison,2,208,2_North Central,11547
8087,Florida,Walton,1,114,1_Northwest,11515
7772,Florida,Madison,2,208,2_North Central,11544
7065,Florida,Liberty,1,89,1_Northwest,11528
7774,Florida,Madison,2,208,2_North Central,11544
7528,Florida,Duval,3,5,3_Northeast,11558
7901,Florida,Leon,2,87,2_North Central,11540
7884,Florida,Leon,2,87,2_North Central,11540
7730,Florida,Calhoun,1,19,1_Northwest,11530
8003,Florida,Hamilton,2,53,2_North Central,11552
7771,Florida,Madison,2,208,2_North Central,11547
8088,Florida,Walton,1,161,1_Northwest,11520
8132,Florida,Escambia,1,41,1_Northwest,11503
7834,Florida,Leon,2,87,2_North Central,11540
7887,Florida,Leon,2,87,2_North Central,11538
7519,Florida,Duval,3,5,3_Northeast,11558
7899,Florida,Leon,2,87,2_North Central,11540
8089,Florida,Walton,1,114,1_Northwest,11515
8006,Florida,Hamilton,2,53,2_North Central,11552
7908,Florida,Leon,2,87,2_North Central,11540
7906,Florida,Leon,2,87,2_North Central,11540
7907,Florida,Leon,2,87,2_North Central,11540
7905,Florida,Leon,2,87,2_North Central,11540
7904,Florida,Leon,2,87,2_North Central,11540
7067,Florida,Liberty,1,89,1_Northwest,11530
7897,Florida,Leon,2,87,2_North Central,11538
7731,Florida,Calhoun,1,19,1_Northwest,11530
7896,Florida,Leon,2,87,2_North Central,11540
7903,Florida,Leon,2,85,2_North Central,11540
7911,Florida,Leon,2,87,2_North Central,11540
8317,Florida,Okaloosa,1,114,1_Northwest,11515
7768,Florida,Madison,2,208,2_North Central,11547
7915,Florida,Leon,2,87,2_North Central,11540
7892,Florida,Leon,2,87,2_North Central,11538
7900,Florida,Leon,2,85,2_North Central,11540
8316,Florida,Okaloosa,1,114,1_Northwest,11515
7910,Florida,Leon,2,87,2_North Central,11538
7894,Florida,Leon,2,87,2_North Central,11540
8002,Florida,Hamilton,2,53,2_North Central,11552
7909,Florida,Leon,2,87,2_North Central,11540
7902,Florida,Leon,2,87,2_North Central,11538
7698,Florida,Jefferson,2,75,2_North Central,11542
7729,Florida,Calhoun,1,19,1_Northwest,11530
7914,Florida,Leon,2,87,2_North Central,11540
7699,Florida,Jefferson,2,75,2_North Central,11542
7734,Florida,Calhoun,1,19,1_Northwest,11530
7922,Florida,Leon,2,87,2_North Central,11540
8005,Florida,Hamilton,2,53,2_North Central,11547
8008,Florida,Hamilton,2,53,2_North Central,11547
7486,Florida,Duval,3,37,3_Northeast,11558
7917,Florida,Leon,2,87,2_North Central,11538
7921,Florida,Leon,2,87,2_North Central,11538
7924,Florida,Leon,2,87,2_North Central,11538
7732,Florida,Calhoun,1,18,1_Northwest,11529
7920,Florida,Leon,2,87,2_North Central,11540
8135,Florida,Escambia,1,138,1_Northwest,11503
8092,Florida,Walton,1,114,1_Northwest,11515
7657,Florida,Bay,1,6,1_Northwest,11520
7658,Florida,Bay,1,7,1_Northwest,11529
7702,Florida,Jefferson,2,75,2_North Central,11542
8324,Florida,Okaloosa,1,114,1_Northwest,11515
7928,Florida,Leon,2,87,2_North Central,11540
7918,Florida,Leon,2,87,2_North Central,11540
7770,Florida,Madison,2,208,2_North Central,11544
7068,Florida,Liberty,2,89,2_North Central,11528
7912,Florida,Leon,2,87,2_North Central,11538
7926,Florida,Leon,2,87,2_North Central,11540
7659,Florida,Bay,1,7,1_Northwest,11525
7929,Florida,Leon,2,85,2_North Central,11540
8136,Florida,Escambia,1,41,1_Northwest,11503
7930,Florida,Leon,2,87,2_North Central,11540
8322,Florida,Okaloosa,1,114,1_Northwest,11515
7776,Florida,Madison,2,208,2_North Central,11544
8090,Florida,Walton,1,161,1_Northwest,11515
8319,Florida,Okaloosa,1,114,1_Northwest,11515
7701,Florida,Jefferson,2,75,2_North Central,11542
7833,Florida,Leon,2,85,2_North Central,11542
7913,Florida,Leon,2,86,2_North Central,11538
7779,Florida,Madison,2,208,2_North Central,11544
8323,Florida,Okaloosa,1,114,1_Northwest,11515
8326,Florida,Okaloosa,1,114,1_Northwest,11515
7931,Florida,Leon,2,87,2_North Central,11540
7941,Florida,Leon,2,87,2_North Central,11540
7999,Florida,Hamilton,2,53,2_North Central,11553
8138,Florida,Escambia,1,41,1_Northwest,11503
7927,Florida,Leon,2,85,2_North Central,11542
7925,Florida,Leon,2,87,2_North Central,11540
7534,Florida,Duval,3,5,3_Northeast,11559
8327,Florida,Okaloosa,1,114,1_Northwest,11515
7533,Florida,Duval,3,5,3_Northeast,11558
7934,Florida,Leon,2,87,2_North Central,11540
7705,Florida,Jefferson,2,75,2_North Central,11542
7936,Florida,Leon,2,87,2_North Central,11538
7932,Florida,Leon,2,85,2_North Central,11540
7937,Florida,Leon,2,87,2_North Central,11538
7661,Florida,Bay,1,7,1_Northwest,11525
8435,Florida,Santa Rosa,1,138,1_Northwest,11511
7700,Florida,Jefferson,2,75,2_North Central,11542
7685,Florida,Baker,3,4,3_Northeast,11556
7940,Florida,Leon,2,87,2_North Central,11540
7938,Florida,Leon,2,87,2_North Central,11540
7943,Florida,Leon,2,87,2_North Central,11538
8320,Florida,Okaloosa,1,114,1_Northwest,11515
7706,Florida,Jefferson,2,75,2_North Central,11542
8137,Florida,Escambia,1,41,1_Northwest,11503
7947,Florida,Leon,2,87,2_North Central,11540
8331,Florida,Okaloosa,1,114,1_Northwest,11515
8328,Florida,Okaloosa,1,114,1_Northwest,11515
8325,Florida,Okaloosa,1,114,1_Northwest,11511
7935,Florida,Leon,2,87,2_North Central,11540
7946,Florida,Leon,2,87,2_North Central,11540
8434,Florida,Santa Rosa,1,138,1_Northwest,11503
8329,Florida,Okaloosa,1,114,1_Northwest,11511
7703,Florida,Jefferson,2,207,2_North Central,11542
7944,Florida,Leon,2,85,2_North Central,11540
7782,Florida,Madison,2,208,2_North Central,11544
7933,Florida,Leon,2,87,2_North Central,11538
8034,Florida,Nassau,3,110,3_Northeast,11557
8332,Florida,Okaloosa,1,114,1_Northwest,11515
8436,Florida,Santa Rosa,1,138,1_Northwest,11503
6892,Florida,Columbia,2,31,2_North Central,11553
7660,Florida,Bay,1,6,1_Northwest,11525
8333,Florida,Okaloosa,1,114,1_Northwest,11515
7784,Florida,Madison,2,208,2_North Central,11544
8091,Florida,Walton,1,161,1_Northwest,11515
7704,Florida,Jefferson,2,207,2_North Central,11542
8011,Florida,Hamilton,2,53,2_North Central,11552
8334,Florida,Okaloosa,1,114,1_Northwest,11515
8338,Florida,Okaloosa,1,114,1_Northwest,11515
8437,Florida,Santa Rosa,1,138,1_Northwest,11511
7949,Florida,Leon,2,87,2_North Central,11540
8009,Florida,Hamilton,2,53,2_North Central,11552
8330,Florida,Okaloosa,1,114,1_Northwest,11515
8536,Florida,Gadsden,2,47,2_North Central,11538
8336,Florida,Okaloosa,1,114,1_Northwest,11515
7945,Florida,Leon,2,85,2_North Central,11540
7948,Florida,Leon,2,87,2_North Central,11540
8337,Florida,Okaloosa,1,114,1_Northwest,11515
8335,Florida,Okaloosa,1,114,1_Northwest,11515
8094,Florida,Walton,1,161,1_Northwest,11515
7777,Florida,Madison,2,208,2_North Central,11544
8140,Florida,Escambia,1,41,1_Northwest,11503
7950,Florida,Leon,2,87,2_North Central,11538
7707,Florida,Jefferson,2,207,2_North Central,11542
8339,Florida,Okaloosa,1,114,1_Northwest,11515
8340,Florida,Okaloosa,1,114,1_Northwest,11515
7942,Florida,Leon,2,87,2_North Central,11540
8496,Florida,Washington,1,163,1_Northwest,11525
8015,Florida,Hamilton,2,53,2_North Central,11552
8141,Florida,Escambia,1,41,1_Northwest,11503
8341,Florida,Okaloosa,1,114,1_Northwest,11511
8438,Florida,Santa Rosa,1,138,1_Northwest,11511
8142,Florida,Escambia,1,41,1_Northwest,11503
8440,Florida,Santa Rosa,1,138,1_Northwest,11511
8441,Florida,Santa Rosa,1,138,1_Northwest,11511
8343,Florida,Okaloosa,1,114,1_Northwest,11515
7952,Florida,Leon,2,87,2_North Central,11538
7954,Florida,Leon,2,87,2_North Central,11540
8439,Florida,Santa Rosa,1,138,1_Northwest,11503
8345,Florida,Okaloosa,1,114,1_Northwest,11515
7939,Florida,Leon,2,87,2_North Central,11540
7955,Florida,Leon,2,87,2_North Central,11540
8495,Florida,Washington,1,163,1_Northwest,11520
8012,Florida,Hamilton,2,53,2_North Central,11552
8344,Florida,Okaloosa,1,114,1_Northwest,11515
7953,Florida,Leon,2,87,2_North Central,11538
7688,Florida,Baker,3,4,3_Northeast,11554
8014,Florida,Hamilton,2,53,2_North Central,11552
7783,Florida,Madison,2,208,2_North Central,11544
7960,Florida,Leon,2,86,2_North Central,11540
7957,Florida,Leon,2,85,2_North Central,11540
8349,Florida,Okaloosa,1,114,1_Northwest,11515
8342,Florida,Okaloosa,1,114,1_Northwest,11515
8348,Florida,Okaloosa,1,114,1_Northwest,11515
8010,Florida,Hamilton,2,53,2_North Central,11552
7535,Florida,Duval,3,5,3_Northeast,11558
8347,Florida,Okaloosa,1,114,1_Northwest,11515
7958,Florida,Leon,2,87,2_North Central,11540
7951,Florida,Leon,2,85,2_North Central,11540
8346,Florida,Okaloosa,1,114,1_Northwest,11515
7070,Florida,Liberty,1,89,1_Northwest,11528
8538,Florida,Gadsden,2,47,2_North Central,11538
8143,Florida,Escambia,1,41,1_Northwest,11503
7708,Florida,Jefferson,2,207,2_North Central,11542
7780,Florida,Madison,2,208,2_North Central,11544
7964,Florida,Leon,2,87,2_North Central,11538
8350,Florida,Okaloosa,1,114,1_Northwest,11515
8144,Florida,Escambia,1,41,1_Northwest,11503
7956,Florida,Leon,2,85,2_North Central,11540
7962,Florida,Leon,2,85,2_North Central,11540
8149,Florida,Escambia,1,41,1_Northwest,11503
8443,Florida,Santa Rosa,1,138,1_Northwest,11511
7710,Florida,Jefferson,2,207,2_North Central,11542
7740,Florida,Calhoun,1,19,1_Northwest,11530
8442,Florida,Santa Rosa,1,138,1_Northwest,11511
8147,Florida,Escambia,1,41,1_Northwest,11503
7739,Florida,Calhoun,1,19,1_Northwest,11530
8146,Florida,Escambia,1,41,1_Northwest,11503
7781,Florida,Madison,2,208,2_North Central,11547
7963,Florida,Leon,2,85,2_North Central,11542
7959,Florida,Leon,2,85,2_North Central,11542
8156,Florida,Escambia,1,41,1_Northwest,11503
8351,Florida,Okaloosa,1,114,1_Northwest,11515
8145,Florida,Escambia,1,41,1_Northwest,11502
8151,Florida,Escambia,1,41,1_Northwest,11502
7532,Florida,Duval,3,5,3_Northeast,11559
7778,Florida,Madison,2,208,2_North Central,11544
8158,Florida,Escambia,1,41,1_Northwest,11503
8157,Florida,Escambia,1,41,1_Northwest,11503
8153,Florida,Escambia,1,41,1_Northwest,11503
8139,Florida,Escambia,1,41,1_Northwest,11502
8154,Florida,Escambia,1,41,1_Northwest,11503
8155,Florida,Escambia,1,41,1_Northwest,11503
8161,Florida,Escambia,1,41,1_Northwest,11503
8160,Florida,Escambia,1,41,1_Northwest,11503
8150,Florida,Escambia,1,41,1_Northwest,11503
8352,Florida,Okaloosa,1,114,1_Northwest,11515
7709,Florida,Jefferson,2,207,2_North Central,11542
8159,Florida,Escambia,1,41,1_Northwest,11503
8038,Florida,Nassau,3,110,3_Northeast,11558
8036,Florida,Nassau,3,110,3_Northeast,11558
8164,Florida,Escambia,1,41,1_Northwest,11503
8013,Florida,Hamilton,2,53,2_North Central,11547
7961,Florida,Leon,2,85,2_North Central,11540
8165,Florida,Escambia,1,41,1_Northwest,11503
8152,Florida,Escambia,1,41,1_Northwest,11503
8168,Florida,Escambia,1,41,1_Northwest,11503
8169,Florida,Escambia,1,41,1_Northwest,11503
8162,Florida,Escambia,1,41,1_Northwest,11503
8170,Florida,Escambia,1,41,1_Northwest,11503
8167,Florida,Escambia,1,41,1_Northwest,11503
8537,Florida,Gadsden,2,47,2_North Central,11528
8171,Florida,Escambia,1,41,1_Northwest,11503
8093,Florida,Walton,1,161,1_Northwest,11520
8354,Florida,Okaloosa,1,114,1_Northwest,11515
8446,Florida,Santa Rosa,1,138,1_Northwest,11511
8148,Florida,Escambia,1,41,1_Northwest,11503
8172,Florida,Escambia,1,41,1_Northwest,11503
8039,Florida,Nassau,3,110,3_Northeast,11557
8040,Florida,Nassau,3,110,3_Northeast,11557
8444,Florida,Santa Rosa,1,138,1_Northwest,11511
8179,Florida,Escambia,1,40,1_Northwest,11502
7965,Florida,Leon,2,87,2_North Central,11538
8177,Florida,Escambia,1,41,1_Northwest,11503
8175,Florida,Escambia,1,41,1_Northwest,11503
8180,Florida,Escambia,1,41,1_Northwest,11503
8355,Florida,Okaloosa,1,114,1_Northwest,11515
8357,Florida,Okaloosa,1,114,1_Northwest,11515
8176,Florida,Escambia,1,41,1_Northwest,11503
8174,Florida,Escambia,1,41,1_Northwest,11503
8173,Florida,Escambia,1,41,1_Northwest,11503
8353,Florida,Okaloosa,1,114,1_Northwest,11515
8163,Florida,Escambia,1,41,1_Northwest,11502
8181,Florida,Escambia,1,41,1_Northwest,11503
8358,Florida,Okaloosa,1,114,1_Northwest,11515
8356,Florida,Okaloosa,1,114,1_Northwest,11515
8182,Florida,Escambia,1,41,1_Northwest,11503
7968,Florida,Leon,2,87,2_North Central,11538
8447,Florida,Santa Rosa,1,138,1_Northwest,11511
8017,Florida,Hamilton,2,53,2_North Central,11552
8019,Florida,Hamilton,2,53,2_North Central,11552
7711,Florida,Jefferson,2,207,2_North Central,11542
8178,Florida,Escambia,1,40,1_Northwest,11502
7969,Florida,Leon,2,87,2_North Central,11538
8535,Florida,Gadsden,2,47,2_North Central,11538
7537,Florida,Duval,3,5,3_Northeast,11559
7970,Florida,Leon,2,85,2_North Central,11540
7069,Florida,Liberty,2,89,2_North Central,11528
7713,Florida,Jefferson,2,207,2_North Central,11542
8186,Florida,Escambia,1,41,1_Northwest,11503
7967,Florida,Leon,2,85,2_North Central,11540
7712,Florida,Jefferson,2,207,2_North Central,11542
8184,Florida,Escambia,1,41,1_Northwest,11502
8188,Florida,Escambia,1,41,1_Northwest,11503
8187,Florida,Escambia,1,41,1_Northwest,11502
7536,Florida,Duval,3,5,3_Northeast,11558
7736,Florida,Calhoun,1,19,1_Northwest,11530
8192,Florida,Escambia,1,41,1_Northwest,11503
8445,Florida,Santa Rosa,1,138,1_Northwest,11511
7974,Florida,Leon,2,85,2_North Central,11540
8189,Florida,Escambia,1,41,1_Northwest,11503
8191,Florida,Escambia,1,41,1_Northwest,11503
8196,Florida,Escambia,1,41,1_Northwest,11503
8190,Florida,Escambia,1,41,1_Northwest,11503
7687,Florida,Baker,3,4,3_Northeast,11554
8541,Florida,Gadsden,2,47,2_North Central,11528
8361,Florida,Okaloosa,1,114,1_Northwest,11515
7785,Florida,Madison,2,208,2_North Central,11544
8194,Florida,Escambia,1,41,1_Northwest,11502
8193,Florida,Escambia,1,41,1_Northwest,11503
8183,Florida,Escambia,1,41,1_Northwest,11503
8200,Florida,Escambia,1,41,1_Northwest,11503
8195,Florida,Escambia,1,41,1_Northwest,11503
8020,Florida,Hamilton,2,53,2_North Central,11547
8544,Florida,Gadsden,2,47,2_North Central,11528
7538,Florida,Duval,3,5,3_Northeast,11559
8366,Florida,Okaloosa,1,114,1_Northwest,11515
8364,Florida,Okaloosa,1,114,1_Northwest,11515
8199,Florida,Escambia,1,41,1_Northwest,11503
8202,Florida,Escambia,1,41,1_Northwest,11503
8022,Florida,Hamilton,2,53,2_North Central,11547
7972,Florida,Leon,2,85,2_North Central,11540
8360,Florida,Okaloosa,1,114,1_Northwest,11515
7714,Florida,Jefferson,2,207,2_North Central,11542
8204,Florida,Escambia,1,41,1_Northwest,11503
8201,Florida,Escambia,1,41,1_Northwest,11503
8037,Florida,Nassau,3,110,3_Northeast,11557
8198,Florida,Escambia,1,41,1_Northwest,11503
8362,Florida,Okaloosa,1,114,1_Northwest,11515
7689,Florida,Baker,3,4,3_Northeast,11554
8197,Florida,Escambia,1,41,1_Northwest,11503
8367,Florida,Okaloosa,1,114,1_Northwest,11515
8097,Florida,Walton,1,161,1_Northwest,11515
8206,Florida,Escambia,1,41,1_Northwest,11503
8209,Florida,Escambia,1,41,1_Northwest,11503
7737,Florida,Calhoun,1,19,1_Northwest,11530
8205,Florida,Escambia,1,41,1_Northwest,11503
7978,Florida,Leon,2,85,2_North Central,11540
7715,Florida,Jefferson,2,207,2_North Central,11542
8210,Florida,Escambia,1,41,1_Northwest,11503
8025,Florida,Hamilton,2,53,2_North Central,11547
7966,Florida,Leon,2,87,2_North Central,11538
8542,Florida,Gadsden,2,46,2_North Central,11528
8207,Florida,Escambia,1,41,1_Northwest,11503
8203,Florida,Escambia,1,41,1_Northwest,11503
8214,Florida,Escambia,1,41,1_Northwest,11503
8043,Florida,Nassau,3,109,3_Northeast,11559
8365,Florida,Okaloosa,1,114,1_Northwest,11515
8213,Florida,Escambia,1,41,1_Northwest,11503
8096,Florida,Walton,1,161,1_Northwest,11520
7975,Florida,Leon,2,85,2_North Central,11540
7979,Florida,Leon,2,85,2_North Central,11540
8545,Florida,Gadsden,2,47,2_North Central,11528
7741,Florida,Calhoun,1,19,1_Northwest,11530
8215,Florida,Escambia,1,41,1_Northwest,11503
8208,Florida,Escambia,1,40,1_Northwest,11502
7787,Florida,Madison,2,208,2_North Central,11544
8543,Florida,Gadsden,2,47,2_North Central,11528
8211,Florida,Escambia,1,40,1_Northwest,11503
8212,Florida,Escambia,1,41,1_Northwest,11503
8546,Florida,Gadsden,2,47,2_North Central,11528
7072,Florida,Liberty,1,89,1_Northwest,11534
6894,Florida,Columbia,2,31,2_North Central,11553
8217,Florida,Escambia,1,41,1_Northwest,11503
8216,Florida,Escambia,1,41,1_Northwest,11503
8218,Florida,Escambia,1,41,1_Northwest,11503
6895,Florida,Columbia,2,31,2_North Central,11553
8018,Florida,Hamilton,2,53,2_North Central,11553
8042,Florida,Nassau,3,110,3_Northeast,11558
7662,Florida,Bay,1,7,1_Northwest,11529
8222,Florida,Escambia,1,40,1_Northwest,11502
8223,Florida,Escambia,1,40,1_Northwest,11502
8099,Florida,Walton,1,161,1_Northwest,11515
7977,Florida,Leon,2,85,2_North Central,11540
7788,Florida,Madison,2,208,2_North Central,11547
8219,Florida,Escambia,1,41,1_Northwest,11503
8225,Florida,Escambia,1,41,1_Northwest,11503
8374,Florida,Okaloosa,1,114,1_Northwest,11515
8220,Florida,Escambia,1,41,1_Northwest,11503
8021,Florida,Hamilton,2,53,2_North Central,11547
8024,Florida,Hamilton,2,53,2_North Central,11552
8370,Florida,Okaloosa,1,114,1_Northwest,11515
7717,Florida,Jefferson,2,207,2_North Central,11542
7789,Florida,Madison,2,208,2_North Central,11547
8368,Florida,Okaloosa,1,114,1_Northwest,11515
8221,Florida,Escambia,1,41,1_Northwest,11503
8372,Florida,Okaloosa,1,114,1_Northwest,11515
8046,Florida,Nassau,3,109,3_Northeast,11559
8548,Florida,Gadsden,2,46,2_North Central,11528
8027,Florida,Hamilton,2,53,2_North Central,11547
8547,Florida,Gadsden,2,47,2_North Central,11538
8226,Florida,Escambia,1,41,1_Northwest,11503
8045,Florida,Nassau,3,110,3_Northeast,11559
8224,Florida,Escambia,1,41,1_Northwest,11503
8539,Florida,Gadsden,2,47,2_North Central,11538
8026,Florida,Hamilton,2,53,2_North Central,11552
8228,Florida,Escambia,1,41,1_Northwest,11503
8232,Florida,Escambia,1,40,1_Northwest,11502
8549,Florida,Gadsden,2,47,2_North Central,11528
8229,Florida,Escambia,1,41,1_Northwest,11503
8029,Florida,Hamilton,2,53,2_North Central,11547
8231,Florida,Escambia,1,41,1_Northwest,11503
8233,Florida,Escambia,1,41,1_Northwest,11503
8552,Florida,Gadsden,2,46,2_North Central,11528
8550,Florida,Gadsden,2,47,2_North Central,11528
7790,Florida,Madison,2,208,2_North Central,11544
8048,Florida,Nassau,3,109,3_Northeast,11559
8497,Florida,Washington,1,163,1_Northwest,11525
8235,Florida,Escambia,1,41,1_Northwest,11503
8047,Florida,Nassau,3,109,3_Northeast,11559
8373,Florida,Okaloosa,1,114,1_Northwest,11515
8371,Florida,Okaloosa,1,114,1_Northwest,11515
8554,Florida,Gadsden,2,47,2_North Central,11528
8553,Florida,Gadsden,2,47,2_North Central,11528
7985,Florida,Leon,2,85,2_North Central,11538
7982,Florida,Leon,2,85,2_North Central,11540
8377,Florida,Okaloosa,1,114,1_Northwest,11515
8239,Florida,Escambia,1,41,1_Northwest,11503
8227,Florida,Escambia,1,41,1_Northwest,11503
8376,Florida,Okaloosa,1,114,1_Northwest,11515
8555,Florida,Gadsden,2,47,2_North Central,11528
8241,Florida,Escambia,1,41,1_Northwest,11503
8557,Florida,Gadsden,2,46,2_North Central,11528
8240,Florida,Escambia,1,41,1_Northwest,11503
7980,Florida,Leon,2,85,2_North Central,11542
7976,Florida,Leon,2,85,2_North Central,11542
8243,Florida,Escambia,1,41,1_Northwest,11503
8238,Florida,Escambia,1,41,1_Northwest,11503
8041,Florida,Nassau,3,109,3_Northeast,11559
7786,Florida,Madison,2,208,2_North Central,11544
8236,Florida,Escambia,1,40,1_Northwest,11502
8049,Florida,Nassau,3,109,3_Northeast,11559
8050,Florida,Nassau,3,110,3_Northeast,11559
8375,Florida,Okaloosa,1,114,1_Northwest,11515
8016,Florida,Hamilton,2,53,2_North Central,11552
8051,Florida,Nassau,3,109,3_Northeast,11559
8561,Florida,Gadsden,2,47,2_North Central,11528
8379,Florida,Okaloosa,1,114,1_Northwest,11515
8237,Florida,Escambia,1,41,1_Northwest,11503
8244,Florida,Escambia,1,41,1_Northwest,11503
7984,Florida,Leon,2,85,2_North Central,11538
8381,Florida,Okaloosa,1,114,1_Northwest,11515
7973,Florida,Leon,2,85,2_North Central,11540
8246,Florida,Escambia,1,41,1_Northwest,11503
7983,Florida,Leon,2,85,2_North Central,11542
8247,Florida,Escambia,1,41,1_Northwest,11503
8563,Florida,Gadsden,2,47,2_North Central,11537
8558,Florida,Gadsden,2,46,2_North Central,11528
8566,Florida,Gadsden,2,47,2_North Central,11528
8565,Florida,Gadsden,2,47,2_North Central,11528
8382,Florida,Okaloosa,1,114,1_Northwest,11515
8378,Florida,Okaloosa,1,114,1_Northwest,11515
8031,Florida,Hamilton,2,53,2_North Central,11552
8052,Florida,Nassau,3,109,3_Northeast,11559
8380,Florida,Okaloosa,1,114,1_Northwest,11515
8245,Florida,Escambia,1,40,1_Northwest,11503
8383,Florida,Okaloosa,1,114,1_Northwest,11515
8032,Florida,Hamilton,2,53,2_North Central,11547
8551,Florida,Gadsden,2,47,2_North Central,11538
8234,Florida,Escambia,1,40,1_Northwest,11502
7744,Florida,Calhoun,1,18,1_Northwest,11529
8054,Florida,Nassau,3,109,3_Northeast,11559
8251,Florida,Escambia,1,41,1_Northwest,11503
8252,Florida,Escambia,1,41,1_Northwest,11503
8056,Florida,Nassau,3,109,3_Northeast,11559
7795,Florida,Madison,2,208,2_North Central,11547
8569,Florida,Gadsden,2,47,2_North Central,11537
8248,Florida,Escambia,1,41,1_Northwest,11503
8556,Florida,Gadsden,2,46,2_North Central,11528
8249,Florida,Escambia,1,41,1_Northwest,11502
8250,Florida,Escambia,1,41,1_Northwest,11503
8573,Florida,Gadsden,2,46,2_North Central,11528
8242,Florida,Escambia,1,40,1_Northwest,11503
8386,Florida,Okaloosa,1,114,1_Northwest,11515
8562,Florida,Gadsden,2,47,2_North Central,11538
8564,Florida,Gadsden,2,46,2_North Central,11528
8571,Florida,Gadsden,2,46,2_North Central,11528
8385,Florida,Okaloosa,1,114,1_Northwest,11515
8567,Florida,Gadsden,2,46,2_North Central,11528
8254,Florida,Escambia,1,41,1_Northwest,11502
8253,Florida,Escambia,1,41,1_Northwest,11502
8255,Florida,Escambia,1,41,1_Northwest,11502
8103,Florida,Walton,1,161,1_Northwest,11520
8230,Florida,Escambia,1,40,1_Northwest,11502
7720,Florida,Jefferson,2,207,2_North Central,11542
7793,Florida,Madison,2,208,2_North Central,11547
8256,Florida,Escambia,1,41,1_Northwest,11502
8257,Florida,Escambia,1,40,1_Northwest,11503
8033,Florida,Hamilton,2,53,2_North Central,11547
7794,Florida,Madison,2,208,2_North Central,11547
8579,Florida,Gadsden,2,46,2_North Central,11528
8572,Florida,Gadsden,2,46,2_North Central,11528
7746,Florida,Calhoun,1,19,1_Northwest,11530
8575,Florida,Gadsden,2,46,2_North Central,11528
8259,Florida,Escambia,1,41,1_Northwest,11502
8577,Florida,Gadsden,2,46,2_North Central,11528
7719,Florida,Jefferson,2,207,2_North Central,11542
7981,Florida,Leon,2,85,2_North Central,11542
8262,Florida,Escambia,1,41,1_Northwest,11502
8498,Florida,Washington,1,163,1_Northwest,11525
8574,Florida,Gadsden,2,46,2_North Central,11528
8570,Florida,Gadsden,2,47,2_North Central,11538
7792,Florida,Madison,2,208,2_North Central,11547
8264,Florida,Escambia,1,41,1_Northwest,11502
7742,Florida,Calhoun,1,19,1_Northwest,11530
8060,Florida,Nassau,3,109,3_Northeast,11559
8261,Florida,Escambia,1,41,1_Northwest,11502
8581,Florida,Gadsden,2,46,2_North Central,11528
8053,Florida,Nassau,3,109,3_Northeast,11559
7748,Florida,Calhoun,1,19,1_Northwest,11530
8585,Florida,Gadsden,2,46,2_North Central,11528
8583,Florida,Gadsden,2,47,2_North Central,11538
8586,Florida,Gadsden,2,47,2_North Central,11538
7797,Florida,Madison,2,208,2_North Central,11544
7722,Florida,Jefferson,2,207,2_North Central,11542
7721,Florida,Jefferson,2,207,2_North Central,11542
8059,Florida,Nassau,3,109,3_Northeast,11559
8576,Florida,Gadsden,2,46,2_North Central,11528
8266,Florida,Escambia,1,41,1_Northwest,11502
8064,Florida,Nassau,3,109,3_Northeast,11559
7747,Florida,Calhoun,1,19,1_Northwest,11530
8580,Florida,Gadsden,2,47,2_North Central,11538
8044,Florida,Nassau,3,110,3_Northeast,11557
8588,Florida,Gadsden,2,46,2_North Central,11528
8260,Florida,Escambia,1,40,1_Northwest,11503
7796,Florida,Madison,2,208,2_North Central,11544
7745,Florida,Calhoun,1,18,1_Northwest,11530
8582,Florida,Gadsden,2,46,2_North Central,11528
8265,Florida,Escambia,1,40,1_Northwest,11502
8065,Florida,Nassau,3,109,3_Northeast,11559
7791,Florida,Madison,2,208,2_North Central,11544
8587,Florida,Gadsden,2,46,2_North Central,11528
8267,Florida,Escambia,1,41,1_Northwest,11502
8451,Florida,Santa Rosa,1,138,1_Northwest,11511
8066,Florida,Nassau,3,109,3_Northeast,11559
7723,Florida,Jefferson,2,207,2_North Central,11544
8578,Florida,Gadsden,2,46,2_North Central,11528
8387,Florida,Okaloosa,1,114,1_Northwest,11515
8270,Florida,Escambia,1,41,1_Northwest,11505
8268,Florida,Escambia,1,41,1_Northwest,11505
8589,Florida,Gadsden,2,47,2_North Central,11538
8272,Florida,Escambia,1,41,1_Northwest,11505
8269,Florida,Escambia,1,40,1_Northwest,11505
8584,Florida,Gadsden,2,47,2_North Central,11528
8063,Florida,Nassau,3,110,3_Northeast,11558
8274,Florida,Escambia,1,40,1_Northwest,11505
8275,Florida,Escambia,1,40,1_Northwest,11502
8271,Florida,Escambia,1,41,1_Northwest,11502
8263,Florida,Escambia,1,40,1_Northwest,11503
8098,Florida,Walton,1,161,1_Northwest,11520
8449,Florida,Santa Rosa,1,138,1_Northwest,11511
8590,Florida,Gadsden,2,46,2_North Central,11534
7725,Florida,Jefferson,2,207,2_North Central,11542
8598,Florida,Gadsden,2,46,2_North Central,11528
8057,Florida,Nassau,3,110,3_Northeast,11559
8273,Florida,Escambia,1,40,1_Northwest,11503
8067,Florida,Nassau,3,109,3_Northeast,11559
8104,Florida,Walton,1,161,1_Northwest,11520
8061,Florida,Nassau,3,109,3_Northeast,11559
8258,Florida,Escambia,1,40,1_Northwest,11503
8062,Florida,Nassau,3,110,3_Northeast,11558
8594,Florida,Gadsden,2,46,2_North Central,11528
8277,Florida,Escambia,1,41,1_Northwest,11505
7726,Florida,Jefferson,2,207,2_North Central,11542
8592,Florida,Gadsden,2,47,2_North Central,11538
8625,Florida,Jackson,1,74,1_Northwest,11534
8278,Florida,Escambia,1,41,1_Northwest,11505
8279,Florida,Escambia,1,40,1_Northwest,11505
8280,Florida,Escambia,1,40,1_Northwest,11505
8601,Florida,Gadsden,2,47,2_North Central,11538
8599,Florida,Gadsden,2,46,2_North Central,11528
8597,Florida,Gadsden,2,46,2_North Central,11528
8058,Florida,Nassau,3,110,3_Northeast,11558
8101,Florida,Walton,1,161,1_Northwest,11520
8593,Florida,Gadsden,2,47,2_North Central,11538
8626,Florida,Jackson,1,74,1_Northwest,11530
8499,Florida,Washington,1,163,1_Northwest,11525
8069,Florida,Nassau,3,109,3_Northeast,11559
7724,Florida,Jefferson,2,207,2_North Central,11542
7990,Florida,Leon,2,85,2_North Central,11542
7987,Florida,Leon,2,85,2_North Central,11540
8450,Florida,Santa Rosa,1,138,1_Northwest,11511
8624,Florida,Jackson,1,74,1_Northwest,11530
8401,Florida,Okaloosa,1,114,1_Northwest,11515
8652,Florida,Jackson,1,74,1_Northwest,11530
8532,Florida,Washington,1,163,1_Northwest,11525
8534,Florida,Washington,1,163,1_Northwest,11525
8414,Florida,Okaloosa,1,114,1_Northwest,11515
8114,Florida,Walton,1,161,1_Northwest,11520
8113,Florida,Walton,1,161,1_Northwest,11515
8415,Florida,Okaloosa,1,114,1_Northwest,11515
8661,Florida,Jackson,1,74,1_Northwest,11529
8304,Florida,Escambia,1,39,1_Northwest,11507
8680,Florida,Jackson,1,74,1_Northwest,11530
8596,Florida,Gadsden,2,47,2_North Central,11538
8600,Florida,Gadsden,2,46,2_North Central,11528
7988,Florida,Leon,2,85,2_North Central,11542
8591,Florida,Gadsden,2,47,2_North Central,11538
7986,Florida,Leon,2,85,2_North Central,11540
8070,Florida,Nassau,3,110,3_Northeast,11559
8502,Florida,Washington,1,163,1_Northwest,11525
7989,Florida,Leon,2,85,2_North Central,11538
8595,Florida,Gadsden,2,46,2_North Central,11528
8500,Florida,Washington,1,163,1_Northwest,11525
8276,Florida,Escambia,1,41,1_Northwest,11505
8284,Florida,Escambia,1,40,1_Northwest,11505
8281,Florida,Escambia,1,40,1_Northwest,11505
8504,Florida,Washington,1,163,1_Northwest,11525
8604,Florida,Gadsden,2,46,2_North Central,11528
8283,Florida,Escambia,1,40,1_Northwest,11505
8602,Florida,Gadsden,2,46,2_North Central,11528
7991,Florida,Leon,2,85,2_North Central,11540
7992,Florida,Leon,2,85,2_North Central,11538
8610,Florida,Gadsden,2,47,2_North Central,11538
8282,Florida,Escambia,1,40,1_Northwest,11503
8606,Florida,Gadsden,2,47,2_North Central,11538
8286,Florida,Escambia,1,40,1_Northwest,11505
8452,Florida,Santa Rosa,1,138,1_Northwest,11511
8288,Florida,Escambia,1,40,1_Northwest,11505
8609,Florida,Gadsden,2,47,2_North Central,11538
8285,Florida,Escambia,1,40,1_Northwest,11505
8605,Florida,Gadsden,2,47,2_North Central,11528
8627,Florida,Jackson,1,73,1_Northwest,11529
8289,Florida,Escambia,1,40,1_Northwest,11505
8612,Florida,Gadsden,2,46,2_North Central,11528
8607,Florida,Gadsden,2,47,2_North Central,11538
8454,Florida,Santa Rosa,1,138,1_Northwest,11511
8068,Florida,Nassau,3,109,3_Northeast,11559
8603,Florida,Gadsden,2,46,2_North Central,11528
8456,Florida,Santa Rosa,1,138,1_Northwest,11511
8453,Florida,Santa Rosa,1,138,1_Northwest,11505
8615,Florida,Gadsden,2,46,2_North Central,11528
8455,Florida,Santa Rosa,1,138,1_Northwest,11505
8608,Florida,Gadsden,2,46,2_North Central,11528
8614,Florida,Gadsden,2,46,2_North Central,11528
8611,Florida,Gadsden,2,46,2_North Central,11528
8623,Florida,Jackson,1,73,1_Northwest,11529
8457,Florida,Santa Rosa,1,138,1_Northwest,11511
8072,Florida,Nassau,3,110,3_Northeast,11559
8613,Florida,Gadsden,2,46,2_North Central,11528
8616,Florida,Gadsden,2,46,2_North Central,11528
8287,Florida,Escambia,1,40,1_Northwest,11505
8503,Florida,Washington,1,163,1_Northwest,11520
8618,Florida,Gadsden,2,46,2_North Central,11528
8619,Florida,Gadsden,2,46,2_North Central,11534
8617,Florida,Gadsden,2,46,2_North Central,11528
8460,Florida,Santa Rosa,1,138,1_Northwest,11511
8505,Florida,Washington,1,163,1_Northwest,11525
8291,Florida,Escambia,1,40,1_Northwest,11505
8620,Florida,Gadsden,2,46,2_North Central,11528
8463,Florida,Santa Rosa,1,138,1_Northwest,11511
8462,Florida,Santa Rosa,1,138,1_Northwest,11505
8290,Florida,Escambia,1,40,1_Northwest,11505
8628,Florida,Jackson,1,74,1_Northwest,11530
8465,Florida,Santa Rosa,1,138,1_Northwest,11511
8448,Florida,Santa Rosa,1,138,1_Northwest,11511
8384,Florida,Okaloosa,1,114,1_Northwest,11515
8631,Florida,Jackson,1,74,1_Northwest,11534
8622,Florida,Gadsden,2,46,2_North Central,11528
8466,Florida,Santa Rosa,1,138,1_Northwest,11511
8458,Florida,Santa Rosa,1,138,1_Northwest,11511
8461,Florida,Santa Rosa,1,138,1_Northwest,11511
8459,Florida,Santa Rosa,1,138,1_Northwest,11511
8629,Florida,Jackson,1,73,1_Northwest,11529
8468,Florida,Santa Rosa,1,138,1_Northwest,11511
8071,Florida,Nassau,3,110,3_Northeast,11558
8630,Florida,Jackson,1,73,1_Northwest,11530
8292,Florida,Escambia,1,40,1_Northwest,11505
8501,Florida,Washington,1,163,1_Northwest,11525
8506,Florida,Washington,1,163,1_Northwest,11525
8634,Florida,Jackson,1,74,1_Northwest,11530
8632,Florida,Jackson,1,73,1_Northwest,11529
8469,Florida,Santa Rosa,1,138,1_Northwest,11511
8507,Florida,Washington,1,163,1_Northwest,11525
8635,Florida,Jackson,1,73,1_Northwest,11530
8471,Florida,Santa Rosa,1,138,1_Northwest,11511
8075,Florida,Nassau,3,110,3_Northeast,11558
8637,Florida,Jackson,1,74,1_Northwest,11534
8467,Florida,Santa Rosa,1,138,1_Northwest,11511
8470,Florida,Santa Rosa,1,138,1_Northwest,11505
8508,Florida,Washington,1,163,1_Northwest,11525
8509,Florida,Washington,1,163,1_Northwest,11525
8074,Florida,Nassau,3,110,3_Northeast,11558
8105,Florida,Walton,1,161,1_Northwest,11520
8472,Florida,Santa Rosa,1,138,1_Northwest,11509
8473,Florida,Santa Rosa,1,138,1_Northwest,11505
8633,Florida,Jackson,1,73,1_Northwest,11530
8106,Florida,Walton,1,161,1_Northwest,11520
8055,Florida,Nassau,3,110,3_Northeast,11557
8107,Florida,Walton,1,161,1_Northwest,11520
8636,Florida,Jackson,1,73,1_Northwest,11529
8369,Florida,Okaloosa,1,114,1_Northwest,11511
8640,Florida,Jackson,1,73,1_Northwest,11529
8295,Florida,Escambia,1,40,1_Northwest,11505
8476,Florida,Santa Rosa,1,138,1_Northwest,11511
8293,Florida,Escambia,1,40,1_Northwest,11505
8475,Florida,Santa Rosa,1,138,1_Northwest,11511
8108,Florida,Walton,1,161,1_Northwest,11520
8464,Florida,Santa Rosa,1,138,1_Northwest,11511
8102,Florida,Walton,1,161,1_Northwest,11515
8638,Florida,Jackson,1,73,1_Northwest,11530
8512,Florida,Washington,1,163,1_Northwest,11525
8510,Florida,Washington,1,163,1_Northwest,11525
8639,Florida,Jackson,1,74,1_Northwest,11529
8294,Florida,Escambia,1,40,1_Northwest,11505
8684,Florida,Holmes,1,69,1_Northwest,11520
8474,Florida,Santa Rosa,1,138,1_Northwest,11505
8515,Florida,Washington,1,163,1_Northwest,11529
8513,Florida,Washington,1,163,1_Northwest,11525
8642,Florida,Jackson,1,74,1_Northwest,11529
8477,Florida,Santa Rosa,1,138,1_Northwest,11511
8109,Florida,Walton,1,161,1_Northwest,11520
8644,Florida,Jackson,1,74,1_Northwest,11529
8514,Florida,Washington,1,163,1_Northwest,11525
8073,Florida,Nassau,3,110,3_Northeast,11558
8641,Florida,Jackson,1,74,1_Northwest,11530
8645,Florida,Jackson,1,74,1_Northwest,11530
8359,Florida,Okaloosa,1,114,1_Northwest,11515
8388,Florida,Okaloosa,1,114,1_Northwest,11515
8519,Florida,Washington,1,163,1_Northwest,11525
8392,Florida,Okaloosa,1,114,1_Northwest,11515
8686,Florida,Holmes,1,69,1_Northwest,11520
8391,Florida,Okaloosa,1,114,1_Northwest,11515
8479,Florida,Santa Rosa,1,138,1_Northwest,11511
8511,Florida,Washington,1,163,1_Northwest,11520
8688,Florida,Holmes,1,70,1_Northwest,11525
8689,Florida,Holmes,1,70,1_Northwest,11525
8516,Florida,Washington,1,163,1_Northwest,11529
8517,Florida,Washington,1,163,1_Northwest,11525
8521,Florida,Washington,1,163,1_Northwest,11529
8649,Florida,Jackson,1,74,1_Northwest,11530
8522,Florida,Washington,1,163,1_Northwest,11525
8478,Florida,Santa Rosa,1,138,1_Northwest,11509
8296,Florida,Escambia,1,40,1_Northwest,11505
8524,Florida,Washington,1,163,1_Northwest,11525
8646,Florida,Jackson,1,73,1_Northwest,11530
8525,Florida,Washington,1,163,1_Northwest,11529
8687,Florida,Holmes,1,69,1_Northwest,11520
8520,Florida,Washington,1,163,1_Northwest,11525
8690,Florida,Holmes,1,70,1_Northwest,11525
8396,Florida,Okaloosa,1,114,1_Northwest,11515
8523,Florida,Washington,1,163,1_Northwest,11525
8651,Florida,Jackson,1,74,1_Northwest,11529
8653,Florida,Jackson,1,74,1_Northwest,11530
8650,Florida,Jackson,1,74,1_Northwest,11529
8527,Florida,Washington,1,163,1_Northwest,11525
8691,Florida,Holmes,1,69,1_Northwest,11520
8528,Florida,Washington,1,163,1_Northwest,11529
8394,Florida,Okaloosa,1,114,1_Northwest,11515
8655,Florida,Jackson,1,74,1_Northwest,11530
8693,Florida,Holmes,1,70,1_Northwest,11525
8397,Florida,Okaloosa,1,114,1_Northwest,11515
8395,Florida,Okaloosa,1,114,1_Northwest,11511
8398,Florida,Okaloosa,1,114,1_Northwest,11515
8393,Florida,Okaloosa,1,114,1_Northwest,11511
8299,Florida,Escambia,1,40,1_Northwest,11505
8526,Florida,Washington,1,163,1_Northwest,11525
8399,Florida,Okaloosa,1,114,1_Northwest,11515
8530,Florida,Washington,1,163,1_Northwest,11525
8656,Florida,Jackson,1,74,1_Northwest,11530
8658,Florida,Jackson,1,74,1_Northwest,11530
8692,Florida,Holmes,1,70,1_Northwest,11525
8529,Florida,Washington,1,163,1_Northwest,11525
8402,Florida,Okaloosa,1,114,1_Northwest,11515
8403,Florida,Okaloosa,1,114,1_Northwest,11515
8657,Florida,Jackson,1,74,1_Northwest,11529
8298,Florida,Escambia,1,40,1_Northwest,11509
8404,Florida,Okaloosa,1,114,1_Northwest,11515
8407,Florida,Okaloosa,1,114,1_Northwest,11515
8408,Florida,Okaloosa,1,114,1_Northwest,11515
8654,Florida,Jackson,1,74,1_Northwest,11530
8400,Florida,Okaloosa,1,113,1_Northwest,11511
8695,Florida,Holmes,1,70,1_Northwest,11525
8111,Florida,Walton,1,161,1_Northwest,11520
8405,Florida,Okaloosa,1,113,1_Northwest,11515
8409,Florida,Okaloosa,1,114,1_Northwest,11515
8696,Florida,Holmes,1,70,1_Northwest,11525
8480,Florida,Santa Rosa,1,138,1_Northwest,11511
8694,Florida,Holmes,1,69,1_Northwest,11520
8531,Florida,Washington,1,163,1_Northwest,11529
8533,Florida,Washington,1,163,1_Northwest,11529
8412,Florida,Okaloosa,1,114,1_Northwest,11515
8416,Florida,Okaloosa,1,114,1_Northwest,11515
8112,Florida,Walton,1,161,1_Northwest,11520
8411,Florida,Okaloosa,1,113,1_Northwest,11515
8406,Florida,Okaloosa,1,113,1_Northwest,11511
8413,Florida,Okaloosa,1,114,1_Northwest,11515
8482,Florida,Santa Rosa,1,138,1_Northwest,11509
8301,Florida,Escambia,1,40,1_Northwest,11509
8481,Florida,Santa Rosa,1,138,1_Northwest,11511
8699,Florida,Holmes,1,70,1_Northwest,11525
8660,Florida,Jackson,1,74,1_Northwest,11530
8300,Florida,Escambia,1,39,1_Northwest,11507
8698,Florida,Holmes,1,69,1_Northwest,11520
8697,Florida,Holmes,1,69,1_Northwest,11520
8659,Florida,Jackson,1,74,1_Northwest,11530
8700,Florida,Holmes,1,70,1_Northwest,11525
8115,Florida,Walton,1,160,1_Northwest,11520
8418,Florida,Okaloosa,1,114,1_Northwest,11515
8410,Florida,Okaloosa,1,113,1_Northwest,11511
8663,Florida,Jackson,1,74,1_Northwest,11529
8116,Florida,Walton,1,160,1_Northwest,11515
8667,Florida,Jackson,1,74,1_Northwest,11529
8662,Florida,Jackson,1,74,1_Northwest,11530
8666,Florida,Jackson,1,74,1_Northwest,11529
8417,Florida,Okaloosa,1,113,1_Northwest,11511
8485,Florida,Santa Rosa,1,137,1_Northwest,11511
8665,Florida,Jackson,1,74,1_Northwest,11529
8117,Florida,Walton,1,160,1_Northwest,11520
8484,Florida,Santa Rosa,1,137,1_Northwest,11509
8668,Florida,Jackson,1,74,1_Northwest,11530
8483,Florida,Santa Rosa,1,138,1_Northwest,11511
8419,Florida,Okaloosa,1,113,1_Northwest,11515
8705,Florida,Holmes,1,70,1_Northwest,11525
8120,Florida,Walton,1,160,1_Northwest,11515
8422,Florida,Okaloosa,1,113,1_Northwest,11515
8704,Florida,Holmes,1,69,1_Northwest,11520
8118,Florida,Walton,1,160,1_Northwest,11515
8671,Florida,Jackson,1,74,1_Northwest,11529
8670,Florida,Jackson,1,74,1_Northwest,11529
8421,Florida,Okaloosa,1,113,1_Northwest,11515
8672,Florida,Jackson,1,74,1_Northwest,11530
8673,Florida,Jackson,1,74,1_Northwest,11530
8703,Florida,Holmes,1,70,1_Northwest,11520
8489,Florida,Santa Rosa,1,137,1_Northwest,11509
8676,Florida,Jackson,1,74,1_Northwest,11529
8707,Florida,Holmes,1,70,1_Northwest,11525
8675,Florida,Jackson,1,74,1_Northwest,11529
8706,Florida,Holmes,1,70,1_Northwest,11525
8664,Florida,Jackson,1,74,1_Northwest,11530
8674,Florida,Jackson,1,74,1_Northwest,11530
8119,Florida,Walton,1,160,1_Northwest,11520
8488,Florida,Santa Rosa,1,137,1_Northwest,11511
8677,Florida,Jackson,1,74,1_Northwest,11525
8424,Florida,Okaloosa,1,113,1_Northwest,11515
8420,Florida,Okaloosa,1,113,1_Northwest,11515
8487,Florida,Santa Rosa,1,137,1_Northwest,11511
8423,Florida,Okaloosa,1,113,1_Northwest,11515
8708,Florida,Holmes,1,70,1_Northwest,11525
8678,Florida,Jackson,1,74,1_Northwest,11529
8709,Florida,Holmes,1,69,1_Northwest,11520
8302,Florida,Escambia,1,39,1_Northwest,11507
8710,Florida,Holmes,1,70,1_Northwest,11525
8122,Florida,Walton,1,160,1_Northwest,11520
8303,Florida,Escambia,1,39,1_Northwest,11507
8681,Florida,Jackson,1,74,1_Northwest,11530
8679,Florida,Jackson,1,74,1_Northwest,11529
8683,Florida,Jackson,1,74,1_Northwest,11529
8711,Florida,Holmes,1,69,1_Northwest,11520
8682,Florida,Jackson,1,74,1_Northwest,11529
8305,Florida,Escambia,1,39,1_Northwest,11507
8715,Florida,Holmes,1,70,1_Northwest,11529
8713,Florida,Holmes,1,69,1_Northwest,11520
8714,Florida,Holmes,1,70,1_Northwest,11525
8124,Florida,Walton,1,160,1_Northwest,11520
8123,Florida,Walton,1,160,1_Northwest,11515
8125,Florida,Walton,1,160,1_Northwest,11515
8718,Florida,Holmes,1,70,1_Northwest,11525
8426,Florida,Okaloosa,1,112,1_Northwest,11515
8427,Florida,Okaloosa,1,112,1_Northwest,11515
8428,Florida,Okaloosa,1,112,1_Northwest,11515
8716,Florida,Holmes,1,70,1_Northwest,11525
8719,Florida,Holmes,1,70,1_Northwest,11525
8712,Florida,Holmes,1,70,1_Northwest,11525
8717,Florida,Holmes,1,69,1_Northwest,11520
8721,Florida,Holmes,1,69,1_Northwest,11520
8720,Florida,Holmes,1,69,1_Northwest,11520
8127,Florida,Walton,1,160,1_Northwest,11520
8121,Florida,Walton,1,160,1_Northwest,11515
8126,Florida,Walton,1,160,1_Northwest,11515
8491,Florida,Santa Rosa,1,137,1_Northwest,11509
8128,Florida,Walton,1,160,1_Northwest,11515
8129,Florida,Walton,1,160,1_Northwest,11515
8309,Florida,Escambia,1,39,1_Northwest,11509
8430,Florida,Okaloosa,1,112,1_Northwest,11515
8486,Florida,Santa Rosa,1,137,1_Northwest,11509
8429,Florida,Okaloosa,1,112,1_Northwest,11515
8307,Florida,Escambia,1,39,1_Northwest,11507
8308,Florida,Escambia,1,39,1_Northwest,11507
8310,Florida,Escambia,1,39,1_Northwest,11509
8311,Florida,Escambia,1,39,1_Northwest,11507
8425,Florida,Okaloosa,1,112,1_Northwest,11511
8312,Florida,Escambia,1,39,1_Northwest,11507
8490,Florida,Santa Rosa,1,137,1_Northwest,11511
8492,Florida,Santa Rosa,1,137,1_Northwest,11511
8313,Florida,Escambia,1,39,1_Northwest,11509
8494,Florida,Santa Rosa,1,137,1_Northwest,11511
8493,Florida,Santa Rosa,1,137,1_Northwest,11509
8314,Florida,Escambia,1,39,1_Northwest,11509
8315,Florida,Escambia,1,39,1_Northwest,11509
8306,Florida,Escambia,1,39,1_Northwest,11507
