Purpose,EntryPeriod,ReturnPeriod,Percent
1,1,1,0
1,1,2,7.74924e-05
1,1,3,5.81161e-05
1,1,4,0
1,1,5,0
1,1,6,7.74924e-05
1,1,7,0
1,1,8,0
1,1,9,0
1,1,10,0
1,1,11,0
1,1,12,0
1,1,13,0
1,1,14,0
1,1,15,0
1,1,16,0
1,1,17,0
1,1,18,0
1,1,19,0
1,1,20,0
1,1,21,0
1,1,22,0
1,1,23,0
1,1,24,0
1,1,25,0
1,1,26,0
1,1,27,0
1,1,28,0
1,1,29,0
1,1,30,0
1,1,31,0
1,1,32,0
1,1,33,0
1,1,34,0
1,1,35,0
1,1,36,0
1,1,37,0
1,1,38,0
1,1,39,0
1,1,40,0
1,1,41,0
1,1,42,0
1,1,43,0
1,1,44,0
1,1,45,0
1,1,46,0
1,1,47,0
1,1,48,0
1,2,1,0
1,2,2,0
1,2,3,0
1,2,4,0
1,2,5,0
1,2,6,0
1,2,7,0
1,2,8,0
1,2,9,0
1,2,10,0
1,2,11,0
1,2,12,0
1,2,13,0
1,2,14,0
1,2,15,0
1,2,16,0
1,2,17,0
1,2,18,0
1,2,19,0
1,2,20,0
1,2,21,0
1,2,22,0
1,2,23,0
1,2,24,0
1,2,25,0
1,2,26,0
1,2,27,0
1,2,28,0
1,2,29,0
1,2,30,0
1,2,31,0
1,2,32,0
1,2,33,0
1,2,34,0
1,2,35,0
1,2,36,0
1,2,37,0
1,2,38,0
1,2,39,0
1,2,40,0
1,2,41,0
1,2,42,0
1,2,43,0
1,2,44,0
1,2,45,0
1,2,46,0
1,2,47,0
1,2,48,0
1,3,1,0
1,3,2,0
1,3,3,0
1,3,4,0
1,3,5,0
1,3,6,0
1,3,7,0
1,3,8,0
1,3,9,0
1,3,10,0
1,3,11,0
1,3,12,0
1,3,13,0
1,3,14,0
1,3,15,0
1,3,16,0
1,3,17,0
1,3,18,0
1,3,19,0
1,3,20,0
1,3,21,0
1,3,22,0
1,3,23,0
1,3,24,0
1,3,25,0
1,3,26,0
1,3,27,0
1,3,28,0
1,3,29,0
1,3,30,0
1,3,31,0
1,3,32,0
1,3,33,0
1,3,34,0
1,3,35,0
1,3,36,0
1,3,37,0
1,3,38,0
1,3,39,0
1,3,40,0
1,3,41,0
1,3,42,0
1,3,43,0
1,3,44,0
1,3,45,0
1,3,46,0
1,3,47,0
1,3,48,0
1,4,1,0
1,4,2,0
1,4,3,0
1,4,4,0
1,4,5,0
1,4,6,0
1,4,7,0
1,4,8,0
1,4,9,0
1,4,10,0
1,4,11,0
1,4,12,0
1,4,13,0
1,4,14,0
1,4,15,0
1,4,16,0
1,4,17,0
1,4,18,0
1,4,19,0
1,4,20,0
1,4,21,0
1,4,22,0
1,4,23,0
1,4,24,0
1,4,25,0
1,4,26,0
1,4,27,0
1,4,28,0
1,4,29,0
1,4,30,0
1,4,31,0
1,4,32,0
1,4,33,0
1,4,34,0
1,4,35,0
1,4,36,0
1,4,37,0
1,4,38,0
1,4,39,0
1,4,40,0
1,4,41,0
1,4,42,0
1,4,43,0
1,4,44,0
1,4,45,0
1,4,46,0
1,4,47,0
1,4,48,0
1,5,1,0
1,5,2,0
1,5,3,0
1,5,4,0
1,5,5,0
1,5,6,0
1,5,7,0
1,5,8,0
1,5,9,0
1,5,10,0
1,5,11,0
1,5,12,0
1,5,13,0
1,5,14,0
1,5,15,0
1,5,16,0
1,5,17,0
1,5,18,0
1,5,19,0
1,5,20,0
1,5,21,0
1,5,22,0
1,5,23,0
1,5,24,0
1,5,25,0
1,5,26,0
1,5,27,0
1,5,28,0
1,5,29,0
1,5,30,0
1,5,31,0
1,5,32,0
1,5,33,0
1,5,34,0
1,5,35,0
1,5,36,0
1,5,37,0
1,5,38,0
1,5,39,0
1,5,40,0
1,5,41,0
1,5,42,0
1,5,43,0
1,5,44,0
1,5,45,0
1,5,46,0
1,5,47,0
1,5,48,0
1,6,1,0
1,6,2,0
1,6,3,0
1,6,4,0
1,6,5,0
1,6,6,0
1,6,7,0
1,6,8,0
1,6,9,0
1,6,10,0
1,6,11,0
1,6,12,0
1,6,13,0
1,6,14,0
1,6,15,0
1,6,16,0
1,6,17,0
1,6,18,0
1,6,19,0
1,6,20,0
1,6,21,0
1,6,22,0
1,6,23,0
1,6,24,0
1,6,25,0
1,6,26,0
1,6,27,0
1,6,28,0
1,6,29,0
1,6,30,0
1,6,31,0
1,6,32,0
1,6,33,0
1,6,34,0
1,6,35,0
1,6,36,0
1,6,37,0
1,6,38,0
1,6,39,0
1,6,40,0
1,6,41,0
1,6,42,0
1,6,43,0
1,6,44,0
1,6,45,0
1,6,46,0
1,6,47,0
1,6,48,0
1,7,1,0
1,7,2,0
1,7,3,0
1,7,4,0
1,7,5,0
1,7,6,0
1,7,7,0
1,7,8,1.93763e-05
1,7,9,0
1,7,10,0
1,7,11,0
1,7,12,0
1,7,13,0
1,7,14,0.000135596
1,7,15,0
1,7,16,0
1,7,17,0
1,7,18,0
1,7,19,0
1,7,20,0
1,7,21,0
1,7,22,0
1,7,23,0
1,7,24,0.000503655
1,7,25,0
1,7,26,0
1,7,27,0
1,7,28,0
1,7,29,1.93763e-05
1,7,30,3.87397e-05
1,7,31,7.74924e-05
1,7,32,0
1,7,33,5.81161e-05
1,7,34,5.81161e-05
1,7,35,0
1,7,36,1.93763e-05
1,7,37,0
1,7,38,1.93763e-05
1,7,39,0
1,7,40,0
1,7,41,1.93763e-05
1,7,42,1.93763e-05
1,7,43,0
1,7,44,0
1,7,45,0
1,7,46,0
1,7,47,0
1,7,48,0
1,8,1,0
1,8,2,0
1,8,3,0
1,8,4,0
1,8,5,0
1,8,6,0
1,8,7,0
1,8,8,0
1,8,9,0
1,8,10,0
1,8,11,0
1,8,12,1.93763e-05
1,8,13,0
1,8,14,0
1,8,15,7.74924e-05
1,8,16,0
1,8,17,0
1,8,18,0
1,8,19,0
1,8,20,0
1,8,21,0
1,8,22,0.000193712
1,8,23,0
1,8,24,0
1,8,25,3.87397e-05
1,8,26,0.000154972
1,8,27,3.87397e-05
1,8,28,0.000213088
1,8,29,0.000193712
1,8,30,9.68558e-05
1,8,31,3.87397e-05
1,8,32,0
1,8,33,1.93763e-05
1,8,34,5.81161e-05
1,8,35,0
1,8,36,0.000213088
1,8,37,0.000154972
1,8,38,3.87397e-05
1,8,39,0
1,8,40,0
1,8,41,0.000213088
1,8,42,0
1,8,43,0.000387436
1,8,44,0
1,8,45,0
1,8,46,0
1,8,47,0
1,8,48,0
1,9,1,0
1,9,2,3.87397e-05
1,9,3,0
1,9,4,0
1,9,5,0
1,9,6,0
1,9,7,0
1,9,8,0
1,9,9,0
1,9,10,0
1,9,11,0
1,9,12,0
1,9,13,0
1,9,14,3.87397e-05
1,9,15,0
1,9,16,0.000116232
1,9,17,0
1,9,18,0
1,9,19,0
1,9,20,5.81161e-05
1,9,21,0
1,9,22,0
1,9,23,0
1,9,24,0.000154972
1,9,25,0.000154972
1,9,26,0.000154972
1,9,27,0.000484292
1,9,28,0.00032932
1,9,29,0.000619887
1,9,30,0.001704703
1,9,31,0.000174348
1,9,32,0.001704703
1,9,33,0.000600524
1,9,34,0.000716743
1,9,35,0.001549731
1,9,36,0.000542408
1,9,37,0.000891091
1,9,38,0.000852352
1,9,39,0.000348683
1,9,40,0.000213088
1,9,41,0.000154972
1,9,42,1.93763e-05
1,9,43,0
1,9,44,0
1,9,45,0
1,9,46,3.87397e-05
1,9,47,0
1,9,48,1.93763e-05
1,10,1,0
1,10,2,0
1,10,3,0
1,10,4,0
1,10,5,0
1,10,6,0
1,10,7,0
1,10,8,0
1,10,9,0
1,10,10,0
1,10,11,0
1,10,12,3.87397e-05
1,10,13,0
1,10,14,0.000135596
1,10,15,0
1,10,16,0
1,10,17,0
1,10,18,0
1,10,19,0
1,10,20,0.000213088
1,10,21,0.000523032
1,10,22,5.81161e-05
1,10,23,5.81161e-05
1,10,24,1.93763e-05
1,10,25,0.00036806
1,10,26,0.000251828
1,10,27,0.000794236
1,10,28,0.00273139
1,10,29,0.001995271
1,10,30,1.93763e-05
1,10,31,0.001569095
1,10,32,0.003118826
1,10,33,0.001452876
1,10,34,0.000387436
1,10,35,0.000832975
1,10,36,0.001510979
1,10,37,0.002944478
1,10,38,0.001627211
1,10,39,0.000174348
1,10,40,0.000309944
1,10,41,0.000309944
1,10,42,0
1,10,43,0.0004068
1,10,44,0.000484292
1,10,45,0.000154972
1,10,46,0
1,10,47,0
1,10,48,0
1,11,1,0
1,11,2,0
1,11,3,0
1,11,4,0
1,11,5,0
1,11,6,0
1,11,7,0
1,11,8,0
1,11,9,0
1,11,10,0
1,11,11,0
1,11,12,0
1,11,13,0
1,11,14,0.000503655
1,11,15,1.93763e-05
1,11,16,0
1,11,17,0
1,11,18,0
1,11,19,9.68558e-05
1,11,20,0.000213088
1,11,21,9.68558e-05
1,11,22,0.00032932
1,11,23,0.000213088
1,11,24,0.001123556
1,11,25,1.93763e-05
1,11,26,0.000503655
1,11,27,9.68558e-05
1,11,28,0.000910468
1,11,29,0.002712027
1,11,30,0.002227735
1,11,31,0.003196319
1,11,32,0.003622494
1,11,33,0.005656505
1,11,34,0.004339238
1,11,35,0.004726674
1,11,36,0.003874322
1,11,37,0.003118826
1,11,38,0.002770143
1,11,39,0.000929831
1,11,40,0.001239788
1,11,41,0.001297891
1,11,42,0.000832975
1,11,43,0.000949207
1,11,44,0.000561771
1,11,45,0.000348683
1,11,46,0
1,11,47,5.81161e-05
1,11,48,0.000716743
1,12,1,0
1,12,2,0
1,12,3,0
1,12,4,0
1,12,5,0
1,12,6,0
1,12,7,0
1,12,8,0
1,12,9,0
1,12,10,0
1,12,11,0
1,12,12,0
1,12,13,0
1,12,14,0
1,12,15,0.000309944
1,12,16,0
1,12,17,0.001588471
1,12,18,0.00029058
1,12,19,0.000464916
1,12,20,7.74924e-05
1,12,21,0.000271204
1,12,22,0.000464916
1,12,23,0.000213088
1,12,24,0
1,12,25,0.001724067
1,12,26,0.000193712
1,12,27,0.000619887
1,12,28,0.001356007
1,12,29,0.000271204
1,12,30,0.004494209
1,12,31,0.009027172
1,12,32,0.007128744
1,12,33,0.007361208
1,12,34,0.005888969
1,12,35,0.009182143
1,12,36,0.008775331
1,12,37,0.006082681
1,12,38,0.003486886
1,12,39,0.003932438
1,12,40,0.00269265
1,12,41,0.001317267
1,12,42,0.000949207
1,12,43,0.001840299
1,12,44,3.87397e-05
1,12,45,0.000929831
1,12,46,0.000135596
1,12,47,1.93763e-05
1,12,48,0
1,13,1,8.75272e-06
1,13,2,4.37636e-05
1,13,3,0.000183788
1,13,4,0
1,13,5,0
1,13,6,0
1,13,7,0
1,13,8,0
1,13,9,0
1,13,10,0
1,13,11,0
1,13,12,0
1,13,13,1.75054e-05
1,13,14,8.75272e-06
1,13,15,0.000201294
1,13,16,7.87652e-05
1,13,17,0.000113776
1,13,18,0.000236295
1,13,19,0.000175036
1,13,20,0.000262554
1,13,21,4.37636e-05
1,13,22,0.000148778
1,13,23,0.000280059
1,13,24,0.000883941
1,13,25,0.000463848
1,13,26,0.000341319
1,13,27,0.000595129
1,13,28,3.50109e-05
1,13,29,0.000638883
1,13,30,0.001216507
1,13,31,0.003448236
1,13,32,0.005854992
1,13,33,0.009697054
1,13,34,0.00880437
1,13,35,0.010038382
1,13,36,0.005995026
1,13,37,0.007001487
1,13,38,0.003614519
1,13,39,0.00286186
1,13,40,0.003544498
1,13,41,0.002047932
1,13,42,0.000490106
1,13,43,0.0006914
1,13,44,0.000385082
1,13,45,0.000332566
1,13,46,7.00124e-05
1,13,47,5.2507e-05
1,13,48,0.000253801
1,14,1,4.37636e-05
1,14,2,0
1,14,3,0
1,14,4,0
1,14,5,0
1,14,6,0
1,14,7,0
1,14,8,0
1,14,9,0
1,14,10,0
1,14,11,0
1,14,12,0
1,14,13,0
1,14,14,0
1,14,15,0
1,14,16,0
1,14,17,7.87652e-05
1,14,18,0.000306317
1,14,19,0.000148778
1,14,20,0.000621378
1,14,21,0.000542613
1,14,22,0.000358824
1,14,23,4.37636e-05
1,14,24,0.000927695
1,14,25,0.001706613
1,14,26,0.000446342
1,14,27,0.000586376
1,14,28,0.001181496
1,14,29,0.001820389
1,14,30,0.002249225
1,14,31,0.00477851
1,14,32,0.007789157
1,14,33,0.014405561
1,14,34,0.011981291
1,14,35,0.014195515
1,14,36,0.013644149
1,14,37,0.012795219
1,14,38,0.00540865
1,14,39,0.003185673
1,14,40,0.003386967
1,14,41,0.002590554
1,14,42,0.002030435
1,14,43,0.000857683
1,14,44,0.000192541
1,14,45,0.000971459
1,14,46,0.000437589
1,14,47,3.50109e-05
1,14,48,0.000245048
1,15,1,6.12597e-05
1,15,2,8.75272e-06
1,15,3,0
1,15,4,0
1,15,5,0
1,15,6,3.50109e-05
1,15,7,0
1,15,8,0
1,15,9,0
1,15,10,0
1,15,11,0
1,15,12,0
1,15,13,0
1,15,14,0
1,15,15,0
1,15,16,0.000140034
1,15,17,0.00037633
1,15,18,0.000105023
1,15,19,0.000245048
1,15,20,0.000105023
1,15,21,0.000140034
1,15,22,8.75179e-05
1,15,23,0.000332566
1,15,24,0.001601589
1,15,25,0.001461565
1,15,26,0.001312778
1,15,27,0.00091019
1,15,28,0.00084893
1,15,29,0.000892694
1,15,30,0.000857683
1,15,31,0.003702037
1,15,32,0.006861452
1,15,33,0.007369064
1,15,34,0.014484326
1,15,35,0.022492273
1,15,36,0.016786059
1,15,37,0.017031116
1,15,38,0.010195913
1,15,39,0.006931474
1,15,40,0.005041073
1,15,41,0.002713073
1,15,42,0.001899154
1,15,43,0.000953953
1,15,44,0.000770165
1,15,45,0.001662849
1,15,46,7.00124e-05
1,15,47,0.000210047
1,15,48,7.00124e-05
1,16,1,7.87652e-05
1,16,2,0
1,16,3,0
1,16,4,0
1,16,5,1.75054e-05
1,16,6,0
1,16,7,0
1,16,8,0
1,16,9,0
1,16,10,0
1,16,11,0
1,16,12,0
1,16,13,0
1,16,14,0
1,16,15,0
1,16,16,0
1,16,17,0.000481353
1,16,18,0.000122529
1,16,19,0.000866435
1,16,20,0.000183788
1,16,21,0.000341319
1,16,22,0.000253801
1,16,23,0.00031507
1,16,24,0.000980212
1,16,25,0.00254679
1,16,26,0.001426554
1,16,27,0.001356541
1,16,28,0.001627848
1,16,29,0.001470308
1,16,30,0.002196718
1,16,31,0.003071897
1,16,32,0.004052109
1,16,33,0.005294874
1,16,34,0.007561605
1,16,35,0.018037577
1,16,36,0.021923402
1,16,37,0.013320326
1,16,38,0.011202373
1,16,39,0.006030028
1,16,40,0.005478662
1,16,41,0.002319238
1,16,42,0.002853107
1,16,43,0.001260271
1,16,44,0.001234012
1,16,45,0.000918942
1,16,46,0.000455095
1,16,47,0.000183788
1,16,48,0.000210047
1,17,1,0
1,17,2,1.75054e-05
1,17,3,0.000166283
1,17,4,0
1,17,5,0
1,17,6,8.75272e-06
1,17,7,0
1,17,8,0
1,17,9,0
1,17,10,0
1,17,11,0
1,17,12,0
1,17,13,0
1,17,14,0
1,17,15,0
1,17,16,0
1,17,17,6.12597e-05
1,17,18,9.62706e-05
1,17,19,0.000428837
1,17,20,3.50109e-05
1,17,21,0.00031507
1,17,22,0.000411341
1,17,23,0.001207754
1,17,24,0.002100448
1,17,25,0.002529285
1,17,26,0.001907907
1,17,27,0.000866435
1,17,28,0.0016366
1,17,29,0.002441767
1,17,30,0.001164
1,17,31,0.002091695
1,17,32,0.002835602
1,17,33,0.004078367
1,17,34,0.005496168
1,17,35,0.011517443
1,17,36,0.012007549
1,17,37,0.012060056
1,17,38,0.009828336
1,17,39,0.006940227
1,17,40,0.003518249
1,17,41,0.001531577
1,17,42,0.00201293
1,17,43,0.001067729
1,17,44,0.00084893
1,17,45,0.00031507
1,17,46,0.000551365
1,17,47,0.000280059
1,17,48,9.62706e-05
1,18,1,4.37636e-05
1,18,2,0.000210047
1,18,3,4.37636e-05
1,18,4,0.000183788
1,18,5,0.0004726
1,18,6,0
1,18,7,0
1,18,8,0
1,18,9,0
1,18,10,0
1,18,11,0
1,18,12,0
1,18,13,0
1,18,14,0
1,18,15,0
1,18,16,0
1,18,17,0
1,18,18,2.62582e-05
1,18,19,0.000122529
1,18,20,0.000245048
1,18,21,0.000192541
1,18,22,0.000586376
1,18,23,0.000227552
1,18,24,0.001067729
1,18,25,0.000866435
1,18,26,0.001076482
1,18,27,0.001837894
1,18,28,0.001111484
1,18,29,0.000997708
1,18,30,0.002240473
1,18,31,0.001829142
1,18,32,0.001479061
1,18,33,0.003071897
1,18,34,0.004769767
1,18,35,0.005653698
1,18,36,0.006222569
1,18,37,0.005863745
1,18,38,0.006117546
1,18,39,0.005076075
1,18,40,0.002266731
1,18,41,0.002529285
1,18,42,0.001592837
1,18,43,0.001260271
1,18,44,0.001907907
1,18,45,0.000218799
1,18,46,0.000122529
1,18,47,9.62706e-05
1,18,48,0.000183788
1,19,1,3.12151e-05
1,19,2,6.24302e-05
1,19,3,0
1,19,4,0
1,19,5,0
1,19,6,0.000509847
1,19,7,0
1,19,8,0
1,19,9,0
1,19,10,0
1,19,11,0
1,19,12,0
1,19,13,0
1,19,14,0
1,19,15,0
1,19,16,0
1,19,17,0
1,19,18,0
1,19,19,0
1,19,20,0.000197696
1,19,21,6.24302e-05
1,19,22,5.20252e-05
1,19,23,0.00012486
1,19,24,0.000593087
1,19,25,0.00155035
1,19,26,0.000353771
1,19,27,0.000790783
1,19,28,0.000769973
1,19,29,0.000957263
1,19,30,0.001217389
1,19,31,0.00155035
1,19,32,0.001134149
1,19,33,0.00140468
1,19,34,0.001696021
1,19,35,0.002840575
1,19,36,0.007637307
1,19,37,0.003974734
1,19,38,0.004390936
1,19,39,0.004755112
1,19,40,0.003246382
1,19,41,0.002361943
1,19,42,0.000978073
1,19,43,0.001623186
1,19,44,0.001612781
1,19,45,0.000905238
1,19,46,0.000301746
1,19,47,0
1,19,48,0.000176886
1,20,1,0.000447417
1,20,2,6.24302e-05
1,20,3,0
1,20,4,0
1,20,5,0
1,20,6,1.0405e-05
1,20,7,0
1,20,8,0
1,20,9,0
1,20,10,0
1,20,11,0
1,20,12,0
1,20,13,0
1,20,14,0
1,20,15,0
1,20,16,0
1,20,17,0
1,20,18,0
1,20,19,0
1,20,20,0
1,20,21,0.000166481
1,20,22,0.000135265
1,20,23,0.000218506
1,20,24,0.000187291
1,20,25,0.000395391
1,20,26,0.000593087
1,20,27,0.000551467
1,20,28,6.24302e-05
1,20,29,0.000613897
1,20,30,0.000374581
1,20,31,0.000499442
1,20,32,0.001082124
1,20,33,0.002257893
1,20,34,0.001227794
1,20,35,0.001498325
1,20,36,0.000905238
1,20,37,0.001727236
1,20,38,0.003444077
1,20,39,0.00142549
1,20,40,0.002049792
1,20,41,0.001165364
1,20,42,0.000853213
1,20,43,0.001852097
1,20,44,0.000489037
1,20,45,0.000551467
1,20,46,0.000218506
1,20,47,0
1,20,48,4.16201e-05
1,21,1,0.000489037
1,21,2,0.00010405
1,21,3,0
1,21,4,0.000530657
1,21,5,0
1,21,6,8.32403e-05
1,21,7,0
1,21,8,0
1,21,9,0
1,21,10,0
1,21,11,0
1,21,12,0
1,21,13,0
1,21,14,0
1,21,15,0
1,21,16,0
1,21,17,0
1,21,18,0
1,21,19,0
1,21,20,0
1,21,21,0
1,21,22,0.00010405
1,21,23,0.000280936
1,21,24,0.001061314
1,21,25,0.000405796
1,21,26,0.000853213
1,21,27,0.000322556
1,21,28,0.000416201
1,21,29,0.000780378
1,21,30,0.000624302
1,21,31,0.000489037
1,21,32,0.000364176
1,21,33,0.000832403
1,21,34,0.000624302
1,21,35,0.002081007
1,21,36,0.001862502
1,21,37,0.000520252
1,21,38,0.000551467
1,21,39,0.002372348
1,21,40,0.000697137
1,21,41,0.000884428
1,21,42,0.000874023
1,21,43,0.000489037
1,21,44,0.000509847
1,21,45,0.000260126
1,21,46,0.000260126
1,21,47,0.000312151
1,21,48,0.000270531
1,22,1,0.000166481
1,22,2,0
1,22,3,0
1,22,4,0.00010405
1,22,5,0
1,22,6,0.000322556
1,22,7,0
1,22,8,0
1,22,9,0
1,22,10,0
1,22,11,0
1,22,12,0
1,22,13,0
1,22,14,0
1,22,15,0
1,22,16,0
1,22,17,0
1,22,18,0
1,22,19,0
1,22,20,0
1,22,21,0
1,22,22,0
1,22,23,0.000218506
1,22,24,8.32403e-05
1,22,25,0.000270531
1,22,26,0.000676327
1,22,27,0.000405796
1,22,28,0.000322556
1,22,29,0.000322556
1,22,30,0.000395391
1,22,31,0.000384986
1,22,32,0.000312151
1,22,33,0.000738758
1,22,34,0.000364176
1,22,35,0.000478632
1,22,36,0.000863618
1,22,37,0.00134225
1,22,38,0.000634707
1,22,39,0.000769973
1,22,40,0.000936453
1,22,41,0.000676327
1,22,42,0.000905238
1,22,43,0.000405796
1,22,44,0.000249721
1,22,45,0.000717948
1,22,46,8.32403e-05
1,22,47,0.000176886
1,22,48,0.000280936
1,23,1,4.16201e-05
1,23,2,1.0405e-05
1,23,3,0
1,23,4,0
1,23,5,0
1,23,6,0
1,23,7,0
1,23,8,0
1,23,9,0
1,23,10,0
1,23,11,0
1,23,12,0
1,23,13,0
1,23,14,0
1,23,15,0
1,23,16,0
1,23,17,0
1,23,18,0
1,23,19,0
1,23,20,0
1,23,21,0
1,23,22,0
1,23,23,1.0405e-05
1,23,24,0.000166481
1,23,25,0.000301746
1,23,26,0.000239316
1,23,27,0.000364176
1,23,28,0.000145671
1,23,29,5.20252e-05
1,23,30,0.000228911
1,23,31,0.000239316
1,23,32,0.000228911
1,23,33,0.000384986
1,23,34,0.000697137
1,23,35,0.000624302
1,23,36,0.001945742
1,23,37,0.001893717
1,23,38,0.000509847
1,23,39,0.000374581
1,23,40,0.000603492
1,23,41,0.000135265
1,23,42,0.000634707
1,23,43,0.000655517
1,23,44,0.000634707
1,23,45,0.000322556
1,23,46,8.32403e-05
1,23,47,0.00010405
1,23,48,0.000499442
1,24,1,8.32403e-05
1,24,2,2.08101e-05
1,24,3,0
1,24,4,0
1,24,5,0
1,24,6,0
1,24,7,0
1,24,8,0
1,24,9,0
1,24,10,0
1,24,11,0
1,24,12,0
1,24,13,0
1,24,14,0
1,24,15,0
1,24,16,0
1,24,17,0
1,24,18,0
1,24,19,0
1,24,20,0
1,24,21,0
1,24,22,0
1,24,23,0
1,24,24,0
1,24,25,8.32403e-05
1,24,26,1.0405e-05
1,24,27,0.000582682
1,24,28,3.12151e-05
1,24,29,0.000364176
1,24,30,1.0405e-05
1,24,31,0.000915643
1,24,32,0.000374581
1,24,33,0.000187291
1,24,34,0.000905238
1,24,35,0.000707542
1,24,36,0.000613897
1,24,37,0.000863618
1,24,38,0.000166481
1,24,39,0.000197696
1,24,40,0.000270531
1,24,41,0.000260126
1,24,42,0.000759568
1,24,43,0.000936453
1,24,44,0.000395391
1,24,45,0.000249721
1,24,46,0.000593087
1,24,47,0.000260126
1,24,48,1.0405e-05
1,25,1,0.000197696
1,25,2,0
1,25,3,0
1,25,4,9.36453e-05
1,25,5,0
1,25,6,0
1,25,7,0
1,25,8,0
1,25,9,0
1,25,10,0
1,25,11,0
1,25,12,0
1,25,13,0
1,25,14,0
1,25,15,0
1,25,16,0
1,25,17,0
1,25,18,0
1,25,19,0
1,25,20,0
1,25,21,0
1,25,22,0
1,25,23,0
1,25,24,0
1,25,25,0
1,25,26,0.000530657
1,25,27,0.00012486
1,25,28,0.000405796
1,25,29,0.000114455
1,25,30,0.000593087
1,25,31,0.00012486
1,25,32,0.000353771
1,25,33,0.000551467
1,25,34,0.000270531
1,25,35,0.002518019
1,25,36,0.001134149
1,25,37,0.000551467
1,25,38,0.000478632
1,25,39,0.000197696
1,25,40,0.000364176
1,25,41,0.001040504
1,25,42,0.000478632
1,25,43,0.000416201
1,25,44,0.000499442
1,25,45,0.000749163
1,25,46,6.24302e-05
1,25,47,0.000197696
1,25,48,0.000114455
1,26,1,3.12151e-05
1,26,2,0
1,26,3,1.0405e-05
1,26,4,1.0405e-05
1,26,5,0
1,26,6,4.16201e-05
1,26,7,0
1,26,8,0
1,26,9,0
1,26,10,0
1,26,11,0
1,26,12,0
1,26,13,0
1,26,14,0
1,26,15,0
1,26,16,0
1,26,17,0
1,26,18,0
1,26,19,0
1,26,20,0
1,26,21,0
1,26,22,0
1,26,23,0
1,26,24,0
1,26,25,0
1,26,26,1.0405e-05
1,26,27,5.20252e-05
1,26,28,0.000489037
1,26,29,0.000280936
1,26,30,0.000332961
1,26,31,0.000697137
1,26,32,0.000884428
1,26,33,0.000416201
1,26,34,0.001664806
1,26,35,0.002736525
1,26,36,0.001196579
1,26,37,0.001331845
1,26,38,0.000489037
1,26,39,0.000686732
1,26,40,0.000208101
1,26,41,0.000218506
1,26,42,0.000457822
1,26,43,0.000280936
1,26,44,0.000520252
1,26,45,0.000197696
1,26,46,6.24302e-05
1,26,47,0.000197696
1,26,48,0.000509847
1,27,1,0.000197696
1,27,2,1.0405e-05
1,27,3,0.00012486
1,27,4,8.32403e-05
1,27,5,0
1,27,6,0
1,27,7,0
1,27,8,0
1,27,9,0
1,27,10,0
1,27,11,0
1,27,12,0
1,27,13,0
1,27,14,0
1,27,15,0
1,27,16,0
1,27,17,0
1,27,18,0
1,27,19,0
1,27,20,0
1,27,21,0
1,27,22,0
1,27,23,0
1,27,24,0
1,27,25,0
1,27,26,0
1,27,27,0
1,27,28,9.36453e-05
1,27,29,0.00012486
1,27,30,0.000135265
1,27,31,9.36453e-05
1,27,32,9.36453e-05
1,27,33,0.001061314
1,27,34,0.000926048
1,27,35,0.001654401
1,27,36,0.001852097
1,27,37,0.000801188
1,27,38,0.000697137
1,27,39,0.000322556
1,27,40,0.000395391
1,27,41,0.000541062
1,27,42,0.000416201
1,27,43,0.000457822
1,27,44,0.000395391
1,27,45,0.000478632
1,27,46,0.001862502
1,27,47,0.000416201
1,27,48,0.000884428
1,28,1,0.000166481
1,28,2,8.32403e-05
1,28,3,0.000489037
1,28,4,0
1,28,5,0
1,28,6,0
1,28,7,0
1,28,8,0
1,28,9,0
1,28,10,0
1,28,11,0
1,28,12,0
1,28,13,0
1,28,14,0
1,28,15,0
1,28,16,0
1,28,17,0
1,28,18,0
1,28,19,0
1,28,20,0
1,28,21,0
1,28,22,0
1,28,23,0
1,28,24,0
1,28,25,0
1,28,26,0
1,28,27,0
1,28,28,5.20252e-05
1,28,29,0
1,28,30,0.000613897
1,28,31,0.000280936
1,28,32,0.000114455
1,28,33,0.000790783
1,28,34,0.000447417
1,28,35,0.001935337
1,28,36,0.001800071
1,28,37,0.001591971
1,28,38,0.000697137
1,28,39,0.000561872
1,28,40,0.000353771
1,28,41,0.000717948
1,28,42,0.000364176
1,28,43,0.000197696
1,28,44,6.24302e-05
1,28,45,0.000613897
1,28,46,0.001820881
1,28,47,0.001040504
1,28,48,0.000842808
1,29,1,0.000697137
1,29,2,0.000801188
1,29,3,0.00010405
1,29,4,0
1,29,5,0.000260126
1,29,6,0
1,29,7,0
1,29,8,0
1,29,9,0
1,29,10,0
1,29,11,0
1,29,12,0
1,29,13,0
1,29,14,0
1,29,15,0
1,29,16,0
1,29,17,0
1,29,18,0
1,29,19,0
1,29,20,0
1,29,21,0
1,29,22,0
1,29,23,0
1,29,24,0
1,29,25,0
1,29,26,0
1,29,27,0
1,29,28,0
1,29,29,0.000135265
1,29,30,0.000561872
1,29,31,0.000208101
1,29,32,1.0405e-05
1,29,33,9.36453e-05
1,29,34,0.000301746
1,29,35,0.000468227
1,29,36,0.000468227
1,29,37,0.000437012
1,29,38,0.000489037
1,29,39,0.000717948
1,29,40,0.000645112
1,29,41,0.000145671
1,29,42,0.000624302
1,29,43,0.000312151
1,29,44,0.000260126
1,29,45,0.000145671
1,29,46,0.000707542
1,29,47,0.000374581
1,29,48,0.001061314
1,30,1,0.000426607
1,30,2,0.000239316
1,30,3,8.32403e-05
1,30,4,0.00012486
1,30,5,0
1,30,6,1.0405e-05
1,30,7,0
1,30,8,0
1,30,9,0
1,30,10,0
1,30,11,0
1,30,12,0
1,30,13,0
1,30,14,0
1,30,15,0
1,30,16,0
1,30,17,0
1,30,18,0
1,30,19,0
1,30,20,0
1,30,21,0
1,30,22,0
1,30,23,0
1,30,24,0
1,30,25,0
1,30,26,0
1,30,27,0
1,30,28,0
1,30,29,0
1,30,30,0
1,30,31,9.36453e-05
1,30,32,8.32403e-05
1,30,33,0.000249721
1,30,34,0.000187291
1,30,35,0.000593087
1,30,36,0.000405796
1,30,37,0.000624302
1,30,38,0.000697137
1,30,39,0.000915643
1,30,40,0.000135265
1,30,41,0.000291341
1,30,42,0.000270531
1,30,43,0.000322556
1,30,44,0.000364176
1,30,45,0.000988478
1,30,46,0.000426607
1,30,47,0.001810476
1,30,48,0.000280936
1,31,1,0.000256602
1,31,2,5.30929e-05
1,31,3,8.8479e-05
1,31,4,0.000176967
1,31,5,0
1,31,6,0
1,31,7,0
1,31,8,0
1,31,9,0
1,31,10,0
1,31,11,0
1,31,12,0
1,31,13,0
1,31,14,0
1,31,15,0
1,31,16,0
1,31,17,0
1,31,18,0
1,31,19,0
1,31,20,0
1,31,21,0
1,31,22,0
1,31,23,0
1,31,24,0
1,31,25,0
1,31,26,0
1,31,27,0
1,31,28,0
1,31,29,0
1,31,30,0
1,31,31,0
1,31,32,8.8479e-05
1,31,33,0.000398174
1,31,34,0.000681317
1,31,35,0.00061938
1,31,36,0.000539746
1,31,37,0.000530892
1,31,38,0.000141572
1,31,39,0.000362778
1,31,40,0.000123874
1,31,41,0.000221207
1,31,42,0.000380476
1,31,43,0.000168114
1,31,44,0.000407018
1,31,45,0.000309686
1,31,46,0.000274299
1,31,47,7.96347e-05
1,31,48,0.003521599
1,32,1,0.000176967
1,32,2,0.000176967
1,32,3,0.000123874
1,32,4,0.000159269
1,32,5,0
1,32,6,0.00011503
1,32,7,0
1,32,8,0
1,32,9,0
1,32,10,0
1,32,11,0
1,32,12,0
1,32,13,0
1,32,14,0
1,32,15,0
1,32,16,0
1,32,17,0
1,32,18,0
1,32,19,0
1,32,20,0
1,32,21,0
1,32,22,0
1,32,23,0
1,32,24,0
1,32,25,0
1,32,26,0
1,32,27,0
1,32,28,0
1,32,29,0
1,32,30,0
1,32,31,0
1,32,32,4.42395e-05
1,32,33,0.000309686
1,32,34,4.42395e-05
1,32,35,0.000380476
1,32,36,0.000265446
1,32,37,0.000424716
1,32,38,0.000336237
1,32,39,0.000725557
1,32,40,0.000247748
1,32,41,0.000106177
1,32,42,4.42395e-05
1,32,43,0.000362778
1,32,44,0.000645922
1,32,45,0.000867129
1,32,46,0.001035242
1,32,47,0.001459958
1,32,48,0.000371623
1,33,1,0
1,33,2,0.000150416
1,33,3,0.000123874
1,33,4,0
1,33,5,7.96347e-05
1,33,6,5.30929e-05
1,33,7,0
1,33,8,0
1,33,9,0
1,33,10,0
1,33,11,0
1,33,12,0
1,33,13,0
1,33,14,0
1,33,15,0
1,33,16,0
1,33,17,0
1,33,18,0
1,33,19,0
1,33,20,0
1,33,21,0
1,33,22,0
1,33,23,0
1,33,24,0
1,33,25,0
1,33,26,0
1,33,27,0
1,33,28,0
1,33,29,0
1,33,30,0
1,33,31,0
1,33,32,0
1,33,33,4.42395e-05
1,33,34,0.000159269
1,33,35,1.76976e-05
1,33,36,0.000398174
1,33,37,0.000486653
1,33,38,0
1,33,39,3.53953e-05
1,33,40,0.000123874
1,33,41,0.000194665
1,33,42,0
1,33,43,0.000415871
1,33,44,0.000106177
1,33,45,0.000699006
1,33,46,0.000132728
1,33,47,0.000247748
1,33,48,5.30929e-05
1,34,1,1.76976e-05
1,34,2,0.000230051
1,34,3,9.73324e-05
1,34,4,3.53953e-05
1,34,5,9.73324e-05
1,34,6,7.96347e-05
1,34,7,0
1,34,8,0
1,34,9,0
1,34,10,0
1,34,11,0
1,34,12,0
1,34,13,0
1,34,14,0
1,34,15,0
1,34,16,0
1,34,17,0
1,34,18,0
1,34,19,0
1,34,20,0
1,34,21,0
1,34,22,0
1,34,23,0
1,34,24,0
1,34,25,0
1,34,26,0
1,34,27,0
1,34,28,0
1,34,29,0
1,34,30,0
1,34,31,0
1,34,32,0
1,34,33,0
1,34,34,8.84423e-06
1,34,35,0.000247748
1,34,36,1.76976e-05
1,34,37,4.42395e-05
1,34,38,0.000424716
1,34,39,3.53953e-05
1,34,40,0.00038932
1,34,41,0.000362778
1,34,42,0.000318539
1,34,43,7.07813e-05
1,34,44,9.73324e-05
1,34,45,0.001114877
1,34,46,0.000256602
1,34,47,0.00043356
1,34,48,0.000583985
1,35,1,0.000168114
1,35,2,0
1,35,3,0
1,35,4,3.53953e-05
1,35,5,0.000176967
1,35,6,0
1,35,7,0
1,35,8,0
1,35,9,0
1,35,10,0
1,35,11,0
1,35,12,0
1,35,13,0
1,35,14,0
1,35,15,0
1,35,16,0
1,35,17,0
1,35,18,0
1,35,19,0
1,35,20,0
1,35,21,0
1,35,22,0
1,35,23,0
1,35,24,0
1,35,25,0
1,35,26,0
1,35,27,0
1,35,28,0
1,35,29,0
1,35,30,0
1,35,31,0
1,35,32,0
1,35,33,0
1,35,34,0
1,35,35,0.000123874
1,35,36,0
1,35,37,0.000362778
1,35,38,6.19371e-05
1,35,39,5.30929e-05
1,35,40,1.76976e-05
1,35,41,0.000185811
1,35,42,0.000327383
1,35,43,0.000265446
1,35,44,0.000513195
1,35,45,0.000168114
1,35,46,0.000309686
1,35,47,0.00160153
1,35,48,0.000309686
1,36,1,4.42395e-05
1,36,2,0
1,36,3,0
1,36,4,0
1,36,5,0
1,36,6,0.000327383
1,36,7,0
1,36,8,0
1,36,9,0
1,36,10,0
1,36,11,0
1,36,12,0
1,36,13,0
1,36,14,0
1,36,15,0
1,36,16,0
1,36,17,0
1,36,18,0
1,36,19,0
1,36,20,0
1,36,21,0
1,36,22,0
1,36,23,0
1,36,24,0
1,36,25,0
1,36,26,0
1,36,27,0
1,36,28,0
1,36,29,0
1,36,30,0
1,36,31,0
1,36,32,0
1,36,33,0
1,36,34,0
1,36,35,0
1,36,36,0.000265446
1,36,37,0
1,36,38,0.000176967
1,36,39,0.000123874
1,36,40,0.000238904
1,36,41,0.000539746
1,36,42,0.000221207
1,36,43,0.000362778
1,36,44,0.000221207
1,36,45,0.000283144
1,36,46,0.000645922
1,36,47,0.000176967
1,36,48,0.000477808
1,37,1,9.73324e-05
1,37,2,0.000194665
1,37,3,0
1,37,4,0
1,37,5,0.000212353
1,37,6,0
1,37,7,0
1,37,8,0
1,37,9,0
1,37,10,0
1,37,11,0
1,37,12,0
1,37,13,0
1,37,14,0
1,37,15,0
1,37,16,0
1,37,17,0
1,37,18,0
1,37,19,0
1,37,20,0
1,37,21,0
1,37,22,0
1,37,23,0
1,37,24,0
1,37,25,0
1,37,26,0
1,37,27,0
1,37,28,0
1,37,29,0
1,37,30,0
1,37,31,0
1,37,32,0
1,37,33,0
1,37,34,0
1,37,35,0
1,37,36,0
1,37,37,0.000141572
1,37,38,8.8479e-05
1,37,39,0.000132728
1,37,40,0.00011503
1,37,41,1.76976e-05
1,37,42,0.000460111
1,37,43,7.07813e-05
1,37,44,3.53953e-05
1,37,45,7.96347e-05
1,37,46,0.000256602
1,37,47,0.00011503
1,37,48,0.000247748
1,38,1,8.84423e-06
1,38,2,0.000522048
1,38,3,0
1,38,4,0
1,38,5,0.001468802
1,38,6,0
1,38,7,0
1,38,8,0
1,38,9,0
1,38,10,0
1,38,11,0
1,38,12,0
1,38,13,0
1,38,14,0
1,38,15,0
1,38,16,0
1,38,17,0
1,38,18,0
1,38,19,0
1,38,20,0
1,38,21,0
1,38,22,0
1,38,23,0
1,38,24,0
1,38,25,0
1,38,26,0
1,38,27,0
1,38,28,0
1,38,29,0
1,38,30,0
1,38,31,0
1,38,32,0
1,38,33,0
1,38,34,0
1,38,35,0
1,38,36,0
1,38,37,0
1,38,38,0
1,38,39,7.96347e-05
1,38,40,0.000513195
1,38,41,0.000424716
1,38,42,5.30929e-05
1,38,43,6.19371e-05
1,38,44,0.000168114
1,38,45,0.000309686
1,38,46,0.000212353
1,38,47,3.53953e-05
1,38,48,0
1,39,1,0.000237409
1,39,2,0
1,39,3,0
1,39,4,5.93523e-05
1,39,5,0
1,39,6,0
1,39,7,0
1,39,8,0
1,39,9,0
1,39,10,0
1,39,11,0
1,39,12,0
1,39,13,0
1,39,14,0
1,39,15,0
1,39,16,0
1,39,17,0
1,39,18,0
1,39,19,0
1,39,20,0
1,39,21,0
1,39,22,0
1,39,23,0
1,39,24,0
1,39,25,0
1,39,26,0
1,39,27,0
1,39,28,0
1,39,29,0
1,39,30,0
1,39,31,0
1,39,32,0
1,39,33,0
1,39,34,0
1,39,35,0
1,39,36,0
1,39,37,0
1,39,38,0
1,39,39,0
1,39,40,0
1,39,41,0
1,39,42,1.97841e-05
1,39,43,0.000168165
1,39,44,0.000741904
1,39,45,0.000227517
1,39,46,2.96762e-05
1,39,47,0
1,39,48,0
1,40,1,0
1,40,2,0
1,40,3,0.000148381
1,40,4,0
1,40,5,0
1,40,6,0
1,40,7,0
1,40,8,0
1,40,9,0
1,40,10,0
1,40,11,0
1,40,12,0
1,40,13,0
1,40,14,0
1,40,15,0
1,40,16,0
1,40,17,0
1,40,18,0
1,40,19,0
1,40,20,0
1,40,21,0
1,40,22,0
1,40,23,0
1,40,24,0
1,40,25,0
1,40,26,0
1,40,27,0
1,40,28,0
1,40,29,0
1,40,30,0
1,40,31,0
1,40,32,0
1,40,33,0
1,40,34,0
1,40,35,0
1,40,36,0
1,40,37,0
1,40,38,0
1,40,39,0
1,40,40,0
1,40,41,0
1,40,42,0
1,40,43,0
1,40,44,7.91364e-05
1,40,45,0.000464927
1,40,46,0
1,40,47,2.96762e-05
1,40,48,0
1,41,1,0
1,41,2,0
1,41,3,0
1,41,4,0
1,41,5,0
1,41,6,4.94603e-05
1,41,7,0
1,41,8,0
1,41,9,0
1,41,10,0
1,41,11,0
1,41,12,0
1,41,13,0
1,41,14,0
1,41,15,0
1,41,16,0
1,41,17,0
1,41,18,0
1,41,19,0
1,41,20,0
1,41,21,0
1,41,22,0
1,41,23,0
1,41,24,0
1,41,25,0
1,41,26,0
1,41,27,0
1,41,28,0
1,41,29,0
1,41,30,0
1,41,31,0
1,41,32,0
1,41,33,0
1,41,34,0
1,41,35,0
1,41,36,0
1,41,37,0
1,41,38,0
1,41,39,0
1,41,40,0
1,41,41,0
1,41,42,0
1,41,43,0
1,41,44,0.000118705
1,41,45,0.000247301
1,41,46,0
1,41,47,0
1,41,48,2.96762e-05
1,42,1,0
1,42,2,0
1,42,3,2.96762e-05
1,42,4,0
1,42,5,5.93523e-05
1,42,6,0
1,42,7,0
1,42,8,0
1,42,9,0
1,42,10,0
1,42,11,0
1,42,12,0
1,42,13,0
1,42,14,0
1,42,15,0
1,42,16,0
1,42,17,0
1,42,18,0
1,42,19,0
1,42,20,0
1,42,21,0
1,42,22,0
1,42,23,0
1,42,24,0
1,42,25,0
1,42,26,0
1,42,27,0
1,42,28,0
1,42,29,0
1,42,30,0
1,42,31,0
1,42,32,0
1,42,33,0
1,42,34,0
1,42,35,0
1,42,36,0
1,42,37,0
1,42,38,0
1,42,39,0
1,42,40,0
1,42,41,0
1,42,42,0
1,42,43,7.91364e-05
1,42,44,0
1,42,45,0.000178057
1,42,46,0
1,42,47,0
1,42,48,0
1,43,1,0.000257193
1,43,2,0
1,43,3,0
1,43,4,0
1,43,5,0
1,43,6,0
1,43,7,0
1,43,8,0
1,43,9,0
1,43,10,0
1,43,11,0
1,43,12,0
1,43,13,0
1,43,14,0
1,43,15,0
1,43,16,0
1,43,17,0
1,43,18,0
1,43,19,0
1,43,20,0
1,43,21,0
1,43,22,0
1,43,23,0
1,43,24,0
1,43,25,0
1,43,26,0
1,43,27,0
1,43,28,0
1,43,29,0
1,43,30,0
1,43,31,0
1,43,32,0
1,43,33,0
1,43,34,0
1,43,35,0
1,43,36,0
1,43,37,0
1,43,38,0
1,43,39,0
1,43,40,0
1,43,41,0
1,43,42,0
1,43,43,0
1,43,44,0
1,43,45,0.000187949
1,43,46,0
1,43,47,0
1,43,48,0
1,44,1,0
1,44,2,0
1,44,3,0
1,44,4,0
1,44,5,0
1,44,6,0
1,44,7,0
1,44,8,0
1,44,9,0
1,44,10,0
1,44,11,0
1,44,12,0
1,44,13,0
1,44,14,0
1,44,15,0
1,44,16,0
1,44,17,0
1,44,18,0
1,44,19,0
1,44,20,0
1,44,21,0
1,44,22,0
1,44,23,0
1,44,24,0
1,44,25,0
1,44,26,0
1,44,27,0
1,44,28,0
1,44,29,0
1,44,30,0
1,44,31,0
1,44,32,0
1,44,33,0
1,44,34,0
1,44,35,0
1,44,36,0
1,44,37,0
1,44,38,0
1,44,39,0
1,44,40,0
1,44,41,0
1,44,42,0
1,44,43,0
1,44,44,0
1,44,45,0
1,44,46,0.000118705
1,44,47,0
1,44,48,0
1,45,1,0
1,45,2,0
1,45,3,0
1,45,4,0
1,45,5,0
1,45,6,0
1,45,7,0
1,45,8,0
1,45,9,0
1,45,10,0
1,45,11,0
1,45,12,0
1,45,13,0
1,45,14,0
1,45,15,0
1,45,16,0
1,45,17,0
1,45,18,0
1,45,19,0
1,45,20,0
1,45,21,0
1,45,22,0
1,45,23,0
1,45,24,0
1,45,25,0
1,45,26,0
1,45,27,0
1,45,28,0
1,45,29,0
1,45,30,0
1,45,31,0
1,45,32,0
1,45,33,0
1,45,34,0
1,45,35,0
1,45,36,0
1,45,37,0
1,45,38,0
1,45,39,0
1,45,40,0
1,45,41,0
1,45,42,0
1,45,43,0
1,45,44,0
1,45,45,0
1,45,46,0
1,45,47,0
1,45,48,0
1,46,1,0
1,46,2,0
1,46,3,0
1,46,4,0
1,46,5,0
1,46,6,0
1,46,7,0
1,46,8,0
1,46,9,0
1,46,10,0
1,46,11,0
1,46,12,0
1,46,13,0
1,46,14,0
1,46,15,0
1,46,16,0
1,46,17,0
1,46,18,0
1,46,19,0
1,46,20,0
1,46,21,0
1,46,22,0
1,46,23,0
1,46,24,0
1,46,25,0
1,46,26,0
1,46,27,0
1,46,28,0
1,46,29,0
1,46,30,0
1,46,31,0
1,46,32,0
1,46,33,0
1,46,34,0
1,46,35,0
1,46,36,0
1,46,37,0
1,46,38,0
1,46,39,0
1,46,40,0
1,46,41,0
1,46,42,0
1,46,43,0
1,46,44,0
1,46,45,0
1,46,46,0
1,46,47,0
1,46,48,0
1,47,1,0
1,47,2,0
1,47,3,0
1,47,4,0
1,47,5,0
1,47,6,0.000116232
1,47,7,0
1,47,8,0
1,47,9,0
1,47,10,0
1,47,11,0
1,47,12,0
1,47,13,0
1,47,14,0
1,47,15,0
1,47,16,0
1,47,17,0
1,47,18,0
1,47,19,0
1,47,20,0
1,47,21,0
1,47,22,0
1,47,23,0
1,47,24,0
1,47,25,0
1,47,26,0
1,47,27,0
1,47,28,0
1,47,29,0
1,47,30,0
1,47,31,0
1,47,32,0
1,47,33,0
1,47,34,0
1,47,35,0
1,47,36,0
1,47,37,0
1,47,38,0
1,47,39,0
1,47,40,0
1,47,41,0
1,47,42,0
1,47,43,0
1,47,44,0
1,47,45,0
1,47,46,0
1,47,47,0
1,47,48,0.000464916
1,48,1,0
1,48,2,0
1,48,3,0.000309944
1,48,4,0
1,48,5,0
1,48,6,0
1,48,7,0
1,48,8,0
1,48,9,0
1,48,10,0
1,48,11,0
1,48,12,0
1,48,13,0
1,48,14,0
1,48,15,0
1,48,16,0
1,48,17,0
1,48,18,0
1,48,19,0
1,48,20,0
1,48,21,0
1,48,22,0
1,48,23,0
1,48,24,0
1,48,25,0
1,48,26,0
1,48,27,0
1,48,28,0
1,48,29,0
1,48,30,0
1,48,31,0
1,48,32,0
1,48,33,0
1,48,34,0
1,48,35,0
1,48,36,0
1,48,37,0
1,48,38,0
1,48,39,0
1,48,40,0
1,48,41,0
1,48,42,0
1,48,43,0
1,48,44,0
1,48,45,0
1,48,46,0
1,48,47,0
1,48,48,0
2,1,1,0
2,1,2,0
2,1,3,0
2,1,4,0
2,1,5,0
2,1,6,0
2,1,7,0
2,1,8,0
2,1,9,0
2,1,10,0
2,1,11,0
2,1,12,0
2,1,13,0
2,1,14,0
2,1,15,0
2,1,16,0
2,1,17,0
2,1,18,0
2,1,19,0
2,1,20,0
2,1,21,0
2,1,22,0
2,1,23,0
2,1,24,0
2,1,25,0
2,1,26,0
2,1,27,0
2,1,28,0
2,1,29,0
2,1,30,0
2,1,31,0
2,1,32,0
2,1,33,0
2,1,34,0
2,1,35,0
2,1,36,0
2,1,37,0
2,1,38,0
2,1,39,0
2,1,40,0
2,1,41,0
2,1,42,0
2,1,43,0
2,1,44,0
2,1,45,0
2,1,46,0
2,1,47,0
2,1,48,0
2,2,1,0
2,2,2,0
2,2,3,0
2,2,4,0
2,2,5,0
2,2,6,0
2,2,7,0
2,2,8,0
2,2,9,0
2,2,10,0
2,2,11,0
2,2,12,0
2,2,13,0
2,2,14,0
2,2,15,0
2,2,16,0
2,2,17,0
2,2,18,0
2,2,19,0
2,2,20,0
2,2,21,0
2,2,22,0
2,2,23,0
2,2,24,0
2,2,25,0
2,2,26,0
2,2,27,0
2,2,28,0
2,2,29,0
2,2,30,0
2,2,31,0
2,2,32,0
2,2,33,0
2,2,34,0
2,2,35,0
2,2,36,0
2,2,37,0
2,2,38,0
2,2,39,0
2,2,40,0
2,2,41,0
2,2,42,0
2,2,43,0
2,2,44,0
2,2,45,0
2,2,46,0
2,2,47,0
2,2,48,0
2,3,1,0
2,3,2,0
2,3,3,0
2,3,4,0
2,3,5,0
2,3,6,0
2,3,7,0
2,3,8,0
2,3,9,0
2,3,10,0
2,3,11,0
2,3,12,0
2,3,13,0
2,3,14,0
2,3,15,0
2,3,16,0
2,3,17,0
2,3,18,0
2,3,19,0
2,3,20,0
2,3,21,0
2,3,22,0
2,3,23,0
2,3,24,0
2,3,25,0
2,3,26,0
2,3,27,0
2,3,28,0
2,3,29,0
2,3,30,0
2,3,31,0
2,3,32,0
2,3,33,0
2,3,34,0
2,3,35,0
2,3,36,0
2,3,37,0
2,3,38,0
2,3,39,0
2,3,40,0
2,3,41,0
2,3,42,0
2,3,43,0
2,3,44,0
2,3,45,0
2,3,46,0
2,3,47,0
2,3,48,0
2,4,1,0
2,4,2,0
2,4,3,0
2,4,4,0
2,4,5,0
2,4,6,0
2,4,7,0
2,4,8,0
2,4,9,0
2,4,10,0
2,4,11,0
2,4,12,0
2,4,13,0
2,4,14,0
2,4,15,0
2,4,16,0
2,4,17,0
2,4,18,0
2,4,19,0
2,4,20,0
2,4,21,0
2,4,22,0
2,4,23,0
2,4,24,0
2,4,25,0
2,4,26,0
2,4,27,0
2,4,28,0
2,4,29,0
2,4,30,0
2,4,31,0
2,4,32,0
2,4,33,0
2,4,34,0
2,4,35,0
2,4,36,0
2,4,37,0
2,4,38,0
2,4,39,0
2,4,40,0
2,4,41,0
2,4,42,0
2,4,43,0
2,4,44,0
2,4,45,0
2,4,46,0
2,4,47,0
2,4,48,0
2,5,1,0
2,5,2,0
2,5,3,0
2,5,4,0
2,5,5,0
2,5,6,0
2,5,7,0
2,5,8,0
2,5,9,0
2,5,10,0
2,5,11,0
2,5,12,0
2,5,13,0
2,5,14,0
2,5,15,0
2,5,16,0
2,5,17,0
2,5,18,0
2,5,19,0
2,5,20,0
2,5,21,0
2,5,22,0
2,5,23,0
2,5,24,0
2,5,25,0
2,5,26,0
2,5,27,0
2,5,28,0
2,5,29,0
2,5,30,0
2,5,31,0
2,5,32,0
2,5,33,0
2,5,34,0
2,5,35,0
2,5,36,0
2,5,37,0
2,5,38,0
2,5,39,0
2,5,40,0
2,5,41,0
2,5,42,0
2,5,43,0
2,5,44,0
2,5,45,0
2,5,46,0
2,5,47,0
2,5,48,0
2,6,1,0
2,6,2,0
2,6,3,0
2,6,4,0
2,6,5,0
2,6,6,0
2,6,7,0
2,6,8,0
2,6,9,0
2,6,10,0
2,6,11,0
2,6,12,0
2,6,13,0
2,6,14,0
2,6,15,0
2,6,16,0
2,6,17,0
2,6,18,0
2,6,19,0
2,6,20,0
2,6,21,0
2,6,22,0
2,6,23,0
2,6,24,0
2,6,25,0
2,6,26,0
2,6,27,0
2,6,28,0
2,6,29,0
2,6,30,0
2,6,31,0
2,6,32,0
2,6,33,0
2,6,34,0
2,6,35,0
2,6,36,0
2,6,37,0
2,6,38,0
2,6,39,0
2,6,40,0
2,6,41,0
2,6,42,0
2,6,43,0
2,6,44,0
2,6,45,0
2,6,46,0
2,6,47,0
2,6,48,0
2,7,1,0
2,7,2,0
2,7,3,0
2,7,4,0
2,7,5,0
2,7,6,0
2,7,7,0
2,7,8,0
2,7,9,0
2,7,10,0
2,7,11,0
2,7,12,0
2,7,13,0
2,7,14,0
2,7,15,0
2,7,16,0
2,7,17,0
2,7,18,0
2,7,19,0
2,7,20,0
2,7,21,0
2,7,22,0
2,7,23,0
2,7,24,0
2,7,25,0
2,7,26,0
2,7,27,0
2,7,28,0
2,7,29,0
2,7,30,0
2,7,31,0
2,7,32,0
2,7,33,0
2,7,34,0
2,7,35,0
2,7,36,0
2,7,37,0
2,7,38,0
2,7,39,0
2,7,40,0
2,7,41,0
2,7,42,0
2,7,43,0
2,7,44,0
2,7,45,0
2,7,46,0
2,7,47,0
2,7,48,0
2,8,1,0
2,8,2,0
2,8,3,0
2,8,4,0
2,8,5,0
2,8,6,0
2,8,7,0
2,8,8,0
2,8,9,0
2,8,10,0
2,8,11,0
2,8,12,0
2,8,13,0
2,8,14,0
2,8,15,0
2,8,16,0
2,8,17,0
2,8,18,0
2,8,19,0
2,8,20,0
2,8,21,0
2,8,22,0
2,8,23,0
2,8,24,0
2,8,25,0
2,8,26,0
2,8,27,0
2,8,28,0
2,8,29,0
2,8,30,0
2,8,31,0
2,8,32,0
2,8,33,0
2,8,34,0
2,8,35,0
2,8,36,0
2,8,37,0
2,8,38,0
2,8,39,0
2,8,40,0
2,8,41,0
2,8,42,0
2,8,43,0
2,8,44,0
2,8,45,0
2,8,46,0
2,8,47,0
2,8,48,0
2,9,1,0
2,9,2,0
2,9,3,0
2,9,4,0
2,9,5,0
2,9,6,0
2,9,7,0
2,9,8,0
2,9,9,0
2,9,10,0
2,9,11,0
2,9,12,0
2,9,13,0
2,9,14,0
2,9,15,0
2,9,16,0
2,9,17,0
2,9,18,0
2,9,19,0
2,9,20,0
2,9,21,0
2,9,22,0
2,9,23,0
2,9,24,0
2,9,25,0
2,9,26,0
2,9,27,0
2,9,28,0
2,9,29,0
2,9,30,0
2,9,31,7.79599e-05
2,9,32,0
2,9,33,0
2,9,34,0.000721182
2,9,35,0
2,9,36,0
2,9,37,0
2,9,38,0
2,9,39,0
2,9,40,0
2,9,41,0
2,9,42,0
2,9,43,0
2,9,44,0
2,9,45,0
2,9,46,0
2,9,47,0
2,9,48,0
2,10,1,0
2,10,2,0
2,10,3,0
2,10,4,0
2,10,5,0
2,10,6,0
2,10,7,0
2,10,8,0
2,10,9,0
2,10,10,0
2,10,11,0
2,10,12,0
2,10,13,0
2,10,14,0
2,10,15,0.006295762
2,10,16,0
2,10,17,0
2,10,18,0
2,10,19,0
2,10,20,0
2,10,21,0
2,10,22,0
2,10,23,0
2,10,24,0
2,10,25,0
2,10,26,0
2,10,27,0
2,10,28,0
2,10,29,0
2,10,30,0
2,10,31,0
2,10,32,0
2,10,33,0
2,10,34,0
2,10,35,0
2,10,36,0
2,10,37,0
2,10,38,0
2,10,39,0
2,10,40,0
2,10,41,0
2,10,42,0
2,10,43,0
2,10,44,0
2,10,45,0.000155934
2,10,46,0
2,10,47,0
2,10,48,0
2,11,1,0
2,11,2,0
2,11,3,0
2,11,4,0
2,11,5,0
2,11,6,0
2,11,7,0
2,11,8,0
2,11,9,0
2,11,10,0
2,11,11,0
2,11,12,0
2,11,13,0.002709323
2,11,14,0.000331354
2,11,15,0
2,11,16,0
2,11,17,0
2,11,18,0
2,11,19,0
2,11,20,0
2,11,21,0
2,11,22,0
2,11,23,0
2,11,24,0
2,11,25,0
2,11,26,0
2,11,27,0
2,11,28,0
2,11,29,0
2,11,30,0
2,11,31,0
2,11,32,0.000194921
2,11,33,0
2,11,34,0.00017542
2,11,35,0
2,11,36,0
2,11,37,0
2,11,38,0
2,11,39,0
2,11,40,0
2,11,41,0
2,11,42,0
2,11,43,0
2,11,44,0
2,11,45,0
2,11,46,0
2,11,47,0
2,11,48,0
2,12,1,0
2,12,2,0
2,12,3,0
2,12,4,0
2,12,5,0
2,12,6,0
2,12,7,0
2,12,8,0
2,12,9,0
2,12,10,0
2,12,11,0
2,12,12,0
2,12,13,0
2,12,14,0
2,12,15,0.000253394
2,12,16,0
2,12,17,0
2,12,18,0
2,12,19,0.003411019
2,12,20,0
2,12,21,0
2,12,22,0.000662709
2,12,23,0
2,12,24,0
2,12,25,0
2,12,26,0
2,12,27,0
2,12,28,0
2,12,29,0.000662709
2,12,30,0
2,12,31,0.003527965
2,12,32,0.000214407
2,12,33,0.001208471
2,12,34,0.001929667
2,12,35,0.000409328
2,12,36,0
2,12,37,0.001422878
2,12,38,0
2,12,39,0
2,12,40,0.026333044
2,12,41,0
2,12,42,0
2,12,43,0
2,12,44,0
2,12,45,0.000682209
2,12,46,0
2,12,47,0
2,12,48,0
2,13,1,0
2,13,2,0
2,13,3,0
2,13,4,0
2,13,5,0
2,13,6,0
2,13,7,0
2,13,8,0
2,13,9,0
2,13,10,0
2,13,11,0
2,13,12,0
2,13,13,0
2,13,14,0
2,13,15,0
2,13,16,0
2,13,17,8.93226e-06
2,13,18,0.000544944
2,13,19,0.001411507
2,13,20,0
2,13,21,0
2,13,22,0
2,13,23,0
2,13,24,0.001223901
2,13,25,0.000946963
2,13,26,1.78645e-05
2,13,27,0.001143501
2,13,28,0.000589615
2,13,29,0
2,13,30,0.005914035
2,13,31,0.000839757
2,13,32,0.000714686
2,13,33,0.000473477
2,13,34,0.00052708
2,13,35,0
2,13,36,2.67968e-05
2,13,37,0
2,13,38,0
2,13,39,0
2,13,40,0
2,13,41,0
2,13,42,0.000741492
2,13,43,0
2,13,44,0.000723618
2,13,45,0
2,13,46,0.001956451
2,13,47,0
2,13,48,0
2,14,1,0
2,14,2,0
2,14,3,0
2,14,4,0
2,14,5,0
2,14,6,0
2,14,7,0
2,14,8,0
2,14,9,0
2,14,10,0
2,14,11,0
2,14,12,0
2,14,13,0
2,14,14,0
2,14,15,0.001420439
2,14,16,0.001277504
2,14,17,0.000589615
2,14,18,0.000187606
2,14,19,0.000339474
2,14,20,0.001277504
2,14,21,0.000562818
2,14,22,0
2,14,23,0.002036861
2,14,24,3.57386e-05
2,14,25,0.002054725
2,14,26,0.000920156
2,14,27,0.000678957
2,14,28,0.000196538
2,14,29,0.001554442
2,14,30,0.004466789
2,14,31,0.007441681
2,14,32,0.000134003
2,14,33,0.003662771
2,14,34,0.001759913
2,14,35,0.000830824
2,14,36,0.00117923
2,14,37,0.005002811
2,14,38,0.000848689
2,14,39,0.000276938
2,14,40,0.000294812
2,14,41,0
2,14,42,0
2,14,43,0
2,14,44,0
2,14,45,0
2,14,46,0
2,14,47,0.000196538
2,14,48,1.78645e-05
2,15,1,0
2,15,2,0.000348406
2,15,3,0
2,15,4,0
2,15,5,0
2,15,6,0
2,15,7,0
2,15,8,0
2,15,9,0
2,15,10,0
2,15,11,0
2,15,12,0
2,15,13,0
2,15,14,0
2,15,15,0.000536012
2,15,16,0.005065346
2,15,17,0.00251927
2,15,18,0.001768845
2,15,19,0.000518147
2,15,20,0.001357904
2,15,21,0.00052708
2,15,22,0.001116695
2,15,23,0.002572873
2,15,24,0
2,15,25,0.002144058
2,15,26,0.002376335
2,15,27,0.000571751
2,15,28,0.000580683
2,15,29,0.000616421
2,15,30,0.000643218
2,15,31,0.013570118
2,15,32,0.014954819
2,15,33,0.004565063
2,15,34,0.000339474
2,15,35,0.001697378
2,15,36,0.000580683
2,15,37,0.001313233
2,15,38,0.001197104
2,15,39,0.000125071
2,15,40,0.000518147
2,15,41,0.003367959
2,15,42,0.001893916
2,15,43,0.003073156
2,15,44,0.002769411
2,15,45,0.000232277
2,15,46,0
2,15,47,0
2,15,48,0
2,16,1,0
2,16,2,0
2,16,3,0
2,16,4,0
2,16,5,0
2,16,6,0
2,16,7,0
2,16,8,0
2,16,9,0
2,16,10,0
2,16,11,0
2,16,12,0
2,16,13,0
2,16,14,0
2,16,15,0
2,16,16,0.001268572
2,16,17,0.005708564
2,16,18,0.005753225
2,16,19,0.004082645
2,16,20,0.003546633
2,16,21,0.003073156
2,16,22,0.004046916
2,16,23,0.000705754
2,16,24,0.000232277
2,16,25,0.00073255
2,16,26,0.002331664
2,16,27,0.004529324
2,16,28,0.00097376
2,16,29,0.009398132
2,16,30,0.004716931
2,16,31,0.004931343
2,16,32,0.009433871
2,16,33,0.006726995
2,16,34,0.001670581
2,16,35,8.93321e-05
2,16,36,0.004859875
2,16,37,0.000321609
2,16,38,0.000920156
2,16,39,2.67968e-05
2,16,40,0.000464544
2,16,41,0.001277504
2,16,42,0
2,16,43,0
2,16,44,0.00134004
2,16,45,0.000464544
2,16,46,2.67968e-05
2,16,47,0
2,16,48,0
2,17,1,0.000687889
2,17,2,0
2,17,3,0
2,17,4,0
2,17,5,2.67968e-05
2,17,6,0.000714686
2,17,7,0
2,17,8,0
2,17,9,0
2,17,10,0
2,17,11,0
2,17,12,0
2,17,13,0
2,17,14,0
2,17,15,0
2,17,16,0
2,17,17,0.000616421
2,17,18,0.001482975
2,17,19,0.002921279
2,17,20,0.003627032
2,17,21,0.003912913
2,17,22,0.003439426
2,17,23,0.000473477
2,17,24,0.000920156
2,17,25,0.002689011
2,17,26,0.003644907
2,17,27,0.001072034
2,17,28,0.007834757
2,17,29,0.000393077
2,17,30,0.003475165
2,17,31,0.011113384
2,17,32,0.001223901
2,17,33,0.006092709
2,17,34,0.001840323
2,17,35,0.003010621
2,17,36,0.000125071
2,17,37,0.00134004
2,17,38,0.003805706
2,17,39,0
2,17,40,0.001063101
2,17,41,0
2,17,42,0.002796208
2,17,43,0
2,17,44,2.67968e-05
2,17,45,0.00081296
2,17,46,0
2,17,47,0
2,17,48,0
2,18,1,0
2,18,2,0.000196538
2,18,3,0
2,18,4,0
2,18,5,0
2,18,6,0
2,18,7,0
2,18,8,0
2,18,9,0
2,18,10,0
2,18,11,0
2,18,12,0
2,18,13,0
2,18,14,0
2,18,15,0
2,18,16,0
2,18,17,0
2,18,18,1.78645e-05
2,18,19,6.25354e-05
2,18,20,0.001652716
2,18,21,0.003501962
2,18,22,0.002331664
2,18,23,0.008084899
2,18,24,0.001715252
2,18,25,0.006280315
2,18,26,0.002036861
2,18,27,0.001000566
2,18,28,0.002349538
2,18,29,0.000205471
2,18,30,0.000348406
2,18,31,0.000839757
2,18,32,0.005288681
2,18,33,0.001742049
2,18,34,0.002027929
2,18,35,0.000321609
2,18,36,0.000571751
2,18,37,0.000241209
2,18,38,0.0001608
2,18,39,0.001429372
2,18,40,0
2,18,41,0.000500283
2,18,42,0
2,18,43,0
2,18,44,0
2,18,45,0.000285871
2,18,46,1.78645e-05
2,18,47,0.001527646
2,18,48,0.000187606
2,19,1,0
2,19,2,0
2,19,3,0
2,19,4,0
2,19,5,0
2,19,6,0
2,19,7,0
2,19,8,0
2,19,9,0
2,19,10,0
2,19,11,0
2,19,12,0
2,19,13,0
2,19,14,0
2,19,15,0
2,19,16,0
2,19,17,0
2,19,18,0
2,19,19,0
2,19,20,0.000456543
2,19,21,0.00075744
2,19,22,0.004918208
2,19,23,0.007522572
2,19,24,0.000529173
2,19,25,0.002147821
2,19,26,0.002033688
2,19,27,0.015304538
2,19,28,0.006474601
2,19,29,0.004264515
2,19,30,0.00364196
2,19,31,0.003621208
2,19,32,0.010500463
2,19,33,0.004046624
2,19,34,0.00136963
2,19,35,2.07515e-05
2,19,36,0.001390381
2,19,37,0
2,19,38,7.26303e-05
2,19,39,0.000186764
2,19,40,0.003330677
2,19,41,0
2,19,42,0.001110226
2,19,43,5.18788e-05
2,19,44,6.22545e-05
2,19,45,0
2,19,46,0
2,19,47,0
2,19,48,0
2,20,1,0
2,20,2,0.00083008
2,20,3,0
2,20,4,0
2,20,5,0
2,20,6,0
2,20,7,0
2,20,8,0
2,20,9,0
2,20,10,0
2,20,11,0
2,20,12,0
2,20,13,0
2,20,14,0
2,20,15,0
2,20,16,0
2,20,17,0
2,20,18,0
2,20,19,0
2,20,20,0
2,20,21,0
2,20,22,0.00254211
2,20,23,0.004057
2,20,24,0.005385116
2,20,25,0.006422722
2,20,26,0.003040156
2,20,27,0.002147821
2,20,28,0.000352786
2,20,29,0.002863768
2,20,30,0.001213983
2,20,31,4.1503e-05
2,20,32,0.001307375
2,20,33,1.03758e-05
2,20,34,0.000881959
2,20,35,0.000425416
2,20,36,1.03758e-05
2,20,37,0
2,20,38,0
2,20,39,2.07515e-05
2,20,40,0.000612179
2,20,41,0
2,20,42,0
2,20,43,0.004108879
2,20,44,0.000881959
2,20,45,8.3006e-05
2,20,46,0.000217891
2,20,47,0
2,20,48,0
2,21,1,0
2,21,2,0
2,21,3,0
2,21,4,0
2,21,5,0
2,21,6,0
2,21,7,0
2,21,8,0
2,21,9,0
2,21,10,0
2,21,11,0
2,21,12,0
2,21,13,0
2,21,14,0
2,21,15,0
2,21,16,0
2,21,17,0
2,21,18,0
2,21,19,0
2,21,20,0
2,21,21,0
2,21,22,0
2,21,23,0.00026978
2,21,24,0.000176388
2,21,25,1.03758e-05
2,21,26,0.004555046
2,21,27,0.00970152
2,21,28,0.002915647
2,21,29,0.003424069
2,21,30,0.000290531
2,21,31,0.003828723
2,21,32,0.001079098
2,21,33,0.002770376
2,21,34,0
2,21,35,0.003652336
2,21,36,0.000529173
2,21,37,0.001089474
2,21,38,0.004057
2,21,39,0.000840456
2,21,40,0.006733995
2,21,41,0.003517451
2,21,42,0
2,21,43,0.000197139
2,21,44,0
2,21,45,0
2,21,46,0
2,21,47,0
2,21,48,0
2,22,1,0
2,22,2,0
2,22,3,0
2,22,4,0
2,22,5,0
2,22,6,0
2,22,7,0
2,22,8,0
2,22,9,0
2,22,10,0
2,22,11,0
2,22,12,0
2,22,13,0
2,22,14,0
2,22,15,0
2,22,16,0
2,22,17,0
2,22,18,0
2,22,19,0
2,22,20,0
2,22,21,0
2,22,22,0
2,22,23,0.000373537
2,22,24,0.000103758
2,22,25,0.003839099
2,22,26,0.00158752
2,22,27,0.001307375
2,22,28,0.00026978
2,22,29,0.000871583
2,22,30,0.000985717
2,22,31,2.07515e-05
2,22,32,0
2,22,33,0.000404664
2,22,34,0
2,22,35,0.000186764
2,22,36,0
2,22,37,0.000103758
2,22,38,0
2,22,39,0.000404664
2,22,40,0
2,22,41,0
2,22,42,3.11273e-05
2,22,43,0
2,22,44,0.004824816
2,22,45,0
2,22,46,0
2,22,47,0
2,22,48,0
2,23,1,0.000798953
2,23,2,8.3006e-05
2,23,3,0
2,23,4,0
2,23,5,0
2,23,6,0
2,23,7,0
2,23,8,0
2,23,9,0
2,23,10,0
2,23,11,0
2,23,12,0
2,23,13,0
2,23,14,0
2,23,15,0
2,23,16,0
2,23,17,0
2,23,18,0
2,23,19,0
2,23,20,0
2,23,21,0
2,23,22,0
2,23,23,0.000643307
2,23,24,0
2,23,25,0.001753532
2,23,26,0.000861208
2,23,27,0.000404664
2,23,28,0.000456543
2,23,29,0.000518798
2,23,30,0.002583613
2,23,31,0.002012936
2,23,32,0.00075744
2,23,33,0.002054439
2,23,34,0.000103758
2,23,35,0.001037595
2,23,36,0
2,23,37,0
2,23,38,0
2,23,39,0.000466919
2,23,40,0
2,23,41,0.000166012
2,23,42,0
2,23,43,0.002230827
2,23,44,0
2,23,45,2.07515e-05
2,23,46,0
2,23,47,0
2,23,48,0
2,24,1,0
2,24,2,0
2,24,3,0
2,24,4,0
2,24,5,0
2,24,6,0
2,24,7,0
2,24,8,0
2,24,9,0
2,24,10,0
2,24,11,0
2,24,12,0
2,24,13,0
2,24,14,0
2,24,15,0
2,24,16,0
2,24,17,0
2,24,18,0
2,24,19,0
2,24,20,0
2,24,21,0
2,24,22,0
2,24,23,0
2,24,24,0
2,24,25,0
2,24,26,0.000383913
2,24,27,0.00261474
2,24,28,0.000798953
2,24,29,0.00212707
2,24,30,0.000176388
2,24,31,0.000145261
2,24,32,0
2,24,33,0.001151729
2,24,34,0
2,24,35,0
2,24,36,0.002988277
2,24,37,0
2,24,38,0.000425416
2,24,39,0
2,24,40,0.000996092
2,24,41,0
2,24,42,0
2,24,43,0.001037595
2,24,44,0.000446167
2,24,45,0
2,24,46,1.03758e-05
2,24,47,0
2,24,48,0
2,25,1,3.11273e-05
2,25,2,0
2,25,3,3.11273e-05
2,25,4,0
2,25,5,0
2,25,6,0
2,25,7,0
2,25,8,0
2,25,9,0
2,25,10,0
2,25,11,0
2,25,12,0
2,25,13,0
2,25,14,0
2,25,15,0
2,25,16,0
2,25,17,0
2,25,18,0
2,25,19,0
2,25,20,0
2,25,21,0
2,25,22,0
2,25,23,0
2,25,24,0
2,25,25,0
2,25,26,0
2,25,27,0.000155636
2,25,28,0
2,25,29,0
2,25,30,0
2,25,31,0.000508422
2,25,32,0
2,25,33,0.000612179
2,25,34,0.000747064
2,25,35,0.000238642
2,25,36,0
2,25,37,0
2,25,38,8.3006e-05
2,25,39,8.3006e-05
2,25,40,6.22545e-05
2,25,41,0.000840456
2,25,42,0
2,25,43,2.07515e-05
2,25,44,0
2,25,45,0
2,25,46,0
2,25,47,0
2,25,48,0
2,26,1,0
2,26,2,0
2,26,3,0
2,26,4,0
2,26,5,0
2,26,6,0
2,26,7,0
2,26,8,0
2,26,9,0
2,26,10,0
2,26,11,0
2,26,12,0
2,26,13,0
2,26,14,0
2,26,15,0
2,26,16,0
2,26,17,0
2,26,18,0
2,26,19,0
2,26,20,0
2,26,21,0
2,26,22,0
2,26,23,0
2,26,24,0
2,26,25,0
2,26,26,0
2,26,27,0.001328127
2,26,28,0.001348878
2,26,29,0.001411133
2,26,30,0.001359254
2,26,31,0.00227233
2,26,32,0.000570676
2,26,33,1.03758e-05
2,26,34,0.001504514
2,26,35,0.001162104
2,26,36,8.3006e-05
2,26,37,8.3006e-05
2,26,38,0.000404664
2,26,39,0.000404664
2,26,40,0.000228267
2,26,41,0
2,26,42,0.001089474
2,26,43,0
2,26,44,2.07515e-05
2,26,45,0
2,26,46,0.001732781
2,26,47,0
2,26,48,0
2,27,1,0
2,27,2,0
2,27,3,0
2,27,4,0
2,27,5,0
2,27,6,0
2,27,7,0
2,27,8,0
2,27,9,0
2,27,10,0
2,27,11,0
2,27,12,0
2,27,13,0
2,27,14,0
2,27,15,0
2,27,16,0
2,27,17,0
2,27,18,0
2,27,19,0
2,27,20,0
2,27,21,0
2,27,22,0
2,27,23,0
2,27,24,0
2,27,25,0
2,27,26,0
2,27,27,0
2,27,28,3.11273e-05
2,27,29,0.00246948
2,27,30,0
2,27,31,0.00117248
2,27,32,0.001452636
2,27,33,0.000539549
2,27,34,0.000964965
2,27,35,0.001286624
2,27,36,0.004108879
2,27,37,0
2,27,38,0
2,27,39,0.000913086
2,27,40,0.017556117
2,27,41,0.000363161
2,27,42,0.00041504
2,27,43,0
2,27,44,0
2,27,45,0
2,27,46,0
2,27,47,0
2,27,48,0
2,28,1,0
2,28,2,0
2,28,3,0
2,28,4,0
2,28,5,0
2,28,6,0
2,28,7,0
2,28,8,0
2,28,9,0
2,28,10,0
2,28,11,0
2,28,12,0
2,28,13,0
2,28,14,0
2,28,15,0
2,28,16,0
2,28,17,0
2,28,18,0
2,28,19,0
2,28,20,0
2,28,21,0
2,28,22,0
2,28,23,0
2,28,24,0
2,28,25,0
2,28,26,0
2,28,27,0
2,28,28,0
2,28,29,0.001774284
2,28,30,0.000933838
2,28,31,0.004420161
2,28,32,0.001566769
2,28,33,7.26303e-05
2,28,34,0.000591428
2,28,35,0.000249018
2,28,36,0.000145261
2,28,37,0
2,28,38,0.000954589
2,28,39,0
2,28,40,0
2,28,41,0.000881959
2,28,42,0
2,28,43,0
2,28,44,0
2,28,45,0.001151729
2,28,46,0
2,28,47,0
2,28,48,0
2,29,1,0
2,29,2,0
2,29,3,0
2,29,4,0
2,29,5,0
2,29,6,0
2,29,7,0
2,29,8,0
2,29,9,0
2,29,10,0
2,29,11,0
2,29,12,0
2,29,13,0
2,29,14,0
2,29,15,0
2,29,16,0
2,29,17,0
2,29,18,0
2,29,19,0
2,29,20,0
2,29,21,0
2,29,22,0
2,29,23,0
2,29,24,0
2,29,25,0
2,29,26,0
2,29,27,0
2,29,28,0
2,29,29,0.001546017
2,29,30,0.005001214
2,29,31,0.005395502
2,29,32,0.000249018
2,29,33,0.001151729
2,29,34,0.003901364
2,29,35,0.000622555
2,29,36,0
2,29,37,0
2,29,38,0.000622555
2,29,39,0
2,29,40,0
2,29,41,0
2,29,42,0.000601804
2,29,43,2.07515e-05
2,29,44,0.000363161
2,29,45,0.004804064
2,29,46,0.000529173
2,29,47,0
2,29,48,0
2,30,1,0
2,30,2,0
2,30,3,0
2,30,4,0
2,30,5,0
2,30,6,0
2,30,7,0
2,30,8,0
2,30,9,0
2,30,10,0
2,30,11,0
2,30,12,0
2,30,13,0
2,30,14,0
2,30,15,0
2,30,16,0
2,30,17,0
2,30,18,0
2,30,19,0
2,30,20,0
2,30,21,0
2,30,22,0
2,30,23,0
2,30,24,0
2,30,25,0
2,30,26,0
2,30,27,0
2,30,28,0
2,30,29,0
2,30,30,0
2,30,31,0.001494139
2,30,32,0.000477295
2,30,33,0.003330677
2,30,34,0.007615954
2,30,35,0
2,30,36,0.000249018
2,30,37,0.003807972
2,30,38,2.07515e-05
2,30,39,0
2,30,40,0.001566769
2,30,41,9.33818e-05
2,30,42,0.001016844
2,30,43,0
2,30,44,0
2,30,45,0
2,30,46,1.03758e-05
2,30,47,0
2,30,48,5.18788e-05
2,31,1,0
2,31,2,0
2,31,3,0
2,31,4,0
2,31,5,0
2,31,6,0
2,31,7,0
2,31,8,0
2,31,9,0
2,31,10,0
2,31,11,0
2,31,12,0
2,31,13,0
2,31,14,0
2,31,15,0
2,31,16,0
2,31,17,0
2,31,18,0
2,31,19,0
2,31,20,0
2,31,21,0
2,31,22,0
2,31,23,0
2,31,24,0
2,31,25,0
2,31,26,0
2,31,27,0
2,31,28,0
2,31,29,0
2,31,30,0
2,31,31,0
2,31,32,0.000319502
2,31,33,0.000648978
2,31,34,0.002595923
2,31,35,0.002266447
2,31,36,0.000948512
2,31,37,0.000569105
2,31,38,0.005890755
2,31,39,0.002476114
2,31,40,0
2,31,41,0
2,31,42,0
2,31,43,0
2,31,44,0
2,31,45,1.99683e-05
2,31,46,0
2,31,47,0
2,31,48,0
2,32,1,0
2,32,2,0
2,32,3,0
2,32,4,0
2,32,5,0
2,32,6,0
2,32,7,0
2,32,8,0
2,32,9,0
2,32,10,0
2,32,11,0
2,32,12,0
2,32,13,0
2,32,14,0
2,32,15,0
2,32,16,0
2,32,17,0
2,32,18,0
2,32,19,0
2,32,20,0
2,32,21,0
2,32,22,0
2,32,23,0
2,32,24,0
2,32,25,0
2,32,26,0
2,32,27,0
2,32,28,0
2,32,29,0
2,32,30,0
2,32,31,0
2,32,32,0
2,32,33,0.000609042
2,32,34,0.000209667
2,32,35,0.001827135
2,32,36,0.003075171
2,32,37,0.000938528
2,32,38,0.0012081
2,32,39,0.001407792
2,32,40,9.98413e-06
2,32,41,0
2,32,42,0.002555987
2,32,43,0
2,32,44,0.000299534
2,32,45,9.98413e-05
2,32,46,0.000139778
2,32,47,0
2,32,48,0
2,33,1,0
2,33,2,0
2,33,3,0
2,33,4,0
2,33,5,0
2,33,6,0
2,33,7,0
2,33,8,0
2,33,9,0
2,33,10,0
2,33,11,0
2,33,12,0
2,33,13,0
2,33,14,0
2,33,15,0
2,33,16,0
2,33,17,0
2,33,18,0
2,33,19,0
2,33,20,0
2,33,21,0
2,33,22,0
2,33,23,0
2,33,24,0
2,33,25,0
2,33,26,0
2,33,27,0
2,33,28,0
2,33,29,0
2,33,30,0
2,33,31,0
2,33,32,0
2,33,33,8.98572e-05
2,33,34,0.001437744
2,33,35,0
2,33,36,2.99524e-05
2,33,37,0
2,33,38,0.000139778
2,33,39,1.99683e-05
2,33,40,0.002875489
2,33,41,0.003085156
2,33,42,0
2,33,43,0.004882338
2,33,44,0.000718867
2,33,45,0
2,33,46,0
2,33,47,0
2,33,48,0
2,34,1,0.000898591
2,34,2,0
2,34,3,0
2,34,4,0
2,34,5,0
2,34,6,0
2,34,7,0
2,34,8,0
2,34,9,0
2,34,10,0
2,34,11,0
2,34,12,0
2,34,13,0
2,34,14,0
2,34,15,0
2,34,16,0
2,34,17,0
2,34,18,0
2,34,19,0
2,34,20,0
2,34,21,0
2,34,22,0
2,34,23,0
2,34,24,0
2,34,25,0
2,34,26,0
2,34,27,0
2,34,28,0
2,34,29,0
2,34,30,0
2,34,31,0
2,34,32,0
2,34,33,0
2,34,34,0.00011981
2,34,35,0
2,34,36,1.99683e-05
2,34,37,0.000469264
2,34,38,0.00033947
2,34,39,0.000728851
2,34,40,0.002625876
2,34,41,0.001827135
2,34,42,0.006210257
2,34,43,0
2,34,44,0.000678931
2,34,45,0.002386256
2,34,46,0
2,34,47,0
2,34,48,0.000509201
2,35,1,0
2,35,2,0
2,35,3,0
2,35,4,0
2,35,5,0
2,35,6,0
2,35,7,0
2,35,8,0
2,35,9,0
2,35,10,0
2,35,11,0
2,35,12,0
2,35,13,0
2,35,14,0
2,35,15,0
2,35,16,0
2,35,17,0
2,35,18,0
2,35,19,0
2,35,20,0
2,35,21,0
2,35,22,0
2,35,23,0
2,35,24,0
2,35,25,0
2,35,26,0
2,35,27,0
2,35,28,0
2,35,29,0
2,35,30,0
2,35,31,0
2,35,32,0
2,35,33,0
2,35,34,0
2,35,35,0
2,35,36,7.98731e-05
2,35,37,0.000778782
2,35,38,0.001827135
2,35,39,0.002705749
2,35,40,0.000808734
2,35,41,0.005381555
2,35,42,0.006619607
2,35,43,0.004213392
2,35,44,0.001407792
2,35,45,0.000868639
2,35,46,0.001268014
2,35,47,0.001248046
2,35,48,0
2,36,1,0
2,36,2,0
2,36,3,0.000758814
2,36,4,0
2,36,5,0
2,36,6,0
2,36,7,0
2,36,8,0
2,36,9,0
2,36,10,0
2,36,11,0
2,36,12,0
2,36,13,0
2,36,14,0
2,36,15,0
2,36,16,0
2,36,17,0
2,36,18,0
2,36,19,0
2,36,20,0
2,36,21,0
2,36,22,0
2,36,23,0
2,36,24,0
2,36,25,0
2,36,26,0
2,36,27,0
2,36,28,0
2,36,29,0
2,36,30,0
2,36,31,0
2,36,32,0
2,36,33,0
2,36,34,0
2,36,35,0
2,36,36,0
2,36,37,0.001457713
2,36,38,0
2,36,39,0.006589654
2,36,40,0.002426193
2,36,41,0.013948106
2,36,42,0.006020549
2,36,43,0.009155635
2,36,44,0.003194981
2,36,45,0.001477681
2,36,46,0.003684213
2,36,47,0
2,36,48,0
2,37,1,0.000209667
2,37,2,0
2,37,3,0
2,37,4,0
2,37,5,0
2,37,6,0
2,37,7,0
2,37,8,0
2,37,9,0
2,37,10,0
2,37,11,0
2,37,12,0
2,37,13,0
2,37,14,0
2,37,15,0
2,37,16,0
2,37,17,0
2,37,18,0
2,37,19,0
2,37,20,0
2,37,21,0
2,37,22,0
2,37,23,0
2,37,24,0
2,37,25,0
2,37,26,0
2,37,27,0
2,37,28,0
2,37,29,0
2,37,30,0
2,37,31,0
2,37,32,0
2,37,33,0
2,37,34,0
2,37,35,0
2,37,36,0
2,37,37,0
2,37,38,0.001188131
2,37,39,0.003883906
2,37,40,0.004682646
2,37,41,0.0078377
2,37,42,0.009644867
2,37,43,0.007548151
2,37,44,0.012789928
2,37,45,0.002675796
2,37,46,0.00011981
2,37,47,0.000379407
2,37,48,0.001737278
2,38,1,0
2,38,2,0
2,38,3,0
2,38,4,0
2,38,5,0
2,38,6,0
2,38,7,0
2,38,8,0
2,38,9,0
2,38,10,0
2,38,11,0
2,38,12,0
2,38,13,0
2,38,14,0
2,38,15,0
2,38,16,0
2,38,17,0
2,38,18,0
2,38,19,0
2,38,20,0
2,38,21,0
2,38,22,0
2,38,23,0
2,38,24,0
2,38,25,0
2,38,26,0
2,38,27,0
2,38,28,0
2,38,29,0
2,38,30,0
2,38,31,0
2,38,32,0
2,38,33,0
2,38,34,0
2,38,35,0
2,38,36,0
2,38,37,0
2,38,38,1.99683e-05
2,38,39,0
2,38,40,0.000279565
2,38,41,0.007458293
2,38,42,0.013888202
2,38,43,0.01390817
2,38,44,0.004662678
2,38,45,0.004672662
2,38,46,9.98413e-05
2,38,47,0
2,38,48,0
2,39,1,0
2,39,2,0
2,39,3,0
2,39,4,0
2,39,5,0
2,39,6,0
2,39,7,0
2,39,8,0
2,39,9,0
2,39,10,0
2,39,11,0
2,39,12,0
2,39,13,0
2,39,14,0
2,39,15,0
2,39,16,0
2,39,17,0
2,39,18,0
2,39,19,0
2,39,20,0
2,39,21,0
2,39,22,0
2,39,23,0
2,39,24,0
2,39,25,0
2,39,26,0
2,39,27,0
2,39,28,0
2,39,29,0
2,39,30,0
2,39,31,0
2,39,32,0
2,39,33,0
2,39,34,0
2,39,35,0
2,39,36,0
2,39,37,0
2,39,38,0
2,39,39,0.001193232
2,39,40,0
2,39,41,0.001265862
2,39,42,0.004202261
2,39,43,0.015501677
2,39,44,0.015325289
2,39,45,0.006277451
2,39,46,0.001224359
2,39,47,0
2,39,48,0
2,40,1,0
2,40,2,0
2,40,3,0
2,40,4,0
2,40,5,0
2,40,6,2.07515e-05
2,40,7,0
2,40,8,0
2,40,9,0
2,40,10,0
2,40,11,0
2,40,12,0
2,40,13,0
2,40,14,0
2,40,15,0
2,40,16,0
2,40,17,0
2,40,18,0
2,40,19,0
2,40,20,0
2,40,21,0
2,40,22,0
2,40,23,0
2,40,24,0
2,40,25,0
2,40,26,0
2,40,27,0
2,40,28,0
2,40,29,0
2,40,30,0
2,40,31,0
2,40,32,0
2,40,33,0
2,40,34,0
2,40,35,0
2,40,36,0
2,40,37,0
2,40,38,0
2,40,39,0
2,40,40,0
2,40,41,0.00034241
2,40,42,0.000228267
2,40,43,0.003475948
2,40,44,0.002791128
2,40,45,0.014640469
2,40,46,0.000352786
2,40,47,0
2,40,48,0
2,41,1,0.00034241
2,41,2,0
2,41,3,0
2,41,4,0
2,41,5,0
2,41,6,0
2,41,7,0
2,41,8,0
2,41,9,0
2,41,10,0
2,41,11,0
2,41,12,0
2,41,13,0
2,41,14,0
2,41,15,0
2,41,16,0
2,41,17,0
2,41,18,0
2,41,19,0
2,41,20,0
2,41,21,0
2,41,22,0
2,41,23,0
2,41,24,0
2,41,25,0
2,41,26,0
2,41,27,0
2,41,28,0
2,41,29,0
2,41,30,0
2,41,31,0
2,41,32,0
2,41,33,0
2,41,34,0
2,41,35,0
2,41,36,0
2,41,37,0
2,41,38,0
2,41,39,0
2,41,40,0
2,41,41,0.002106318
2,41,42,0
2,41,43,0
2,41,44,0
2,41,45,0
2,41,46,0
2,41,47,0
2,41,48,0
2,42,1,0
2,42,2,0
2,42,3,0
2,42,4,0
2,42,5,0
2,42,6,0
2,42,7,0
2,42,8,0
2,42,9,0
2,42,10,0
2,42,11,0
2,42,12,0
2,42,13,0
2,42,14,0
2,42,15,0
2,42,16,0
2,42,17,0
2,42,18,0
2,42,19,0
2,42,20,0
2,42,21,0
2,42,22,0
2,42,23,0
2,42,24,0
2,42,25,0
2,42,26,0
2,42,27,0
2,42,28,0
2,42,29,0
2,42,30,0
2,42,31,0
2,42,32,0
2,42,33,0
2,42,34,0
2,42,35,0
2,42,36,0
2,42,37,0
2,42,38,0
2,42,39,0
2,42,40,0
2,42,41,0
2,42,42,0
2,42,43,0
2,42,44,0
2,42,45,0
2,42,46,0
2,42,47,0
2,42,48,0
2,43,1,0
2,43,2,0
2,43,3,0
2,43,4,0
2,43,5,0
2,43,6,0
2,43,7,0
2,43,8,0
2,43,9,0
2,43,10,0
2,43,11,0
2,43,12,0
2,43,13,0
2,43,14,0
2,43,15,0
2,43,16,0
2,43,17,0
2,43,18,0
2,43,19,0
2,43,20,0
2,43,21,0
2,43,22,0
2,43,23,0
2,43,24,0
2,43,25,0
2,43,26,0
2,43,27,0
2,43,28,0
2,43,29,0
2,43,30,0
2,43,31,0
2,43,32,0
2,43,33,0
2,43,34,0
2,43,35,0
2,43,36,0
2,43,37,0
2,43,38,0
2,43,39,0
2,43,40,0
2,43,41,0
2,43,42,0
2,43,43,0.000124509
2,43,44,0
2,43,45,0
2,43,46,0
2,43,47,0
2,43,48,0
2,44,1,0
2,44,2,0
2,44,3,0
2,44,4,0
2,44,5,0
2,44,6,0
2,44,7,0
2,44,8,0
2,44,9,0
2,44,10,0
2,44,11,0
2,44,12,0
2,44,13,0
2,44,14,0
2,44,15,0
2,44,16,0
2,44,17,0
2,44,18,0
2,44,19,0
2,44,20,0
2,44,21,0
2,44,22,0
2,44,23,0
2,44,24,0
2,44,25,0
2,44,26,0
2,44,27,0
2,44,28,0
2,44,29,0
2,44,30,0
2,44,31,0
2,44,32,0
2,44,33,0
2,44,34,0
2,44,35,0
2,44,36,0
2,44,37,0
2,44,38,0
2,44,39,0
2,44,40,0
2,44,41,0
2,44,42,0
2,44,43,0
2,44,44,0
2,44,45,0.00144226
2,44,46,0
2,44,47,0
2,44,48,0.000508422
2,45,1,0
2,45,2,0
2,45,3,0
2,45,4,0
2,45,5,0
2,45,6,0
2,45,7,0
2,45,8,0
2,45,9,0
2,45,10,0
2,45,11,0
2,45,12,0
2,45,13,0
2,45,14,0
2,45,15,0
2,45,16,0
2,45,17,0
2,45,18,0
2,45,19,0
2,45,20,0
2,45,21,0
2,45,22,0
2,45,23,0
2,45,24,0
2,45,25,0
2,45,26,0
2,45,27,0
2,45,28,0
2,45,29,0
2,45,30,0
2,45,31,0
2,45,32,0
2,45,33,0
2,45,34,0
2,45,35,0
2,45,36,0
2,45,37,0
2,45,38,0
2,45,39,0
2,45,40,0
2,45,41,0
2,45,42,0
2,45,43,0
2,45,44,0
2,45,45,0
2,45,46,0
2,45,47,0
2,45,48,0
2,46,1,0
2,46,2,0
2,46,3,0
2,46,4,0
2,46,5,0
2,46,6,0
2,46,7,0
2,46,8,0
2,46,9,0
2,46,10,0
2,46,11,0
2,46,12,0
2,46,13,0
2,46,14,0
2,46,15,0
2,46,16,0
2,46,17,0
2,46,18,0
2,46,19,0
2,46,20,0
2,46,21,0
2,46,22,0
2,46,23,0
2,46,24,0
2,46,25,0
2,46,26,0
2,46,27,0
2,46,28,0
2,46,29,0
2,46,30,0
2,46,31,0
2,46,32,0
2,46,33,0
2,46,34,0
2,46,35,0
2,46,36,0
2,46,37,0
2,46,38,0
2,46,39,0
2,46,40,0
2,46,41,0
2,46,42,0
2,46,43,0
2,46,44,0
2,46,45,0
2,46,46,0
2,46,47,0
2,46,48,0
2,47,1,0
2,47,2,0
2,47,3,0
2,47,4,0
2,47,5,0
2,47,6,0
2,47,7,0
2,47,8,0
2,47,9,0
2,47,10,0
2,47,11,0
2,47,12,0
2,47,13,0
2,47,14,0
2,47,15,0
2,47,16,0
2,47,17,0
2,47,18,0
2,47,19,0
2,47,20,0
2,47,21,0
2,47,22,0
2,47,23,0
2,47,24,0
2,47,25,0
2,47,26,0
2,47,27,0
2,47,28,0
2,47,29,0
2,47,30,0
2,47,31,0
2,47,32,0
2,47,33,0
2,47,34,0
2,47,35,0
2,47,36,0
2,47,37,0
2,47,38,0
2,47,39,0
2,47,40,0
2,47,41,0
2,47,42,0
2,47,43,0
2,47,44,0
2,47,45,0
2,47,46,0
2,47,47,0
2,47,48,0
2,48,1,0
2,48,2,0
2,48,3,0
2,48,4,0
2,48,5,0.001695759
2,48,6,0
2,48,7,0
2,48,8,0
2,48,9,0
2,48,10,0
2,48,11,0
2,48,12,0
2,48,13,0
2,48,14,0
2,48,15,0
2,48,16,0
2,48,17,0
2,48,18,0
2,48,19,0
2,48,20,0
2,48,21,0
2,48,22,0
2,48,23,0
2,48,24,0
2,48,25,0
2,48,26,0
2,48,27,0
2,48,28,0
2,48,29,0
2,48,30,0
2,48,31,0
2,48,32,0
2,48,33,0
2,48,34,0
2,48,35,0
2,48,36,0
2,48,37,0
2,48,38,0
2,48,39,0
2,48,40,0
2,48,41,0
2,48,42,0
2,48,43,0
2,48,44,0
2,48,45,0
2,48,46,0
2,48,47,0
2,48,48,0
3,1,1,0
3,1,2,0
3,1,3,0
3,1,4,0
3,1,5,0
3,1,6,0
3,1,7,0
3,1,8,0
3,1,9,0
3,1,10,0
3,1,11,0
3,1,12,0
3,1,13,0
3,1,14,0
3,1,15,0
3,1,16,0
3,1,17,0
3,1,18,0
3,1,19,0
3,1,20,0
3,1,21,0
3,1,22,0
3,1,23,0
3,1,24,0
3,1,25,0
3,1,26,0
3,1,27,0
3,1,28,0
3,1,29,0
3,1,30,0
3,1,31,0
3,1,32,0
3,1,33,0
3,1,34,0
3,1,35,0
3,1,36,0
3,1,37,0
3,1,38,0
3,1,39,0
3,1,40,0
3,1,41,0
3,1,42,0
3,1,43,0
3,1,44,0
3,1,45,0
3,1,46,0
3,1,47,0
3,1,48,0
3,2,1,0
3,2,2,0
3,2,3,0
3,2,4,0
3,2,5,0
3,2,6,0
3,2,7,0
3,2,8,0
3,2,9,0
3,2,10,0
3,2,11,0
3,2,12,0
3,2,13,0
3,2,14,0
3,2,15,0
3,2,16,0
3,2,17,0
3,2,18,0
3,2,19,0
3,2,20,0
3,2,21,0
3,2,22,0
3,2,23,0
3,2,24,0
3,2,25,0
3,2,26,0
3,2,27,0
3,2,28,0
3,2,29,0
3,2,30,0
3,2,31,0
3,2,32,0
3,2,33,0
3,2,34,0
3,2,35,0
3,2,36,0
3,2,37,0
3,2,38,0
3,2,39,0
3,2,40,0
3,2,41,0
3,2,42,0
3,2,43,0
3,2,44,0
3,2,45,0
3,2,46,0
3,2,47,0
3,2,48,0
3,3,1,0
3,3,2,0
3,3,3,0
3,3,4,0
3,3,5,0
3,3,6,0
3,3,7,0
3,3,8,0
3,3,9,0
3,3,10,0
3,3,11,0
3,3,12,0
3,3,13,0
3,3,14,0
3,3,15,0
3,3,16,0
3,3,17,0
3,3,18,0
3,3,19,0
3,3,20,0
3,3,21,0
3,3,22,0
3,3,23,0
3,3,24,0
3,3,25,0
3,3,26,0
3,3,27,0
3,3,28,0
3,3,29,0
3,3,30,0
3,3,31,0
3,3,32,0
3,3,33,0
3,3,34,0
3,3,35,0
3,3,36,0
3,3,37,0
3,3,38,0
3,3,39,0
3,3,40,0
3,3,41,0
3,3,42,0
3,3,43,0
3,3,44,0
3,3,45,0
3,3,46,0
3,3,47,0
3,3,48,0
3,4,1,0
3,4,2,0
3,4,3,0
3,4,4,0
3,4,5,0
3,4,6,0
3,4,7,0
3,4,8,0
3,4,9,0
3,4,10,0
3,4,11,0
3,4,12,0
3,4,13,0
3,4,14,0
3,4,15,0
3,4,16,0
3,4,17,0
3,4,18,0
3,4,19,0
3,4,20,0
3,4,21,0
3,4,22,0
3,4,23,0
3,4,24,0
3,4,25,0
3,4,26,0
3,4,27,0
3,4,28,0
3,4,29,0
3,4,30,0
3,4,31,0
3,4,32,0
3,4,33,0
3,4,34,0
3,4,35,0
3,4,36,0
3,4,37,0
3,4,38,0
3,4,39,0
3,4,40,0
3,4,41,0
3,4,42,0
3,4,43,0
3,4,44,0
3,4,45,0
3,4,46,0
3,4,47,0
3,4,48,0
3,5,1,0
3,5,2,0
3,5,3,0
3,5,4,0
3,5,5,0
3,5,6,0
3,5,7,0
3,5,8,0
3,5,9,0
3,5,10,0
3,5,11,0
3,5,12,0
3,5,13,0
3,5,14,0
3,5,15,0
3,5,16,0
3,5,17,0
3,5,18,0
3,5,19,0
3,5,20,0
3,5,21,0
3,5,22,0
3,5,23,0
3,5,24,0
3,5,25,0
3,5,26,0
3,5,27,0
3,5,28,0
3,5,29,0
3,5,30,0
3,5,31,0
3,5,32,0
3,5,33,0
3,5,34,0
3,5,35,0
3,5,36,0
3,5,37,0
3,5,38,0
3,5,39,0
3,5,40,0
3,5,41,0
3,5,42,0
3,5,43,0
3,5,44,0
3,5,45,0
3,5,46,0
3,5,47,0
3,5,48,0
3,6,1,0
3,6,2,0
3,6,3,0
3,6,4,0
3,6,5,0
3,6,6,0
3,6,7,0
3,6,8,0
3,6,9,0
3,6,10,0
3,6,11,0
3,6,12,0
3,6,13,0
3,6,14,0
3,6,15,0
3,6,16,0
3,6,17,0
3,6,18,0
3,6,19,0
3,6,20,0
3,6,21,0
3,6,22,0
3,6,23,0
3,6,24,0
3,6,25,0
3,6,26,0
3,6,27,0
3,6,28,0
3,6,29,0
3,6,30,0
3,6,31,0
3,6,32,0
3,6,33,0
3,6,34,0
3,6,35,0
3,6,36,0
3,6,37,0
3,6,38,0
3,6,39,0
3,6,40,0
3,6,41,0
3,6,42,0
3,6,43,0
3,6,44,0
3,6,45,0
3,6,46,0
3,6,47,0
3,6,48,0
3,7,1,0
3,7,2,0
3,7,3,0
3,7,4,0
3,7,5,0
3,7,6,0
3,7,7,0
3,7,8,0
3,7,9,0
3,7,10,0
3,7,11,0
3,7,12,0
3,7,13,0
3,7,14,0
3,7,15,0
3,7,16,0
3,7,17,0
3,7,18,0
3,7,19,0
3,7,20,0
3,7,21,0
3,7,22,0
3,7,23,0
3,7,24,0
3,7,25,0
3,7,26,0
3,7,27,0
3,7,28,0
3,7,29,0
3,7,30,0
3,7,31,0
3,7,32,0
3,7,33,0
3,7,34,0
3,7,35,0
3,7,36,0
3,7,37,0
3,7,38,0
3,7,39,0
3,7,40,0
3,7,41,0
3,7,42,0
3,7,43,0
3,7,44,0
3,7,45,0
3,7,46,0
3,7,47,0
3,7,48,0
3,8,1,0
3,8,2,0
3,8,3,0
3,8,4,0
3,8,5,0
3,8,6,0
3,8,7,0
3,8,8,0
3,8,9,0.001926133
3,8,10,0
3,8,11,0
3,8,12,0
3,8,13,0
3,8,14,0
3,8,15,0
3,8,16,0
3,8,17,0
3,8,18,0
3,8,19,0
3,8,20,0
3,8,21,0
3,8,22,0
3,8,23,0
3,8,24,0
3,8,25,0
3,8,26,0
3,8,27,0
3,8,28,0
3,8,29,0
3,8,30,0
3,8,31,0
3,8,32,0
3,8,33,0
3,8,34,0
3,8,35,0
3,8,36,0
3,8,37,0
3,8,38,0
3,8,39,0
3,8,40,0
3,8,41,0
3,8,42,0
3,8,43,0
3,8,44,0
3,8,45,0
3,8,46,0
3,8,47,0
3,8,48,0
3,9,1,0
3,9,2,0
3,9,3,0
3,9,4,0
3,9,5,0
3,9,6,0
3,9,7,0
3,9,8,0
3,9,9,0
3,9,10,0
3,9,11,0
3,9,12,0
3,9,13,0
3,9,14,0
3,9,15,0
3,9,16,0
3,9,17,0
3,9,18,0
3,9,19,0
3,9,20,0
3,9,21,0
3,9,22,0
3,9,23,0
3,9,24,0
3,9,25,0
3,9,26,0
3,9,27,0
3,9,28,0
3,9,29,0
3,9,30,0
3,9,31,0
3,9,32,0
3,9,33,0
3,9,34,0
3,9,35,0
3,9,36,0
3,9,37,0
3,9,38,0
3,9,39,0
3,9,40,0
3,9,41,0
3,9,42,0
3,9,43,0
3,9,44,0
3,9,45,0
3,9,46,0
3,9,47,0
3,9,48,0
3,10,1,0
3,10,2,0
3,10,3,0
3,10,4,0
3,10,5,0
3,10,6,0
3,10,7,0
3,10,8,0
3,10,9,0
3,10,10,0
3,10,11,0
3,10,12,0
3,10,13,0
3,10,14,0
3,10,15,0
3,10,16,0
3,10,17,0
3,10,18,0
3,10,19,0
3,10,20,0
3,10,21,0
3,10,22,0
3,10,23,0
3,10,24,0
3,10,25,0
3,10,26,0
3,10,27,0
3,10,28,0
3,10,29,0
3,10,30,0
3,10,31,0
3,10,32,0
3,10,33,0
3,10,34,0
3,10,35,0
3,10,36,0.002801627
3,10,37,0
3,10,38,0
3,10,39,0
3,10,40,0
3,10,41,0
3,10,42,0
3,10,43,0
3,10,44,0
3,10,45,0
3,10,46,0
3,10,47,0
3,10,48,0.006128584
3,11,1,0
3,11,2,0
3,11,3,0
3,11,4,0
3,11,5,0
3,11,6,0
3,11,7,0
3,11,8,0
3,11,9,0
3,11,10,0
3,11,11,0
3,11,12,0
3,11,13,0
3,11,14,0
3,11,15,0
3,11,16,0
3,11,17,0
3,11,18,0
3,11,19,0
3,11,20,0
3,11,21,0
3,11,22,0
3,11,23,0
3,11,24,0
3,11,25,0
3,11,26,0
3,11,27,0
3,11,28,0
3,11,29,0
3,11,30,0
3,11,31,0
3,11,32,0.007354284
3,11,33,0.000175103
3,11,34,0
3,11,35,0.001575927
3,11,36,0
3,11,37,0
3,11,38,0
3,11,39,0
3,11,40,0.00175103
3,11,41,0
3,11,42,0
3,11,43,0
3,11,44,0
3,11,45,0
3,11,46,0
3,11,47,0
3,11,48,0
3,12,1,0
3,12,2,0
3,12,3,0
3,12,4,0
3,12,5,0
3,12,6,0
3,12,7,0
3,12,8,0
3,12,9,0
3,12,10,0
3,12,11,0
3,12,12,0
3,12,13,0
3,12,14,0
3,12,15,0
3,12,16,0
3,12,17,0
3,12,18,0
3,12,19,0
3,12,20,0
3,12,21,0.003151833
3,12,22,0
3,12,23,0
3,12,24,0.001400824
3,12,25,0
3,12,26,0
3,12,27,0.000875515
3,12,28,0
3,12,29,0.021712689
3,12,30,0.043250253
3,12,31,0.019086144
3,12,32,0.002801627
3,12,33,0.008755108
3,12,34,0.010155932
3,12,35,0.006653893
3,12,36,0
3,12,37,0.001575927
3,12,38,0.00472776
3,12,39,0
3,12,40,0.003677142
3,12,41,0
3,12,42,0.000175103
3,12,43,0
3,12,44,0
3,12,45,0
3,12,46,0
3,12,47,0
3,12,48,0
3,13,1,0
3,13,2,0
3,13,3,0
3,13,4,0
3,13,5,0
3,13,6,0
3,13,7,0
3,13,8,0
3,13,9,0
3,13,10,0
3,13,11,0
3,13,12,0
3,13,13,0
3,13,14,0
3,13,15,0
3,13,16,0
3,13,17,0
3,13,18,0
3,13,19,0
3,13,20,0
3,13,21,0.000128829
3,13,22,0
3,13,23,0
3,13,24,0
3,13,25,0
3,13,26,0.001039227
3,13,27,0
3,13,28,6.87059e-05
3,13,29,0.003229326
3,13,30,0.006295465
3,13,31,0.006278291
3,13,32,0.002284571
3,13,33,0.004174072
3,13,34,0.000188953
3,13,35,0.001004869
3,13,36,0.001296885
3,13,37,0.00039508
3,13,38,0.000120238
3,13,39,0.000824508
3,13,40,8.58893e-05
3,13,41,9.44718e-05
3,13,42,0
3,13,43,0
3,13,44,0
3,13,45,0
3,13,46,0
3,13,47,0
3,13,48,0
3,14,1,0.00070427
3,14,2,0
3,14,3,0
3,14,4,0
3,14,5,0
3,14,6,0
3,14,7,0
3,14,8,0
3,14,9,0
3,14,10,0
3,14,11,0
3,14,12,0
3,14,13,0
3,14,14,0
3,14,15,0.003615814
3,14,16,0
3,14,17,0
3,14,18,0
3,14,19,8.58893e-05
3,14,20,0
3,14,21,0
3,14,22,0
3,14,23,8.59168e-06
3,14,24,0.000515317
3,14,25,0
3,14,26,0.000755802
3,14,27,0.000815916
3,14,28,0.001528778
3,14,29,0.017426331
3,14,30,0.017031252
3,14,31,0.021523105
3,14,32,0.016000617
3,14,33,0.012539398
3,14,34,0.009576322
3,14,35,0.004156897
3,14,36,0.00434585
3,14,37,0.006982552
3,14,38,0.002533647
3,14,39,0.004551977
3,14,40,0.001099341
3,14,41,0.001357
3,14,42,0.00091898
3,14,43,0.000377896
3,14,44,0.00043802
3,14,45,0.000678504
3,14,46,3.43576e-05
3,14,47,0
3,14,48,0
3,15,1,0
3,15,2,0
3,15,3,0
3,15,4,0
3,15,5,0
3,15,6,0
3,15,7,0
3,15,8,0
3,15,9,0
3,15,10,0
3,15,11,0
3,15,12,0
3,15,13,0
3,15,14,0
3,15,15,0
3,15,16,0.000171769
3,15,17,0
3,15,18,0
3,15,19,7.72976e-05
3,15,20,0
3,15,21,0
3,15,22,0.00048096
3,15,23,0.000506726
3,15,24,0.000137421
3,15,25,0.000592615
3,15,26,0
3,15,27,0.002198691
3,15,28,0.001966798
3,15,29,0.016816533
3,15,30,0.022862931
3,15,31,0.034328754
3,15,32,0.022828573
3,15,33,0.019272883
3,15,34,0.012127144
3,15,35,0.015425176
3,15,36,0.014592085
3,15,37,0.01040083
3,15,38,0.00662183
3,15,39,0.003607222
3,15,40,0.00570285
3,15,41,0.001442889
3,15,42,0.000343548
3,15,43,2.57659e-05
3,15,44,0.000841682
3,15,45,0.000446612
3,15,46,9.44718e-05
3,15,47,0.000326365
3,15,48,0
3,16,1,0
3,16,2,0
3,16,3,0
3,16,4,0
3,16,5,0
3,16,6,0
3,16,7,0
3,16,8,0
3,16,9,0
3,16,10,0
3,16,11,0
3,16,12,0
3,16,13,0
3,16,14,0
3,16,15,0
3,16,16,0.00030919
3,16,17,0.000575441
3,16,18,6.87059e-05
3,16,19,0
3,16,20,0
3,16,21,0
3,16,22,0.000420846
3,16,23,0.00026625
3,16,24,0.000163187
3,16,25,0.001769254
3,16,26,0.000292016
3,16,27,0.004818218
3,16,28,0.001202404
3,16,29,0.013535675
3,16,30,0.018499906
3,16,31,0.039421805
3,16,32,0.035110312
3,16,33,0.016945362
3,16,34,0.008210731
3,16,35,0.013982287
3,16,36,0.015588363
3,16,37,0.011508763
3,16,38,0.005196124
3,16,39,0.000979103
3,16,40,0.001863735
3,16,41,0.001305468
3,16,42,0.001133698
3,16,43,0.000463786
3,16,44,0.00118523
3,16,45,0
3,16,46,0
3,16,47,0
3,16,48,0
3,17,1,0
3,17,2,0
3,17,3,0
3,17,4,0
3,17,5,0
3,17,6,0
3,17,7,0
3,17,8,0
3,17,9,0
3,17,10,0
3,17,11,0
3,17,12,0
3,17,13,0
3,17,14,0
3,17,15,0
3,17,16,0
3,17,17,0.000163187
3,17,18,0.000137421
3,17,19,6.01234e-05
3,17,20,0
3,17,21,0.000163187
3,17,22,0
3,17,23,0
3,17,24,0.001657608
3,17,25,0.000661321
3,17,26,0.001253936
3,17,27,0.000377896
3,17,28,0.001339825
3,17,29,0.004878342
3,17,30,0.005204706
3,17,31,0.028368245
3,17,32,0.027852928
3,17,33,0.025774474
3,17,34,0.018663093
3,17,35,0.010993446
3,17,36,0.008476972
3,17,37,0.006690545
3,17,38,0.001777845
3,17,39,0.000515317
3,17,40,0.00122817
3,17,41,0.002044096
3,17,42,7.72976e-05
3,17,43,0.000850274
3,17,44,8.59168e-06
3,17,45,0
3,17,46,1.71742e-05
3,17,47,0.000858866
3,17,48,0
3,18,1,0
3,18,2,0
3,18,3,0
3,18,4,0
3,18,5,0
3,18,6,0
3,18,7,0
3,18,8,0
3,18,9,0
3,18,10,0
3,18,11,0
3,18,12,0
3,18,13,0
3,18,14,0
3,18,15,0
3,18,16,0
3,18,17,0
3,18,18,0
3,18,19,0.000231893
3,18,20,0
3,18,21,0.000584023
3,18,22,0.003100497
3,18,23,0
3,18,24,0
3,18,25,0.001236762
3,18,26,0.00030919
3,18,27,0.000292016
3,18,28,0.001837969
3,18,29,0.001339825
3,18,30,0.000403662
3,18,31,0.002602353
3,18,32,0.011663358
3,18,33,0.015579771
3,18,34,0.013140605
3,18,35,0.008150608
3,18,36,0.004105366
3,18,37,0.001958206
3,18,38,0.000463786
3,18,39,0.000893214
3,18,40,0.000721444
3,18,41,0.000403662
3,18,42,0.000154595
3,18,43,0
3,18,44,0
3,18,45,8.59168e-06
3,18,46,0
3,18,47,0
3,18,48,0
3,19,1,0
3,19,2,0
3,19,3,0
3,19,4,0
3,19,5,0
3,19,6,0
3,19,7,0
3,19,8,0
3,19,9,0
3,19,10,0
3,19,11,0
3,19,12,0
3,19,13,0
3,19,14,0
3,19,15,0
3,19,16,0
3,19,17,0
3,19,18,0
3,19,19,0
3,19,20,9.70741e-06
3,19,21,0
3,19,22,2.91124e-05
3,19,23,0.000174665
3,19,24,0
3,19,25,0
3,19,26,0
3,19,27,0.000650151
3,19,28,0.000252294
3,19,29,0
3,19,30,0.0010383
3,19,31,0
3,19,32,0.001736968
3,19,33,0.006714993
3,19,34,0.009364114
3,19,35,0.003202237
3,19,36,2.91124e-05
3,19,37,0.000533701
3,19,38,0.002600603
3,19,39,0.001814598
3,19,40,0.000562814
3,19,41,0
3,19,42,0
3,19,43,0.000203777
3,19,44,0
3,19,45,0
3,19,46,0
3,19,47,0
3,19,48,0
3,20,1,0
3,20,2,0
3,20,3,0
3,20,4,0
3,20,5,0
3,20,6,0
3,20,7,0
3,20,8,0
3,20,9,0
3,20,10,0
3,20,11,0
3,20,12,0
3,20,13,0
3,20,14,0
3,20,15,0
3,20,16,0
3,20,17,0
3,20,18,0
3,20,19,0
3,20,20,0
3,20,21,0
3,20,22,0.000970377
3,20,23,0
3,20,24,0
3,20,25,0
3,20,26,0
3,20,27,0
3,20,28,0.000329924
3,20,29,0
3,20,30,0
3,20,31,0
3,20,32,0.000135855
3,20,33,0.001572011
3,20,34,0
3,20,35,0
3,20,36,0
3,20,37,0
3,20,38,0.000349339
3,20,39,0.000436666
3,20,40,0
3,20,41,0
3,20,42,0
3,20,43,0
3,20,44,0
3,20,45,0
3,20,46,0
3,20,47,0
3,20,48,0
3,21,1,0
3,21,2,0
3,21,3,0
3,21,4,0
3,21,5,0
3,21,6,0
3,21,7,0
3,21,8,0
3,21,9,0
3,21,10,0
3,21,11,0
3,21,12,0
3,21,13,0
3,21,14,0
3,21,15,0
3,21,16,0
3,21,17,0
3,21,18,0
3,21,19,0
3,21,20,0
3,21,21,0
3,21,22,0
3,21,23,0
3,21,24,0
3,21,25,0
3,21,26,0
3,21,27,0
3,21,28,0
3,21,29,0.000184372
3,21,30,0
3,21,31,0.000184372
3,21,32,2.91124e-05
3,21,33,0
3,21,34,0
3,21,35,0.000194079
3,21,36,0
3,21,37,0
3,21,38,0
3,21,39,0
3,21,40,0
3,21,41,0
3,21,42,0
3,21,43,0
3,21,44,0
3,21,45,0
3,21,46,0
3,21,47,0
3,21,48,0
3,22,1,0
3,22,2,0
3,22,3,0
3,22,4,0
3,22,5,0
3,22,6,0
3,22,7,0
3,22,8,0
3,22,9,0
3,22,10,0
3,22,11,0
3,22,12,0
3,22,13,0
3,22,14,0
3,22,15,0
3,22,16,0
3,22,17,0
3,22,18,0
3,22,19,0
3,22,20,0
3,22,21,0
3,22,22,0
3,22,23,0.000281407
3,22,24,0
3,22,25,0
3,22,26,0
3,22,27,0
3,22,28,6.79224e-05
3,22,29,9.70741e-06
3,22,30,0
3,22,31,0
3,22,32,0
3,22,33,0
3,22,34,0
3,22,35,0
3,22,36,8.73372e-05
3,22,37,0.000417261
3,22,38,0
3,22,39,0
3,22,40,0
3,22,41,0
3,22,42,0
3,22,43,0
3,22,44,0
3,22,45,0
3,22,46,0
3,22,47,0
3,22,48,0
3,23,1,0
3,23,2,0
3,23,3,0
3,23,4,0
3,23,5,0
3,23,6,0
3,23,7,0
3,23,8,0
3,23,9,0
3,23,10,0
3,23,11,0
3,23,12,0
3,23,13,0
3,23,14,0
3,23,15,0
3,23,16,0
3,23,17,0
3,23,18,0
3,23,19,0
3,23,20,0
3,23,21,0
3,23,22,0
3,23,23,0
3,23,24,0
3,23,25,0.000494891
3,23,26,0
3,23,27,0
3,23,28,0
3,23,29,0
3,23,30,0
3,23,31,0
3,23,32,0
3,23,33,1.9405e-05
3,23,34,0
3,23,35,0
3,23,36,0
3,23,37,0
3,23,38,0
3,23,39,0
3,23,40,0
3,23,41,0
3,23,42,0
3,23,43,0
3,23,44,0
3,23,45,0
3,23,46,0
3,23,47,0
3,23,48,0
3,24,1,0
3,24,2,0
3,24,3,0
3,24,4,0
3,24,5,0
3,24,6,0
3,24,7,0
3,24,8,0
3,24,9,0
3,24,10,0
3,24,11,0
3,24,12,0
3,24,13,0
3,24,14,0
3,24,15,0
3,24,16,0
3,24,17,0
3,24,18,0
3,24,19,0
3,24,20,0
3,24,21,0
3,24,22,0
3,24,23,0
3,24,24,0
3,24,25,0
3,24,26,0
3,24,27,0
3,24,28,0.000145552
3,24,29,0
3,24,30,0
3,24,31,0
3,24,32,0.000271709
3,24,33,0
3,24,34,0.001067412
3,24,35,0
3,24,36,0
3,24,37,0
3,24,38,0
3,24,39,0
3,24,40,0
3,24,41,0
3,24,42,0
3,24,43,0
3,24,44,0
3,24,45,0
3,24,46,0.00011645
3,24,47,0
3,24,48,0
3,25,1,0
3,25,2,0
3,25,3,0
3,25,4,0
3,25,5,0
3,25,6,0
3,25,7,0
3,25,8,0
3,25,9,0
3,25,10,0
3,25,11,0
3,25,12,0
3,25,13,0
3,25,14,0
3,25,15,0
3,25,16,0
3,25,17,0
3,25,18,0
3,25,19,0
3,25,20,0
3,25,21,0
3,25,22,0
3,25,23,0
3,25,24,0
3,25,25,0
3,25,26,0
3,25,27,0
3,25,28,0.000213484
3,25,29,0
3,25,30,0
3,25,31,0
3,25,32,0.000310519
3,25,33,0
3,25,34,0
3,25,35,0
3,25,36,0
3,25,37,0
3,25,38,0
3,25,39,0
3,25,40,0
3,25,41,0
3,25,42,0
3,25,43,0
3,25,44,0
3,25,45,0
3,25,46,0
3,25,47,0
3,25,48,0
3,26,1,0
3,26,2,0
3,26,3,0
3,26,4,0
3,26,5,0
3,26,6,0
3,26,7,0
3,26,8,0
3,26,9,0
3,26,10,0
3,26,11,0
3,26,12,0
3,26,13,0
3,26,14,0
3,26,15,0
3,26,16,0
3,26,17,0
3,26,18,0
3,26,19,0
3,26,20,0
3,26,21,0
3,26,22,0
3,26,23,0
3,26,24,0
3,26,25,0
3,26,26,0
3,26,27,0
3,26,28,0
3,26,29,0
3,26,30,0
3,26,31,0
3,26,32,0
3,26,33,0
3,26,34,0.001775788
3,26,35,0
3,26,36,0.001678743
3,26,37,0.000203777
3,26,38,6.79224e-05
3,26,39,0
3,26,40,0
3,26,41,0
3,26,42,0
3,26,43,0
3,26,44,0
3,26,45,0
3,26,46,0
3,26,47,0
3,26,48,0
3,27,1,0
3,27,2,0
3,27,3,0
3,27,4,0
3,27,5,0
3,27,6,0
3,27,7,0
3,27,8,0
3,27,9,0
3,27,10,0
3,27,11,0
3,27,12,0
3,27,13,0
3,27,14,0
3,27,15,0
3,27,16,0
3,27,17,0
3,27,18,0
3,27,19,0
3,27,20,0
3,27,21,0
3,27,22,0
3,27,23,0
3,27,24,0
3,27,25,0
3,27,26,0
3,27,27,0
3,27,28,0
3,27,29,4.85174e-05
3,27,30,0
3,27,31,0
3,27,32,0.001222672
3,27,33,0
3,27,34,0
3,27,35,0
3,27,36,0.000688971
3,27,37,0
3,27,38,0
3,27,39,0
3,27,40,0
3,27,41,0
3,27,42,0
3,27,43,0
3,27,44,0
3,27,45,0
3,27,46,0
3,27,47,0
3,27,48,0
3,28,1,0
3,28,2,0
3,28,3,0
3,28,4,0
3,28,5,0
3,28,6,0
3,28,7,0
3,28,8,0
3,28,9,0
3,28,10,0
3,28,11,0
3,28,12,0
3,28,13,0
3,28,14,0
3,28,15,0
3,28,16,0
3,28,17,0
3,28,18,0
3,28,19,0
3,28,20,0
3,28,21,0
3,28,22,0
3,28,23,0
3,28,24,0
3,28,25,0
3,28,26,0
3,28,27,0
3,28,28,0
3,28,29,0
3,28,30,0
3,28,31,0.002173635
3,28,32,0.00015526
3,28,33,0
3,28,34,0
3,28,35,0.000252294
3,28,36,0.000417261
3,28,37,0
3,28,38,0
3,28,39,0
3,28,40,0
3,28,41,0
3,28,42,6.79224e-05
3,28,43,0.000310519
3,28,44,0
3,28,45,0
3,28,46,0
3,28,47,0
3,28,48,0
3,29,1,0
3,29,2,0
3,29,3,0
3,29,4,0
3,29,5,0
3,29,6,0
3,29,7,0
3,29,8,0
3,29,9,0
3,29,10,0
3,29,11,0
3,29,12,0
3,29,13,0
3,29,14,0
3,29,15,0
3,29,16,0
3,29,17,0
3,29,18,0
3,29,19,0
3,29,20,0
3,29,21,0
3,29,22,0
3,29,23,0
3,29,24,0
3,29,25,0
3,29,26,0
3,29,27,0
3,29,28,0
3,29,29,0
3,29,30,0
3,29,31,6.79224e-05
3,29,32,7.76298e-05
3,29,33,9.70348e-05
3,29,34,2.91124e-05
3,29,35,0
3,29,36,0
3,29,37,0
3,29,38,0
3,29,39,0
3,29,40,0
3,29,41,0
3,29,42,0
3,29,43,0
3,29,44,0
3,29,45,0
3,29,46,0
3,29,47,0
3,29,48,0
3,30,1,0
3,30,2,0
3,30,3,0
3,30,4,0
3,30,5,0
3,30,6,0
3,30,7,0
3,30,8,0
3,30,9,0
3,30,10,0
3,30,11,0
3,30,12,0
3,30,13,0
3,30,14,0
3,30,15,0
3,30,16,0
3,30,17,0
3,30,18,0
3,30,19,0
3,30,20,0
3,30,21,0
3,30,22,0
3,30,23,0
3,30,24,0
3,30,25,0
3,30,26,0
3,30,27,0
3,30,28,0
3,30,29,0
3,30,30,0
3,30,31,0.002105712
3,30,32,0.000320227
3,30,33,0.000747186
3,30,34,0
3,30,35,0
3,30,36,0
3,30,37,0
3,30,38,0
3,30,39,0
3,30,40,0
3,30,41,0
3,30,42,0
3,30,43,0
3,30,44,0
3,30,45,0
3,30,46,0
3,30,47,0
3,30,48,0
3,31,1,0
3,31,2,0
3,31,3,0
3,31,4,0
3,31,5,0
3,31,6,0
3,31,7,0
3,31,8,0
3,31,9,0
3,31,10,0
3,31,11,0
3,31,12,0
3,31,13,0
3,31,14,0
3,31,15,0
3,31,16,0
3,31,17,0
3,31,18,0
3,31,19,0
3,31,20,0
3,31,21,0
3,31,22,0
3,31,23,0
3,31,24,0
3,31,25,0
3,31,26,0
3,31,27,0
3,31,28,0
3,31,29,0
3,31,30,0
3,31,31,0
3,31,32,0
3,31,33,0
3,31,34,0
3,31,35,0
3,31,36,0
3,31,37,7.46522e-05
3,31,38,0
3,31,39,0
3,31,40,0
3,31,41,0.000230739
3,31,42,0
3,31,43,0
3,31,44,0
3,31,45,0.000603992
3,31,46,0
3,31,47,0
3,31,48,0
3,32,1,0
3,32,2,0
3,32,3,0
3,32,4,0
3,32,5,0
3,32,6,0
3,32,7,0
3,32,8,0
3,32,9,0
3,32,10,0
3,32,11,0
3,32,12,0
3,32,13,0
3,32,14,0
3,32,15,0
3,32,16,0
3,32,17,0
3,32,18,0
3,32,19,0
3,32,20,0
3,32,21,0
3,32,22,0
3,32,23,0
3,32,24,0
3,32,25,0
3,32,26,0
3,32,27,0
3,32,28,0
3,32,29,0
3,32,30,0
3,32,31,0
3,32,32,0.000210376
3,32,33,0
3,32,34,0.00046826
3,32,35,0.000210376
3,32,36,0.000142514
3,32,37,0
3,32,38,0.000285029
3,32,39,0
3,32,40,0.000719362
3,32,41,0
3,32,42,0
3,32,43,0
3,32,44,0.000230739
3,32,45,0
3,32,46,0
3,32,47,0
3,32,48,0
3,33,1,0
3,33,2,0
3,33,3,0
3,33,4,0
3,33,5,0
3,33,6,0
3,33,7,0
3,33,8,0
3,33,9,0
3,33,10,0
3,33,11,0
3,33,12,0
3,33,13,0
3,33,14,0
3,33,15,0
3,33,16,0
3,33,17,0
3,33,18,0
3,33,19,0
3,33,20,0
3,33,21,0
3,33,22,0
3,33,23,0
3,33,24,0
3,33,25,0
3,33,26,0
3,33,27,0
3,33,28,0
3,33,29,0
3,33,30,0
3,33,31,0
3,33,32,0
3,33,33,0
3,33,34,2.03626e-05
3,33,35,6.79019e-06
3,33,36,0.000352891
3,33,37,0
3,33,38,0
3,33,39,0
3,33,40,0.000237521
3,33,41,0
3,33,42,0
3,33,43,0.000101797
3,33,44,0
3,33,45,0
3,33,46,6.7862e-05
3,33,47,0
3,33,48,0
3,34,1,0
3,34,2,0
3,34,3,0
3,34,4,0
3,34,5,0
3,34,6,0
3,34,7,0
3,34,8,0
3,34,9,0
3,34,10,0
3,34,11,0
3,34,12,0
3,34,13,0
3,34,14,0
3,34,15,0
3,34,16,0
3,34,17,0
3,34,18,0
3,34,19,0
3,34,20,0
3,34,21,0
3,34,22,0
3,34,23,0
3,34,24,0
3,34,25,0
3,34,26,0
3,34,27,0
3,34,28,0
3,34,29,0
3,34,30,0
3,34,31,0
3,34,32,0
3,34,33,0
3,34,34,0
3,34,35,0.000739716
3,34,36,0.000407188
3,34,37,0.000190022
3,34,38,0.000190022
3,34,39,6.10798e-05
3,34,40,0.000339318
3,34,41,0.000563275
3,34,42,0
3,34,43,0.000237521
3,34,44,0
3,34,45,0
3,34,46,0
3,34,47,0
3,34,48,0
3,35,1,0
3,35,2,0
3,35,3,0
3,35,4,0
3,35,5,0
3,35,6,0
3,35,7,0
3,35,8,0
3,35,9,0
3,35,10,0
3,35,11,0
3,35,12,0
3,35,13,0
3,35,14,0
3,35,15,0
3,35,16,0
3,35,17,0
3,35,18,0
3,35,19,0
3,35,20,0
3,35,21,0
3,35,22,0
3,35,23,0
3,35,24,0
3,35,25,0
3,35,26,0
3,35,27,0
3,35,28,0
3,35,29,0
3,35,30,0
3,35,31,0
3,35,32,0
3,35,33,0
3,35,34,0
3,35,35,0
3,35,36,0
3,35,37,0.000176449
3,35,38,0.000149304
3,35,39,0.00241596
3,35,40,0
3,35,41,0.00200199
3,35,42,6.7862e-05
3,35,43,0.001269056
3,35,44,0
3,35,45,0
3,35,46,0
3,35,47,0
3,35,48,0
3,36,1,0
3,36,2,0
3,36,3,0
3,36,4,0
3,36,5,0
3,36,6,0
3,36,7,0
3,36,8,0
3,36,9,0
3,36,10,0
3,36,11,0
3,36,12,0
3,36,13,0
3,36,14,0
3,36,15,0
3,36,16,0
3,36,17,0
3,36,18,0
3,36,19,0
3,36,20,0
3,36,21,0
3,36,22,0
3,36,23,0
3,36,24,0
3,36,25,0
3,36,26,0
3,36,27,0
3,36,28,0
3,36,29,0
3,36,30,0
3,36,31,0
3,36,32,0
3,36,33,0
3,36,34,0
3,36,35,0
3,36,36,0
3,36,37,0
3,36,38,0
3,36,39,0.001750896
3,36,40,0.000278246
3,36,41,0.0009976
3,36,42,0.001146904
3,36,43,0.000183231
3,36,44,0
3,36,45,0
3,36,46,0
3,36,47,0
3,36,48,0
3,37,1,0
3,37,2,0
3,37,3,0
3,37,4,0
3,37,5,0
3,37,6,0
3,37,7,0
3,37,8,0
3,37,9,0
3,37,10,0
3,37,11,0
3,37,12,0
3,37,13,0
3,37,14,0
3,37,15,0
3,37,16,0
3,37,17,0
3,37,18,0
3,37,19,0
3,37,20,0
3,37,21,0
3,37,22,0
3,37,23,0
3,37,24,0
3,37,25,0
3,37,26,0
3,37,27,0
3,37,28,0
3,37,29,0
3,37,30,0
3,37,31,0
3,37,32,0
3,37,33,0
3,37,34,0
3,37,35,0
3,37,36,0
3,37,37,0
3,37,38,0
3,37,39,2.71448e-05
3,37,40,6.7862e-05
3,37,41,0.000732934
3,37,42,0.002117359
3,37,43,0.000447905
3,37,44,0.00359001
3,37,45,0
3,37,46,0
3,37,47,0
3,37,48,0
3,38,1,0
3,38,2,0
3,38,3,0
3,38,4,0
3,38,5,0
3,38,6,0
3,38,7,0
3,38,8,0
3,38,9,0
3,38,10,0
3,38,11,0
3,38,12,0
3,38,13,0
3,38,14,0
3,38,15,0
3,38,16,0
3,38,17,0
3,38,18,0
3,38,19,0
3,38,20,0
3,38,21,0
3,38,22,0
3,38,23,0
3,38,24,0
3,38,25,0
3,38,26,0
3,38,27,0
3,38,28,0
3,38,29,0
3,38,30,0
3,38,31,0
3,38,32,0
3,38,33,0
3,38,34,0
3,38,35,0
3,38,36,0
3,38,37,0
3,38,38,0
3,38,39,0
3,38,40,0
3,38,41,0.001072252
3,38,42,0.000760079
3,38,43,0.001038317
3,38,44,0.000230739
3,38,45,0.000624347
3,38,46,0
3,38,47,0
3,38,48,0
3,39,1,0
3,39,2,0
3,39,3,0
3,39,4,0
3,39,5,0
3,39,6,0
3,39,7,0
3,39,8,0
3,39,9,0
3,39,10,0
3,39,11,0
3,39,12,0
3,39,13,0
3,39,14,0
3,39,15,0
3,39,16,0
3,39,17,0
3,39,18,0
3,39,19,0
3,39,20,0
3,39,21,0
3,39,22,0
3,39,23,0
3,39,24,0
3,39,25,0
3,39,26,0
3,39,27,0
3,39,28,0
3,39,29,0
3,39,30,0
3,39,31,0
3,39,32,0
3,39,33,0
3,39,34,0
3,39,35,0
3,39,36,0
3,39,37,0
3,39,38,0
3,39,39,0
3,39,40,0
3,39,41,0
3,39,42,0.001431723
3,39,43,7.34215e-05
3,39,44,0.001174743
3,39,45,0.000926945
3,39,46,0
3,39,47,0
3,39,48,0
3,40,1,0
3,40,2,0
3,40,3,0
3,40,4,0
3,40,5,0
3,40,6,0
3,40,7,0
3,40,8,0
3,40,9,0
3,40,10,0
3,40,11,0
3,40,12,0
3,40,13,0
3,40,14,0
3,40,15,0
3,40,16,0
3,40,17,0
3,40,18,0
3,40,19,0
3,40,20,0
3,40,21,0
3,40,22,0
3,40,23,0
3,40,24,0
3,40,25,0
3,40,26,0
3,40,27,0
3,40,28,0
3,40,29,0
3,40,30,0
3,40,31,0
3,40,32,0
3,40,33,0
3,40,34,0
3,40,35,0
3,40,36,0
3,40,37,0
3,40,38,0
3,40,39,0
3,40,40,0
3,40,41,0
3,40,42,0
3,40,43,0
3,40,44,0.000348754
3,40,45,0
3,40,46,0
3,40,47,0
3,40,48,0
3,41,1,0
3,41,2,0
3,41,3,0
3,41,4,0
3,41,5,0
3,41,6,0
3,41,7,0
3,41,8,0
3,41,9,0
3,41,10,0
3,41,11,0
3,41,12,0
3,41,13,0
3,41,14,0
3,41,15,0
3,41,16,0
3,41,17,0
3,41,18,0
3,41,19,0
3,41,20,0
3,41,21,0
3,41,22,0
3,41,23,0
3,41,24,0
3,41,25,0
3,41,26,0
3,41,27,0
3,41,28,0
3,41,29,0
3,41,30,0
3,41,31,0
3,41,32,0
3,41,33,0
3,41,34,0
3,41,35,0
3,41,36,0
3,41,37,0
3,41,38,0
3,41,39,0
3,41,40,0
3,41,41,0
3,41,42,0
3,41,43,0
3,41,44,0
3,41,45,0
3,41,46,0
3,41,47,0
3,41,48,0.000431348
3,42,1,0
3,42,2,0
3,42,3,0
3,42,4,0
3,42,5,0
3,42,6,0
3,42,7,0
3,42,8,0
3,42,9,0
3,42,10,0
3,42,11,0
3,42,12,0
3,42,13,0
3,42,14,0
3,42,15,0
3,42,16,0
3,42,17,0
3,42,18,0
3,42,19,0
3,42,20,0
3,42,21,0
3,42,22,0
3,42,23,0
3,42,24,0
3,42,25,0
3,42,26,0
3,42,27,0
3,42,28,0
3,42,29,0
3,42,30,0
3,42,31,0
3,42,32,0
3,42,33,0
3,42,34,0
3,42,35,0
3,42,36,0
3,42,37,0
3,42,38,0
3,42,39,0
3,42,40,0
3,42,41,0
3,42,42,0
3,42,43,0
3,42,44,0
3,42,45,0
3,42,46,0
3,42,47,0.002266893
3,42,48,0
3,43,1,0
3,43,2,0
3,43,3,0
3,43,4,0
3,43,5,0
3,43,6,0
3,43,7,0
3,43,8,0
3,43,9,0
3,43,10,0
3,43,11,0
3,43,12,0
3,43,13,0
3,43,14,0
3,43,15,0
3,43,16,0
3,43,17,0
3,43,18,0
3,43,19,0
3,43,20,0
3,43,21,0
3,43,22,0
3,43,23,0
3,43,24,0
3,43,25,0
3,43,26,0
3,43,27,0
3,43,28,0
3,43,29,0
3,43,30,0
3,43,31,0
3,43,32,0
3,43,33,0
3,43,34,0
3,43,35,0
3,43,36,0
3,43,37,0
3,43,38,0
3,43,39,0
3,43,40,0
3,43,41,0
3,43,42,0
3,43,43,0
3,43,44,0
3,43,45,0
3,43,46,0
3,43,47,0
3,43,48,0
3,44,1,0
3,44,2,0
3,44,3,0
3,44,4,0
3,44,5,0
3,44,6,0
3,44,7,0
3,44,8,0
3,44,9,0
3,44,10,0
3,44,11,0
3,44,12,0
3,44,13,0
3,44,14,0
3,44,15,0
3,44,16,0
3,44,17,0
3,44,18,0
3,44,19,0
3,44,20,0
3,44,21,0
3,44,22,0
3,44,23,0
3,44,24,0
3,44,25,0
3,44,26,0
3,44,27,0
3,44,28,0
3,44,29,0
3,44,30,0
3,44,31,0
3,44,32,0
3,44,33,0
3,44,34,0
3,44,35,0
3,44,36,0
3,44,37,0
3,44,38,0
3,44,39,0
3,44,40,0
3,44,41,0
3,44,42,0
3,44,43,0
3,44,44,0
3,44,45,0.001037082
3,44,46,0
3,44,47,0
3,44,48,0
3,45,1,0
3,45,2,0
3,45,3,0
3,45,4,0
3,45,5,0
3,45,6,0
3,45,7,0
3,45,8,0
3,45,9,0
3,45,10,0
3,45,11,0
3,45,12,0
3,45,13,0
3,45,14,0
3,45,15,0
3,45,16,0
3,45,17,0
3,45,18,0
3,45,19,0
3,45,20,0
3,45,21,0
3,45,22,0
3,45,23,0
3,45,24,0
3,45,25,0
3,45,26,0
3,45,27,0
3,45,28,0
3,45,29,0
3,45,30,0
3,45,31,0
3,45,32,0
3,45,33,0
3,45,34,0
3,45,35,0
3,45,36,0
3,45,37,0
3,45,38,0
3,45,39,0
3,45,40,0
3,45,41,0
3,45,42,0
3,45,43,0
3,45,44,0
3,45,45,0
3,45,46,0
3,45,47,0
3,45,48,0
3,46,1,0
3,46,2,0
3,46,3,0
3,46,4,0
3,46,5,0
3,46,6,0
3,46,7,0
3,46,8,0
3,46,9,0
3,46,10,0
3,46,11,0
3,46,12,0
3,46,13,0
3,46,14,0
3,46,15,0
3,46,16,0
3,46,17,0
3,46,18,0
3,46,19,0
3,46,20,0
3,46,21,0
3,46,22,0
3,46,23,0
3,46,24,0
3,46,25,0
3,46,26,0
3,46,27,0
3,46,28,0
3,46,29,0
3,46,30,0
3,46,31,0
3,46,32,0
3,46,33,0
3,46,34,0
3,46,35,0
3,46,36,0
3,46,37,0
3,46,38,0
3,46,39,0
3,46,40,0
3,46,41,0
3,46,42,0
3,46,43,0
3,46,44,0
3,46,45,0
3,46,46,0
3,46,47,0
3,46,48,0
3,47,1,0
3,47,2,0
3,47,3,0
3,47,4,0
3,47,5,0
3,47,6,0
3,47,7,0
3,47,8,0
3,47,9,0
3,47,10,0
3,47,11,0
3,47,12,0
3,47,13,0
3,47,14,0
3,47,15,0
3,47,16,0
3,47,17,0
3,47,18,0
3,47,19,0
3,47,20,0
3,47,21,0
3,47,22,0
3,47,23,0
3,47,24,0
3,47,25,0
3,47,26,0
3,47,27,0
3,47,28,0
3,47,29,0
3,47,30,0
3,47,31,0
3,47,32,0
3,47,33,0
3,47,34,0
3,47,35,0
3,47,36,0
3,47,37,0
3,47,38,0
3,47,39,0
3,47,40,0
3,47,41,0
3,47,42,0
3,47,43,0
3,47,44,0
3,47,45,0
3,47,46,0
3,47,47,0
3,47,48,0
3,48,1,0
3,48,2,0
3,48,3,0
3,48,4,0
3,48,5,0
3,48,6,0
3,48,7,0
3,48,8,0
3,48,9,0
3,48,10,0
3,48,11,0
3,48,12,0
3,48,13,0
3,48,14,0
3,48,15,0
3,48,16,0
3,48,17,0
3,48,18,0
3,48,19,0
3,48,20,0
3,48,21,0
3,48,22,0
3,48,23,0
3,48,24,0
3,48,25,0
3,48,26,0
3,48,27,0
3,48,28,0
3,48,29,0
3,48,30,0
3,48,31,0
3,48,32,0
3,48,33,0
3,48,34,0
3,48,35,0
3,48,36,0
3,48,37,0
3,48,38,0
3,48,39,0
3,48,40,0
3,48,41,0
3,48,42,0
3,48,43,0
3,48,44,0
3,48,45,0
3,48,46,0
3,48,47,0
3,48,48,0
4,1,1,0
4,1,2,4.46445e-05
4,1,3,0
4,1,4,0
4,1,5,0
4,1,6,0
4,1,7,0
4,1,8,0
4,1,9,0
4,1,10,0
4,1,11,0
4,1,12,0
4,1,13,0
4,1,14,0
4,1,15,0
4,1,16,0
4,1,17,0
4,1,18,0
4,1,19,0
4,1,20,0
4,1,21,0
4,1,22,0
4,1,23,0
4,1,24,0
4,1,25,0
4,1,26,0
4,1,27,0
4,1,28,0
4,1,29,0
4,1,30,0
4,1,31,0
4,1,32,0
4,1,33,0
4,1,34,0
4,1,35,0
4,1,36,0
4,1,37,0
4,1,38,0
4,1,39,0
4,1,40,0
4,1,41,0
4,1,42,0
4,1,43,0
4,1,44,0
4,1,45,0
4,1,46,0
4,1,47,0
4,1,48,0
4,2,1,0
4,2,2,0
4,2,3,0
4,2,4,0
4,2,5,0
4,2,6,0
4,2,7,0
4,2,8,0
4,2,9,0
4,2,10,0
4,2,11,0
4,2,12,0
4,2,13,0
4,2,14,0
4,2,15,0
4,2,16,0
4,2,17,0
4,2,18,0
4,2,19,0
4,2,20,0
4,2,21,0
4,2,22,0
4,2,23,0
4,2,24,0
4,2,25,0
4,2,26,0
4,2,27,0
4,2,28,0
4,2,29,0
4,2,30,0
4,2,31,0
4,2,32,0
4,2,33,0
4,2,34,0
4,2,35,0
4,2,36,0
4,2,37,0
4,2,38,0
4,2,39,0
4,2,40,0
4,2,41,0
4,2,42,0
4,2,43,0
4,2,44,0
4,2,45,0
4,2,46,0
4,2,47,0
4,2,48,0
4,3,1,0
4,3,2,0
4,3,3,0
4,3,4,0.000736581
4,3,5,0
4,3,6,0
4,3,7,0
4,3,8,0
4,3,9,0
4,3,10,0
4,3,11,0
4,3,12,0
4,3,13,0
4,3,14,0
4,3,15,0
4,3,16,0
4,3,17,0
4,3,18,0
4,3,19,0
4,3,20,0
4,3,21,0
4,3,22,0
4,3,23,0
4,3,24,0
4,3,25,0
4,3,26,0
4,3,27,0
4,3,28,0
4,3,29,0
4,3,30,0
4,3,31,0
4,3,32,0
4,3,33,0
4,3,34,0
4,3,35,0
4,3,36,0
4,3,37,0
4,3,38,0
4,3,39,0
4,3,40,0
4,3,41,0
4,3,42,0
4,3,43,0
4,3,44,0
4,3,45,0
4,3,46,0
4,3,47,0
4,3,48,0
4,4,1,0
4,4,2,0
4,4,3,0
4,4,4,0
4,4,5,0
4,4,6,0
4,4,7,0
4,4,8,0
4,4,9,0
4,4,10,0
4,4,11,0
4,4,12,0
4,4,13,0
4,4,14,0
4,4,15,0
4,4,16,0
4,4,17,0
4,4,18,0
4,4,19,0
4,4,20,0
4,4,21,0
4,4,22,0
4,4,23,0
4,4,24,0
4,4,25,0
4,4,26,0
4,4,27,0
4,4,28,0
4,4,29,0
4,4,30,0
4,4,31,0
4,4,32,0
4,4,33,0
4,4,34,0
4,4,35,0
4,4,36,0
4,4,37,0
4,4,38,0
4,4,39,0
4,4,40,0
4,4,41,0
4,4,42,0
4,4,43,0
4,4,44,0
4,4,45,0
4,4,46,0
4,4,47,0
4,4,48,0
4,5,1,0
4,5,2,0
4,5,3,0
4,5,4,0
4,5,5,0
4,5,6,0
4,5,7,0
4,5,8,0
4,5,9,0
4,5,10,0
4,5,11,0
4,5,12,0
4,5,13,0
4,5,14,0
4,5,15,0
4,5,16,0
4,5,17,0
4,5,18,0
4,5,19,0
4,5,20,0
4,5,21,0
4,5,22,0
4,5,23,0
4,5,24,0
4,5,25,0
4,5,26,0
4,5,27,0
4,5,28,0
4,5,29,0
4,5,30,0
4,5,31,0
4,5,32,0
4,5,33,0
4,5,34,0
4,5,35,0
4,5,36,0
4,5,37,0
4,5,38,0
4,5,39,0
4,5,40,0
4,5,41,0
4,5,42,0
4,5,43,0
4,5,44,0
4,5,45,0
4,5,46,0
4,5,47,0
4,5,48,0
4,6,1,0
4,6,2,0
4,6,3,0
4,6,4,0
4,6,5,0
4,6,6,0
4,6,7,0
4,6,8,0
4,6,9,0
4,6,10,0
4,6,11,0
4,6,12,0
4,6,13,0
4,6,14,0
4,6,15,0
4,6,16,0
4,6,17,0
4,6,18,0
4,6,19,0
4,6,20,0
4,6,21,0
4,6,22,0
4,6,23,0
4,6,24,0
4,6,25,0
4,6,26,0
4,6,27,0
4,6,28,0
4,6,29,0
4,6,30,0
4,6,31,0
4,6,32,0
4,6,33,0
4,6,34,0
4,6,35,0
4,6,36,0
4,6,37,0
4,6,38,0
4,6,39,0
4,6,40,0
4,6,41,0
4,6,42,0
4,6,43,0
4,6,44,0
4,6,45,0
4,6,46,0
4,6,47,0
4,6,48,0
4,7,1,0
4,7,2,0
4,7,3,0
4,7,4,0
4,7,5,0
4,7,6,0
4,7,7,0
4,7,8,0.000267843
4,7,9,0
4,7,10,0
4,7,11,0
4,7,12,0
4,7,13,0
4,7,14,0
4,7,15,0
4,7,16,0
4,7,17,0
4,7,18,0
4,7,19,0
4,7,20,0
4,7,21,0
4,7,22,0
4,7,23,0
4,7,24,0
4,7,25,0
4,7,26,0
4,7,27,0
4,7,28,0
4,7,29,0
4,7,30,0
4,7,31,0
4,7,32,0
4,7,33,0
4,7,34,0
4,7,35,0
4,7,36,0
4,7,37,0
4,7,38,0
4,7,39,0
4,7,40,0
4,7,41,0
4,7,42,0
4,7,43,0
4,7,44,0
4,7,45,0
4,7,46,0
4,7,47,0
4,7,48,0
4,8,1,0
4,8,2,0
4,8,3,0
4,8,4,0
4,8,5,0
4,8,6,0
4,8,7,0
4,8,8,0.000334816
4,8,9,0.000915147
4,8,10,0
4,8,11,0
4,8,12,0
4,8,13,0
4,8,14,0
4,8,15,0
4,8,16,0
4,8,17,0
4,8,18,0
4,8,19,0
4,8,20,0
4,8,21,0
4,8,22,0
4,8,23,0
4,8,24,0
4,8,25,0
4,8,26,0
4,8,27,0
4,8,28,0
4,8,29,0
4,8,30,0
4,8,31,0
4,8,32,0
4,8,33,0
4,8,34,0.000200882
4,8,35,0
4,8,36,0
4,8,37,0
4,8,38,0
4,8,39,0
4,8,40,0
4,8,41,0
4,8,42,0
4,8,43,0
4,8,44,0
4,8,45,0
4,8,46,0
4,8,47,0
4,8,48,0
4,9,1,0
4,9,2,0
4,9,3,0
4,9,4,0
4,9,5,0
4,9,6,0
4,9,7,0
4,9,8,0
4,9,9,8.92772e-05
4,9,10,0.004173982
4,9,11,0
4,9,12,0.000111605
4,9,13,0.000200882
4,9,14,0
4,9,15,0
4,9,16,0
4,9,17,0
4,9,18,0
4,9,19,0
4,9,20,0
4,9,21,0
4,9,22,0
4,9,23,0
4,9,24,0
4,9,25,0
4,9,26,0
4,9,27,0
4,9,28,0
4,9,29,0
4,9,30,0
4,9,31,0
4,9,32,0
4,9,33,0
4,9,34,0
4,9,35,0
4,9,36,0
4,9,37,6.69608e-05
4,9,38,0
4,9,39,0
4,9,40,0
4,9,41,0
4,9,42,0
4,9,43,0
4,9,44,0
4,9,45,0
4,9,46,0
4,9,47,0
4,9,48,0
4,10,1,0
4,10,2,0
4,10,3,0
4,10,4,0
4,10,5,0
4,10,6,0
4,10,7,0
4,10,8,0
4,10,9,0
4,10,10,0
4,10,11,0
4,10,12,0.001294608
4,10,13,2.23163e-05
4,10,14,0
4,10,15,0
4,10,16,0
4,10,17,0
4,10,18,0
4,10,19,0
4,10,20,0
4,10,21,0
4,10,22,0
4,10,23,0
4,10,24,0
4,10,25,0
4,10,26,0
4,10,27,0
4,10,28,0
4,10,29,0
4,10,30,0
4,10,31,0.000915147
4,10,32,0
4,10,33,0
4,10,34,0
4,10,35,0
4,10,36,0
4,10,37,0
4,10,38,0
4,10,39,0
4,10,40,0
4,10,41,0
4,10,42,0
4,10,43,0
4,10,44,0
4,10,45,0
4,10,46,0
4,10,47,0
4,10,48,0
4,11,1,0
4,11,2,0
4,11,3,0
4,11,4,0
4,11,5,0
4,11,6,0
4,11,7,0
4,11,8,0
4,11,9,0
4,11,10,0
4,11,11,0.000223211
4,11,12,0.001383885
4,11,13,0
4,11,14,0.00015625
4,11,15,0
4,11,16,0
4,11,17,0
4,11,18,0
4,11,19,0
4,11,20,0.000714265
4,11,21,0
4,11,22,0
4,11,23,0
4,11,24,0
4,11,25,0
4,11,26,0
4,11,27,0
4,11,28,0
4,11,29,0
4,11,30,0
4,11,31,0
4,11,32,0
4,11,33,0
4,11,34,6.69608e-05
4,11,35,0
4,11,36,0
4,11,37,0
4,11,38,0
4,11,39,0
4,11,40,0
4,11,41,0
4,11,42,0
4,11,43,0
4,11,44,0
4,11,45,0
4,11,46,0
4,11,47,0
4,11,48,0
4,12,1,0
4,12,2,0
4,12,3,0
4,12,4,0
4,12,5,0
4,12,6,0
4,12,7,0
4,12,8,0
4,12,9,0
4,12,10,0
4,12,11,0
4,12,12,0.005022169
4,12,13,0.009397045
4,12,14,0.001383885
4,12,15,0.000223211
4,12,16,0
4,12,17,0
4,12,18,0.001183002
4,12,19,0
4,12,20,0
4,12,21,0.00015625
4,12,22,0
4,12,23,0
4,12,24,0
4,12,25,0.000513382
4,12,26,0
4,12,27,0.000111605
4,12,28,0
4,12,29,0
4,12,30,0
4,12,31,0
4,12,32,0
4,12,33,0
4,12,34,0
4,12,35,0.001406213
4,12,36,0
4,12,37,0
4,12,38,0
4,12,39,0
4,12,40,0
4,12,41,0
4,12,42,0
4,12,43,0
4,12,44,0
4,12,45,0
4,12,46,0
4,12,47,0
4,12,48,0
4,13,1,0
4,13,2,0
4,13,3,0
4,13,4,0
4,13,5,0
4,13,6,0
4,13,7,0
4,13,8,0
4,13,9,0
4,13,10,0
4,13,11,0
4,13,12,0
4,13,13,0.002857798
4,13,14,0.004959114
4,13,15,0.001578321
4,13,16,0.000737799
4,13,17,0
4,13,18,1.86833e-05
4,13,19,0
4,13,20,0
4,13,21,0
4,13,22,0
4,13,23,0
4,13,24,0
4,13,25,9.33674e-06
4,13,26,0
4,13,27,0
4,13,28,0
4,13,29,0
4,13,30,0
4,13,31,0
4,13,32,0.000121407
4,13,33,1.86833e-05
4,13,34,0
4,13,35,0
4,13,36,1.86833e-05
4,13,37,0.001933215
4,13,38,0
4,13,39,0
4,13,40,0.00011207
4,13,41,0.00014009
4,13,42,0
4,13,43,0
4,13,44,0
4,13,45,0
4,13,46,0
4,13,47,0
4,13,48,0
4,14,1,0
4,14,2,9.33674e-06
4,14,3,0
4,14,4,0
4,14,5,0
4,14,6,0
4,14,7,0
4,14,8,0
4,14,9,0
4,14,10,0
4,14,11,0
4,14,12,0
4,14,13,0
4,14,14,0.00474431
4,14,15,0.017697772
4,14,16,0.012439804
4,14,17,0.001774451
4,14,18,0.001681055
4,14,19,0.000756472
4,14,20,0.000130754
4,14,21,1.86833e-05
4,14,22,0
4,14,23,0
4,14,24,0.000317537
4,14,25,0
4,14,26,0
4,14,27,0.000121407
4,14,28,0.000401588
4,14,29,0.000252161
4,14,30,0
4,14,31,0.000224141
4,14,32,0
4,14,33,0.001550311
4,14,34,0.00014009
4,14,35,0.001597004
4,14,36,0.000196121
4,14,37,3.73568e-05
4,14,38,0
4,14,39,0.000831186
4,14,40,0
4,14,41,0.000485638
4,14,42,0
4,14,43,0
4,14,44,0
4,14,45,0
4,14,46,0
4,14,47,0
4,14,48,0
4,15,1,0
4,15,2,0
4,15,3,0
4,15,4,0
4,15,5,0
4,15,6,0
4,15,7,0
4,15,8,0
4,15,9,0
4,15,10,0
4,15,11,0
4,15,12,0
4,15,13,0
4,15,14,0
4,15,15,0.00601444
4,15,16,0.031547807
4,15,17,0.009992941
4,15,18,0.002325456
4,15,19,0.00110203
4,15,20,0.000597708
4,15,21,0.000513658
4,15,22,3.73568e-05
4,15,23,0
4,15,24,3.73568e-05
4,15,25,0.000345548
4,15,26,0.000102734
4,15,27,0.00113004
4,15,28,0.000840532
4,15,29,0.003791717
4,15,30,0.003278059
4,15,31,0.001176743
4,15,32,0.000177447
4,15,33,0.000653748
4,15,34,0.000513658
4,15,35,0.001979909
4,15,36,0.000130754
4,15,37,0.001148723
4,15,38,0.000214804
4,15,39,8.40503e-05
4,15,40,1.86833e-05
4,15,41,0
4,15,42,0
4,15,43,2.802e-05
4,15,44,0
4,15,45,0.000130754
4,15,46,9.33674e-06
4,15,47,9.33674e-06
4,15,48,9.33674e-06
4,16,1,0
4,16,2,0
4,16,3,0
4,16,4,0
4,16,5,0
4,16,6,0
4,16,7,0
4,16,8,0
4,16,9,0
4,16,10,0
4,16,11,0
4,16,12,0
4,16,13,0
4,16,14,0
4,16,15,0
4,16,16,0.018426234
4,16,17,0.036011936
4,16,18,0.011589945
4,16,19,0.006238581
4,16,20,0.000868542
4,16,21,0.000999296
4,16,22,0.001625024
4,16,23,0.000270834
4,16,24,0.000429608
4,16,25,0.000803175
4,16,26,0.000317537
4,16,27,0.000177447
4,16,28,9.33674e-06
4,16,29,0.000803175
4,16,30,0.001410221
4,16,31,0.001036653
4,16,32,0.001625024
4,16,33,0.000420261
4,16,34,0.000709779
4,16,35,0.001438241
4,16,36,0.003352773
4,16,37,0.000186784
4,16,38,0.000149427
4,16,39,7.47135e-05
4,16,40,0
4,16,41,0
4,16,42,0.000149427
4,16,43,0
4,16,44,0
4,16,45,0
4,16,46,9.33674e-06
4,16,47,0
4,16,48,0
4,17,1,0.00016811
4,17,2,0
4,17,3,0
4,17,4,0
4,17,5,0
4,17,6,0
4,17,7,0
4,17,8,0
4,17,9,0
4,17,10,0
4,17,11,0
4,17,12,0
4,17,13,0
4,17,14,0
4,17,15,0
4,17,16,0
4,17,17,0.020182002
4,17,18,0.026000322
4,17,19,0.012159634
4,17,20,0.001634361
4,17,21,0.001578321
4,17,22,0.000737799
4,17,23,0.000513658
4,17,24,0.002904491
4,17,25,0.000345548
4,17,26,0.000233477
4,17,27,0.000765819
4,17,28,0
4,17,29,0.000999296
4,17,30,0.000877889
4,17,31,0.002605637
4,17,32,0.002119999
4,17,33,0.000158764
4,17,34,0.001167397
4,17,35,0.000336211
4,17,36,0.000224141
4,17,37,0.000317537
4,17,38,0.00014009
4,17,39,1.86833e-05
4,17,40,5.60401e-05
4,17,41,0
4,17,42,0
4,17,43,9.33968e-05
4,17,44,0
4,17,45,0
4,17,46,0
4,17,47,0
4,17,48,0
4,18,1,0
4,18,2,0
4,18,3,0
4,18,4,0
4,18,5,0
4,18,6,0
4,18,7,0
4,18,8,0
4,18,9,0
4,18,10,0
4,18,11,0
4,18,12,0
4,18,13,0
4,18,14,0
4,18,15,0
4,18,16,0
4,18,17,0
4,18,18,0.011487212
4,18,19,0.017996627
4,18,20,0.004641576
4,18,21,0.002110662
4,18,22,0.000924583
4,18,23,0.001260793
4,18,24,0.000289517
4,18,25,0.000933919
4,18,26,0.002633657
4,18,27,0.003595587
4,18,28,0
4,18,29,0.000747135
4,18,30,0
4,18,31,0.000971276
4,18,32,0.001139386
4,18,33,0.001438241
4,18,34,0.000877889
4,18,35,0
4,18,36,0.001027316
4,18,37,9.33968e-05
4,18,38,0.000149427
4,18,39,0
4,18,40,0
4,18,41,0.000476301
4,18,42,0
4,18,43,0
4,18,44,0
4,18,45,0
4,18,46,0
4,18,47,0
4,18,48,0
4,19,1,0
4,19,2,0
4,19,3,0
4,19,4,0
4,19,5,0
4,19,6,0
4,19,7,0
4,19,8,0
4,19,9,0
4,19,10,0
4,19,11,0
4,19,12,0
4,19,13,0
4,19,14,0
4,19,15,0
4,19,16,0
4,19,17,0
4,19,18,0
4,19,19,0.001943936
4,19,20,0.007977171
4,19,21,0.002588556
4,19,22,0.002880642
4,19,23,0.003404398
4,19,24,0.000926638
4,19,25,0.000765483
4,19,26,7.05046e-05
4,19,27,0.000523756
4,19,28,0.00073527
4,19,29,0.000312242
4,19,30,0.000110796
4,19,31,0.000362601
4,19,32,0.000241737
4,19,33,0.001873432
4,19,34,0.000241737
4,19,35,3.02134e-05
4,19,36,1.00678e-05
4,19,37,0.000271951
4,19,38,0
4,19,39,0
4,19,40,4.02912e-05
4,19,41,8.05824e-05
4,19,42,0
4,19,43,0
4,19,44,0
4,19,45,0.0001813
4,19,46,0
4,19,47,0
4,19,48,0
4,20,1,0
4,20,2,0.000201446
4,20,3,0
4,20,4,0
4,20,5,0
4,20,6,0
4,20,7,0
4,20,8,0
4,20,9,0
4,20,10,0
4,20,11,0
4,20,12,0
4,20,13,0
4,20,14,0
4,20,15,0
4,20,16,0
4,20,17,0
4,20,18,0
4,20,19,0
4,20,20,0.001732412
4,20,21,0.001460472
4,20,22,0.001480607
4,20,23,0.003877795
4,20,24,0.001128084
4,20,25,0.000795707
4,20,26,0.000856133
4,20,27,0.00100722
4,20,28,0.000282019
4,20,29,0.000302164
4,20,30,0.001067657
4,20,31,2.01456e-05
4,20,32,0
4,20,33,0.001581335
4,20,34,4.02912e-05
4,20,35,0
4,20,36,0.000846066
4,20,37,0.000141009
4,20,38,0
4,20,39,6.04368e-05
4,20,40,0
4,20,41,4.02912e-05
4,20,42,0
4,20,43,2.01456e-05
4,20,44,0
4,20,45,0.000997143
4,20,46,0
4,20,47,0
4,20,48,0
4,21,1,0
4,21,2,0
4,21,3,0
4,21,4,0
4,21,5,0.000564047
4,21,6,0
4,21,7,0
4,21,8,0
4,21,9,0
4,21,10,0
4,21,11,0
4,21,12,0
4,21,13,0
4,21,14,0
4,21,15,0
4,21,16,0
4,21,17,0
4,21,18,0
4,21,19,0
4,21,20,0
4,21,21,0.000423028
4,21,22,0.002487828
4,21,23,0.00091657
4,21,24,0.001430248
4,21,25,0.000644619
4,21,26,0.00041296
4,21,27,0.000211514
4,21,28,0.000936716
4,21,29,0.000120864
4,21,30,0.000161155
4,21,31,0.00114823
4,21,32,0
4,21,33,0.000493532
4,21,34,0
4,21,35,9.06502e-05
4,21,36,0.00123888
4,21,37,0.000886357
4,21,38,1.00678e-05
4,21,39,0
4,21,40,0.000120864
4,21,41,0
4,21,42,0
4,21,43,0
4,21,44,0
4,21,45,0
4,21,46,8.05824e-05
4,21,47,0
4,21,48,0
4,22,1,0
4,22,2,0.000211514
4,22,3,0
4,22,4,0
4,22,5,0
4,22,6,0
4,22,7,0
4,22,8,0
4,22,9,0
4,22,10,0
4,22,11,0
4,22,12,0
4,22,13,0
4,22,14,0
4,22,15,0
4,22,16,0
4,22,17,0
4,22,18,0
4,22,19,0
4,22,20,0
4,22,21,0
4,22,22,0.000725202
4,22,23,0.003051875
4,22,24,0.001248948
4,22,25,0.002417323
4,22,26,0.000805774
4,22,27,0.000896425
4,22,28,0.00132953
4,22,29,0.000191368
4,22,30,0.001228812
4,22,31,0
4,22,32,0.000463319
4,22,33,0.000352523
4,22,34,0
4,22,35,0.000161155
4,22,36,0
4,22,37,0
4,22,38,0.000302164
4,22,39,0
4,22,40,0
4,22,41,0
4,22,42,0.000463319
4,22,43,0
4,22,44,0
4,22,45,0
4,22,46,0
4,22,47,0
4,22,48,0
4,23,1,0
4,23,2,0
4,23,3,0
4,23,4,0
4,23,5,0
4,23,6,0
4,23,7,0
4,23,8,0
4,23,9,0
4,23,10,0
4,23,11,0
4,23,12,0
4,23,13,0
4,23,14,0
4,23,15,0
4,23,16,0
4,23,17,0
4,23,18,0
4,23,19,0
4,23,20,0
4,23,21,0
4,23,22,0
4,23,23,0.000211514
4,23,24,0.004190037
4,23,25,0.00307202
4,23,26,0.000372669
4,23,27,0.003656203
4,23,28,0.001490685
4,23,29,0.001097871
4,23,30,0.000523756
4,23,31,0.000130941
4,23,32,5.0359e-05
4,23,33,0.000171223
4,23,34,0.000433106
4,23,35,0.0001813
4,23,36,0
4,23,37,0
4,23,38,0
4,23,39,1.00678e-05
4,23,40,0
4,23,41,5.0359e-05
4,23,42,0
4,23,43,0
4,23,44,0
4,23,45,0
4,23,46,0
4,23,47,0
4,23,48,0
4,24,1,0
4,24,2,0
4,24,3,0
4,24,4,0
4,24,5,0
4,24,6,0
4,24,7,0
4,24,8,0
4,24,9,0
4,24,10,0
4,24,11,0
4,24,12,0
4,24,13,0
4,24,14,0
4,24,15,0
4,24,16,0
4,24,17,0
4,24,18,0
4,24,19,0
4,24,20,0
4,24,21,0
4,24,22,0
4,24,23,0
4,24,24,0.00156119
4,24,25,0.010011758
4,24,26,0.00495552
4,24,27,0.002689274
4,24,28,0.001138162
4,24,29,0.000987075
4,24,30,0
4,24,31,0.000614406
4,24,32,6.04368e-05
4,24,33,0
4,24,34,0.000815852
4,24,35,0
4,24,36,3.02134e-05
4,24,37,0
4,24,38,0
4,24,39,3.02134e-05
4,24,40,0
4,24,41,0
4,24,42,0.000312242
4,24,43,0
4,24,44,0
4,24,45,0
4,24,46,0.000543901
4,24,47,0
4,24,48,0
4,25,1,0
4,25,2,0
4,25,3,0
4,25,4,0
4,25,5,0
4,25,6,0
4,25,7,0
4,25,8,0
4,25,9,0
4,25,10,0
4,25,11,0
4,25,12,0
4,25,13,0
4,25,14,0
4,25,15,0
4,25,16,0
4,25,17,0
4,25,18,0
4,25,19,0
4,25,20,0
4,25,21,0
4,25,22,0
4,25,23,0
4,25,24,0
4,25,25,0.000624474
4,25,26,0.003182816
4,25,27,0.002165518
4,25,28,0.001178443
4,25,29,0.000604328
4,25,30,0.001359744
4,25,31,0.000161155
4,25,32,0.000141009
4,25,33,1.00678e-05
4,25,34,0.000362601
4,25,35,0.000110796
4,25,36,0.000302164
4,25,37,0.00023166
4,25,38,0
4,25,39,0.000382747
4,25,40,0
4,25,41,0
4,25,42,0
4,25,43,0
4,25,44,0
4,25,45,0
4,25,46,0
4,25,47,0
4,25,48,0
4,26,1,0
4,26,2,0
4,26,3,0
4,26,4,0
4,26,5,0
4,26,6,0
4,26,7,0
4,26,8,0
4,26,9,0
4,26,10,0
4,26,11,0
4,26,12,0
4,26,13,0
4,26,14,0
4,26,15,0
4,26,16,0
4,26,17,0
4,26,18,0
4,26,19,0
4,26,20,0
4,26,21,0
4,26,22,0
4,26,23,0
4,26,24,0
4,26,25,0
4,26,26,0.002528119
4,26,27,0.003424543
4,26,28,0.001994295
4,26,29,0.000956861
4,26,30,0.000664765
4,26,31,9.06502e-05
4,26,32,4.02912e-05
4,26,33,0
4,26,34,0.000100718
4,26,35,0.000292096
4,26,36,0
4,26,37,0.000282019
4,26,38,0
4,26,39,1.00678e-05
4,26,40,0.000352523
4,26,41,1.00678e-05
4,26,42,0
4,26,43,0
4,26,44,0
4,26,45,0
4,26,46,0
4,26,47,0
4,26,48,0
4,27,1,0
4,27,2,0
4,27,3,0
4,27,4,0
4,27,5,0
4,27,6,0
4,27,7,0
4,27,8,0
4,27,9,0
4,27,10,0
4,27,11,0
4,27,12,0
4,27,13,0
4,27,14,0
4,27,15,0
4,27,16,0
4,27,17,0
4,27,18,0
4,27,19,0
4,27,20,0
4,27,21,0
4,27,22,0
4,27,23,0
4,27,24,0
4,27,25,0
4,27,26,0
4,27,27,0.000553969
4,27,28,0.003696494
4,27,29,0.004169891
4,27,30,0.00495552
4,27,31,0.000906492
4,27,32,0.001792849
4,27,33,0.000171223
4,27,34,0.000765483
4,27,35,0.002256168
4,27,36,0.000694979
4,27,37,0.000362601
4,27,38,2.01456e-05
4,27,39,0
4,27,40,0.000221592
4,27,41,0
4,27,42,9.06502e-05
4,27,43,0.000201446
4,27,44,0
4,27,45,0
4,27,46,0
4,27,47,0
4,27,48,0
4,28,1,0
4,28,2,0
4,28,3,0
4,28,4,0
4,28,5,0
4,28,6,0
4,28,7,0
4,28,8,0
4,28,9,0
4,28,10,0
4,28,11,0
4,28,12,0
4,28,13,0
4,28,14,0
4,28,15,0
4,28,16,0
4,28,17,0
4,28,18,0
4,28,19,0
4,28,20,0
4,28,21,0
4,28,22,0
4,28,23,0
4,28,24,0
4,28,25,0
4,28,26,0
4,28,27,0
4,28,28,0.001722345
4,28,29,0.016256516
4,28,30,0.003787144
4,28,31,0.003374184
4,28,32,0.001873432
4,28,33,0.001671986
4,28,34,0.000553969
4,28,35,0.001470539
4,28,36,0.000664765
4,28,37,0
4,28,38,0
4,28,39,0.000110796
4,28,40,2.01456e-05
4,28,41,0
4,28,42,0.000664765
4,28,43,0
4,28,44,0
4,28,45,0
4,28,46,0
4,28,47,0
4,28,48,0
4,29,1,0
4,29,2,0
4,29,3,0
4,29,4,0
4,29,5,0
4,29,6,0
4,29,7,0
4,29,8,0
4,29,9,0
4,29,10,0
4,29,11,0
4,29,12,0
4,29,13,0
4,29,14,0
4,29,15,0
4,29,16,0
4,29,17,0
4,29,18,0
4,29,19,0
4,29,20,0
4,29,21,0
4,29,22,0
4,29,23,0
4,29,24,0
4,29,25,0
4,29,26,0
4,29,27,0
4,29,28,0
4,29,29,0.004572773
4,29,30,0.016820563
4,29,31,0.009034761
4,29,32,0.003142525
4,29,33,0.0022461
4,29,34,0.000423028
4,29,35,0.000292096
4,29,36,0.000684911
4,29,37,0.000926638
4,29,38,0.000705056
4,29,39,6.04368e-05
4,29,40,0.000171223
4,29,41,1.00678e-05
4,29,42,0.000654697
4,29,43,0.000362601
4,29,44,0.000130941
4,29,45,0
4,29,46,0
4,29,47,0
4,29,48,0
4,30,1,0
4,30,2,0
4,30,3,1.00678e-05
4,30,4,0
4,30,5,0
4,30,6,0
4,30,7,0
4,30,8,0
4,30,9,0
4,30,10,0
4,30,11,0
4,30,12,0
4,30,13,0
4,30,14,0
4,30,15,0
4,30,16,0
4,30,17,0
4,30,18,0
4,30,19,0
4,30,20,0
4,30,21,0
4,30,22,0
4,30,23,0
4,30,24,0
4,30,25,0
4,30,26,0
4,30,27,0
4,30,28,0
4,30,29,0
4,30,30,0.004703715
4,30,31,0.028524442
4,30,32,0.015893915
4,30,33,0.005982886
4,30,34,0.002407255
4,30,35,0.001692131
4,30,36,0.000453251
4,30,37,0.00032231
4,30,38,0.000282019
4,30,39,0.000866211
4,30,40,0.000765483
4,30,41,4.02912e-05
4,30,42,0
4,30,43,0.001500753
4,30,44,0
4,30,45,0
4,30,46,0.000785629
4,30,47,0
4,30,48,0
4,31,1,0
4,31,2,0
4,31,3,0
4,31,4,0
4,31,5,0
4,31,6,0
4,31,7,0
4,31,8,0
4,31,9,0
4,31,10,0
4,31,11,0
4,31,12,0
4,31,13,0
4,31,14,0
4,31,15,0
4,31,16,0
4,31,17,0
4,31,18,0
4,31,19,0
4,31,20,0
4,31,21,0
4,31,22,0
4,31,23,0
4,31,24,0
4,31,25,0
4,31,26,0
4,31,27,0
4,31,28,0
4,31,29,0
4,31,30,0
4,31,31,0.005841812
4,31,32,0.025057824
4,31,33,0.008725156
4,31,34,0.001136429
4,31,35,0.001699945
4,31,36,0.000507168
4,31,37,0.001286706
4,31,38,0.000798314
4,31,39,0.001643598
4,31,40,0
4,31,41,2.81738e-05
4,31,42,3.75716e-05
4,31,43,0
4,31,44,0
4,31,45,0
4,31,46,0
4,31,47,0
4,31,48,0
4,32,1,0
4,32,2,0
4,32,3,0
4,32,4,0
4,32,5,0
4,32,6,9.38801e-06
4,32,7,0
4,32,8,0
4,32,9,0
4,32,10,0
4,32,11,0
4,32,12,0
4,32,13,0
4,32,14,0
4,32,15,0
4,32,16,0
4,32,17,0
4,32,18,0
4,32,19,0
4,32,20,0
4,32,21,0
4,32,22,0
4,32,23,0
4,32,24,0
4,32,25,0
4,32,26,0
4,32,27,0
4,32,28,0
4,32,29,0
4,32,30,0
4,32,31,0
4,32,32,0.005823036
4,32,33,0.01659564
4,32,34,0.011796339
4,32,35,0.00448937
4,32,36,0.004066733
4,32,37,0.000882845
4,32,38,0.001220961
4,32,39,1.87858e-05
4,32,40,0.000159665
4,32,41,3.75716e-05
4,32,42,0.000723181
4,32,43,0.00022541
4,32,44,7.51335e-05
4,32,45,0
4,32,46,0.000244196
4,32,47,0
4,32,48,0
4,33,1,0
4,33,2,0
4,33,3,0
4,33,4,0
4,33,5,0
4,33,6,0
4,33,7,0
4,33,8,0
4,33,9,0
4,33,10,0
4,33,11,0
4,33,12,0
4,33,13,0
4,33,14,0
4,33,15,0
4,33,16,0
4,33,17,0
4,33,18,0
4,33,19,0
4,33,20,0
4,33,21,0
4,33,22,0
4,33,23,0
4,33,24,0
4,33,25,0
4,33,26,0
4,33,27,0
4,33,28,0
4,33,29,0
4,33,30,0
4,33,31,0
4,33,32,0
4,33,33,0.006583778
4,33,34,0.013590203
4,33,35,0.0067998
4,33,36,0.002009887
4,33,37,0.002620362
4,33,38,0.00181265
4,33,39,0.001483933
4,33,40,0.001098858
4,33,41,0.003644086
4,33,42,0
4,33,43,0.000309932
4,33,44,0
4,33,45,0
4,33,46,0
4,33,47,0
4,33,48,0.000422637
4,34,1,0
4,34,2,0
4,34,3,0
4,34,4,0
4,34,5,0
4,34,6,0
4,34,7,0
4,34,8,0
4,34,9,0
4,34,10,0
4,34,11,0
4,34,12,0
4,34,13,0
4,34,14,0
4,34,15,0
4,34,16,0
4,34,17,0
4,34,18,0
4,34,19,0
4,34,20,0
4,34,21,0
4,34,22,0
4,34,23,0
4,34,24,0
4,34,25,0
4,34,26,0
4,34,27,0
4,34,28,0
4,34,29,0
4,34,30,0
4,34,31,0
4,34,32,0
4,34,33,0
4,34,34,0.002808201
4,34,35,0.015149269
4,34,36,0.008199202
4,34,37,0.004555115
4,34,38,0.00086406
4,34,39,0.000751354
4,34,40,0.000216012
4,34,41,0.000732578
4,34,42,9.39193e-05
4,34,43,0
4,34,44,0
4,34,45,0.000131491
4,34,46,0
4,34,47,0.000385075
4,34,48,0
4,35,1,0
4,35,2,0
4,35,3,0
4,35,4,0
4,35,5,0
4,35,6,0
4,35,7,0
4,35,8,0
4,35,9,0
4,35,10,0
4,35,11,0
4,35,12,0
4,35,13,0
4,35,14,0
4,35,15,0
4,35,16,0
4,35,17,0
4,35,18,0
4,35,19,0
4,35,20,0
4,35,21,0
4,35,22,0
4,35,23,0
4,35,24,0
4,35,25,0
4,35,26,0
4,35,27,0
4,35,28,0
4,35,29,0
4,35,30,0
4,35,31,0
4,35,32,0
4,35,33,0
4,35,34,0
4,35,35,0.003080571
4,35,36,0.013402364
4,35,37,0.004583289
4,35,38,0.005344041
4,35,39,0.000704395
4,35,40,0.000103307
4,35,41,0
4,35,42,0.000178451
4,35,43,0.000281758
4,35,44,0.000338115
4,35,45,4.69596e-05
4,35,46,0
4,35,47,0
4,35,48,0
4,36,1,0
4,36,2,0.00054474
4,36,3,0
4,36,4,0.000197236
4,36,5,0
4,36,6,0
4,36,7,0
4,36,8,0
4,36,9,0
4,36,10,0
4,36,11,0
4,36,12,0
4,36,13,0
4,36,14,0
4,36,15,0
4,36,16,0
4,36,17,0
4,36,18,0
4,36,19,0
4,36,20,0
4,36,21,0
4,36,22,0
4,36,23,0
4,36,24,0
4,36,25,0
4,36,26,0
4,36,27,0
4,36,28,0
4,36,29,0
4,36,30,0
4,36,31,0
4,36,32,0
4,36,33,0
4,36,34,0
4,36,35,0
4,36,36,0.003869497
4,36,37,0.008302519
4,36,38,0.001972315
4,36,39,0.00362531
4,36,40,0.000347503
4,36,41,0.001897182
4,36,42,0.001746905
4,36,43,0.00022541
4,36,44,0
4,36,45,0.000366289
4,36,46,0.000591699
4,36,47,0.000413249
4,36,48,0.000356891
4,37,1,0
4,37,2,0
4,37,3,0
4,37,4,0
4,37,5,0.00027237
4,37,6,0
4,37,7,0
4,37,8,0
4,37,9,0
4,37,10,0
4,37,11,0
4,37,12,0
4,37,13,0
4,37,14,0
4,37,15,0
4,37,16,0
4,37,17,0
4,37,18,0
4,37,19,0
4,37,20,0
4,37,21,0
4,37,22,0
4,37,23,0
4,37,24,0
4,37,25,0
4,37,26,0
4,37,27,0
4,37,28,0
4,37,29,0
4,37,30,0
4,37,31,0
4,37,32,0
4,37,33,0
4,37,34,0
4,37,35,0
4,37,36,0
4,37,37,0.003334155
4,37,38,0.004667821
4,37,39,0.003907068
4,37,40,0.003024223
4,37,41,0.000713793
4,37,42,0.000187839
4,37,43,0.000422637
4,37,44,4.69596e-05
4,37,45,2.81738e-05
4,37,46,0.00022541
4,37,47,0
4,37,48,5.63477e-05
4,38,1,0
4,38,2,0
4,38,3,0
4,38,4,0
4,38,5,0
4,38,6,0
4,38,7,0
4,38,8,0
4,38,9,0
4,38,10,0
4,38,11,0
4,38,12,0
4,38,13,0
4,38,14,0
4,38,15,0
4,38,16,0
4,38,17,0
4,38,18,0
4,38,19,0
4,38,20,0
4,38,21,0
4,38,22,0
4,38,23,0
4,38,24,0
4,38,25,0
4,38,26,0
4,38,27,0
4,38,28,0
4,38,29,0
4,38,30,0
4,38,31,0
4,38,32,0
4,38,33,0
4,38,34,0
4,38,35,0
4,38,36,0
4,38,37,0
4,38,38,0.000385075
4,38,39,0.006161141
4,38,40,0.003606525
4,38,41,0.001606026
4,38,42,0.00235739
4,38,43,0
4,38,44,0
4,38,45,0.000629261
4,38,46,0
4,38,47,0
4,38,48,0
4,39,1,0
4,39,2,0
4,39,3,0
4,39,4,0
4,39,5,0
4,39,6,0
4,39,7,0
4,39,8,0
4,39,9,0
4,39,10,0
4,39,11,0
4,39,12,0
4,39,13,0
4,39,14,0
4,39,15,0
4,39,16,0
4,39,17,0
4,39,18,0
4,39,19,0
4,39,20,0
4,39,21,0
4,39,22,0
4,39,23,0
4,39,24,0
4,39,25,0
4,39,26,0
4,39,27,0
4,39,28,0
4,39,29,0
4,39,30,0
4,39,31,0
4,39,32,0
4,39,33,0
4,39,34,0
4,39,35,0
4,39,36,0
4,39,37,0
4,39,38,0
4,39,39,0.000805774
4,39,40,0.005348334
4,39,41,0.004079241
4,39,42,0.00142018
4,39,43,0.000443173
4,39,44,0.001097871
4,39,45,0
4,39,46,0
4,39,47,0
4,39,48,0
4,40,1,0
4,40,2,0
4,40,3,0
4,40,4,0
4,40,5,0
4,40,6,0
4,40,7,0
4,40,8,0
4,40,9,0
4,40,10,0
4,40,11,0
4,40,12,0
4,40,13,0
4,40,14,0
4,40,15,0
4,40,16,0
4,40,17,0
4,40,18,0
4,40,19,0
4,40,20,0
4,40,21,0
4,40,22,0
4,40,23,0
4,40,24,0
4,40,25,0
4,40,26,0
4,40,27,0
4,40,28,0
4,40,29,0
4,40,30,0
4,40,31,0
4,40,32,0
4,40,33,0
4,40,34,0
4,40,35,0
4,40,36,0
4,40,37,0
4,40,38,0
4,40,39,0
4,40,40,0.00050361
4,40,41,0.004240396
4,40,42,0.001037434
4,40,43,0.000261873
4,40,44,0.00032231
4,40,45,0.001228812
4,40,46,0
4,40,47,0
4,40,48,0
4,41,1,0
4,41,2,0
4,41,3,0
4,41,4,0
4,41,5,0
4,41,6,0
4,41,7,0
4,41,8,0
4,41,9,0
4,41,10,0
4,41,11,0
4,41,12,0
4,41,13,0
4,41,14,0
4,41,15,0
4,41,16,0
4,41,17,0
4,41,18,0
4,41,19,0
4,41,20,0
4,41,21,0
4,41,22,0
4,41,23,0
4,41,24,0
4,41,25,0
4,41,26,0
4,41,27,0
4,41,28,0
4,41,29,0
4,41,30,0
4,41,31,0
4,41,32,0
4,41,33,0
4,41,34,0
4,41,35,0
4,41,36,0
4,41,37,0
4,41,38,0
4,41,39,0
4,41,40,0
4,41,41,0.000584183
4,41,42,0.006849087
4,41,43,0.000775561
4,41,44,0.00023166
4,41,45,0.000392814
4,41,46,4.02912e-05
4,41,47,0.000241737
4,41,48,0
4,42,1,0
4,42,2,0
4,42,3,0
4,42,4,0
4,42,5,0
4,42,6,0
4,42,7,0
4,42,8,0
4,42,9,0
4,42,10,0
4,42,11,0
4,42,12,0
4,42,13,0
4,42,14,0
4,42,15,0
4,42,16,0
4,42,17,0
4,42,18,0
4,42,19,0
4,42,20,0
4,42,21,0
4,42,22,0
4,42,23,0
4,42,24,0
4,42,25,0
4,42,26,0
4,42,27,0
4,42,28,0
4,42,29,0
4,42,30,0
4,42,31,0
4,42,32,0
4,42,33,0
4,42,34,0
4,42,35,0
4,42,36,0
4,42,37,0
4,42,38,0
4,42,39,0
4,42,40,0
4,42,41,0
4,42,42,0.00041296
4,42,43,0.0043109
4,42,44,0.00114823
4,42,45,0
4,42,46,0
4,42,47,0
4,42,48,0
4,43,1,0
4,43,2,0
4,43,3,0
4,43,4,0
4,43,5,0
4,43,6,0
4,43,7,0
4,43,8,0
4,43,9,0
4,43,10,0
4,43,11,0
4,43,12,0
4,43,13,0
4,43,14,0
4,43,15,0
4,43,16,0
4,43,17,0
4,43,18,0
4,43,19,0
4,43,20,0
4,43,21,0
4,43,22,0
4,43,23,0
4,43,24,0
4,43,25,0
4,43,26,0
4,43,27,0
4,43,28,0
4,43,29,0
4,43,30,0
4,43,31,0
4,43,32,0
4,43,33,0
4,43,34,0
4,43,35,0
4,43,36,0
4,43,37,0
4,43,38,0
4,43,39,0
4,43,40,0
4,43,41,0
4,43,42,0
4,43,43,0.001530976
4,43,44,0.001138162
4,43,45,0.000362601
4,43,46,0.000372669
4,43,47,0
4,43,48,0.002074868
4,44,1,0
4,44,2,0
4,44,3,0
4,44,4,0
4,44,5,0
4,44,6,0
4,44,7,0
4,44,8,0
4,44,9,0
4,44,10,0
4,44,11,0
4,44,12,0
4,44,13,0
4,44,14,0
4,44,15,0
4,44,16,0
4,44,17,0
4,44,18,0
4,44,19,0
4,44,20,0
4,44,21,0
4,44,22,0
4,44,23,0
4,44,24,0
4,44,25,0
4,44,26,0
4,44,27,0
4,44,28,0
4,44,29,0
4,44,30,0
4,44,31,0
4,44,32,0
4,44,33,0
4,44,34,0
4,44,35,0
4,44,36,0
4,44,37,0
4,44,38,0
4,44,39,0
4,44,40,0
4,44,41,0
4,44,42,0
4,44,43,0
4,44,44,0.001994295
4,44,45,0.003223097
4,44,46,0.000151087
4,44,47,0.000251805
4,44,48,0
4,45,1,0
4,45,2,0.000111605
4,45,3,6.69608e-05
4,45,4,0
4,45,5,0
4,45,6,0
4,45,7,0
4,45,8,0
4,45,9,0
4,45,10,0
4,45,11,0
4,45,12,0
4,45,13,0
4,45,14,0
4,45,15,0
4,45,16,0
4,45,17,0
4,45,18,0
4,45,19,0
4,45,20,0
4,45,21,0
4,45,22,0
4,45,23,0
4,45,24,0
4,45,25,0
4,45,26,0
4,45,27,0
4,45,28,0
4,45,29,0
4,45,30,0
4,45,31,0
4,45,32,0
4,45,33,0
4,45,34,0
4,45,35,0
4,45,36,0
4,45,37,0
4,45,38,0
4,45,39,0
4,45,40,0
4,45,41,0
4,45,42,0
4,45,43,0
4,45,44,0
4,45,45,0.008236359
4,45,46,0.003035625
4,45,47,0.004040061
4,45,48,0
4,46,1,0
4,46,2,0
4,46,3,0.001540135
4,46,4,2.23163e-05
4,46,5,0
4,46,6,0
4,46,7,0
4,46,8,0
4,46,9,0
4,46,10,0
4,46,11,0
4,46,12,0
4,46,13,0
4,46,14,0
4,46,15,0
4,46,16,0
4,46,17,0
4,46,18,0
4,46,19,0
4,46,20,0
4,46,21,0
4,46,22,0
4,46,23,0
4,46,24,0
4,46,25,0
4,46,26,0
4,46,27,0
4,46,28,0
4,46,29,0
4,46,30,0
4,46,31,0
4,46,32,0
4,46,33,0
4,46,34,0
4,46,35,0
4,46,36,0
4,46,37,0
4,46,38,0
4,46,39,0
4,46,40,0
4,46,41,0
4,46,42,0
4,46,43,0
4,46,44,0
4,46,45,0
4,46,46,0
4,46,47,0.000602659
4,46,48,0.004865931
4,47,1,0.001562451
4,47,2,0.000401777
4,47,3,0
4,47,4,0
4,47,5,0.000535698
4,47,6,0
4,47,7,0
4,47,8,0
4,47,9,0
4,47,10,0
4,47,11,0
4,47,12,0
4,47,13,0
4,47,14,0
4,47,15,0
4,47,16,0
4,47,17,0
4,47,18,0
4,47,19,0
4,47,20,0
4,47,21,0
4,47,22,0
4,47,23,0
4,47,24,0
4,47,25,0
4,47,26,0
4,47,27,0
4,47,28,0
4,47,29,0
4,47,30,0
4,47,31,0
4,47,32,0
4,47,33,0
4,47,34,0
4,47,35,0
4,47,36,0
4,47,37,0
4,47,38,0
4,47,39,0
4,47,40,0
4,47,41,0
4,47,42,0
4,47,43,0
4,47,44,0
4,47,45,0
4,47,46,0
4,47,47,0.001607095
4,47,48,0.005133774
4,48,1,0.003549007
4,48,2,0.001897267
4,48,3,0.000736581
4,48,4,0
4,48,5,0
4,48,6,0
4,48,7,0
4,48,8,0
4,48,9,0
4,48,10,0
4,48,11,0
4,48,12,0
4,48,13,0
4,48,14,0
4,48,15,0
4,48,16,0
4,48,17,0
4,48,18,0
4,48,19,0
4,48,20,0
4,48,21,0
4,48,22,0
4,48,23,0
4,48,24,0
4,48,25,0
4,48,26,0
4,48,27,0
4,48,28,0
4,48,29,0
4,48,30,0
4,48,31,0
4,48,32,0
4,48,33,0
4,48,34,0
4,48,35,0
4,48,36,0
4,48,37,0
4,48,38,0
4,48,39,0
4,48,40,0
4,48,41,0
4,48,42,0
4,48,43,0
4,48,44,0
4,48,45,0
4,48,46,0
4,48,47,0
4,48,48,0
5,1,1,0.001179777
5,1,2,0.001061809
5,1,3,0.000589898
5,1,4,0
5,1,5,0
5,1,6,0.000294939
5,1,7,0
5,1,8,0
5,1,9,0
5,1,10,0
5,1,11,0
5,1,12,0
5,1,13,0
5,1,14,0
5,1,15,0
5,1,16,0
5,1,17,0
5,1,18,0
5,1,19,0
5,1,20,0
5,1,21,0
5,1,22,0
5,1,23,0
5,1,24,0
5,1,25,0
5,1,26,0
5,1,27,0
5,1,28,0
5,1,29,0
5,1,30,0
5,1,31,0
5,1,32,0
5,1,33,0
5,1,34,0
5,1,35,0
5,1,36,0
5,1,37,0
5,1,38,0
5,1,39,0
5,1,40,0
5,1,41,0
5,1,42,0
5,1,43,0
5,1,44,0
5,1,45,0
5,1,46,0
5,1,47,0
5,1,48,0
5,2,1,0
5,2,2,0.001474736
5,2,3,5.89839e-05
5,2,4,0
5,2,5,0
5,2,6,0
5,2,7,0
5,2,8,0
5,2,9,0
5,2,10,0
5,2,11,0
5,2,12,0
5,2,13,0
5,2,14,0
5,2,15,0
5,2,16,0
5,2,17,0
5,2,18,0
5,2,19,0
5,2,20,0
5,2,21,0
5,2,22,0
5,2,23,0
5,2,24,0
5,2,25,0
5,2,26,0
5,2,27,0
5,2,28,0
5,2,29,0
5,2,30,0
5,2,31,0
5,2,32,0
5,2,33,0
5,2,34,0
5,2,35,0
5,2,36,0
5,2,37,0
5,2,38,0
5,2,39,0
5,2,40,0
5,2,41,0
5,2,42,0
5,2,43,0
5,2,44,0
5,2,45,0
5,2,46,0
5,2,47,0
5,2,48,0
5,3,1,0
5,3,2,0
5,3,3,0
5,3,4,0
5,3,5,0
5,3,6,0
5,3,7,0
5,3,8,0
5,3,9,0
5,3,10,0
5,3,11,0
5,3,12,0
5,3,13,0
5,3,14,0
5,3,15,0
5,3,16,0
5,3,17,0
5,3,18,0
5,3,19,0
5,3,20,0
5,3,21,0
5,3,22,0
5,3,23,0
5,3,24,0
5,3,25,0
5,3,26,0
5,3,27,0
5,3,28,0
5,3,29,0
5,3,30,0
5,3,31,0
5,3,32,0
5,3,33,0
5,3,34,0
5,3,35,0
5,3,36,0
5,3,37,0
5,3,38,0
5,3,39,0
5,3,40,0
5,3,41,0
5,3,42,0
5,3,43,0
5,3,44,0
5,3,45,0
5,3,46,0
5,3,47,0
5,3,48,0
5,4,1,0
5,4,2,0
5,4,3,0
5,4,4,0
5,4,5,0
5,4,6,0
5,4,7,0
5,4,8,0
5,4,9,0
5,4,10,0
5,4,11,0
5,4,12,0
5,4,13,0
5,4,14,0
5,4,15,0
5,4,16,0
5,4,17,0
5,4,18,0
5,4,19,0
5,4,20,0
5,4,21,0
5,4,22,0
5,4,23,0
5,4,24,0
5,4,25,0
5,4,26,0
5,4,27,0
5,4,28,0
5,4,29,0
5,4,30,0
5,4,31,0
5,4,32,0
5,4,33,0
5,4,34,0
5,4,35,0
5,4,36,0
5,4,37,0
5,4,38,0
5,4,39,0
5,4,40,0
5,4,41,0
5,4,42,0
5,4,43,0
5,4,44,0
5,4,45,0
5,4,46,0
5,4,47,0
5,4,48,0
5,5,1,0
5,5,2,0
5,5,3,0
5,5,4,0
5,5,5,0
5,5,6,0
5,5,7,0
5,5,8,0
5,5,9,0
5,5,10,0
5,5,11,0
5,5,12,0
5,5,13,0
5,5,14,0
5,5,15,0
5,5,16,0
5,5,17,0
5,5,18,0
5,5,19,0
5,5,20,0
5,5,21,0
5,5,22,0
5,5,23,0
5,5,24,0
5,5,25,0
5,5,26,0
5,5,27,0
5,5,28,0
5,5,29,0
5,5,30,0
5,5,31,0
5,5,32,0
5,5,33,0
5,5,34,0
5,5,35,0
5,5,36,0
5,5,37,0
5,5,38,0
5,5,39,0
5,5,40,0
5,5,41,0
5,5,42,0
5,5,43,0
5,5,44,0
5,5,45,0
5,5,46,0
5,5,47,0
5,5,48,0
5,6,1,0
5,6,2,0
5,6,3,0
5,6,4,0
5,6,5,0
5,6,6,0
5,6,7,0
5,6,8,0
5,6,9,0
5,6,10,0
5,6,11,0
5,6,12,0
5,6,13,0
5,6,14,0
5,6,15,0
5,6,16,0
5,6,17,0
5,6,18,0
5,6,19,0
5,6,20,0
5,6,21,0
5,6,22,0
5,6,23,0
5,6,24,0
5,6,25,0
5,6,26,0
5,6,27,0
5,6,28,0
5,6,29,0
5,6,30,0
5,6,31,0
5,6,32,0
5,6,33,0
5,6,34,0
5,6,35,0
5,6,36,0
5,6,37,0
5,6,38,0
5,6,39,0
5,6,40,0
5,6,41,0
5,6,42,0
5,6,43,0
5,6,44,0
5,6,45,0
5,6,46,0
5,6,47,0
5,6,48,0
5,7,1,0
5,7,2,0
5,7,3,0
5,7,4,0
5,7,5,0
5,7,6,0
5,7,7,0
5,7,8,0.001297764
5,7,9,0
5,7,10,0.001061809
5,7,11,0
5,7,12,0
5,7,13,0
5,7,14,0
5,7,15,0
5,7,16,0
5,7,17,0
5,7,18,0
5,7,19,0
5,7,20,0
5,7,21,0
5,7,22,0
5,7,23,0
5,7,24,0
5,7,25,0
5,7,26,0
5,7,27,0
5,7,28,0
5,7,29,0
5,7,30,0
5,7,31,0
5,7,32,0
5,7,33,0
5,7,34,0
5,7,35,0
5,7,36,0
5,7,37,0.000117988
5,7,38,0
5,7,39,0
5,7,40,0
5,7,41,0
5,7,42,0
5,7,43,0
5,7,44,0
5,7,45,0
5,7,46,0
5,7,47,0
5,7,48,0
5,8,1,0
5,8,2,0
5,8,3,0
5,8,4,0
5,8,5,0
5,8,6,0
5,8,7,0
5,8,8,0.000648882
5,8,9,0.000176971
5,8,10,0
5,8,11,0
5,8,12,0
5,8,13,0
5,8,14,0
5,8,15,0
5,8,16,0.000117988
5,8,17,0
5,8,18,0
5,8,19,0
5,8,20,0
5,8,21,0
5,8,22,0
5,8,23,0
5,8,24,0
5,8,25,0.00076687
5,8,26,0
5,8,27,0
5,8,28,0
5,8,29,0
5,8,30,0
5,8,31,0
5,8,32,0.000353943
5,8,33,0
5,8,34,0
5,8,35,0
5,8,36,0
5,8,37,0
5,8,38,0
5,8,39,0
5,8,40,0
5,8,41,0
5,8,42,0
5,8,43,0
5,8,44,0
5,8,45,0
5,8,46,0
5,8,47,0
5,8,48,0
5,9,1,0
5,9,2,0
5,9,3,0
5,9,4,0
5,9,5,0
5,9,6,0
5,9,7,0
5,9,8,0
5,9,9,0.000353943
5,9,10,0.001002825
5,9,11,0.001179777
5,9,12,0
5,9,13,0
5,9,14,0
5,9,15,0
5,9,16,0
5,9,17,0
5,9,18,0
5,9,19,5.89839e-05
5,9,20,0
5,9,21,0
5,9,22,0
5,9,23,0
5,9,24,0
5,9,25,0.001002825
5,9,26,0
5,9,27,0
5,9,28,0
5,9,29,0.000707866
5,9,30,0
5,9,31,0
5,9,32,0
5,9,33,0.000589898
5,9,34,0
5,9,35,5.89839e-05
5,9,36,0
5,9,37,0.000176971
5,9,38,0.001120793
5,9,39,0
5,9,40,0
5,9,41,0
5,9,42,0
5,9,43,0
5,9,44,0
5,9,45,0
5,9,46,0
5,9,47,0
5,9,48,0
5,10,1,0
5,10,2,0
5,10,3,0
5,10,4,0
5,10,5,0
5,10,6,0
5,10,7,0
5,10,8,0
5,10,9,0
5,10,10,0.000176971
5,10,11,0.000235955
5,10,12,5.89839e-05
5,10,13,0.000353943
5,10,14,0
5,10,15,0
5,10,16,0
5,10,17,0
5,10,18,0
5,10,19,0.000176971
5,10,20,0
5,10,21,0.000353943
5,10,22,0
5,10,23,0
5,10,24,0
5,10,25,0
5,10,26,0
5,10,27,0.000530895
5,10,28,0
5,10,29,0
5,10,30,0
5,10,31,0
5,10,32,0
5,10,33,0
5,10,34,0
5,10,35,0.000943821
5,10,36,0
5,10,37,0
5,10,38,0
5,10,39,0.001002825
5,10,40,0
5,10,41,0
5,10,42,0
5,10,43,0
5,10,44,0
5,10,45,0
5,10,46,0
5,10,47,0
5,10,48,0
5,11,1,0
5,11,2,0
5,11,3,0
5,11,4,0
5,11,5,0
5,11,6,0
5,11,7,0
5,11,8,0
5,11,9,0
5,11,10,0
5,11,11,0.005780936
5,11,12,0.000176971
5,11,13,0.001887662
5,11,14,0.000117988
5,11,15,0
5,11,16,0
5,11,17,0
5,11,18,0
5,11,19,0
5,11,20,0.001002825
5,11,21,0
5,11,22,0
5,11,23,0.000589898
5,11,24,0
5,11,25,5.89839e-05
5,11,26,0
5,11,27,0
5,11,28,0.001474736
5,11,29,0
5,11,30,0
5,11,31,0
5,11,32,0
5,11,33,0
5,11,34,0
5,11,35,0
5,11,36,0.000530895
5,11,37,0.000235955
5,11,38,0
5,11,39,0
5,11,40,0
5,11,41,0.001592704
5,11,42,0
5,11,43,0
5,11,44,0
5,11,45,0
5,11,46,0
5,11,47,0
5,11,48,0
5,12,1,0
5,12,2,0
5,12,3,0
5,12,4,0
5,12,5,0
5,12,6,0
5,12,7,0
5,12,8,0
5,12,9,0
5,12,10,0
5,12,11,0
5,12,12,0.004719146
5,12,13,0.001828659
5,12,14,0.004483191
5,12,15,0.000707866
5,12,16,0
5,12,17,0
5,12,18,0.000117988
5,12,19,0.000176971
5,12,20,0
5,12,21,0.001061809
5,12,22,0
5,12,23,0.003657337
5,12,24,0
5,12,25,0.000235955
5,12,26,0
5,12,27,0.00153372
5,12,28,0
5,12,29,0
5,12,30,0
5,12,31,0.000707866
5,12,32,0.000176971
5,12,33,0.00076687
5,12,34,0
5,12,35,0
5,12,36,0
5,12,37,5.89839e-05
5,12,38,0
5,12,39,0
5,12,40,0
5,12,41,0
5,12,42,0
5,12,43,0
5,12,44,0
5,12,45,0
5,12,46,0
5,12,47,0
5,12,48,0
5,13,1,0
5,13,2,0
5,13,3,0
5,13,4,0
5,13,5,0
5,13,6,0
5,13,7,0
5,13,8,0
5,13,9,0
5,13,10,0
5,13,11,0
5,13,12,0
5,13,13,0.000898425
5,13,14,0.000437886
5,13,15,0.000218947
5,13,16,0.000143447
5,13,17,0.000271796
5,13,18,0.000105697
5,13,19,0.000860674
5,13,20,0.000271796
5,13,21,8.30453e-05
5,13,22,0.000203841
5,13,23,0.000234046
5,13,24,0.000286894
5,13,25,0.000128349
5,13,26,3.77501e-05
5,13,27,0
5,13,28,6.04018e-05
5,13,29,0
5,13,30,0
5,13,31,3.77501e-05
5,13,32,3.77501e-05
5,13,33,6.04018e-05
5,13,34,0.000158546
5,13,35,3.01968e-05
5,13,36,0
5,13,37,7.55328e-06
5,13,38,0
5,13,39,0
5,13,40,0.000339743
5,13,41,0.000196296
5,13,42,0
5,13,43,0
5,13,44,0
5,13,45,0
5,13,46,0
5,13,47,0
5,13,48,0
5,14,1,0
5,14,2,0
5,14,3,0
5,14,4,0
5,14,5,0
5,14,6,0
5,14,7,0
5,14,8,0
5,14,9,0
5,14,10,0
5,14,11,0
5,14,12,0
5,14,13,0
5,14,14,0.001894993
5,14,15,0.000785174
5,14,16,0.000415235
5,14,17,0.00044544
5,14,18,0.000181197
5,14,19,0.000324644
5,14,20,0.000528485
5,14,21,0.000105697
5,14,22,0.000475637
5,14,23,9.05986e-05
5,14,24,5.28485e-05
5,14,25,0.000898425
5,14,26,1.50984e-05
5,14,27,7.55328e-06
5,14,28,0.00036994
5,14,29,0.000135894
5,14,30,0.000256689
5,14,31,7.55328e-06
5,14,32,0.000120795
5,14,33,9.05986e-05
5,14,34,0.000286894
5,14,35,0.000173644
5,14,36,6.79469e-05
5,14,37,0.000249144
5,14,38,2.26517e-05
5,14,39,0
5,14,40,0
5,14,41,1.50984e-05
5,14,42,5.28485e-05
5,14,43,0
5,14,44,0
5,14,45,0
5,14,46,0
5,14,47,0
5,14,48,7.55328e-06
5,15,1,0
5,15,2,0
5,15,3,0
5,15,4,0
5,15,5,0
5,15,6,0
5,15,7,0
5,15,8,0
5,15,9,0
5,15,10,0
5,15,11,0
5,15,12,0
5,15,13,0
5,15,14,0
5,15,15,0.001472205
5,15,16,0.001691152
5,15,17,0.000996568
5,15,18,0.000747432
5,15,19,0.000513387
5,15,20,0.000392591
5,15,21,0.000430341
5,15,22,0.001562803
5,15,23,0.000286894
5,15,24,0.000415235
5,15,25,0.000785174
5,15,26,0.000392591
5,15,27,0.000498288
5,15,28,0.000166099
5,15,29,6.04018e-05
5,15,30,0.000286894
5,15,31,7.55002e-05
5,15,32,0
5,15,33,0.000271796
5,15,34,8.30453e-05
5,15,35,0.000339743
5,15,36,0.000150992
5,15,37,0.000415235
5,15,38,0
5,15,39,0.00040769
5,15,40,6.79469e-05
5,15,41,1.50984e-05
5,15,42,0
5,15,43,0.000203841
5,15,44,0
5,15,45,0
5,15,46,0
5,15,47,0
5,15,48,0
5,16,1,0
5,16,2,0
5,16,3,0
5,16,4,0
5,16,5,0
5,16,6,0
5,16,7,0
5,16,8,0
5,16,9,0
5,16,10,0
5,16,11,0
5,16,12,0
5,16,13,0
5,16,14,0
5,16,15,0
5,16,16,0.000588887
5,16,17,0.002393281
5,16,18,0.002400834
5,16,19,0.001358963
5,16,20,0.000868228
5,16,21,0.001593008
5,16,22,0.000656834
5,16,23,0.000664379
5,16,24,0.000105697
5,16,25,0.000430341
5,16,26,0.000173644
5,16,27,0.000762531
5,16,28,9.05986e-05
5,16,29,0.000702129
5,16,30,2.26517e-05
5,16,31,0.000422788
5,16,32,0.000226492
5,16,33,0.000913523
5,16,34,0.00036994
5,16,35,7.55328e-06
5,16,36,7.55328e-06
5,16,37,0.00011325
5,16,38,7.55328e-06
5,16,39,7.55328e-06
5,16,40,0
5,16,41,3.01968e-05
5,16,42,0.000188742
5,16,43,0.000694584
5,16,44,3.01968e-05
5,16,45,1.50984e-05
5,16,46,2.26517e-05
5,16,47,0
5,16,48,0.000332189
5,17,1,0
5,17,2,0
5,17,3,0
5,17,4,0
5,17,5,0
5,17,6,0
5,17,7,0
5,17,8,0
5,17,9,0
5,17,10,0
5,17,11,0
5,17,12,0
5,17,13,0
5,17,14,0
5,17,15,0
5,17,16,0
5,17,17,0.001902546
5,17,18,0.005232002
5,17,19,0.002884016
5,17,20,0.003065213
5,17,21,0.002951963
5,17,22,0.0016685
5,17,23,0.001192864
5,17,24,0.001744001
5,17,25,0.002408379
5,17,26,0.000709682
5,17,27,0.000913523
5,17,28,0.000634182
5,17,29,0.00036994
5,17,30,0.000558682
5,17,31,0.000770076
5,17,32,0.000558682
5,17,33,0.000815379
5,17,34,0.000188742
5,17,35,0.000626629
5,17,36,9.05986e-05
5,17,37,0.000188742
5,17,38,0.000196296
5,17,39,3.01968e-05
5,17,40,0
5,17,41,6.04018e-05
5,17,42,3.77501e-05
5,17,43,0
5,17,44,0
5,17,45,0
5,17,46,0
5,17,47,0
5,17,48,0
5,18,1,7.55328e-06
5,18,2,0
5,18,3,0
5,18,4,0
5,18,5,0
5,18,6,0
5,18,7,0
5,18,8,0
5,18,9,0
5,18,10,0
5,18,11,0
5,18,12,0
5,18,13,0
5,18,14,0
5,18,15,0
5,18,16,0
5,18,17,0
5,18,18,0.001041872
5,18,19,0.002800971
5,18,20,0.002015796
5,18,21,0.003216205
5,18,22,0.002612228
5,18,23,0.003699395
5,18,24,0.001993145
5,18,25,0.000807826
5,18,26,0.000989023
5,18,27,0.00105697
5,18,28,0.000936175
5,18,29,0.000596432
5,18,30,9.81437e-05
5,18,31,0.000158546
5,18,32,0.000188742
5,18,33,0.000256689
5,18,34,0.000301993
5,18,35,0.00048319
5,18,36,0.000181197
5,18,37,1.50984e-05
5,18,38,1.50984e-05
5,18,39,0.000415235
5,18,40,7.55002e-05
5,18,41,4.52952e-05
5,18,42,0
5,18,43,0
5,18,44,7.55328e-06
5,18,45,4.52952e-05
5,18,46,7.55328e-06
5,18,47,0
5,18,48,0
5,19,1,0
5,19,2,0.000102992
5,19,3,0
5,19,4,0
5,19,5,5.15012e-05
5,19,6,0
5,19,7,0
5,19,8,0
5,19,9,0
5,19,10,0
5,19,11,0
5,19,12,0
5,19,13,0
5,19,14,0
5,19,15,0
5,19,16,0
5,19,17,0
5,19,18,0
5,19,19,0.003347283
5,19,20,0.010979098
5,19,21,0.008672048
5,19,22,0.008198278
5,19,23,0.007673006
5,19,24,0.005808826
5,19,25,0.002935314
5,19,26,0.003295792
5,19,27,0.004068238
5,19,28,0.001905381
5,19,29,0.001205026
5,19,30,0.001802389
5,19,31,0.001452212
5,19,32,0.000720956
5,19,33,0.000556162
5,19,34,0.000545862
5,19,35,0.000339877
5,19,36,1.03002e-05
5,19,37,0.000648854
5,19,38,0.000401679
5,19,39,0.00044287
5,19,40,0.000247185
5,19,41,0
5,19,42,2.06005e-05
5,19,43,2.06005e-05
5,19,44,0
5,19,45,7.20915e-05
5,19,46,1.03002e-05
5,19,47,2.06005e-05
5,19,48,0
5,20,1,0.000350178
5,20,2,0
5,20,3,0.000113292
5,20,4,0
5,20,5,0
5,20,6,0
5,20,7,0
5,20,8,0
5,20,9,0
5,20,10,0
5,20,11,0
5,20,12,0
5,20,13,0
5,20,14,0
5,20,15,0
5,20,16,0
5,20,17,0
5,20,18,0
5,20,19,0
5,20,20,0.001503703
5,20,21,0.006261996
5,20,22,0.006982951
5,20,23,0.008239469
5,20,24,0.005777925
5,20,25,0.004274223
5,20,26,0.003316392
5,20,27,0.003326682
5,20,28,0.001493402
5,20,29,0.001761188
5,20,30,0.001184426
5,20,31,0.001235917
5,20,32,0.00228645
5,20,33,0.000432569
5,20,34,0.00136981
5,20,35,0.000298676
5,20,36,0.000288386
5,20,37,0.00093724
5,20,38,1.03002e-05
5,20,39,2.06005e-05
5,20,40,0.000247185
5,20,41,0.000587063
5,20,42,0.000391379
5,20,43,3.09007e-05
5,20,44,0.000144193
5,20,45,2.06005e-05
5,20,46,5.15012e-05
5,20,47,3.09007e-05
5,20,48,0
5,21,1,1.03002e-05
5,21,2,0
5,21,3,0
5,21,4,0
5,21,5,0
5,21,6,0
5,21,7,0
5,21,8,0
5,21,9,0
5,21,10,0
5,21,11,0
5,21,12,0
5,21,13,0
5,21,14,0
5,21,15,0
5,21,16,0
5,21,17,0
5,21,18,0
5,21,19,0
5,21,20,0
5,21,21,0.003604768
5,21,22,0.011257174
5,21,23,0.016108169
5,21,24,0.008950124
5,21,25,0.008538155
5,21,26,0.007621515
5,21,27,0.006344398
5,21,28,0.004861285
5,21,29,0.003954946
5,21,30,0.001544904
5,21,31,0.002152567
5,21,32,0.00092694
5,21,33,0.001338919
5,21,34,0.000494371
5,21,35,0.000957841
5,21,36,0.000422269
5,21,37,0.000164794
5,21,38,4.1201e-05
5,21,39,0.00044287
5,21,40,0.000391379
5,21,41,0.000164794
5,21,42,7.20915e-05
5,21,43,0
5,21,44,7.20915e-05
5,21,45,0
5,21,46,0.000133893
5,21,47,0.000113292
5,21,48,2.06005e-05
5,22,1,0
5,22,2,0
5,22,3,0
5,22,4,0
5,22,5,0
5,22,6,0
5,22,7,0
5,22,8,0
5,22,9,0
5,22,10,0
5,22,11,0
5,22,12,0
5,22,13,0
5,22,14,0
5,22,15,0
5,22,16,0
5,22,17,0
5,22,18,0
5,22,19,0
5,22,20,0
5,22,21,0
5,22,22,0.001761188
5,22,23,0.005396857
5,22,24,0.00920761
5,22,25,0.007580314
5,22,26,0.003779862
5,22,27,0.006704865
5,22,28,0.002265859
5,22,29,0.002904413
5,22,30,0.003821053
5,22,31,0.001297718
5,22,32,0.001184426
5,22,33,0.000576762
5,22,34,0.000968141
5,22,35,0.001277118
5,22,36,0.000432569
5,22,37,0.000226585
5,22,38,0.000144193
5,22,39,0
5,22,40,0.000113292
5,22,41,0
5,22,42,8.23917e-05
5,22,43,2.06005e-05
5,22,44,3.09007e-05
5,22,45,0
5,22,46,1.03002e-05
5,22,47,0
5,22,48,0
5,23,1,0.000154493
5,23,2,0.000154493
5,23,3,0.000154493
5,23,4,1.03002e-05
5,23,5,0.000102992
5,23,6,0
5,23,7,0
5,23,8,0
5,23,9,0
5,23,10,0
5,23,11,0
5,23,12,0
5,23,13,0
5,23,14,0
5,23,15,0
5,23,16,0
5,23,17,0
5,23,18,0
5,23,19,0
5,23,20,0
5,23,21,0
5,23,22,0
5,23,23,0.002358551
5,23,24,0.006694575
5,23,25,0.009938866
5,23,26,0.008393962
5,23,27,0.006117803
5,23,28,0.00552045
5,23,29,0.003522376
5,23,30,0.001637596
5,23,31,0.004717102
5,23,32,0.001709687
5,23,33,0.001338919
5,23,34,0.000690055
5,23,35,0.001555204
5,23,36,0.000123593
5,23,37,0.000422269
5,23,38,0.000195684
5,23,39,0.000102992
5,23,40,0
5,23,41,0.000432569
5,23,42,0.000164794
5,23,43,0.000236885
5,23,44,0.000205984
5,23,45,0
5,23,46,0
5,23,47,0
5,23,48,1.03002e-05
5,24,1,0
5,24,2,0
5,24,3,0
5,24,4,0
5,24,5,0
5,24,6,0
5,24,7,0
5,24,8,0
5,24,9,0
5,24,10,0
5,24,11,0
5,24,12,0
5,24,13,0
5,24,14,0
5,24,15,0
5,24,16,0
5,24,17,0
5,24,18,0
5,24,19,0
5,24,20,0
5,24,21,0
5,24,22,0
5,24,23,0
5,24,24,0.001091734
5,24,25,0.00647828
5,24,26,0.005633742
5,24,27,0.003759262
5,24,28,0.002986805
5,24,29,0.004109439
5,24,30,0.003079507
5,24,31,0.003336982
5,24,32,0.001091734
5,24,33,0.002193758
5,24,34,0.000411969
5,24,35,0.00092694
5,24,36,0.000411969
5,24,37,0.000154493
5,24,38,8.23917e-05
5,24,39,3.09007e-05
5,24,40,1.03002e-05
5,24,41,5.15012e-05
5,24,42,0
5,24,43,4.1201e-05
5,24,44,0
5,24,45,0
5,24,46,0
5,24,47,0
5,24,48,0
5,25,1,0
5,25,2,0.000133893
5,25,3,3.09007e-05
5,25,4,0
5,25,5,0
5,25,6,0
5,25,7,0
5,25,8,0
5,25,9,0
5,25,10,0
5,25,11,0
5,25,12,0
5,25,13,0
5,25,14,0
5,25,15,0
5,25,16,0
5,25,17,0
5,25,18,0
5,25,19,0
5,25,20,0
5,25,21,0
5,25,22,0
5,25,23,0
5,25,24,0
5,25,25,0.001019632
5,25,26,0.00552045
5,25,27,0.008342461
5,25,28,0.005870627
5,25,29,0.003738661
5,25,30,0.003522376
5,25,31,0.003254591
5,25,32,0.002873512
5,25,33,0.001678797
5,25,34,0.001060833
5,25,35,0.001514003
5,25,36,0.001328619
5,25,37,0.000370778
5,25,38,0.000154493
5,25,39,0.000267786
5,25,40,0.000195684
5,25,41,0.000247185
5,25,42,0.001452212
5,25,43,2.06005e-05
5,25,44,1.03002e-05
5,25,45,0
5,25,46,0.000669454
5,25,47,0
5,25,48,0
5,26,1,0
5,26,2,0.000216285
5,26,3,0
5,26,4,0
5,26,5,0
5,26,6,0
5,26,7,0
5,26,8,0
5,26,9,0
5,26,10,0
5,26,11,0
5,26,12,0
5,26,13,0
5,26,14,0
5,26,15,0
5,26,16,0
5,26,17,0
5,26,18,0
5,26,19,0
5,26,20,0
5,26,21,0
5,26,22,0
5,26,23,0
5,26,24,0
5,26,25,0
5,26,26,0.001163825
5,26,27,0.005777925
5,26,28,0.00554104
5,26,29,0.00367686
5,26,30,0.002554235
5,26,31,0.004799494
5,26,32,0.00228645
5,26,33,0.001544904
5,26,34,0.001977473
5,26,35,0.000988742
5,26,36,0.000164794
5,26,37,0.000535562
5,26,38,0.000875439
5,26,39,0.000133893
5,26,40,1.03002e-05
5,26,41,6.17912e-05
5,26,42,7.20915e-05
5,26,43,0
5,26,44,9.2692e-05
5,26,45,6.17912e-05
5,26,46,0.000844548
5,26,47,0
5,26,48,0
5,27,1,0
5,27,2,0
5,27,3,0
5,27,4,0
5,27,5,0
5,27,6,0
5,27,7,0
5,27,8,0
5,27,9,0
5,27,10,0
5,27,11,0
5,27,12,0
5,27,13,0
5,27,14,0
5,27,15,0
5,27,16,0
5,27,17,0
5,27,18,0
5,27,19,0
5,27,20,0
5,27,21,0
5,27,22,0
5,27,23,0
5,27,24,0
5,27,25,0
5,27,26,0
5,27,27,0.003748961
5,27,28,0.007889291
5,27,29,0.012050232
5,27,30,0.005232063
5,27,31,0.006241395
5,27,32,0.003481175
5,27,33,0.002719029
5,27,34,0.001586094
5,27,35,0.003934345
5,27,36,0.001411011
5,27,37,0.000267786
5,27,38,0.000154493
5,27,39,6.17912e-05
5,27,40,0.000319277
5,27,41,0.000133893
5,27,42,0.00044287
5,27,43,0.000339877
5,27,44,0.000113292
5,27,45,0
5,27,46,4.1201e-05
5,27,47,0
5,27,48,0
5,28,1,0.000226585
5,28,2,0
5,28,3,0
5,28,4,0
5,28,5,0
5,28,6,0
5,28,7,0
5,28,8,0
5,28,9,0
5,28,10,0
5,28,11,0
5,28,12,0
5,28,13,0
5,28,14,0
5,28,15,0
5,28,16,0
5,28,17,0
5,28,18,0
5,28,19,0
5,28,20,0
5,28,21,0
5,28,22,0
5,28,23,0
5,28,24,0
5,28,25,0
5,28,26,0
5,28,27,0
5,28,28,0.000679755
5,28,29,0.004727392
5,28,30,0.009042816
5,28,31,0.006272296
5,28,32,0.005190862
5,28,33,0.003584168
5,28,34,0.002543935
5,28,35,0.002646927
5,28,36,0.00507757
5,28,37,0.001009332
5,28,38,0.000607663
5,28,39,0.000607663
5,28,40,6.17912e-05
5,28,41,5.15012e-05
5,28,42,0.000628264
5,28,43,7.20915e-05
5,28,44,0
5,28,45,1.03002e-05
5,28,46,0.000195684
5,28,47,0
5,28,48,6.17912e-05
5,29,1,0
5,29,2,0
5,29,3,0
5,29,4,0
5,29,5,0
5,29,6,0
5,29,7,0
5,29,8,0
5,29,9,0
5,29,10,0
5,29,11,0
5,29,12,0
5,29,13,0
5,29,14,0
5,29,15,0
5,29,16,0
5,29,17,0
5,29,18,0
5,29,19,0
5,29,20,0
5,29,21,0
5,29,22,0
5,29,23,0
5,29,24,0
5,29,25,0
5,29,26,0
5,29,27,0
5,29,28,0
5,29,29,0.002842622
5,29,30,0.006952051
5,29,31,0.010989398
5,29,32,0.009454795
5,29,33,0.006519481
5,29,34,0.002811721
5,29,35,0.001658196
5,29,36,0.002739619
5,29,37,0.000875439
5,29,38,0.000617963
5,29,39,6.17912e-05
5,29,40,0.000762146
5,29,41,0.000288386
5,29,42,4.1201e-05
5,29,43,0.000154493
5,29,44,5.15012e-05
5,29,45,0
5,29,46,0
5,29,47,0
5,29,48,0
5,30,1,0.000226585
5,30,2,0
5,30,3,0
5,30,4,0
5,30,5,0
5,30,6,0
5,30,7,0
5,30,8,0
5,30,9,0
5,30,10,0
5,30,11,0
5,30,12,0
5,30,13,0
5,30,14,0
5,30,15,0
5,30,16,0
5,30,17,0
5,30,18,0
5,30,19,0
5,30,20,0
5,30,21,0
5,30,22,0
5,30,23,0
5,30,24,0
5,30,25,0
5,30,26,0
5,30,27,0
5,30,28,0
5,30,29,0
5,30,30,0.004953977
5,30,31,0.0046038
5,30,32,0.005499849
5,30,33,0.005417458
5,30,34,0.002090765
5,30,35,0.003007405
5,30,36,0.002080465
5,30,37,0.000504671
5,30,38,0.000751856
5,30,39,0.000370778
5,30,40,6.17912e-05
5,30,41,0.000370778
5,30,42,0.00044287
5,30,43,0.000247185
5,30,44,0.000164794
5,30,45,0
5,30,46,0
5,30,47,0
5,30,48,0
5,31,1,0
5,31,2,0
5,31,3,0
5,31,4,1.53589e-05
5,31,5,0
5,31,6,0
5,31,7,0
5,31,8,0
5,31,9,0
5,31,10,0
5,31,11,0
5,31,12,0
5,31,13,0
5,31,14,0
5,31,15,0
5,31,16,0
5,31,17,0
5,31,18,0
5,31,19,0
5,31,20,0
5,31,21,0
5,31,22,0
5,31,23,0
5,31,24,0
5,31,25,0
5,31,26,0
5,31,27,0
5,31,28,0
5,31,29,0
5,31,30,0
5,31,31,0.003494094
5,31,32,0.005168184
5,31,33,0.005483036
5,31,34,0.003056371
5,31,35,0.002572571
5,31,36,0.00195055
5,31,37,0.001359238
5,31,38,0.000591312
5,31,39,0.000376288
5,31,40,0.000591312
5,31,41,9.21531e-05
5,31,42,0.000299494
5,31,43,0.000145905
5,31,44,0.000168947
5,31,45,0
5,31,46,0
5,31,47,0
5,31,48,0
5,32,1,0
5,32,2,0
5,32,3,0
5,32,4,0
5,32,5,0
5,32,6,0
5,32,7,0
5,32,8,0
5,32,9,0
5,32,10,0
5,32,11,0
5,32,12,0
5,32,13,0
5,32,14,0
5,32,15,0
5,32,16,0
5,32,17,0
5,32,18,0
5,32,19,0
5,32,20,0
5,32,21,0
5,32,22,0
5,32,23,0
5,32,24,0
5,32,25,0
5,32,26,0
5,32,27,0
5,32,28,0
5,32,29,0
5,32,30,0
5,32,31,0
5,32,32,0.000821686
5,32,33,0.003816621
5,32,34,0.005897717
5,32,35,0.005367849
5,32,36,0.001973584
5,32,37,0.001351563
5,32,38,0.001205649
5,32,39,9.98284e-05
5,32,40,0.000238058
5,32,41,0.000199665
5,32,42,0.000115187
5,32,43,9.21531e-05
5,32,44,0.000161264
5,32,45,2.30341e-05
5,32,46,0
5,32,47,0
5,32,48,0
5,33,1,0
5,33,2,0
5,33,3,0
5,33,4,0
5,33,5,2.30341e-05
5,33,6,0
5,33,7,0
5,33,8,0
5,33,9,0
5,33,10,0
5,33,11,0
5,33,12,0
5,33,13,0
5,33,14,0
5,33,15,0
5,33,16,0
5,33,17,0
5,33,18,0
5,33,19,0
5,33,20,0
5,33,21,0
5,33,22,0
5,33,23,0
5,33,24,0
5,33,25,0
5,33,26,0
5,33,27,0
5,33,28,0
5,33,29,0
5,33,30,0
5,33,31,0
5,33,32,0
5,33,33,0.002764552
5,33,34,0.007149451
5,33,35,0.005483036
5,33,36,0.004753503
5,33,37,0.001973584
5,33,38,0.001635697
5,33,39,0.00082937
5,33,40,0.00082937
5,33,41,9.98284e-05
5,33,42,0.00020734
5,33,43,8.44695e-05
5,33,44,0.000168947
5,33,45,2.30341e-05
5,33,46,3.07177e-05
5,33,47,5.37518e-05
5,33,48,0
5,34,1,0
5,34,2,0
5,34,3,0
5,34,4,0
5,34,5,0
5,34,6,0
5,34,7,0
5,34,8,0
5,34,9,0
5,34,10,0
5,34,11,0
5,34,12,0
5,34,13,0
5,34,14,0
5,34,15,0
5,34,16,0
5,34,17,0
5,34,18,0
5,34,19,0
5,34,20,0
5,34,21,0
5,34,22,0
5,34,23,0
5,34,24,0
5,34,25,0
5,34,26,0
5,34,27,0
5,34,28,0
5,34,29,0
5,34,30,0
5,34,31,0
5,34,32,0
5,34,33,0
5,34,34,0.001712492
5,34,35,0.004730461
5,34,36,0.004784221
5,34,37,0.002649365
5,34,38,0.002319154
5,34,39,0.001144222
5,34,40,0.000222699
5,34,41,0.001374597
5,34,42,6.91107e-05
5,34,43,9.98284e-05
5,34,44,9.21531e-05
5,34,45,0
5,34,46,0.000161264
5,34,47,0
5,34,48,0
5,35,1,0
5,35,2,0
5,35,3,0
5,35,4,0
5,35,5,0
5,35,6,0
5,35,7,0
5,35,8,0
5,35,9,0
5,35,10,0
5,35,11,0
5,35,12,0
5,35,13,0
5,35,14,0
5,35,15,0
5,35,16,0
5,35,17,0
5,35,18,0
5,35,19,0
5,35,20,0
5,35,21,0
5,35,22,0
5,35,23,0
5,35,24,0
5,35,25,0
5,35,26,0
5,35,27,0
5,35,28,0
5,35,29,0
5,35,30,0
5,35,31,0
5,35,32,0
5,35,33,0
5,35,34,0
5,35,35,0.002211642
5,35,36,0.006842274
5,35,37,0.003924133
5,35,38,0.001666415
5,35,39,0.002280761
5,35,40,0.001290127
5,35,41,0.000959916
5,35,42,0.000184306
5,35,43,0.000360929
5,35,44,8.44695e-05
5,35,45,0.000391647
5,35,46,6.14354e-05
5,35,47,6.91107e-05
5,35,48,2.30341e-05
5,36,1,0
5,36,2,0
5,36,3,0
5,36,4,0
5,36,5,3.8393e-05
5,36,6,0
5,36,7,0
5,36,8,0
5,36,9,0
5,36,10,0
5,36,11,0
5,36,12,0
5,36,13,0
5,36,14,0
5,36,15,0
5,36,16,0
5,36,17,0
5,36,18,0
5,36,19,0
5,36,20,0
5,36,21,0
5,36,22,0
5,36,23,0
5,36,24,0
5,36,25,0
5,36,26,0
5,36,27,0
5,36,28,0
5,36,29,0
5,36,30,0
5,36,31,0
5,36,32,0
5,36,33,0
5,36,34,0
5,36,35,0
5,36,36,0.001205649
5,36,37,0.006481345
5,36,38,0.004976203
5,36,39,0.001704808
5,36,40,0.001827679
5,36,41,0.00082937
5,36,42,0.001551219
5,36,43,0.000445398
5,36,44,0.000284135
5,36,45,0.000422364
5,36,46,0.000368604
5,36,47,7.67524e-06
5,36,48,0
5,37,1,0
5,37,2,0
5,37,3,0
5,37,4,0
5,37,5,0
5,37,6,0
5,37,7,0
5,37,8,0
5,37,9,0
5,37,10,0
5,37,11,0
5,37,12,0
5,37,13,0
5,37,14,0
5,37,15,0
5,37,16,0
5,37,17,0
5,37,18,0
5,37,19,0
5,37,20,0
5,37,21,0
5,37,22,0
5,37,23,0
5,37,24,0
5,37,25,0
5,37,26,0
5,37,27,0
5,37,28,0
5,37,29,0
5,37,30,0
5,37,31,0
5,37,32,0
5,37,33,0
5,37,34,0
5,37,35,0
5,37,36,0
5,37,37,0.002887423
5,37,38,0.006596533
5,37,39,0.006320082
5,37,40,0.002526494
5,37,41,0.000752576
5,37,42,0.00388574
5,37,43,0.001305486
5,37,44,0.001443716
5,37,45,0.000261101
5,37,46,0.000253417
5,37,47,0
5,37,48,0
5,38,1,0
5,38,2,0
5,38,3,0
5,38,4,0
5,38,5,0
5,38,6,0
5,38,7,0
5,38,8,0
5,38,9,0
5,38,10,0
5,38,11,0
5,38,12,0
5,38,13,0
5,38,14,0
5,38,15,0
5,38,16,0
5,38,17,0
5,38,18,0
5,38,19,0
5,38,20,0
5,38,21,0
5,38,22,0
5,38,23,0
5,38,24,0
5,38,25,0
5,38,26,0
5,38,27,0
5,38,28,0
5,38,29,0
5,38,30,0
5,38,31,0
5,38,32,0
5,38,33,0
5,38,34,0
5,38,35,0
5,38,36,0
5,38,37,0
5,38,38,0.002810629
5,38,39,0.005628941
5,38,40,0.003455692
5,38,41,0.002342196
5,38,42,0.001067428
5,38,43,0.000598987
5,38,44,0.000537552
5,38,45,7.67524e-06
5,38,46,0
5,38,47,0
5,38,48,7.67943e-05
5,39,1,0
5,39,2,0
5,39,3,0
5,39,4,0
5,39,5,0
5,39,6,0
5,39,7,0
5,39,8,0
5,39,9,0
5,39,10,0
5,39,11,0
5,39,12,0
5,39,13,0
5,39,14,0
5,39,15,0
5,39,16,0
5,39,17,0
5,39,18,0
5,39,19,0
5,39,20,0
5,39,21,0
5,39,22,0
5,39,23,0
5,39,24,0
5,39,25,0
5,39,26,0
5,39,27,0
5,39,28,0
5,39,29,0
5,39,30,0
5,39,31,0
5,39,32,0
5,39,33,0
5,39,34,0
5,39,35,0
5,39,36,0
5,39,37,0
5,39,38,0
5,39,39,0.002993471
5,39,40,0.006246076
5,39,41,0.003297283
5,39,42,0.0020999
5,39,43,0.002028415
5,39,44,0.000428919
5,39,45,0.000250197
5,39,46,8.93562e-05
5,39,47,9.82918e-05
5,39,48,0
5,40,1,1.78712e-05
5,40,2,0
5,40,3,0
5,40,4,0.000125099
5,40,5,0
5,40,6,0
5,40,7,0
5,40,8,0
5,40,9,0
5,40,10,0
5,40,11,0
5,40,12,0
5,40,13,0
5,40,14,0
5,40,15,0
5,40,16,0
5,40,17,0
5,40,18,0
5,40,19,0
5,40,20,0
5,40,21,0
5,40,22,0
5,40,23,0
5,40,24,0
5,40,25,0
5,40,26,0
5,40,27,0
5,40,28,0
5,40,29,0
5,40,30,0
5,40,31,0
5,40,32,0
5,40,33,0
5,40,34,0
5,40,35,0
5,40,36,0
5,40,37,0
5,40,38,0
5,40,39,0
5,40,40,0.001965865
5,40,41,0.004342769
5,40,42,0.002314355
5,40,43,0.000714859
5,40,44,0.000455726
5,40,45,0.000321682
5,40,46,6.25493e-05
5,40,47,0
5,40,48,0
5,41,1,3.57425e-05
5,41,2,0
5,41,3,0
5,41,4,2.68069e-05
5,41,5,0
5,41,6,0.00108122
5,41,7,0
5,41,8,0
5,41,9,0
5,41,10,0
5,41,11,0
5,41,12,0
5,41,13,0
5,41,14,0
5,41,15,0
5,41,16,0
5,41,17,0
5,41,18,0
5,41,19,0
5,41,20,0
5,41,21,0
5,41,22,0
5,41,23,0
5,41,24,0
5,41,25,0
5,41,26,0
5,41,27,0
5,41,28,0
5,41,29,0
5,41,30,0
5,41,31,0
5,41,32,0
5,41,33,0
5,41,34,0
5,41,35,0
5,41,36,0
5,41,37,0
5,41,38,0
5,41,39,0
5,41,40,0
5,41,41,0.000929314
5,41,42,0.003878108
5,41,43,0.002001608
5,41,44,0.000750602
5,41,45,0.000831022
5,41,46,0
5,41,47,0.000393177
5,41,48,0
5,42,1,0
5,42,2,0
5,42,3,0
5,42,4,0
5,42,5,0
5,42,6,0
5,42,7,0
5,42,8,0
5,42,9,0
5,42,10,0
5,42,11,0
5,42,12,0
5,42,13,0
5,42,14,0
5,42,15,0
5,42,16,0
5,42,17,0
5,42,18,0
5,42,19,0
5,42,20,0
5,42,21,0
5,42,22,0
5,42,23,0
5,42,24,0
5,42,25,0
5,42,26,0
5,42,27,0
5,42,28,0
5,42,29,0
5,42,30,0
5,42,31,0
5,42,32,0
5,42,33,0
5,42,34,0
5,42,35,0
5,42,36,0
5,42,37,0
5,42,38,0
5,42,39,0
5,42,40,0
5,42,41,0
5,42,42,0.001099091
5,42,43,0.001045477
5,42,44,0.001170586
5,42,45,0.000348489
5,42,46,2.68069e-05
5,42,47,3.57425e-05
5,42,48,0
5,43,1,0
5,43,2,0
5,43,3,0
5,43,4,2.68069e-05
5,43,5,0
5,43,6,0
5,43,7,0
5,43,8,0
5,43,9,0
5,43,10,0
5,43,11,0
5,43,12,0
5,43,13,0
5,43,14,0
5,43,15,0
5,43,16,0
5,43,17,0
5,43,18,0
5,43,19,0
5,43,20,0
5,43,21,0
5,43,22,0
5,43,23,0
5,43,24,0
5,43,25,0
5,43,26,0
5,43,27,0
5,43,28,0
5,43,29,0
5,43,30,0
5,43,31,0
5,43,32,0
5,43,33,0
5,43,34,0
5,43,35,0
5,43,36,0
5,43,37,0
5,43,38,0
5,43,39,0
5,43,40,0
5,43,41,0
5,43,42,0
5,43,43,0.002082029
5,43,44,0.0029756
5,43,45,0.000866765
5,43,46,0.001036542
5,43,47,0.000116163
5,43,48,0
5,44,1,0
5,44,2,0.000107227
5,44,3,0
5,44,4,0
5,44,5,0
5,44,6,0
5,44,7,0
5,44,8,0
5,44,9,0
5,44,10,0
5,44,11,0
5,44,12,0
5,44,13,0
5,44,14,0
5,44,15,0
5,44,16,0
5,44,17,0
5,44,18,0
5,44,19,0
5,44,20,0
5,44,21,0
5,44,22,0
5,44,23,0
5,44,24,0
5,44,25,0
5,44,26,0
5,44,27,0
5,44,28,0
5,44,29,0
5,44,30,0
5,44,31,0
5,44,32,0
5,44,33,0
5,44,34,0
5,44,35,0
5,44,36,0
5,44,37,0
5,44,38,0
5,44,39,0
5,44,40,0
5,44,41,0
5,44,42,0
5,44,43,0
5,44,44,0.001295684
5,44,45,0.000902507
5,44,46,2.68069e-05
5,44,47,0.000241262
5,44,48,0
5,45,1,0
5,45,2,0
5,45,3,0.000353943
5,45,4,0
5,45,5,0
5,45,6,0
5,45,7,0
5,45,8,0
5,45,9,0
5,45,10,0
5,45,11,0
5,45,12,0
5,45,13,0
5,45,14,0
5,45,15,0
5,45,16,0
5,45,17,0
5,45,18,0
5,45,19,0
5,45,20,0
5,45,21,0
5,45,22,0
5,45,23,0
5,45,24,0
5,45,25,0
5,45,26,0
5,45,27,0
5,45,28,0
5,45,29,0
5,45,30,0
5,45,31,0
5,45,32,0
5,45,33,0
5,45,34,0
5,45,35,0
5,45,36,0
5,45,37,0
5,45,38,0
5,45,39,0
5,45,40,0
5,45,41,0
5,45,42,0
5,45,43,0
5,45,44,0
5,45,45,0.006960732
5,45,46,0.010559066
5,45,47,0.000412927
5,45,48,0
5,46,1,0
5,46,2,0
5,46,3,0
5,46,4,0
5,46,5,0.000530895
5,46,6,0
5,46,7,0
5,46,8,0
5,46,9,0
5,46,10,0
5,46,11,0
5,46,12,0
5,46,13,0
5,46,14,0
5,46,15,0
5,46,16,0
5,46,17,0
5,46,18,0
5,46,19,0
5,46,20,0
5,46,21,0
5,46,22,0
5,46,23,0
5,46,24,0
5,46,25,0
5,46,26,0
5,46,27,0
5,46,28,0
5,46,29,0
5,46,30,0
5,46,31,0
5,46,32,0
5,46,33,0
5,46,34,0
5,46,35,0
5,46,36,0
5,46,37,0
5,46,38,0
5,46,39,0
5,46,40,0
5,46,41,0
5,46,42,0
5,46,43,0
5,46,44,0
5,46,45,0
5,46,46,0.005191057
5,46,47,0.001061809
5,46,48,0.000530895
5,47,1,0
5,47,2,0.000589898
5,47,3,0
5,47,4,0
5,47,5,0
5,47,6,0
5,47,7,0
5,47,8,0
5,47,9,0
5,47,10,0
5,47,11,0
5,47,12,0
5,47,13,0
5,47,14,0
5,47,15,0
5,47,16,0
5,47,17,0
5,47,18,0
5,47,19,0
5,47,20,0
5,47,21,0
5,47,22,0
5,47,23,0
5,47,24,0
5,47,25,0
5,47,26,0
5,47,27,0
5,47,28,0
5,47,29,0
5,47,30,0
5,47,31,0
5,47,32,0
5,47,33,0
5,47,34,0
5,47,35,0
5,47,36,0
5,47,37,0
5,47,38,0
5,47,39,0
5,47,40,0
5,47,41,0
5,47,42,0
5,47,43,0
5,47,44,0
5,47,45,0
5,47,46,0
5,47,47,0.003303395
5,47,48,0.001769675
5,48,1,0.001592704
5,48,2,0.000471911
5,48,3,0
5,48,4,0
5,48,5,0
5,48,6,0
5,48,7,0
5,48,8,0
5,48,9,0
5,48,10,0
5,48,11,0
5,48,12,0
5,48,13,0
5,48,14,0
5,48,15,0
5,48,16,0
5,48,17,0
5,48,18,0
5,48,19,0
5,48,20,0
5,48,21,0
5,48,22,0
5,48,23,0
5,48,24,0
5,48,25,0
5,48,26,0
5,48,27,0
5,48,28,0
5,48,29,0
5,48,30,0
5,48,31,0
5,48,32,0
5,48,33,0
5,48,34,0
5,48,35,0
5,48,36,0
5,48,37,0
5,48,38,0
5,48,39,0
5,48,40,0
5,48,41,0
5,48,42,0
5,48,43,0
5,48,44,0
5,48,45,0
5,48,46,0
5,48,47,0
5,48,48,0.001769675
6,1,1,0.000300488
6,1,2,0
6,1,3,0.000200325
6,1,4,0
6,1,5,0
6,1,6,0
6,1,7,0
6,1,8,0
6,1,9,0
6,1,10,0
6,1,11,0
6,1,12,0
6,1,13,0
6,1,14,0
6,1,15,0
6,1,16,0
6,1,17,0
6,1,18,0
6,1,19,0
6,1,20,0
6,1,21,0
6,1,22,0
6,1,23,0
6,1,24,0
6,1,25,0
6,1,26,0
6,1,27,0
6,1,28,0
6,1,29,0
6,1,30,0
6,1,31,0
6,1,32,0
6,1,33,0
6,1,34,0
6,1,35,0
6,1,36,0
6,1,37,0
6,1,38,0
6,1,39,0
6,1,40,0
6,1,41,0
6,1,42,0
6,1,43,0
6,1,44,0
6,1,45,0
6,1,46,0
6,1,47,0
6,1,48,0
6,2,1,0
6,2,2,2.00271e-05
6,2,3,0.000200325
6,2,4,0
6,2,5,0
6,2,6,0
6,2,7,0
6,2,8,0
6,2,9,0
6,2,10,0
6,2,11,0
6,2,12,0
6,2,13,0
6,2,14,0
6,2,15,0
6,2,16,0
6,2,17,0
6,2,18,0
6,2,19,0
6,2,20,0
6,2,21,0
6,2,22,0
6,2,23,0
6,2,24,0
6,2,25,0
6,2,26,0
6,2,27,0
6,2,28,0
6,2,29,0
6,2,30,0
6,2,31,0
6,2,32,0
6,2,33,0
6,2,34,0
6,2,35,0
6,2,36,0
6,2,37,0
6,2,38,0
6,2,39,0
6,2,40,0
6,2,41,0
6,2,42,0
6,2,43,0
6,2,44,0
6,2,45,0
6,2,46,0
6,2,47,0
6,2,48,0
6,3,1,0
6,3,2,0
6,3,3,0
6,3,4,0
6,3,5,0
6,3,6,0.000540867
6,3,7,0
6,3,8,0
6,3,9,0
6,3,10,0
6,3,11,0
6,3,12,0
6,3,13,0
6,3,14,0
6,3,15,0
6,3,16,0
6,3,17,0
6,3,18,0
6,3,19,0
6,3,20,0
6,3,21,0
6,3,22,0
6,3,23,0
6,3,24,0
6,3,25,0
6,3,26,0
6,3,27,0
6,3,28,0
6,3,29,0
6,3,30,0
6,3,31,0
6,3,32,0
6,3,33,0
6,3,34,0
6,3,35,0
6,3,36,0
6,3,37,0
6,3,38,0
6,3,39,0
6,3,40,0
6,3,41,0
6,3,42,0
6,3,43,0
6,3,44,0
6,3,45,0
6,3,46,0
6,3,47,0
6,3,48,0
6,4,1,0
6,4,2,0
6,4,3,0
6,4,4,0
6,4,5,2.00271e-05
6,4,6,0
6,4,7,0
6,4,8,0
6,4,9,0
6,4,10,0
6,4,11,0
6,4,12,0
6,4,13,0
6,4,14,0
6,4,15,0
6,4,16,0
6,4,17,0
6,4,18,0
6,4,19,0
6,4,20,0
6,4,21,0
6,4,22,0
6,4,23,0
6,4,24,0
6,4,25,0
6,4,26,0
6,4,27,0
6,4,28,0
6,4,29,0
6,4,30,0
6,4,31,0
6,4,32,0
6,4,33,0
6,4,34,0
6,4,35,0
6,4,36,0
6,4,37,0
6,4,38,0
6,4,39,0
6,4,40,0
6,4,41,0
6,4,42,0
6,4,43,0
6,4,44,0
6,4,45,0
6,4,46,0
6,4,47,0
6,4,48,0
6,5,1,0
6,5,2,0
6,5,3,0
6,5,4,0
6,5,5,0.000180285
6,5,6,0
6,5,7,0
6,5,8,0
6,5,9,0
6,5,10,0
6,5,11,0
6,5,12,0
6,5,13,0
6,5,14,0
6,5,15,0
6,5,16,0
6,5,17,0
6,5,18,0
6,5,19,0
6,5,20,0
6,5,21,0
6,5,22,0
6,5,23,0
6,5,24,0
6,5,25,0
6,5,26,0
6,5,27,0
6,5,28,0
6,5,29,0
6,5,30,0
6,5,31,0
6,5,32,0
6,5,33,0
6,5,34,0
6,5,35,0
6,5,36,0
6,5,37,0
6,5,38,0
6,5,39,0
6,5,40,0
6,5,41,0
6,5,42,0
6,5,43,0
6,5,44,0
6,5,45,0
6,5,46,0
6,5,47,0
6,5,48,0
6,6,1,0
6,6,2,0
6,6,3,0
6,6,4,0
6,6,5,0
6,6,6,0
6,6,7,0
6,6,8,0
6,6,9,0
6,6,10,0
6,6,11,0
6,6,12,0
6,6,13,0
6,6,14,0
6,6,15,0
6,6,16,0
6,6,17,0
6,6,18,0
6,6,19,0
6,6,20,0
6,6,21,0
6,6,22,0
6,6,23,0
6,6,24,0
6,6,25,0
6,6,26,0
6,6,27,0
6,6,28,0
6,6,29,0
6,6,30,0
6,6,31,0
6,6,32,0
6,6,33,0
6,6,34,0
6,6,35,0
6,6,36,0
6,6,37,0
6,6,38,0
6,6,39,0
6,6,40,0
6,6,41,0
6,6,42,0
6,6,43,0
6,6,44,0
6,6,45,0
6,6,46,0
6,6,47,0
6,6,48,0
6,7,1,0
6,7,2,0
6,7,3,0
6,7,4,0
6,7,5,0
6,7,6,0
6,7,7,0
6,7,8,0
6,7,9,0
6,7,10,2.00271e-05
6,7,11,0
6,7,12,0
6,7,13,0
6,7,14,0
6,7,15,0
6,7,16,0
6,7,17,0
6,7,18,0
6,7,19,0
6,7,20,0
6,7,21,0
6,7,22,0
6,7,23,0
6,7,24,0
6,7,25,0
6,7,26,0
6,7,27,0
6,7,28,0
6,7,29,0
6,7,30,0
6,7,31,0.000200325
6,7,32,0
6,7,33,0
6,7,34,0
6,7,35,0
6,7,36,0
6,7,37,0
6,7,38,0
6,7,39,0
6,7,40,0
6,7,41,0
6,7,42,0
6,7,43,0
6,7,44,0
6,7,45,0
6,7,46,0
6,7,47,0
6,7,48,0
6,8,1,0
6,8,2,0
6,8,3,0
6,8,4,0
6,8,5,0
6,8,6,0
6,8,7,0
6,8,8,0.00352565
6,8,9,0
6,8,10,0
6,8,11,0
6,8,12,0
6,8,13,0
6,8,14,0
6,8,15,0
6,8,16,0
6,8,17,0
6,8,18,0
6,8,19,0
6,8,20,0
6,8,21,0
6,8,22,0
6,8,23,0
6,8,24,0
6,8,25,0
6,8,26,0
6,8,27,0
6,8,28,0
6,8,29,0
6,8,30,0
6,8,31,0
6,8,32,0
6,8,33,0
6,8,34,0
6,8,35,0
6,8,36,0
6,8,37,0
6,8,38,0.000200325
6,8,39,0
6,8,40,0
6,8,41,0
6,8,42,0
6,8,43,0
6,8,44,0
6,8,45,0
6,8,46,0
6,8,47,0
6,8,48,0
6,9,1,0
6,9,2,0
6,9,3,0
6,9,4,0
6,9,5,0
6,9,6,0
6,9,7,0
6,9,8,0
6,9,9,0.000360583
6,9,10,0.000180285
6,9,11,0.00012019
6,9,12,0.000580935
6,9,13,0
6,9,14,0
6,9,15,0
6,9,16,0
6,9,17,0
6,9,18,0
6,9,19,0
6,9,20,0
6,9,21,0
6,9,22,0
6,9,23,0
6,9,24,0
6,9,25,8.01219e-05
6,9,26,0.000340542
6,9,27,0
6,9,28,0
6,9,29,0
6,9,30,2.00271e-05
6,9,31,0
6,9,32,0.000360583
6,9,33,0
6,9,34,0
6,9,35,0
6,9,36,0
6,9,37,2.00271e-05
6,9,38,0
6,9,39,0
6,9,40,0
6,9,41,0
6,9,42,0.000180285
6,9,43,0
6,9,44,0
6,9,45,0
6,9,46,0
6,9,47,0
6,9,48,0
6,10,1,0
6,10,2,0
6,10,3,0
6,10,4,0
6,10,5,0
6,10,6,0
6,10,7,0
6,10,8,0
6,10,9,0
6,10,10,0.000701125
6,10,11,0.000500799
6,10,12,0.000300488
6,10,13,0.001382209
6,10,14,2.00271e-05
6,10,15,0.000300488
6,10,16,0.000100163
6,10,17,0
6,10,18,0
6,10,19,0
6,10,20,0
6,10,21,0
6,10,22,0
6,10,23,0.000200325
6,10,24,0
6,10,25,0
6,10,26,0
6,10,27,0
6,10,28,0.00012019
6,10,29,8.01219e-05
6,10,30,0
6,10,31,0.00012019
6,10,32,0.000100163
6,10,33,0
6,10,34,0
6,10,35,0
6,10,36,0.000340542
6,10,37,0
6,10,38,0
6,10,39,0
6,10,40,0
6,10,41,0
6,10,42,0
6,10,43,0
6,10,44,0
6,10,45,0
6,10,46,0
6,10,47,0
6,10,48,0
6,11,1,0
6,11,2,0
6,11,3,0
6,11,4,0
6,11,5,0
6,11,6,0
6,11,7,0
6,11,8,0
6,11,9,0
6,11,10,0
6,11,11,0.000861382
6,11,12,0.001702724
6,11,13,0.003104973
6,11,14,0.002023238
6,11,15,0.000480772
6,11,16,0.000180285
6,11,17,0
6,11,18,0.000240379
6,11,19,0.000721152
6,11,20,0
6,11,21,0
6,11,22,6.00948e-05
6,11,23,0.000200325
6,11,24,2.00271e-05
6,11,25,0.00128206
6,11,26,0
6,11,27,0
6,11,28,4.00678e-05
6,11,29,0
6,11,30,6.00948e-05
6,11,31,0
6,11,32,0
6,11,33,4.00678e-05
6,11,34,2.00271e-05
6,11,35,0
6,11,36,6.00948e-05
6,11,37,2.00271e-05
6,11,38,0
6,11,39,8.01219e-05
6,11,40,0
6,11,41,0
6,11,42,0
6,11,43,6.00948e-05
6,11,44,0
6,11,45,0
6,11,46,0
6,11,47,0
6,11,48,0
6,12,1,0
6,12,2,0
6,12,3,0
6,12,4,0
6,12,5,0
6,12,6,0
6,12,7,0
6,12,8,0
6,12,9,0
6,12,10,0
6,12,11,0
6,12,12,0.001041667
6,12,13,0.00376603
6,12,14,0.00338542
6,12,15,0.001422276
6,12,16,0.000941504
6,12,17,0.000921477
6,12,18,0.000420678
6,12,19,0
6,12,20,0
6,12,21,0.000100163
6,12,22,0.000320515
6,12,23,2.00271e-05
6,12,24,2.00271e-05
6,12,25,6.00948e-05
6,12,26,0
6,12,27,0
6,12,28,0.000220352
6,12,29,0.000180285
6,12,30,0
6,12,31,0
6,12,32,0
6,12,33,0.000500799
6,12,34,0.000480772
6,12,35,0
6,12,36,0
6,12,37,0.001402249
6,12,38,0.000981572
6,12,39,8.01219e-05
6,12,40,0.000320515
6,12,41,2.00271e-05
6,12,42,0
6,12,43,0
6,12,44,0
6,12,45,0
6,12,46,0
6,12,47,0
6,12,48,0
6,13,1,0
6,13,2,0
6,13,3,0
6,13,4,0
6,13,5,0
6,13,6,0
6,13,7,0
6,13,8,0
6,13,9,0
6,13,10,0
6,13,11,0
6,13,12,0
6,13,13,0.000638077
6,13,14,0.001780303
6,13,15,0.000898032
6,13,16,0.000882271
6,13,17,0.000433264
6,13,18,0.000661706
6,13,19,0.0001733
6,13,20,0.000393875
6,13,21,9.45306e-05
6,13,22,0.000126035
6,13,23,9.45306e-05
6,13,24,7.87611e-06
6,13,25,6.30175e-05
6,13,26,3.93892e-05
6,13,27,0.00013392
6,13,28,2.36283e-05
6,13,29,6.30175e-05
6,13,30,0.000157548
6,13,31,6.30175e-05
6,13,32,0.000110283
6,13,33,0.000811378
6,13,34,1.57522e-05
6,13,35,0.00013392
6,13,36,0.000259955
6,13,37,6.30175e-05
6,13,38,0.000118159
6,13,39,3.93892e-05
6,13,40,0.000102407
6,13,41,0.000149672
6,13,42,4.72653e-05
6,13,43,0
6,13,44,2.36283e-05
6,13,45,0
6,13,46,0
6,13,47,0
6,13,48,0
6,14,1,0
6,14,2,0
6,14,3,0
6,14,4,0
6,14,5,0
6,14,6,0
6,14,7,0
6,14,8,0
6,14,9,0
6,14,10,0
6,14,11,0
6,14,12,0
6,14,13,0
6,14,14,0.001284022
6,14,15,0.001953612
6,14,16,0.001945727
6,14,17,0.001150111
6,14,18,0.001236757
6,14,19,0.000606564
6,14,20,9.45306e-05
6,14,21,0.000141796
6,14,22,7.08936e-05
6,14,23,7.08936e-05
6,14,24,0.000149672
6,14,25,0.000165424
6,14,26,6.30175e-05
6,14,27,0
6,14,28,0.000315096
6,14,29,0.000220566
6,14,30,0.000330857
6,14,31,0.000165424
6,14,32,0.000157548
6,14,33,0.000102407
6,14,34,0.000346609
6,14,35,0.000283592
6,14,36,0.000110283
6,14,37,0
6,14,38,0.000543547
6,14,39,6.30175e-05
6,14,40,0
6,14,41,7.87784e-05
6,14,42,0.000275707
6,14,43,0
6,14,44,7.87611e-06
6,14,45,0
6,14,46,1.57522e-05
6,14,47,1.57522e-05
6,14,48,0
6,15,1,0
6,15,2,0
6,15,3,0
6,15,4,0
6,15,5,0
6,15,6,0
6,15,7,0
6,15,8,0
6,15,9,0
6,15,10,0
6,15,11,0
6,15,12,0
6,15,13,0
6,15,14,0
6,15,15,0.000937421
6,15,16,0.003442447
6,15,17,0.002694087
6,15,18,0.001685773
6,15,19,0.001386429
6,15,20,0.002174178
6,15,21,0.000645953
6,15,22,0.000756236
6,15,23,0.000417503
6,15,24,0.000716847
6,15,25,0.001394313
6,15,26,0.000771988
6,15,27,0.000244203
6,15,28,0.00113435
6,15,29,3.93892e-05
6,15,30,0.000456892
6,15,31,0.000244203
6,15,32,0.000842891
6,15,33,3.93892e-05
6,15,34,0.000385998
6,15,35,0.000417503
6,15,36,0.000795625
6,15,37,0.000267831
6,15,38,7.87611e-06
6,15,39,1.57522e-05
6,15,40,1.57522e-05
6,15,41,5.51414e-05
6,15,42,0.0001733
6,15,43,7.87611e-06
6,15,44,0
6,15,45,2.36283e-05
6,15,46,1.57522e-05
6,15,47,2.36283e-05
6,15,48,0
6,16,1,2.36283e-05
6,16,2,0
6,16,3,0
6,16,4,0
6,16,5,0
6,16,6,0
6,16,7,0
6,16,8,0
6,16,9,0
6,16,10,0
6,16,11,0
6,16,12,0
6,16,13,0
6,16,14,0
6,16,15,0
6,16,16,0.00113435
6,16,17,0.003938729
6,16,18,0.001457331
6,16,19,0.00188271
6,16,20,0.000779864
6,16,21,0.001063456
6,16,22,0.000740484
6,16,23,0.00074836
6,16,24,0.000598688
6,16,25,0.00074836
6,16,26,0.001992993
6,16,27,0.00092166
6,16,28,0.000638077
6,16,29,0.000433264
6,16,30,0.000645953
6,16,31,0.000984678
6,16,32,0.001536101
6,16,33,0.000622316
6,16,34,0.000236326
6,16,35,0.000575051
6,16,36,0.000196937
6,16,37,0.000456892
6,16,38,0.000291468
6,16,39,0.000102407
6,16,40,0
6,16,41,0.000165424
6,16,42,0.0001733
6,16,43,0
6,16,44,7.08936e-05
6,16,45,0
6,16,46,0
6,16,47,0
6,16,48,0
6,17,1,1.57522e-05
6,17,2,0
6,17,3,0
6,17,4,0
6,17,5,0
6,17,6,0
6,17,7,0
6,17,8,0
6,17,9,0
6,17,10,0
6,17,11,0
6,17,12,0
6,17,13,0
6,17,14,0
6,17,15,0
6,17,16,0
6,17,17,0.00157549
6,17,18,0.003158856
6,17,19,0.002583805
6,17,20,0.003158856
6,17,21,0.002426256
6,17,22,0.001291907
6,17,23,0.001725162
6,17,24,0.001646392
6,17,25,0.00122888
6,17,26,0.000645953
6,17,27,0.000567175
6,17,28,0.000638077
6,17,29,0.000803501
6,17,30,0.001213128
6,17,31,0.000456892
6,17,32,0.000504157
6,17,33,0.000850767
6,17,34,0.000204813
6,17,35,0.000764112
6,17,36,0.000543547
6,17,37,0.000330857
6,17,38,7.08936e-05
6,17,39,0.000401751
6,17,40,4.72653e-05
6,17,41,9.45306e-05
6,17,42,9.45306e-05
6,17,43,7.87611e-06
6,17,44,3.15131e-05
6,17,45,0.000118159
6,17,46,3.15131e-05
6,17,47,0.00044114
6,17,48,7.87611e-06
6,18,1,0
6,18,2,0
6,18,3,0
6,18,4,0
6,18,5,2.36283e-05
6,18,6,0
6,18,7,0
6,18,8,0
6,18,9,0
6,18,10,0
6,18,11,0
6,18,12,0
6,18,13,0
6,18,14,0
6,18,15,0
6,18,16,0
6,18,17,0
6,18,18,0.000913784
6,18,19,0.00211116
6,18,20,0.004734354
6,18,21,0.002205691
6,18,22,0.002024506
6,18,23,0.001559738
6,18,24,0.000842891
6,18,25,0.001567614
6,18,26,0.001961488
6,18,27,0.000701095
6,18,28,0.001449455
6,18,29,0.001213128
6,18,30,0.000149672
6,18,31,0.002315974
6,18,32,0.000464768
6,18,33,0.000283592
6,18,34,7.08936e-05
6,18,35,0.000488405
6,18,36,0.000590812
6,18,37,0.000417503
6,18,38,0.001181615
6,18,39,0.000118159
6,18,40,0.000866519
6,18,41,0.000267831
6,18,42,7.87784e-05
6,18,43,7.87611e-06
6,18,44,5.51414e-05
6,18,45,7.87611e-06
6,18,46,0
6,18,47,0
6,18,48,0
6,19,1,4.35485e-05
6,19,2,0
6,19,3,1.08871e-05
6,19,4,0
6,19,5,0
6,19,6,0
6,19,7,0
6,19,8,0
6,19,9,0
6,19,10,0
6,19,11,0
6,19,12,0
6,19,13,0
6,19,14,0
6,19,15,0
6,19,16,0
6,19,17,0
6,19,18,0
6,19,19,0.001959458
6,19,20,0.003777405
6,19,21,0.004757129
6,19,22,0.005290534
6,19,23,0.003690308
6,19,24,0.004082202
6,19,25,0.002046545
6,19,26,0.002166292
6,19,27,0.001589339
6,19,28,0.002699697
6,19,29,0.002079206
6,19,30,0.000859987
6,19,31,0.001589339
6,19,32,0.001055934
6,19,33,0.000381007
6,19,34,0.000903525
6,19,35,0.000881761
6,19,36,0.000272146
6,19,37,0.000947073
6,19,38,0
6,19,39,0.000511641
6,19,40,0.00047898
6,19,41,0.000402781
6,19,42,0.000359232
6,19,43,0.000359232
6,19,44,0
6,19,45,0
6,19,46,0
6,19,47,0
6,19,48,0
6,20,1,2.17742e-05
6,20,2,1.08871e-05
6,20,3,0
6,20,4,0
6,20,5,0
6,20,6,0
6,20,7,0
6,20,8,0
6,20,9,0
6,20,10,0
6,20,11,0
6,20,12,0
6,20,13,0
6,20,14,0
6,20,15,0
6,20,16,0
6,20,17,0
6,20,18,0
6,20,19,0
6,20,20,0.001817947
6,20,21,0.002177179
6,20,22,0.0024711
6,20,23,0.003635883
6,20,24,0.006934308
6,20,25,0.003254877
6,20,26,0.002198943
6,20,27,0.001295418
6,20,28,0.0008491
6,20,29,0.001230106
6,20,30,0.000729352
6,20,31,0.000587841
6,20,32,0.001164794
6,20,33,0.00018506
6,20,34,0.001262757
6,20,35,0.001240993
6,20,36,0.000500754
6,20,37,0.000576954
6,20,38,0.000119748
6,20,39,9.79734e-05
6,20,40,0.00029392
6,20,41,0.000685814
6,20,42,0
6,20,43,1.08871e-05
6,20,44,1.08871e-05
6,20,45,0.000174173
6,20,46,0.000152398
6,20,47,0
6,20,48,0
6,21,1,2.17742e-05
6,21,2,0
6,21,3,0
6,21,4,0
6,21,5,0.000119748
6,21,6,0
6,21,7,0
6,21,8,0
6,21,9,0
6,21,10,0
6,21,11,0
6,21,12,0
6,21,13,0
6,21,14,0
6,21,15,0
6,21,16,0
6,21,17,0
6,21,18,0
6,21,19,0
6,21,20,0
6,21,21,0.001415166
6,21,22,0.004397896
6,21,23,0.00353791
6,21,24,0.003886255
6,21,25,0.003080704
6,21,26,0.001317193
6,21,27,0.001393392
6,21,28,0.003701195
6,21,29,0.001534914
6,21,30,0.004180175
6,21,31,0.001023272
6,21,32,0.000925299
6,21,33,0.0008491
6,21,34,0.001153907
6,21,35,0.000304807
6,21,36,0.000533405
6,21,37,0.000261259
6,21,38,0.000119748
6,21,39,0.000217721
6,21,40,0.000272146
6,21,41,0.000250372
6,21,42,0.000783788
6,21,43,0.000163286
6,21,44,4.35485e-05
6,21,45,0.000283033
6,21,46,3.26614e-05
6,21,47,7.61992e-05
6,21,48,0
6,22,1,2.17742e-05
6,22,2,0
6,22,3,0
6,22,4,0
6,22,5,0
6,22,6,0
6,22,7,0
6,22,8,0
6,22,9,0
6,22,10,0
6,22,11,0
6,22,12,0
6,22,13,0
6,22,14,0
6,22,15,0
6,22,16,0
6,22,17,0
6,22,18,0
6,22,19,0
6,22,20,0
6,22,21,0
6,22,22,0.000718465
6,22,23,0.001622
6,22,24,0.001948571
6,22,25,0.003962465
6,22,26,0.004387009
6,22,27,0.002329578
6,22,28,0.002852096
6,22,29,0.00202477
6,22,30,0.001447817
6,22,31,0.003026279
6,22,32,0.000881761
6,22,33,0.001632887
6,22,34,0.0007729
6,22,35,0.001774398
6,22,36,0.000381007
6,22,37,0.000718465
6,22,38,0.001197445
6,22,39,7.61992e-05
6,22,40,0.000141511
6,22,41,0.000881761
6,22,42,0.000326582
6,22,43,0.000228608
6,22,44,0
6,22,45,0
6,22,46,0
6,22,47,0.000337458
6,22,48,0
6,23,1,0.000359232
6,23,2,0
6,23,3,0
6,23,4,0
6,23,5,0
6,23,6,0
6,23,7,0
6,23,8,0
6,23,9,0
6,23,10,0
6,23,11,0
6,23,12,0
6,23,13,0
6,23,14,0
6,23,15,0
6,23,16,0
6,23,17,0
6,23,18,0
6,23,19,0
6,23,20,0
6,23,21,0
6,23,22,0
6,23,23,0.001262757
6,23,24,0.004517644
6,23,25,0.004528531
6,23,26,0.003548797
6,23,27,0.002710584
6,23,28,0.003429049
6,23,29,0.002046545
6,23,30,0.001632887
6,23,31,0.00180706
6,23,32,0.001981232
6,23,33,0.002645272
6,23,34,0.001034159
6,23,35,0.000522518
6,23,36,0.000947073
6,23,37,0.000446319
6,23,38,0.000315695
6,23,39,0.000348345
6,23,40,6.53121e-05
6,23,41,0.000283033
6,23,42,0.00066404
6,23,43,0.000250372
6,23,44,0.000424545
6,23,45,0.000283033
6,23,46,0.000261259
6,23,47,1.08871e-05
6,23,48,0
6,24,1,0
6,24,2,0
6,24,3,0
6,24,4,0
6,24,5,0
6,24,6,0
6,24,7,0
6,24,8,0
6,24,9,0
6,24,10,0
6,24,11,0
6,24,12,0
6,24,13,0
6,24,14,0
6,24,15,0
6,24,16,0
6,24,17,0
6,24,18,0
6,24,19,0
6,24,20,0
6,24,21,0
6,24,22,0
6,24,23,0
6,24,24,0.00029392
6,24,25,0.001785286
6,24,26,0.003015392
6,24,27,0.003407286
6,24,28,0.002569062
6,24,29,0.001937684
6,24,30,0.002481976
6,24,31,0.0008491
6,24,32,0.000925299
6,24,33,0.002155405
6,24,34,0.001197445
6,24,35,0.001469591
6,24,36,0.000587841
6,24,37,0.000174173
6,24,38,0.000272146
6,24,39,9.79734e-05
6,24,40,0.000152398
6,24,41,0.000152398
6,24,42,0.000359232
6,24,43,0.000163286
6,24,44,3.26614e-05
6,24,45,0.00018506
6,24,46,0
6,24,47,0.000239485
6,24,48,0
6,25,1,0
6,25,2,2.17742e-05
6,25,3,0
6,25,4,0
6,25,5,0
6,25,6,0
6,25,7,0
6,25,8,0
6,25,9,0
6,25,10,0
6,25,11,0
6,25,12,0
6,25,13,0
6,25,14,0
6,25,15,0
6,25,16,0
6,25,17,0
6,25,18,0
6,25,19,0
6,25,20,0
6,25,21,0
6,25,22,0
6,25,23,0
6,25,24,0
6,25,25,0.001524027
6,25,26,0.005257883
6,25,27,0.003951578
6,25,28,0.006292043
6,25,29,0.003233102
6,25,30,0.002264266
6,25,31,0.002710584
6,25,32,0.001567564
6,25,33,0.001469591
6,25,34,0.000827325
6,25,35,0.001164794
6,25,36,0.000304807
6,25,37,0.000914412
6,25,38,0.000783788
6,25,39,0.000239485
6,25,40,0.000783788
6,25,41,0.000337458
6,25,42,4.35485e-05
6,25,43,0.000195947
6,25,44,6.53121e-05
6,25,45,0.000163286
6,25,46,0.000152398
6,25,47,0.000206834
6,25,48,0
6,26,1,5.4425e-05
6,26,2,7.61992e-05
6,26,3,0
6,26,4,0
6,26,5,0
6,26,6,0
6,26,7,0
6,26,8,0
6,26,9,0
6,26,10,0
6,26,11,0
6,26,12,0
6,26,13,0
6,26,14,0
6,26,15,0
6,26,16,0
6,26,17,0
6,26,18,0
6,26,19,0
6,26,20,0
6,26,21,0
6,26,22,0
6,26,23,0
6,26,24,0
6,26,25,0
6,26,26,0.000598728
6,26,27,0.003668545
6,26,28,0.002993618
6,26,29,0.00316779
6,26,30,0.002765009
6,26,31,0.002481976
6,26,32,0.00132808
6,26,33,0.001153907
6,26,34,0.000936186
6,26,35,0.001567564
6,26,36,0.001905033
6,26,37,0.000555179
6,26,38,6.53121e-05
6,26,39,0.000163286
6,26,40,0.000979734
6,26,41,0.000119748
6,26,42,0.000119748
6,26,43,0.000598728
6,26,44,0
6,26,45,0.000522518
6,26,46,0
6,26,47,7.61992e-05
6,26,48,0
6,27,1,0
6,27,2,0
6,27,3,0.000108861
6,27,4,0
6,27,5,6.53121e-05
6,27,6,0
6,27,7,0
6,27,8,0
6,27,9,0
6,27,10,0
6,27,11,0
6,27,12,0
6,27,13,0
6,27,14,0
6,27,15,0
6,27,16,0
6,27,17,0
6,27,18,0
6,27,19,0
6,27,20,0
6,27,21,0
6,27,22,0
6,27,23,0
6,27,24,0
6,27,25,0
6,27,26,0
6,27,27,0.000674927
6,27,28,0.002645272
6,27,29,0.002427551
6,27,30,0.003341963
6,27,31,0.003744744
6,27,32,0.002177179
6,27,33,0.001741737
6,27,34,0.000587841
6,27,35,0.000936186
6,27,36,0.000587841
6,27,37,0.000936186
6,27,38,6.53121e-05
6,27,39,0.000108861
6,27,40,0.000522518
6,27,41,0.000228608
6,27,42,2.17742e-05
6,27,43,0.000239485
6,27,44,2.17742e-05
6,27,45,4.35485e-05
6,27,46,3.26614e-05
6,27,47,3.26614e-05
6,27,48,0.000108861
6,28,1,0
6,28,2,1.08871e-05
6,28,3,8.70863e-05
6,28,4,0
6,28,5,0
6,28,6,0
6,28,7,0
6,28,8,0
6,28,9,0
6,28,10,0
6,28,11,0
6,28,12,0
6,28,13,0
6,28,14,0
6,28,15,0
6,28,16,0
6,28,17,0
6,28,18,0
6,28,19,0
6,28,20,0
6,28,21,0
6,28,22,0
6,28,23,0
6,28,24,0
6,28,25,0
6,28,26,0
6,28,27,0
6,28,28,0.000936186
6,28,29,0.001502252
6,28,30,0.002079206
6,28,31,0.003233102
6,28,32,0.001632887
6,28,33,0.002808558
6,28,34,0.003712082
6,28,35,0.000435432
6,28,36,0.000337458
6,28,37,0.000587841
6,28,38,0.000261259
6,28,39,9.79734e-05
6,28,40,0.000598728
6,28,41,0.000195947
6,28,42,0
6,28,43,1.08871e-05
6,28,44,0.000206834
6,28,45,0.000968847
6,28,46,0
6,28,47,0.000141511
6,28,48,0.000261259
6,29,1,0.000511641
6,29,2,0
6,29,3,0
6,29,4,0
6,29,5,0
6,29,6,0
6,29,7,0
6,29,8,0
6,29,9,0
6,29,10,0
6,29,11,0
6,29,12,0
6,29,13,0
6,29,14,0
6,29,15,0
6,29,16,0
6,29,17,0
6,29,18,0
6,29,19,0
6,29,20,0
6,29,21,0
6,29,22,0
6,29,23,0
6,29,24,0
6,29,25,0
6,29,26,0
6,29,27,0
6,29,28,0
6,29,29,0.001578452
6,29,30,0.002786784
6,29,31,0.002667036
6,29,32,0.002634385
6,29,33,0.003048043
6,29,34,0.003048043
6,29,35,0.003178677
6,29,36,0.003690308
6,29,37,0.001077697
6,29,38,0.001110359
6,29,39,0.000566066
6,29,40,0.000718465
6,29,41,0.000283033
6,29,42,0.000413668
6,29,43,6.53121e-05
6,29,44,0.000457206
6,29,45,0.000413668
6,29,46,8.70863e-05
6,29,47,8.70863e-05
6,29,48,5.4425e-05
6,30,1,0
6,30,2,0
6,30,3,6.53121e-05
6,30,4,0
6,30,5,0.000119748
6,30,6,0
6,30,7,0
6,30,8,0
6,30,9,0
6,30,10,0
6,30,11,0
6,30,12,0
6,30,13,0
6,30,14,0
6,30,15,0
6,30,16,0
6,30,17,0
6,30,18,0
6,30,19,0
6,30,20,0
6,30,21,0
6,30,22,0
6,30,23,0
6,30,24,0
6,30,25,0
6,30,26,0
6,30,27,0
6,30,28,0
6,30,29,0
6,30,30,0.0007729
6,30,31,0.001654651
6,30,32,0.00803378
6,30,33,0.001153907
6,30,34,0.001839711
6,30,35,0.000859987
6,30,36,0.001349854
6,30,37,0.000762013
6,30,38,0.000326582
6,30,39,0.000348345
6,30,40,4.35485e-05
6,30,41,0.001415166
6,30,42,0.00047898
6,30,43,0.000457206
6,30,44,0.000718465
6,30,45,1.08871e-05
6,30,46,2.17742e-05
6,30,47,0
6,30,48,0
6,31,1,0
6,31,2,0
6,31,3,0
6,31,4,2.78689e-05
6,31,5,0
6,31,6,0
6,31,7,0
6,31,8,0
6,31,9,0
6,31,10,0
6,31,11,0
6,31,12,0
6,31,13,0
6,31,14,0
6,31,15,0
6,31,16,0
6,31,17,0
6,31,18,0
6,31,19,0
6,31,20,0
6,31,21,0
6,31,22,0
6,31,23,0
6,31,24,0
6,31,25,0
6,31,26,0
6,31,27,0
6,31,28,0
6,31,29,0
6,31,30,0
6,31,31,0.000752499
6,31,32,0.002796327
6,31,33,0.002796327
6,31,34,0.001412098
6,31,35,0.002266789
6,31,36,0.001913767
6,31,37,0.001272744
6,31,38,0.0004738
6,31,39,0.001486421
6,31,40,0.00088256
6,31,41,0.000483083
6,31,42,0.000520245
6,31,43,9.28996e-05
6,31,44,0.000325153
6,31,45,0.000148637
6,31,46,4.64545e-05
6,31,47,2.78689e-05
6,31,48,0
6,32,1,0.000130061
6,32,2,0
6,32,3,2.78689e-05
6,32,4,0
6,32,5,0
6,32,6,0
6,32,7,0
6,32,8,0
6,32,9,0
6,32,10,0
6,32,11,0
6,32,12,0
6,32,13,0
6,32,14,0
6,32,15,0
6,32,16,0
6,32,17,0
6,32,18,0
6,32,19,0
6,32,20,0
6,32,21,0
6,32,22,0
6,32,23,0
6,32,24,0
6,32,25,0
6,32,26,0
6,32,27,0
6,32,28,0
6,32,29,0
6,32,30,0
6,32,31,0
6,32,32,0.001588604
6,32,33,0.00185802
6,32,34,0.004282739
6,32,35,0.002963541
6,32,36,0.001960212
6,32,37,0.00208098
6,32,38,0.00097546
6,32,39,0.000817529
6,32,40,0.000148637
6,32,41,0.000557407
6,32,42,0.00025083
6,32,43,8.36067e-05
6,32,44,7.43235e-05
6,32,45,9.28996e-05
6,32,46,0.000111485
6,32,47,0
6,32,48,9.29282e-06
6,33,1,0.000232254
6,33,2,0.000260123
6,33,3,0
6,33,4,0
6,33,5,0
6,33,6,0
6,33,7,0
6,33,8,0
6,33,9,0
6,33,10,0
6,33,11,0
6,33,12,0
6,33,13,0
6,33,14,0
6,33,15,0
6,33,16,0
6,33,17,0
6,33,18,0
6,33,19,0
6,33,20,0
6,33,21,0
6,33,22,0
6,33,23,0
6,33,24,0
6,33,25,0
6,33,26,0
6,33,27,0
6,33,28,0
6,33,29,0
6,33,30,0
6,33,31,0
6,33,32,0
6,33,33,0.002870641
6,33,34,0.007831565
6,33,35,0.003242249
6,33,36,0.004849439
6,33,37,0.003084319
6,33,38,0.003725332
6,33,39,0.003502371
6,33,40,0.002731296
6,33,41,0.003325855
6,33,42,0.001244875
6,33,43,0.000956883
6,33,44,0.000343739
6,33,45,0.000427346
6,33,46,0.000752499
6,33,47,0.00025083
6,33,48,3.71617e-05
6,34,1,0
6,34,2,7.43235e-05
6,34,3,3.71617e-05
6,34,4,0
6,34,5,0
6,34,6,0
6,34,7,0
6,34,8,0
6,34,9,0
6,34,10,0
6,34,11,0
6,34,12,0
6,34,13,0
6,34,14,0
6,34,15,0
6,34,16,0
6,34,17,0
6,34,18,0
6,34,19,0
6,34,20,0
6,34,21,0
6,34,22,0
6,34,23,0
6,34,24,0
6,34,25,0
6,34,26,0
6,34,27,0
6,34,28,0
6,34,29,0
6,34,30,0
6,34,31,0
6,34,32,0
6,34,33,0
6,34,34,0.001727958
6,34,35,0.004645054
6,34,36,0.005128137
6,34,37,0.003976171
6,34,38,0.006438043
6,34,39,0.00337231
6,34,40,0.003149349
6,34,41,0.002675549
6,34,42,0.000845398
6,34,43,0.001662928
6,34,44,0.000910429
6,34,45,0.00176512
6,34,46,0.001151975
6,34,47,0.001217006
6,34,48,0.001012621
6,35,1,0.000492376
6,35,2,0.000733923
6,35,3,0
6,35,4,0.000120768
6,35,5,0
6,35,6,0.000111485
6,35,7,0
6,35,8,0
6,35,9,0
6,35,10,0
6,35,11,0
6,35,12,0
6,35,13,0
6,35,14,0
6,35,15,0
6,35,16,0
6,35,17,0
6,35,18,0
6,35,19,0
6,35,20,0
6,35,21,0
6,35,22,0
6,35,23,0
6,35,24,0
6,35,25,0
6,35,26,0
6,35,27,0
6,35,28,0
6,35,29,0
6,35,30,0
6,35,31,0
6,35,32,0
6,35,33,0
6,35,34,0
6,35,35,0.002248203
6,35,36,0.00850974
6,35,37,0.005490452
6,35,38,0.008834893
6,35,39,0.004923762
6,35,40,0.003288703
6,35,41,0.00280561
6,35,42,0.003177218
6,35,43,0.001662928
6,35,44,0.001217006
6,35,45,0.00185802
6,35,46,0.001653635
6,35,47,0.001254168
6,35,48,0.000241546
6,36,1,0.000798953
6,36,2,0.000148637
6,36,3,0
6,36,4,2.78689e-05
6,36,5,0
6,36,6,0
6,36,7,0
6,36,8,0
6,36,9,0
6,36,10,0
6,36,11,0
6,36,12,0
6,36,13,0
6,36,14,0
6,36,15,0
6,36,16,0
6,36,17,0
6,36,18,0
6,36,19,0
6,36,20,0
6,36,21,0
6,36,22,0
6,36,23,0
6,36,24,0
6,36,25,0
6,36,26,0
6,36,27,0
6,36,28,0
6,36,29,0
6,36,30,0
6,36,31,0
6,36,32,0
6,36,33,0
6,36,34,0
6,36,35,0
6,36,36,0.00151429
6,36,37,0.006038576
6,36,38,0.006577397
6,36,39,0.010600013
6,36,40,0.006911843
6,36,41,0.010423507
6,36,42,0.005815605
6,36,43,0.003177218
6,36,44,0.004477831
6,36,45,0.004580023
6,36,46,0.001151975
6,36,47,0.000371608
6,36,48,0.000287991
6,37,1,3.71617e-05
6,37,2,7.43235e-05
6,37,3,0.000380891
6,37,4,9.29282e-06
6,37,5,0.000139354
6,37,6,0
6,37,7,0
6,37,8,0
6,37,9,0
6,37,10,0
6,37,11,0
6,37,12,0
6,37,13,0
6,37,14,0
6,37,15,0
6,37,16,0
6,37,17,0
6,37,18,0
6,37,19,0
6,37,20,0
6,37,21,0
6,37,22,0
6,37,23,0
6,37,24,0
6,37,25,0
6,37,26,0
6,37,27,0
6,37,28,0
6,37,29,0
6,37,30,0
6,37,31,0
6,37,32,0
6,37,33,0
6,37,34,0
6,37,35,0
6,37,36,0
6,37,37,0.002833479
6,37,38,0.009095016
6,37,39,0.007896595
6,37,40,0.008045233
6,37,41,0.008862762
6,37,42,0.007590018
6,37,43,0.009921838
6,37,44,0.003725332
6,37,45,0.003957586
6,37,46,0.001718675
6,37,47,0.000854691
6,37,48,0.000585276
6,38,1,0.000891853
6,38,2,3.71617e-05
6,38,3,4.64545e-05
6,38,4,0
6,38,5,0
6,38,6,0
6,38,7,0
6,38,8,0
6,38,9,0
6,38,10,0
6,38,11,0
6,38,12,0
6,38,13,0
6,38,14,0
6,38,15,0
6,38,16,0
6,38,17,0
6,38,18,0
6,38,19,0
6,38,20,0
6,38,21,0
6,38,22,0
6,38,23,0
6,38,24,0
6,38,25,0
6,38,26,0
6,38,27,0
6,38,28,0
6,38,29,0
6,38,30,0
6,38,31,0
6,38,32,0
6,38,33,0
6,38,34,0
6,38,35,0
6,38,36,0
6,38,37,0
6,38,38,0.002387558
6,38,39,0.008797731
6,38,40,0.006289405
6,38,41,0.010191253
6,38,42,0.008844186
6,38,43,0.005889929
6,38,44,0.006001414
6,38,45,0.006373012
6,38,46,0.002099566
6,38,47,0.000594569
6,38,48,0.00104049
6,39,1,0.000450703
6,39,2,0.001572224
6,39,3,6.28857e-05
6,39,4,0.000178185
6,39,5,0
6,39,6,0
6,39,7,0
6,39,8,0
6,39,9,0
6,39,10,0
6,39,11,0
6,39,12,0
6,39,13,0
6,39,14,0
6,39,15,0
6,39,16,0
6,39,17,0
6,39,18,0
6,39,19,0
6,39,20,0
6,39,21,0
6,39,22,0
6,39,23,0
6,39,24,0
6,39,25,0
6,39,26,0
6,39,27,0
6,39,28,0
6,39,29,0
6,39,30,0
6,39,31,0
6,39,32,0
6,39,33,0
6,39,34,0
6,39,35,0
6,39,36,0
6,39,37,0
6,39,38,0
6,39,39,0.003301658
6,39,40,0.011267576
6,39,41,0.006016359
6,39,42,0.005492287
6,39,43,0.005481805
6,39,44,0.003972476
6,39,45,0.002662288
6,39,46,0.002085813
6,39,47,0.001477891
6,39,48,0.000303966
6,40,1,0.000586957
6,40,2,0.000681291
6,40,3,9.43337e-05
6,40,4,0.00024107
6,40,5,0
6,40,6,4.19306e-05
6,40,7,0
6,40,8,0
6,40,9,0
6,40,10,0
6,40,11,0
6,40,12,0
6,40,13,0
6,40,14,0
6,40,15,0
6,40,16,0
6,40,17,0
6,40,18,0
6,40,19,0
6,40,20,0
6,40,21,0
6,40,22,0
6,40,23,0
6,40,24,0
6,40,25,0
6,40,26,0
6,40,27,0
6,40,28,0
6,40,29,0
6,40,30,0
6,40,31,0
6,40,32,0
6,40,33,0
6,40,34,0
6,40,35,0
6,40,36,0
6,40,37,0
6,40,38,0
6,40,39,0
6,40,40,0.003563694
6,40,41,0.006121175
6,40,42,0.004224029
6,40,43,0.004968216
6,40,44,0.003416957
6,40,45,0.004569916
6,40,46,0.000733704
6,40,47,0.001593179
6,40,48,0.000765142
6,41,1,0.000723221
6,41,2,0.000482151
6,41,3,0.000104816
6,41,4,0
6,41,5,6.28857e-05
6,41,6,0
6,41,7,0
6,41,8,0
6,41,9,0
6,41,10,0
6,41,11,0
6,41,12,0
6,41,13,0
6,41,14,0
6,41,15,0
6,41,16,0
6,41,17,0
6,41,18,0
6,41,19,0
6,41,20,0
6,41,21,0
6,41,22,0
6,41,23,0
6,41,24,0
6,41,25,0
6,41,26,0
6,41,27,0
6,41,28,0
6,41,29,0
6,41,30,0
6,41,31,0
6,41,32,0
6,41,33,0
6,41,34,0
6,41,35,0
6,41,36,0
6,41,37,0
6,41,38,0
6,41,39,0
6,41,40,0
6,41,41,0.001656075
6,41,42,0.004370766
6,41,43,0.003196842
6,41,44,0.001886663
6,41,45,0.00167703
6,41,46,0.002861438
6,41,47,0.001823777
6,41,48,0.000775624
6,42,1,0.000345887
6,42,2,6.28857e-05
6,42,3,2.09653e-05
6,42,4,0.000104816
6,42,5,2.09653e-05
6,42,6,0.000419255
6,42,7,0
6,42,8,0
6,42,9,0
6,42,10,0
6,42,11,0
6,42,12,0
6,42,13,0
6,42,14,0
6,42,15,0
6,42,16,0
6,42,17,0
6,42,18,0
6,42,19,0
6,42,20,0
6,42,21,0
6,42,22,0
6,42,23,0
6,42,24,0
6,42,25,0
6,42,26,0
6,42,27,0
6,42,28,0
6,42,29,0
6,42,30,0
6,42,31,0
6,42,32,0
6,42,33,0
6,42,34,0
6,42,35,0
6,42,36,0
6,42,37,0
6,42,38,0
6,42,39,0
6,42,40,0
6,42,41,0
6,42,42,0.000922371
6,42,43,0.001540776
6,42,44,0.002180147
6,42,45,0.000765142
6,42,46,0.000586957
6,42,47,0.000471668
6,42,48,0.000366852
6,43,1,0.000125782
6,43,2,0.000366852
6,43,3,3.1448e-05
6,43,4,0.00119489
6,43,5,0.000723221
6,43,6,0
6,43,7,0
6,43,8,0
6,43,9,0
6,43,10,0
6,43,11,0
6,43,12,0
6,43,13,0
6,43,14,0
6,43,15,0
6,43,16,0
6,43,17,0
6,43,18,0
6,43,19,0
6,43,20,0
6,43,21,0
6,43,22,0
6,43,23,0
6,43,24,0
6,43,25,0
6,43,26,0
6,43,27,0
6,43,28,0
6,43,29,0
6,43,30,0
6,43,31,0
6,43,32,0
6,43,33,0
6,43,34,0
6,43,35,0
6,43,36,0
6,43,37,0
6,43,38,0
6,43,39,0
6,43,40,0
6,43,41,0
6,43,42,0
6,43,43,0.001802812
6,43,44,0.002714701
6,43,45,0.001582697
6,43,46,0.001058625
6,43,47,0.001173924
6,43,48,0.000188667
6,44,1,7.33684e-05
6,44,2,4.19306e-05
6,44,3,5.24031e-05
6,44,4,0
6,44,5,3.1448e-05
6,44,6,0.000230588
6,44,7,0
6,44,8,0
6,44,9,0
6,44,10,0
6,44,11,0
6,44,12,0
6,44,13,0
6,44,14,0
6,44,15,0
6,44,16,0
6,44,17,0
6,44,18,0
6,44,19,0
6,44,20,0
6,44,21,0
6,44,22,0
6,44,23,0
6,44,24,0
6,44,25,0
6,44,26,0
6,44,27,0
6,44,28,0
6,44,29,0
6,44,30,0
6,44,31,0
6,44,32,0
6,44,33,0
6,44,34,0
6,44,35,0
6,44,36,0
6,44,37,0
6,44,38,0
6,44,39,0
6,44,40,0
6,44,41,0
6,44,42,0
6,44,43,0
6,44,44,0.000524071
6,44,45,0.00123681
6,44,46,0.000492634
6,44,47,2.09653e-05
6,44,48,6.28857e-05
6,45,1,0
6,45,2,0
6,45,3,0.000280447
6,45,4,0.000961545
6,45,5,6.00948e-05
6,45,6,0
6,45,7,0
6,45,8,0
6,45,9,0
6,45,10,0
6,45,11,0
6,45,12,0
6,45,13,0
6,45,14,0
6,45,15,0
6,45,16,0
6,45,17,0
6,45,18,0
6,45,19,0
6,45,20,0
6,45,21,0
6,45,22,0
6,45,23,0
6,45,24,0
6,45,25,0
6,45,26,0
6,45,27,0
6,45,28,0
6,45,29,0
6,45,30,0
6,45,31,0
6,45,32,0
6,45,33,0
6,45,34,0
6,45,35,0
6,45,36,0
6,45,37,0
6,45,38,0
6,45,39,0
6,45,40,0
6,45,41,0
6,45,42,0
6,45,43,0
6,45,44,0
6,45,45,0.002123401
6,45,46,0.000981572
6,45,47,0.000721152
6,45,48,4.00678e-05
6,46,1,0.000220352
6,46,2,0.000280447
6,46,3,0
6,46,4,0
6,46,5,0
6,46,6,0
6,46,7,0
6,46,8,0
6,46,9,0
6,46,10,0
6,46,11,0
6,46,12,0
6,46,13,0
6,46,14,0
6,46,15,0
6,46,16,0
6,46,17,0
6,46,18,0
6,46,19,0
6,46,20,0
6,46,21,0
6,46,22,0
6,46,23,0
6,46,24,0
6,46,25,0
6,46,26,0
6,46,27,0
6,46,28,0
6,46,29,0
6,46,30,0
6,46,31,0
6,46,32,0
6,46,33,0
6,46,34,0
6,46,35,0
6,46,36,0
6,46,37,0
6,46,38,0
6,46,39,0
6,46,40,0
6,46,41,0
6,46,42,0
6,46,43,0
6,46,44,0
6,46,45,0
6,46,46,0.000841355
6,46,47,0.000400637
6,46,48,0.001262019
6,47,1,0
6,47,2,0
6,47,3,0
6,47,4,0
6,47,5,0
6,47,6,0
6,47,7,0
6,47,8,0
6,47,9,0
6,47,10,0
6,47,11,0
6,47,12,0
6,47,13,0
6,47,14,0
6,47,15,0
6,47,16,0
6,47,17,0
6,47,18,0
6,47,19,0
6,47,20,0
6,47,21,0
6,47,22,0
6,47,23,0
6,47,24,0
6,47,25,0
6,47,26,0
6,47,27,0
6,47,28,0
6,47,29,0
6,47,30,0
6,47,31,0
6,47,32,0
6,47,33,0
6,47,34,0
6,47,35,0
6,47,36,0
6,47,37,0
6,47,38,0
6,47,39,0
6,47,40,0
6,47,41,0
6,47,42,0
6,47,43,0
6,47,44,0
6,47,45,0
6,47,46,0
6,47,47,0.00090145
6,47,48,0.000620989
6,48,1,0.000560894
6,48,2,0.00012019
6,48,3,0
6,48,4,0
6,48,5,0.000200325
6,48,6,2.00271e-05
6,48,7,0
6,48,8,0
6,48,9,0
6,48,10,0
6,48,11,0
6,48,12,0
6,48,13,0
6,48,14,0
6,48,15,0
6,48,16,0
6,48,17,0
6,48,18,0
6,48,19,0
6,48,20,0
6,48,21,0
6,48,22,0
6,48,23,0
6,48,24,0
6,48,25,0
6,48,26,0
6,48,27,0
6,48,28,0
6,48,29,0
6,48,30,0
6,48,31,0
6,48,32,0
6,48,33,0
6,48,34,0
6,48,35,0
6,48,36,0
6,48,37,0
6,48,38,0
6,48,39,0
6,48,40,0
6,48,41,0
6,48,42,0
6,48,43,0
6,48,44,0
6,48,45,0
6,48,46,0
6,48,47,0
6,48,48,0.000200325
7,1,1,0
7,1,2,9e-05
7,1,3,0
7,1,4,0
7,1,5,0
7,1,6,0
7,1,7,0
7,1,8,0
7,1,9,0
7,1,10,0
7,1,11,0
7,1,12,0
7,1,13,0
7,1,14,0
7,1,15,0
7,1,16,0
7,1,17,0
7,1,18,0
7,1,19,0
7,1,20,0
7,1,21,0
7,1,22,0
7,1,23,0
7,1,24,0
7,1,25,0
7,1,26,0
7,1,27,0
7,1,28,0
7,1,29,0
7,1,30,0
7,1,31,0
7,1,32,0
7,1,33,0
7,1,34,0
7,1,35,0
7,1,36,0
7,1,37,0
7,1,38,0
7,1,39,0
7,1,40,0
7,1,41,0
7,1,42,0
7,1,43,0
7,1,44,0
7,1,45,0
7,1,46,0
7,1,47,0
7,1,48,0
7,2,1,0
7,2,2,0
7,2,3,0
7,2,4,0
7,2,5,0
7,2,6,0
7,2,7,0
7,2,8,0
7,2,9,0
7,2,10,0
7,2,11,0
7,2,12,0
7,2,13,0
7,2,14,0
7,2,15,0
7,2,16,0
7,2,17,0
7,2,18,0
7,2,19,0
7,2,20,0
7,2,21,0
7,2,22,0
7,2,23,0
7,2,24,0
7,2,25,0
7,2,26,0
7,2,27,0
7,2,28,0
7,2,29,0
7,2,30,0
7,2,31,0
7,2,32,0
7,2,33,0
7,2,34,0
7,2,35,0
7,2,36,0
7,2,37,0
7,2,38,0
7,2,39,0
7,2,40,0
7,2,41,0
7,2,42,0
7,2,43,0
7,2,44,0
7,2,45,0
7,2,46,0
7,2,47,0
7,2,48,0
7,3,1,0
7,3,2,0
7,3,3,0
7,3,4,0.00092
7,3,5,0
7,3,6,0
7,3,7,0
7,3,8,0
7,3,9,0
7,3,10,0
7,3,11,0
7,3,12,0
7,3,13,0
7,3,14,0
7,3,15,0
7,3,16,0
7,3,17,0
7,3,18,0
7,3,19,0
7,3,20,0
7,3,21,0
7,3,22,0
7,3,23,0
7,3,24,0
7,3,25,0
7,3,26,0
7,3,27,0
7,3,28,0
7,3,29,0
7,3,30,0
7,3,31,0
7,3,32,0
7,3,33,0
7,3,34,0
7,3,35,0
7,3,36,0
7,3,37,0
7,3,38,0
7,3,39,0
7,3,40,0
7,3,41,0
7,3,42,0
7,3,43,0
7,3,44,0
7,3,45,0
7,3,46,0
7,3,47,0
7,3,48,0
7,4,1,0
7,4,2,0
7,4,3,0
7,4,4,0
7,4,5,0
7,4,6,0
7,4,7,0
7,4,8,0
7,4,9,0
7,4,10,0
7,4,11,0
7,4,12,0
7,4,13,0
7,4,14,0
7,4,15,0
7,4,16,0
7,4,17,0
7,4,18,0
7,4,19,0
7,4,20,0
7,4,21,0
7,4,22,0
7,4,23,0
7,4,24,0
7,4,25,0
7,4,26,0
7,4,27,0
7,4,28,0
7,4,29,0
7,4,30,0
7,4,31,0
7,4,32,0
7,4,33,0
7,4,34,0
7,4,35,0
7,4,36,0
7,4,37,0
7,4,38,0
7,4,39,0
7,4,40,0
7,4,41,0
7,4,42,0
7,4,43,0
7,4,44,0
7,4,45,0
7,4,46,0
7,4,47,0
7,4,48,0
7,5,1,0
7,5,2,0
7,5,3,0
7,5,4,0
7,5,5,0
7,5,6,0
7,5,7,0
7,5,8,0
7,5,9,0
7,5,10,0
7,5,11,0
7,5,12,0
7,5,13,0
7,5,14,0
7,5,15,0
7,5,16,0
7,5,17,0
7,5,18,0
7,5,19,0
7,5,20,0
7,5,21,0
7,5,22,0
7,5,23,0
7,5,24,0
7,5,25,0
7,5,26,0
7,5,27,0
7,5,28,0
7,5,29,0
7,5,30,0
7,5,31,0
7,5,32,0
7,5,33,0
7,5,34,0
7,5,35,0
7,5,36,0
7,5,37,0
7,5,38,0
7,5,39,0
7,5,40,0
7,5,41,0
7,5,42,0
7,5,43,0
7,5,44,0
7,5,45,0
7,5,46,0
7,5,47,0
7,5,48,0
7,6,1,0
7,6,2,0
7,6,3,0
7,6,4,0
7,6,5,0
7,6,6,0
7,6,7,0
7,6,8,0
7,6,9,0
7,6,10,0
7,6,11,0
7,6,12,0
7,6,13,0
7,6,14,0
7,6,15,0
7,6,16,0
7,6,17,0
7,6,18,0
7,6,19,0
7,6,20,0
7,6,21,0
7,6,22,0
7,6,23,0
7,6,24,0
7,6,25,0
7,6,26,0
7,6,27,0
7,6,28,0
7,6,29,0
7,6,30,0
7,6,31,0
7,6,32,0
7,6,33,0
7,6,34,0
7,6,35,0
7,6,36,0
7,6,37,0
7,6,38,0
7,6,39,0
7,6,40,0
7,6,41,0
7,6,42,0
7,6,43,0
7,6,44,0
7,6,45,0
7,6,46,0
7,6,47,0
7,6,48,0
7,7,1,0
7,7,2,0
7,7,3,0
7,7,4,0
7,7,5,0
7,7,6,0
7,7,7,0
7,7,8,0
7,7,9,0
7,7,10,0
7,7,11,0
7,7,12,0
7,7,13,0
7,7,14,0
7,7,15,0
7,7,16,0
7,7,17,0
7,7,18,0
7,7,19,0
7,7,20,0
7,7,21,0
7,7,22,0
7,7,23,0
7,7,24,0
7,7,25,0
7,7,26,0
7,7,27,0
7,7,28,0
7,7,29,0
7,7,30,0
7,7,31,0
7,7,32,0
7,7,33,0
7,7,34,0
7,7,35,0
7,7,36,0
7,7,37,0
7,7,38,0
7,7,39,0
7,7,40,0
7,7,41,0
7,7,42,0
7,7,43,0
7,7,44,0
7,7,45,0
7,7,46,0
7,7,47,0
7,7,48,0
7,8,1,0
7,8,2,0
7,8,3,0
7,8,4,0
7,8,5,0
7,8,6,0
7,8,7,0
7,8,8,0
7,8,9,0
7,8,10,0
7,8,11,0
7,8,12,0
7,8,13,0
7,8,14,0
7,8,15,0
7,8,16,0.00052
7,8,17,0
7,8,18,0
7,8,19,0
7,8,20,0
7,8,21,0
7,8,22,0
7,8,23,0
7,8,24,0
7,8,25,0
7,8,26,0
7,8,27,0
7,8,28,0
7,8,29,0
7,8,30,0
7,8,31,0
7,8,32,0
7,8,33,0
7,8,34,0
7,8,35,0
7,8,36,0
7,8,37,0
7,8,38,0
7,8,39,0
7,8,40,0
7,8,41,0
7,8,42,0
7,8,43,0
7,8,44,0
7,8,45,0
7,8,46,0
7,8,47,0
7,8,48,0
7,9,1,0
7,9,2,0
7,9,3,0
7,9,4,0
7,9,5,0
7,9,6,0
7,9,7,0
7,9,8,0
7,9,9,5e-05
7,9,10,0
7,9,11,0
7,9,12,0
7,9,13,0
7,9,14,0
7,9,15,0
7,9,16,0
7,9,17,0
7,9,18,0
7,9,19,0
7,9,20,0
7,9,21,0
7,9,22,0
7,9,23,0
7,9,24,0
7,9,25,0
7,9,26,0
7,9,27,0
7,9,28,0
7,9,29,0
7,9,30,0
7,9,31,0
7,9,32,0
7,9,33,0
7,9,34,0
7,9,35,0
7,9,36,0
7,9,37,0
7,9,38,0
7,9,39,0
7,9,40,0
7,9,41,0
7,9,42,0
7,9,43,0
7,9,44,0
7,9,45,0
7,9,46,0
7,9,47,0
7,9,48,0
7,10,1,0
7,10,2,0
7,10,3,0
7,10,4,0
7,10,5,0
7,10,6,0
7,10,7,0
7,10,8,0
7,10,9,0
7,10,10,0
7,10,11,0
7,10,12,0
7,10,13,0
7,10,14,0
7,10,15,0
7,10,16,0
7,10,17,0
7,10,18,0
7,10,19,0
7,10,20,0
7,10,21,0
7,10,22,0
7,10,23,0
7,10,24,0
7,10,25,0
7,10,26,0
7,10,27,0
7,10,28,0
7,10,29,0
7,10,30,0
7,10,31,0
7,10,32,0
7,10,33,0
7,10,34,0
7,10,35,0
7,10,36,0
7,10,37,0
7,10,38,0
7,10,39,0
7,10,40,0
7,10,41,0
7,10,42,0
7,10,43,0
7,10,44,0
7,10,45,0
7,10,46,0
7,10,47,0
7,10,48,0
7,11,1,0
7,11,2,0
7,11,3,0
7,11,4,0
7,11,5,0
7,11,6,0
7,11,7,0
7,11,8,0
7,11,9,0
7,11,10,0
7,11,11,0
7,11,12,0.00013
7,11,13,0
7,11,14,3e-05
7,11,15,0
7,11,16,0
7,11,17,0
7,11,18,0
7,11,19,0
7,11,20,0
7,11,21,0
7,11,22,0
7,11,23,0
7,11,24,0
7,11,25,0
7,11,26,0
7,11,27,0
7,11,28,0
7,11,29,0
7,11,30,0
7,11,31,0
7,11,32,0
7,11,33,0
7,11,34,0
7,11,35,0
7,11,36,0
7,11,37,0
7,11,38,0
7,11,39,0
7,11,40,0
7,11,41,0
7,11,42,0
7,11,43,0
7,11,44,0
7,11,45,0
7,11,46,0
7,11,47,0
7,11,48,0
7,12,1,0
7,12,2,0
7,12,3,0
7,12,4,0
7,12,5,0
7,12,6,0
7,12,7,0
7,12,8,0
7,12,9,0
7,12,10,0
7,12,11,0
7,12,12,0.00082
7,12,13,0
7,12,14,0
7,12,15,0
7,12,16,0
7,12,17,0
7,12,18,0
7,12,19,0
7,12,20,0
7,12,21,0
7,12,22,0
7,12,23,0
7,12,24,0
7,12,25,0
7,12,26,0
7,12,27,0
7,12,28,0
7,12,29,0
7,12,30,0
7,12,31,0
7,12,32,0
7,12,33,0
7,12,34,0
7,12,35,0
7,12,36,0
7,12,37,0
7,12,38,0
7,12,39,0
7,12,40,0
7,12,41,0
7,12,42,0
7,12,43,0
7,12,44,0
7,12,45,0
7,12,46,0
7,12,47,0
7,12,48,0
7,13,1,0
7,13,2,0
7,13,3,0
7,13,4,0
7,13,5,0
7,13,6,0
7,13,7,0
7,13,8,0
7,13,9,0
7,13,10,0
7,13,11,0
7,13,12,0
7,13,13,0
7,13,14,0.00158
7,13,15,2e-05
7,13,16,0
7,13,17,0
7,13,18,0.00052
7,13,19,0
7,13,20,0
7,13,21,0
7,13,22,0
7,13,23,0
7,13,24,0
7,13,25,0
7,13,26,0
7,13,27,0
7,13,28,0
7,13,29,0
7,13,30,0
7,13,31,0
7,13,32,0
7,13,33,0
7,13,34,0
7,13,35,0
7,13,36,0
7,13,37,0
7,13,38,0
7,13,39,0
7,13,40,0
7,13,41,0
7,13,42,0
7,13,43,0
7,13,44,0
7,13,45,0
7,13,46,0
7,13,47,0
7,13,48,0
7,14,1,0
7,14,2,0
7,14,3,0
7,14,4,0
7,14,5,0
7,14,6,0
7,14,7,0
7,14,8,0
7,14,9,0
7,14,10,0
7,14,11,0
7,14,12,0
7,14,13,0
7,14,14,0.00141
7,14,15,0.00123
7,14,16,0.00195
7,14,17,0
7,14,18,9e-05
7,14,19,0
7,14,20,0.00016
7,14,21,0
7,14,22,0
7,14,23,0
7,14,24,0
7,14,25,0
7,14,26,0
7,14,27,0
7,14,28,0
7,14,29,7e-05
7,14,30,0
7,14,31,0
7,14,32,0
7,14,33,0
7,14,34,0
7,14,35,0
7,14,36,0
7,14,37,0
7,14,38,0
7,14,39,0
7,14,40,0
7,14,41,0
7,14,42,0
7,14,43,0
7,14,44,0
7,14,45,0
7,14,46,0
7,14,47,0
7,14,48,0
7,15,1,0
7,15,2,0
7,15,3,0
7,15,4,0
7,15,5,0
7,15,6,0
7,15,7,0
7,15,8,0
7,15,9,0
7,15,10,0
7,15,11,0
7,15,12,0
7,15,13,0
7,15,14,0
7,15,15,0.00102
7,15,16,0.00358
7,15,17,0.00017
7,15,18,0.00021
7,15,19,0
7,15,20,0
7,15,21,0
7,15,22,0
7,15,23,0
7,15,24,0
7,15,25,0
7,15,26,0
7,15,27,0
7,15,28,0
7,15,29,0
7,15,30,0
7,15,31,0
7,15,32,0
7,15,33,0
7,15,34,0
7,15,35,0
7,15,36,0
7,15,37,0
7,15,38,0
7,15,39,0
7,15,40,0
7,15,41,0
7,15,42,0
7,15,43,0
7,15,44,0
7,15,45,0
7,15,46,0
7,15,47,0
7,15,48,0
7,16,1,0
7,16,2,0
7,16,3,0
7,16,4,0
7,16,5,0
7,16,6,0
7,16,7,0
7,16,8,0
7,16,9,0
7,16,10,0
7,16,11,0
7,16,12,0
7,16,13,0
7,16,14,0
7,16,15,0
7,16,16,0.00237
7,16,17,0.00047
7,16,18,0.00051
7,16,19,0.00028
7,16,20,0
7,16,21,0
7,16,22,0.00229
7,16,23,8e-04
7,16,24,0.00019
7,16,25,0.00049
7,16,26,0
7,16,27,0
7,16,28,0.00018
7,16,29,0
7,16,30,0
7,16,31,0
7,16,32,0
7,16,33,0
7,16,34,3e-05
7,16,35,0
7,16,36,0
7,16,37,0
7,16,38,0
7,16,39,0
7,16,40,0
7,16,41,0
7,16,42,0
7,16,43,0
7,16,44,0
7,16,45,0
7,16,46,0
7,16,47,0
7,16,48,0
7,17,1,0
7,17,2,0
7,17,3,0
7,17,4,0
7,17,5,0
7,17,6,0
7,17,7,0
7,17,8,0
7,17,9,0
7,17,10,0
7,17,11,0
7,17,12,0
7,17,13,0
7,17,14,0
7,17,15,0
7,17,16,0
7,17,17,0.00109
7,17,18,0.003
7,17,19,0.00087
7,17,20,0.00035
7,17,21,0.00026
7,17,22,0
7,17,23,6e-05
7,17,24,0.00028
7,17,25,0
7,17,26,0
7,17,27,0
7,17,28,0
7,17,29,0
7,17,30,0
7,17,31,0
7,17,32,0
7,17,33,0
7,17,34,0
7,17,35,0
7,17,36,0
7,17,37,0
7,17,38,0
7,17,39,0
7,17,40,0
7,17,41,0
7,17,42,0
7,17,43,0
7,17,44,0
7,17,45,0
7,17,46,0
7,17,47,0
7,17,48,0
7,18,1,0
7,18,2,0
7,18,3,0
7,18,4,0
7,18,5,0
7,18,6,0
7,18,7,0
7,18,8,0
7,18,9,0
7,18,10,0
7,18,11,0
7,18,12,0
7,18,13,0
7,18,14,0
7,18,15,0
7,18,16,0
7,18,17,0
7,18,18,0.00377
7,18,19,0.0042
7,18,20,0.00945
7,18,21,0.00313
7,18,22,0.00021
7,18,23,0
7,18,24,0.00127
7,18,25,0.00017
7,18,26,0.00023
7,18,27,6e-04
7,18,28,0.00153
7,18,29,0
7,18,30,0
7,18,31,0
7,18,32,0
7,18,33,0
7,18,34,0
7,18,35,0
7,18,36,0
7,18,37,0
7,18,38,0
7,18,39,0
7,18,40,0
7,18,41,0
7,18,42,0
7,18,43,0
7,18,44,0
7,18,45,0
7,18,46,0
7,18,47,0
7,18,48,0
7,19,1,0
7,19,2,0
7,19,3,0
7,19,4,0
7,19,5,0
7,19,6,0
7,19,7,0
7,19,8,0
7,19,9,0
7,19,10,0
7,19,11,0
7,19,12,0
7,19,13,0
7,19,14,0
7,19,15,0
7,19,16,0
7,19,17,0
7,19,18,0
7,19,19,0.00156
7,19,20,0.00604
7,19,21,0.00199
7,19,22,0.00226
7,19,23,0.00035
7,19,24,0.00183
7,19,25,0.00148
7,19,26,0.00224
7,19,27,0
7,19,28,1e-05
7,19,29,0
7,19,30,0.00093
7,19,31,0
7,19,32,0
7,19,33,0
7,19,34,0
7,19,35,0
7,19,36,0
7,19,37,0
7,19,38,0
7,19,39,0
7,19,40,0
7,19,41,0
7,19,42,0
7,19,43,0
7,19,44,0
7,19,45,0
7,19,46,0
7,19,47,0
7,19,48,0
7,20,1,0
7,20,2,0
7,20,3,0
7,20,4,0
7,20,5,0
7,20,6,0
7,20,7,0
7,20,8,0
7,20,9,0
7,20,10,0
7,20,11,0
7,20,12,0
7,20,13,0
7,20,14,0
7,20,15,0
7,20,16,0
7,20,17,0
7,20,18,0
7,20,19,0
7,20,20,0.00924
7,20,21,0.00514
7,20,22,0.00617
7,20,23,0.00368
7,20,24,0.0015
7,20,25,0.00136
7,20,26,0
7,20,27,0.00077
7,20,28,0.00102
7,20,29,9e-04
7,20,30,0
7,20,31,0.00019
7,20,32,0
7,20,33,0.00107
7,20,34,0
7,20,35,0
7,20,36,0
7,20,37,0
7,20,38,0
7,20,39,0
7,20,40,0
7,20,41,0
7,20,42,0
7,20,43,0
7,20,44,0
7,20,45,0
7,20,46,0
7,20,47,0
7,20,48,0
7,21,1,0
7,21,2,0
7,21,3,0
7,21,4,0
7,21,5,0
7,21,6,0
7,21,7,0
7,21,8,0
7,21,9,0
7,21,10,0
7,21,11,0
7,21,12,0
7,21,13,0
7,21,14,0
7,21,15,0
7,21,16,0
7,21,17,0
7,21,18,0
7,21,19,0
7,21,20,0
7,21,21,0.01383
7,21,22,0.00961
7,21,23,0.00554
7,21,24,0.00196
7,21,25,0.00134
7,21,26,0.00237
7,21,27,0.00071
7,21,28,0.00029
7,21,29,8e-05
7,21,30,0.00054
7,21,31,0
7,21,32,0
7,21,33,0
7,21,34,0
7,21,35,0
7,21,36,0
7,21,37,0
7,21,38,0
7,21,39,0
7,21,40,0
7,21,41,0
7,21,42,0
7,21,43,0
7,21,44,0
7,21,45,0
7,21,46,0
7,21,47,0
7,21,48,0
7,22,1,0
7,22,2,0
7,22,3,0
7,22,4,0
7,22,5,0
7,22,6,0
7,22,7,0
7,22,8,0
7,22,9,0
7,22,10,0
7,22,11,0
7,22,12,0
7,22,13,0
7,22,14,0
7,22,15,0
7,22,16,0
7,22,17,0
7,22,18,0
7,22,19,0
7,22,20,0
7,22,21,0
7,22,22,0.01378
7,22,23,0.01467
7,22,24,0.0067
7,22,25,0.00378
7,22,26,0.00266
7,22,27,0.00104
7,22,28,0.00276
7,22,29,0.00233
7,22,30,0
7,22,31,0.00037
7,22,32,0
7,22,33,0
7,22,34,0.00044
7,22,35,0
7,22,36,2e-05
7,22,37,0
7,22,38,0
7,22,39,0
7,22,40,0
7,22,41,0
7,22,42,0
7,22,43,0
7,22,44,0
7,22,45,0
7,22,46,0
7,22,47,0
7,22,48,0
7,23,1,0
7,23,2,0
7,23,3,0
7,23,4,0
7,23,5,0
7,23,6,0
7,23,7,0
7,23,8,0
7,23,9,0
7,23,10,0
7,23,11,0
7,23,12,0
7,23,13,0
7,23,14,0
7,23,15,0
7,23,16,0
7,23,17,0
7,23,18,0
7,23,19,0
7,23,20,0
7,23,21,0
7,23,22,0
7,23,23,0.01648
7,23,24,0.02392
7,23,25,0.02388
7,23,26,0.01447
7,23,27,0.00469
7,23,28,0.00213
7,23,29,0.00054
7,23,30,0.00325
7,23,31,0.00091
7,23,32,0.00025
7,23,33,0
7,23,34,0
7,23,35,0
7,23,36,0
7,23,37,0
7,23,38,0
7,23,39,0
7,23,40,0
7,23,41,0
7,23,42,0
7,23,43,0
7,23,44,0
7,23,45,0
7,23,46,0
7,23,47,0
7,23,48,0
7,24,1,0
7,24,2,0
7,24,3,0
7,24,4,0
7,24,5,0
7,24,6,0
7,24,7,0
7,24,8,0
7,24,9,0
7,24,10,0
7,24,11,0
7,24,12,0
7,24,13,0
7,24,14,0
7,24,15,0
7,24,16,0
7,24,17,0
7,24,18,0
7,24,19,0
7,24,20,0
7,24,21,0
7,24,22,0
7,24,23,0
7,24,24,0.01315
7,24,25,0.03458
7,24,26,0.04259
7,24,27,0.02088
7,24,28,0.01662
7,24,29,0.00347
7,24,30,0.00139
7,24,31,0.00077
7,24,32,0.00035
7,24,33,0
7,24,34,0
7,24,35,0
7,24,36,0
7,24,37,0
7,24,38,0
7,24,39,0
7,24,40,0
7,24,41,0
7,24,42,0
7,24,43,0
7,24,44,0
7,24,45,0
7,24,46,0
7,24,47,0
7,24,48,0
7,25,1,0
7,25,2,0.00092
7,25,3,0
7,25,4,0
7,25,5,0
7,25,6,0
7,25,7,0
7,25,8,0
7,25,9,0
7,25,10,0
7,25,11,0
7,25,12,0
7,25,13,0
7,25,14,0
7,25,15,0
7,25,16,0
7,25,17,0
7,25,18,0
7,25,19,0
7,25,20,0
7,25,21,0
7,25,22,0
7,25,23,0
7,25,24,0
7,25,25,0.02187
7,25,26,0.07105
7,25,27,0.06797
7,25,28,0.02032
7,25,29,0.00322
7,25,30,0.00482
7,25,31,0.00053
7,25,32,0.00052
7,25,33,0.00022
7,25,34,0.00031
7,25,35,0
7,25,36,0
7,25,37,0
7,25,38,0
7,25,39,3e-05
7,25,40,0
7,25,41,0
7,25,42,0
7,25,43,0
7,25,44,0
7,25,45,0
7,25,46,0
7,25,47,0
7,25,48,0
7,26,1,0
7,26,2,0
7,26,3,0
7,26,4,0
7,26,5,0
7,26,6,0
7,26,7,0
7,26,8,0
7,26,9,0
7,26,10,0
7,26,11,0
7,26,12,0
7,26,13,0
7,26,14,0
7,26,15,0
7,26,16,0
7,26,17,0
7,26,18,0
7,26,19,0
7,26,20,0
7,26,21,0
7,26,22,0
7,26,23,0
7,26,24,0
7,26,25,0
7,26,26,0.01112
7,26,27,0.02731
7,26,28,0.03537
7,26,29,0.00672
7,26,30,0.00261
7,26,31,0.00141
7,26,32,0.00174
7,26,33,0
7,26,34,0
7,26,35,9e-04
7,26,36,0
7,26,37,0
7,26,38,0
7,26,39,0
7,26,40,0
7,26,41,0
7,26,42,0
7,26,43,0
7,26,44,0
7,26,45,0
7,26,46,0
7,26,47,0
7,26,48,0
7,27,1,0
7,27,2,0
7,27,3,0
7,27,4,0
7,27,5,0
7,27,6,0
7,27,7,0
7,27,8,0
7,27,9,0
7,27,10,0
7,27,11,0
7,27,12,0
7,27,13,0
7,27,14,0
7,27,15,0
7,27,16,0
7,27,17,0
7,27,18,0
7,27,19,0
7,27,20,0
7,27,21,0
7,27,22,0
7,27,23,0
7,27,24,0
7,27,25,0
7,27,26,0
7,27,27,0.00994
7,27,28,0.03166
7,27,29,0.02537
7,27,30,0.01113
7,27,31,8e-04
7,27,32,0
7,27,33,0
7,27,34,0.00123
7,27,35,0
7,27,36,2e-05
7,27,37,0.00106
7,27,38,0
7,27,39,0
7,27,40,0
7,27,41,0
7,27,42,0
7,27,43,0
7,27,44,0
7,27,45,0
7,27,46,0
7,27,47,0
7,27,48,0
7,28,1,0
7,28,2,0
7,28,3,0
7,28,4,0
7,28,5,0
7,28,6,0
7,28,7,0
7,28,8,0
7,28,9,0
7,28,10,0
7,28,11,0
7,28,12,0
7,28,13,0
7,28,14,0
7,28,15,0
7,28,16,0
7,28,17,0
7,28,18,0
7,28,19,0
7,28,20,0
7,28,21,0
7,28,22,0
7,28,23,0
7,28,24,0
7,28,25,0
7,28,26,0
7,28,27,0
7,28,28,0.00628
7,28,29,0.01311
7,28,30,0.00769
7,28,31,0.00475
7,28,32,0.0032
7,28,33,0.00233
7,28,34,0
7,28,35,0.00016
7,28,36,4e-04
7,28,37,0
7,28,38,0
7,28,39,0
7,28,40,0
7,28,41,0
7,28,42,0
7,28,43,0
7,28,44,0
7,28,45,0
7,28,46,0
7,28,47,0
7,28,48,0
7,29,1,0
7,29,2,0
7,29,3,0
7,29,4,0
7,29,5,0
7,29,6,0
7,29,7,0
7,29,8,0
7,29,9,0
7,29,10,0
7,29,11,0
7,29,12,0
7,29,13,0
7,29,14,0
7,29,15,0
7,29,16,0
7,29,17,0
7,29,18,0
7,29,19,0
7,29,20,0
7,29,21,0
7,29,22,0
7,29,23,0
7,29,24,0
7,29,25,0
7,29,26,0
7,29,27,0
7,29,28,0
7,29,29,0.00884
7,29,30,0.00772
7,29,31,0.00494
7,29,32,0.00182
7,29,33,0.00061
7,29,34,0.00069
7,29,35,0.00042
7,29,36,0.00062
7,29,37,5e-05
7,29,38,0
7,29,39,0
7,29,40,0
7,29,41,0
7,29,42,0
7,29,43,0
7,29,44,0
7,29,45,0
7,29,46,0
7,29,47,0
7,29,48,0
7,30,1,0
7,30,2,0
7,30,3,0
7,30,4,0
7,30,5,0
7,30,6,0
7,30,7,0
7,30,8,0
7,30,9,0
7,30,10,0
7,30,11,0
7,30,12,0
7,30,13,0
7,30,14,0
7,30,15,0
7,30,16,0
7,30,17,0
7,30,18,0
7,30,19,0
7,30,20,0
7,30,21,0
7,30,22,0
7,30,23,0
7,30,24,0
7,30,25,0
7,30,26,0
7,30,27,0
7,30,28,0
7,30,29,0
7,30,30,0.00487
7,30,31,0.0078
7,30,32,0.00217
7,30,33,0.00288
7,30,34,0.00452
7,30,35,0
7,30,36,0
7,30,37,0
7,30,38,0
7,30,39,0
7,30,40,0
7,30,41,0
7,30,42,0
7,30,43,0
7,30,44,0
7,30,45,0
7,30,46,0
7,30,47,0
7,30,48,0
7,31,1,0
7,31,2,0
7,31,3,0
7,31,4,0
7,31,5,0
7,31,6,0
7,31,7,0
7,31,8,0
7,31,9,0
7,31,10,0
7,31,11,0
7,31,12,0
7,31,13,0
7,31,14,0
7,31,15,0
7,31,16,0
7,31,17,0
7,31,18,0
7,31,19,0
7,31,20,0
7,31,21,0
7,31,22,0
7,31,23,0
7,31,24,0
7,31,25,0
7,31,26,0
7,31,27,0
7,31,28,0
7,31,29,0
7,31,30,0
7,31,31,0.00865
7,31,32,0.01211
7,31,33,0.00165
7,31,34,0.00254
7,31,35,0.00057
7,31,36,0.00472
7,31,37,0
7,31,38,0.00015
7,31,39,0
7,31,40,0
7,31,41,0
7,31,42,0
7,31,43,0
7,31,44,0
7,31,45,0
7,31,46,0
7,31,47,0
7,31,48,0
7,32,1,0
7,32,2,0
7,32,3,0
7,32,4,0
7,32,5,0
7,32,6,0
7,32,7,0
7,32,8,0
7,32,9,0
7,32,10,0
7,32,11,0
7,32,12,0
7,32,13,0
7,32,14,0
7,32,15,0
7,32,16,0
7,32,17,0
7,32,18,0
7,32,19,0
7,32,20,0
7,32,21,0
7,32,22,0
7,32,23,0
7,32,24,0
7,32,25,0
7,32,26,0
7,32,27,0
7,32,28,0
7,32,29,0
7,32,30,0
7,32,31,0
7,32,32,0.00761
7,32,33,0.01451
7,32,34,0.00139
7,32,35,0.0015
7,32,36,0.00084
7,32,37,0
7,32,38,0
7,32,39,0
7,32,40,0
7,32,41,0
7,32,42,0
7,32,43,0
7,32,44,0
7,32,45,0
7,32,46,0
7,32,47,0
7,32,48,0
7,33,1,0
7,33,2,0
7,33,3,0
7,33,4,0
7,33,5,0
7,33,6,0
7,33,7,0
7,33,8,0
7,33,9,0
7,33,10,0
7,33,11,0
7,33,12,0
7,33,13,0
7,33,14,0
7,33,15,0
7,33,16,0
7,33,17,0
7,33,18,0
7,33,19,0
7,33,20,0
7,33,21,0
7,33,22,0
7,33,23,0
7,33,24,0
7,33,25,0
7,33,26,0
7,33,27,0
7,33,28,0
7,33,29,0
7,33,30,0
7,33,31,0
7,33,32,0
7,33,33,0.00272
7,33,34,0.00943
7,33,35,0.0082
7,33,36,0.00029
7,33,37,0.00035
7,33,38,0.00055
7,33,39,0
7,33,40,0
7,33,41,0
7,33,42,0
7,33,43,0
7,33,44,0
7,33,45,0
7,33,46,0
7,33,47,0
7,33,48,0
7,34,1,0
7,34,2,0
7,34,3,0
7,34,4,0
7,34,5,0
7,34,6,0
7,34,7,0
7,34,8,0
7,34,9,0
7,34,10,0
7,34,11,0
7,34,12,0
7,34,13,0
7,34,14,0
7,34,15,0
7,34,16,0
7,34,17,0
7,34,18,0
7,34,19,0
7,34,20,0
7,34,21,0
7,34,22,0
7,34,23,0
7,34,24,0
7,34,25,0
7,34,26,0
7,34,27,0
7,34,28,0
7,34,29,0
7,34,30,0
7,34,31,0
7,34,32,0
7,34,33,0
7,34,34,0.00311
7,34,35,0.00455
7,34,36,0.00169
7,34,37,0.00038
7,34,38,0
7,34,39,0.00213
7,34,40,0.00071
7,34,41,0
7,34,42,0
7,34,43,0
7,34,44,0
7,34,45,0
7,34,46,0
7,34,47,0
7,34,48,0
7,35,1,0
7,35,2,0
7,35,3,0
7,35,4,0
7,35,5,0
7,35,6,0
7,35,7,0
7,35,8,0
7,35,9,0
7,35,10,0
7,35,11,0
7,35,12,0
7,35,13,0
7,35,14,0
7,35,15,0
7,35,16,0
7,35,17,0
7,35,18,0
7,35,19,0
7,35,20,0
7,35,21,0
7,35,22,0
7,35,23,0
7,35,24,0
7,35,25,0
7,35,26,0
7,35,27,0
7,35,28,0
7,35,29,0
7,35,30,0
7,35,31,0
7,35,32,0
7,35,33,0
7,35,34,0
7,35,35,0.00564
7,35,36,0.01223
7,35,37,0.00209
7,35,38,0.00064
7,35,39,0.00247
7,35,40,0.00073
7,35,41,0
7,35,42,0
7,35,43,0
7,35,44,0
7,35,45,0
7,35,46,0
7,35,47,0
7,35,48,0
7,36,1,0
7,36,2,0
7,36,3,0
7,36,4,0
7,36,5,0
7,36,6,0
7,36,7,0
7,36,8,0
7,36,9,0
7,36,10,0
7,36,11,0
7,36,12,0
7,36,13,0
7,36,14,0
7,36,15,0
7,36,16,0
7,36,17,0
7,36,18,0
7,36,19,0
7,36,20,0
7,36,21,0
7,36,22,0
7,36,23,0
7,36,24,0
7,36,25,0
7,36,26,0
7,36,27,0
7,36,28,0
7,36,29,0
7,36,30,0
7,36,31,0
7,36,32,0
7,36,33,0
7,36,34,0
7,36,35,0
7,36,36,0.00162
7,36,37,0.00239
7,36,38,0
7,36,39,0.00035
7,36,40,0
7,36,41,0
7,36,42,0
7,36,43,0
7,36,44,0
7,36,45,0
7,36,46,0
7,36,47,0
7,36,48,0
7,37,1,0
7,37,2,0
7,37,3,0
7,37,4,0
7,37,5,0
7,37,6,0
7,37,7,0
7,37,8,0
7,37,9,0
7,37,10,0
7,37,11,0
7,37,12,0
7,37,13,0
7,37,14,0
7,37,15,0
7,37,16,0
7,37,17,0
7,37,18,0
7,37,19,0
7,37,20,0
7,37,21,0
7,37,22,0
7,37,23,0
7,37,24,0
7,37,25,0
7,37,26,0
7,37,27,0
7,37,28,0
7,37,29,0
7,37,30,0
7,37,31,0
7,37,32,0
7,37,33,0
7,37,34,0
7,37,35,0
7,37,36,0
7,37,37,0.00293
7,37,38,0.00453
7,37,39,0.00078
7,37,40,0
7,37,41,0
7,37,42,0
7,37,43,0
7,37,44,0
7,37,45,0.00025
7,37,46,0
7,37,47,0
7,37,48,0
7,38,1,0
7,38,2,0
7,38,3,0
7,38,4,0
7,38,5,0
7,38,6,0
7,38,7,0
7,38,8,0
7,38,9,0
7,38,10,0
7,38,11,0
7,38,12,0
7,38,13,0
7,38,14,0
7,38,15,0
7,38,16,0
7,38,17,0
7,38,18,0
7,38,19,0
7,38,20,0
7,38,21,0
7,38,22,0
7,38,23,0
7,38,24,0
7,38,25,0
7,38,26,0
7,38,27,0
7,38,28,0
7,38,29,0
7,38,30,0
7,38,31,0
7,38,32,0
7,38,33,0
7,38,34,0
7,38,35,0
7,38,36,0
7,38,37,0
7,38,38,0.00708
7,38,39,0.00144
7,38,40,6e-05
7,38,41,0.00168
7,38,42,0
7,38,43,0
7,38,44,0
7,38,45,0
7,38,46,0
7,38,47,0
7,38,48,0
7,39,1,0
7,39,2,0
7,39,3,0
7,39,4,0
7,39,5,0
7,39,6,0
7,39,7,0
7,39,8,0
7,39,9,0
7,39,10,0
7,39,11,0
7,39,12,0
7,39,13,0
7,39,14,0
7,39,15,0
7,39,16,0
7,39,17,0
7,39,18,0
7,39,19,0
7,39,20,0
7,39,21,0
7,39,22,0
7,39,23,0
7,39,24,0
7,39,25,0
7,39,26,0
7,39,27,0
7,39,28,0
7,39,29,0
7,39,30,0
7,39,31,0
7,39,32,0
7,39,33,0
7,39,34,0
7,39,35,0
7,39,36,0
7,39,37,0
7,39,38,0
7,39,39,0.00179
7,39,40,0.00065
7,39,41,2e-05
7,39,42,0
7,39,43,0.00034
7,39,44,0
7,39,45,0
7,39,46,0
7,39,47,0
7,39,48,0
7,40,1,0
7,40,2,0
7,40,3,0
7,40,4,0
7,40,5,0
7,40,6,0
7,40,7,0
7,40,8,0
7,40,9,0
7,40,10,0
7,40,11,0
7,40,12,0
7,40,13,0
7,40,14,0
7,40,15,0
7,40,16,0
7,40,17,0
7,40,18,0
7,40,19,0
7,40,20,0
7,40,21,0
7,40,22,0
7,40,23,0
7,40,24,0
7,40,25,0
7,40,26,0
7,40,27,0
7,40,28,0
7,40,29,0
7,40,30,0
7,40,31,0
7,40,32,0
7,40,33,0
7,40,34,0
7,40,35,0
7,40,36,0
7,40,37,0
7,40,38,0
7,40,39,0
7,40,40,0.00039
7,40,41,0.00035
7,40,42,0
7,40,43,0
7,40,44,0
7,40,45,0
7,40,46,0
7,40,47,0
7,40,48,0
7,41,1,0
7,41,2,0
7,41,3,0
7,41,4,0
7,41,5,0
7,41,6,0
7,41,7,0
7,41,8,0
7,41,9,0
7,41,10,0
7,41,11,0
7,41,12,0
7,41,13,0
7,41,14,0
7,41,15,0
7,41,16,0
7,41,17,0
7,41,18,0
7,41,19,0
7,41,20,0
7,41,21,0
7,41,22,0
7,41,23,0
7,41,24,0
7,41,25,0
7,41,26,0
7,41,27,0
7,41,28,0
7,41,29,0
7,41,30,0
7,41,31,0
7,41,32,0
7,41,33,0
7,41,34,0
7,41,35,0
7,41,36,0
7,41,37,0
7,41,38,0
7,41,39,0
7,41,40,0
7,41,41,0.00056
7,41,42,0
7,41,43,0
7,41,44,0
7,41,45,9e-05
7,41,46,0
7,41,47,0
7,41,48,0
7,42,1,0
7,42,2,0
7,42,3,0
7,42,4,0
7,42,5,0
7,42,6,0
7,42,7,0
7,42,8,0
7,42,9,0
7,42,10,0
7,42,11,0
7,42,12,0
7,42,13,0
7,42,14,0
7,42,15,0
7,42,16,0
7,42,17,0
7,42,18,0
7,42,19,0
7,42,20,0
7,42,21,0
7,42,22,0
7,42,23,0
7,42,24,0
7,42,25,0
7,42,26,0
7,42,27,0
7,42,28,0
7,42,29,0
7,42,30,0
7,42,31,0
7,42,32,0
7,42,33,0
7,42,34,0
7,42,35,0
7,42,36,0
7,42,37,0
7,42,38,0
7,42,39,0
7,42,40,0
7,42,41,0
7,42,42,0
7,42,43,9e-04
7,42,44,0
7,42,45,0
7,42,46,0
7,42,47,0
7,42,48,0
7,43,1,0
7,43,2,0
7,43,3,0
7,43,4,0
7,43,5,0
7,43,6,0
7,43,7,0
7,43,8,0
7,43,9,0
7,43,10,0
7,43,11,0
7,43,12,0
7,43,13,0
7,43,14,0
7,43,15,0
7,43,16,0
7,43,17,0
7,43,18,0
7,43,19,0
7,43,20,0
7,43,21,0
7,43,22,0
7,43,23,0
7,43,24,0
7,43,25,0
7,43,26,0
7,43,27,0
7,43,28,0
7,43,29,0
7,43,30,0
7,43,31,0
7,43,32,0
7,43,33,0
7,43,34,0
7,43,35,0
7,43,36,0
7,43,37,0
7,43,38,0
7,43,39,0
7,43,40,0
7,43,41,0
7,43,42,0
7,43,43,0
7,43,44,0
7,43,45,0
7,43,46,0
7,43,47,0
7,43,48,0
7,44,1,0
7,44,2,0
7,44,3,0
7,44,4,0
7,44,5,0
7,44,6,0
7,44,7,0
7,44,8,0
7,44,9,0
7,44,10,0
7,44,11,0
7,44,12,0
7,44,13,0
7,44,14,0
7,44,15,0
7,44,16,0
7,44,17,0
7,44,18,0
7,44,19,0
7,44,20,0
7,44,21,0
7,44,22,0
7,44,23,0
7,44,24,0
7,44,25,0
7,44,26,0
7,44,27,0
7,44,28,0
7,44,29,0
7,44,30,0
7,44,31,0
7,44,32,0
7,44,33,0
7,44,34,0
7,44,35,0
7,44,36,0
7,44,37,0
7,44,38,0
7,44,39,0
7,44,40,0
7,44,41,0
7,44,42,0
7,44,43,0
7,44,44,0
7,44,45,4e-05
7,44,46,0
7,44,47,0
7,44,48,0
7,45,1,0
7,45,2,0
7,45,3,0
7,45,4,0
7,45,5,0
7,45,6,0
7,45,7,0
7,45,8,0
7,45,9,0
7,45,10,0
7,45,11,0
7,45,12,0
7,45,13,0
7,45,14,0
7,45,15,0
7,45,16,0
7,45,17,0
7,45,18,0
7,45,19,0
7,45,20,0
7,45,21,0
7,45,22,0
7,45,23,0
7,45,24,0
7,45,25,0
7,45,26,0
7,45,27,0
7,45,28,0
7,45,29,0
7,45,30,0
7,45,31,0
7,45,32,0
7,45,33,0
7,45,34,0
7,45,35,0
7,45,36,0
7,45,37,0
7,45,38,0
7,45,39,0
7,45,40,0
7,45,41,0
7,45,42,0
7,45,43,0
7,45,44,0
7,45,45,0
7,45,46,5e-05
7,45,47,0
7,45,48,0
7,46,1,0
7,46,2,0
7,46,3,0
7,46,4,0
7,46,5,0
7,46,6,0
7,46,7,0
7,46,8,0
7,46,9,0
7,46,10,0
7,46,11,0
7,46,12,0
7,46,13,0
7,46,14,0
7,46,15,0
7,46,16,0
7,46,17,0
7,46,18,0
7,46,19,0
7,46,20,0
7,46,21,0
7,46,22,0
7,46,23,0
7,46,24,0
7,46,25,0
7,46,26,0
7,46,27,0
7,46,28,0
7,46,29,0
7,46,30,0
7,46,31,0
7,46,32,0
7,46,33,0
7,46,34,0
7,46,35,0
7,46,36,0
7,46,37,0
7,46,38,0
7,46,39,0
7,46,40,0
7,46,41,0
7,46,42,0
7,46,43,0
7,46,44,0
7,46,45,0
7,46,46,0
7,46,47,0
7,46,48,0
7,47,1,0
7,47,2,0
7,47,3,0
7,47,4,0
7,47,5,0
7,47,6,0
7,47,7,0
7,47,8,0
7,47,9,0
7,47,10,0
7,47,11,0
7,47,12,0
7,47,13,0
7,47,14,0
7,47,15,0
7,47,16,0
7,47,17,0
7,47,18,0
7,47,19,0
7,47,20,0
7,47,21,0
7,47,22,0
7,47,23,0
7,47,24,0
7,47,25,0
7,47,26,0
7,47,27,0
7,47,28,0
7,47,29,0
7,47,30,0
7,47,31,0
7,47,32,0
7,47,33,0
7,47,34,0
7,47,35,0
7,47,36,0
7,47,37,0
7,47,38,0
7,47,39,0
7,47,40,0
7,47,41,0
7,47,42,0
7,47,43,0
7,47,44,0
7,47,45,0
7,47,46,0
7,47,47,0
7,47,48,0
7,48,1,0
7,48,2,0
7,48,3,0
7,48,4,0
7,48,5,0
7,48,6,0
7,48,7,0
7,48,8,0
7,48,9,0
7,48,10,0
7,48,11,0
7,48,12,0
7,48,13,0
7,48,14,0
7,48,15,0
7,48,16,0
7,48,17,0
7,48,18,0
7,48,19,0
7,48,20,0
7,48,21,0
7,48,22,0
7,48,23,0
7,48,24,0
7,48,25,0
7,48,26,0
7,48,27,0
7,48,28,0
7,48,29,0
7,48,30,0
7,48,31,0
7,48,32,0
7,48,33,0
7,48,34,0
7,48,35,0
7,48,36,0
7,48,37,0
7,48,38,0
7,48,39,0
7,48,40,0
7,48,41,0
7,48,42,0
7,48,43,0
7,48,44,0
7,48,45,0
7,48,46,0
7,48,47,0
7,48,48,0
