TAZ,Work_0,Work_1,Work_2,Work_3,Work_4,University,School,Escort,Maintenance,Discretionary,AtWork
1,7.48471,6.28976,4.05411,1.41665,1.11897,0,0,0,0,0,0
2,7.28164,5.99859,3.85629,1.19218,0.72787,3.61112,5.03206,0,0,0,0
3,8.87338,7.53492,5.08649,2.74336,2.15683,0,3.51193,0,0,0,0
4,8.57761,7.06662,4.81396,2.41563,1.86675,2.64742,3.4228,0,0,0,0
5,9.6275,7.78285,5.33918,2.92965,2.84224,0,0,0,0,0,0
6,7.60342,6.43652,4.17013,1.75651,1.41797,0,4.88569,0,0,0,0
7,7.78785,6.68281,4.42074,1.92884,1.41667,0,0,0,0,0,0
8,7.14116,6.32011,3.89056,1.73314,1.12785,3.75348,3.44176,0,0,0,0
9,9.82606,7.23903,5.46753,3.0589,2.03631,0,0,0,0,0,0
10,0,0,5.07316,0,2.66536,0,0,0,0,0,0
11,8.94797,7.41781,5.01413,2.5861,2.27677,2.81927,0,0,0,0,0
12,7.85651,6.84929,4.54334,2.30549,1.5674,0,0,0,0,0,0
13,8.39733,7.51128,5.23703,2.76821,2.43808,3.89597,4.12361,0,0,0,0
14,0,-0.56899,0,3.25056,2.55751,0,0,0,0,0,0
15,8.2498,7.14242,4.82551,2.54881,1.9738,3.04487,3.45873,0,0,0,0
16,0,0,0,0,0,0,0,0,0,0,0
17,0,0,0,0,0,0,0,0,0,0,0
18,9.01191,7.38165,5.00864,2.45993,1.84071,0,0,0,0,0,0
19,0,0,0,0,0,0,0,0,0,0,0
20,0,8.15448,5.43269,3.5327,2.06174,0,0,0,0,0,0
21,0,0,0,-1.09695,0,0,0,0,0,0,0
22,0,5.67453,3.41707,3.09872,3.21093,0,0,0,0,0,0
23,0,0,0,2.77818,2.87511,0,0,0,0,0,0
24,0,0,0.2465,-1.2089,1.81034,0,0,0,0,0,0
25,0,8.77567,4.5089,2.53702,2.12542,0,0,0,0,0,0
26,0,-0.40703,0,1.77793,1.88156,0,0,0,0,0,0
27,0,0,0.95732,0,1.28978,0,0,0,0,0,0
28,0,0,0,0,0,0,0,0,0,0,0
29,0,0,0,0,0,0,0,0,0,0,0
30,9.32147,6.45263,3.05338,1.34532,0.94253,0,0,0,0,0,0
31,9.16168,6.68074,3.50388,1.39988,1.10677,0,0,0,0,0,0
32,5.78954,6.70182,4.03693,2.07306,1.99974,0,0,0,0,0,0
33,9.19386,6.49602,3.55455,1.21518,0.97131,1.91792,0,0,0,0,0
34,9.70013,7.69165,5.20988,2.68377,1.76694,0,0,0,0,0,0
35,8.18817,6.82647,3.58915,1.98119,0.89967,0,0,0,0,0,0
36,7.50449,6.10183,2.80644,0.52099,-0.20606,0.1379,-2.46232,0,0,0,0
37,0,0,0,0,0,0,0,0,0,0,0
38,0,7.9672,4.49158,2.48234,2.15023,0,0,0,0,0,0
39,5.10359,8.00948,3.98097,1.64848,0.85455,0,0,0,0,0,0
40,7.56797,7.4729,4.51358,2.5402,2.28233,0,0,0,0,0,0
41,0,0,3.10664,1.34396,0,0,0,0,0,0,0
42,9.45953,7.83051,4.56968,2.33167,1.7422,1.39908,0.57024,0,0,0,0
43,0,2.65379,4.62255,0.40586,2.09983,0,0,0,0,0,0
44,0,7.09659,3.87142,0.92777,1.35068,0,0,0,0,0,0
45,0,0,0,0,0,0,0,0,0,0,0
46,0,0,0,0,0,0,0,0,0,0,0
47,0,-0.89367,0,-0.42612,0.32951,0,0,0,0,0,0
48,0,0,1.96642,0,3.08085,0,0,0,0,0,0
49,6.92521,5.3008,1.87438,-0.14571,-0.62063,-0.38119,0,0,0,0,0
50,8.23755,7.36385,4.38357,1.93747,1.72769,0,0,0,0,0,0
51,0,0,0,1.88945,1.41057,0,0,0,0,0,0
52,0,0,0,0,0,0,0,0,0,0,0
53,0,0,0,0,0,0,0,0,0,0,0
54,5.05428,5.65761,3.2905,1.78123,2.10459,0,0,0,0,0,0
55,0,0,4.50847,4.23616,1.65666,0,0,0,0,0,0
56,5.58555,3.77161,1.35943,-0.1791,-0.41453,-2.37539,-0.95782,0,0,0,0
57,6.42244,4.41616,1.9232,0.50248,0.18703,-1.8216,-0.26887,0,0,0,0
58,7.73602,5.71625,3.1763,1.78162,1.18986,0,0,0,0,0,0
59,0,0,-1.53695,0,1.49849,0,0,0,0,0,0
60,8.17463,6.62243,3.91858,2.06447,2.19547,0,0,0,0,0,0
61,0.93409,7.24218,5.30807,0,0,0,0,0,0,0,0
62,0,0,0,0,0,0,0,0,0,0,0
63,0,0,0,-0.55696,0,0,0,0,0,0,0
64,0,5.63846,0,-0.51006,0,0,0,0,0,0,0
65,7.0246,6.04783,3.51147,2.00458,1.93089,0,2.75655,0,0,0,0
66,0,0,0,0,0,0,0,0,0,0,0
67,0,0,0,0,0,0,0,0,0,0,0
68,5.00534,1.93751,3.55066,4.16051,1.87521,0,0,0,0,0,0
69,8.58552,7.24606,4.31834,2.74125,2.43329,-1.19595,0,0,0,0,0
70,0,0,2.51198,-0.75445,2.11485,0,0,0,0,0,0
71,0.49103,7.00559,4.12102,0,3.52013,0,0,0,0,0,0
72,0,0,0.0131,0,1.76577,0,0,0,0,0,0
73,0,0,0,0,0,0,0,0,0,0,0
74,6.4461,6.06785,3.57633,1.84132,1.76413,0,0,0,0,0,0
75,0,0,0,0,0,0,0,0,0,0,0
76,0,0,0,0,0,0,0,0,0,0,0
77,0,0,5.16154,0,0,0,0,0,0,0,0
78,0,0,0,0,0,0,0,0,0,0,0
79,0,0,0,0,0,0,0,0,0,0,0
80,9.80944,6.13134,4.99063,2.29012,2.76088,-0.97358,0,0,0,0,0
81,0,0,-0.34111,0,0,0,0,0,0,0,0
82,9.75745,6.21093,4.42096,0,3.33766,0,0,0,0,0,0
83,0,0,0,0,0,0,0,0,0,0,0
84,8.36654,5.02453,3.56352,1.54661,1.69616,-0.05355,0,0,0,0,0
85,8.81499,5.16698,3.64935,1.8472,1.91539,-0.38464,2.11548,0,0,0,0
86,8.76691,4.15346,2.97888,1.45316,0.71798,-1.45786,1.6578,0,0,0,0
87,7.75606,4.12329,2.83293,1.34688,1.03167,-1.69427,0.53311,0,0,0,0
88,1.32812,4.72237,4.03646,2.2885,2.25631,0,0,0,0,0,0
89,7.54314,3.65851,2.97534,1.48404,1.21715,0,0,0,0,0,0
90,9.2288,4.70293,3.08129,1.78545,2.1938,0,0,0,0,0,0
91,0,3.83941,2.34836,-1.6302,-0.16323,0,0,0,0,0,0
92,7.73753,3.91212,2.7655,1.26306,1.0699,-0.49741,1.40591,0,0,0,0
93,7.12198,3.58551,2.37753,0.88397,0.53184,0,0,0,0,0,0
94,0,0,0,0,0,0,0,0,0,0,0
95,0,0,3.71344,0,1.98018,0,0,0,0,0,0
96,4.4516,0,2.94378,1.98957,1.52364,0,0,0,0,0,0
97,7.01297,4.59653,3.19017,1.62566,1.73063,0,0,0,0,0,0
98,0,4.41438,0,0,1.60529,0,0,0,0,0,0
99,0,3.98746,0,2.2937,1.49158,0,0,0,0,0,0
100,0,1.58519,2.09823,0,1.88855,0,0,0,0,0,0
101,0,0,3.40715,1.55343,1.40232,0,0,0,0,0,0
102,0,3.82506,3.39801,0,1.45375,0,0,0,0,0,0
103,5.47865,3.22384,1.83463,0.89659,0.37386,0.13267,0,0,0,0,0
104,5.41042,3.17104,1.68417,0.89085,0.35718,-0.82413,0,0,0,0,0
105,5.15731,2.73113,1.37665,0.65533,0.42844,0.10116,0,0,0,0,0
106,0,0,0,0,0,0,0,0,0,0,0
107,5.55463,3.19584,2.01968,1.7025,0.83244,-0.10745,0,0,0,0,0
108,0,19.77847,0,0,0,0,0,0,0,0,0
109,4.43041,2.93376,2.47854,1.68375,1.09693,0.97749,-1.06027,0,0,0,0
110,0,3.00033,0,2.53111,2.17368,0,0,0,0,0,0
111,4.6703,2.68988,2.84865,2.31101,1.05557,1.10145,-0.64002,0,0,0,0
112,0,0,0,0,-0.73982,0,0,0,0,0,0
113,0,3.08038,0,3.17718,1.95929,0,0,0,0,0,0
114,0,0,0,0,0,0,0,0,0,0,0
115,0,0,0,0,0,0,0,0,0,0,0
116,0,0,0,0,0,0,0,0,0,0,0
117,-1.2166,0,0,0,-0.1997,0,0,0,0,0,0
118,0,0,0,0,0,0,0,0,0,0,0
119,0,0,0,0,0,0,0,0,0,0,0
120,0,0,0,0,0,0,0,0,0,0,0
121,0,0,0,0,0,0,0,0,0,0,0
122,2.54227,1.41627,2.12946,2.20623,1.51986,0,0,0,0,0,0
123,0.26141,1.40274,0,0,0,0,0,0,0,0,0
124,-0.01435,0.05218,-0.25777,1.06248,0.27643,0,0,0,0,0,0
125,-0.24916,0.13071,1.45067,1.3574,0.1034,1.71889,0,0,0,0,0
126,-0.68519,-0.22031,1.38867,0.95883,0.13124,1.31607,0.07503,0,0,0,0
127,0.13205,0.11199,1.47504,1.58801,0.26332,1.72205,0,0,0,0,0
128,0.68382,0.36683,1.6838,1.57967,0.36422,1.83388,1.10516,0,0,0,0
129,-0.89618,-0.30768,1.40153,1.14278,0.2165,1.31739,0.22049,0,0,0,0
130,7.66811E-3,3.12288E-3,1.46281,1.31404,5.33132E-3,1.0844,-0.57367,0,0,0,0
131,-0.18351,1.05009,1.78637,0.99869,0.60236,0,1.52594,0,0,0,0
132,-0.6746,-0.16263,1.32568,1.18411,-4.78212E-4,0,0.88878,0,0,0,0
133,1.08509,0.71437,2.26896,2.84426,0.2886,0,0,0,0,0,0
134,-0.59299,-0.14149,1.38818,1.03686,0.38191,1.26477,0.45232,0,0,0,0
135,-0.5192,-0.22503,1.72383,0.92756,0.50736,0.33039,0,0,0,0,0
136,-0.11175,0.28203,1.64111,1.43938,0.36266,1.51441,0,0,0,0,0
137,-0.42661,-0.06756,1.24325,1.37566,0.23349,1.17376,0.87437,0,0,0,0
138,-0.44807,-0.149,1.36281,1.18879,0.38929,0,0,0,0,0,0
139,0.60998,0.36123,1.49181,1.74796,0.44001,1.43916,0.79287,0,0,0,0
140,0.1554,0.03297,1.38079,1.20538,0.38234,1.1776,0,0,0,0,0
141,-0.23647,-8.93666E-3,1.60262,1.33722,0.62997,0,0,0,0,0,0
142,6.69748E-3,-0.07932,1.81066,1.16196,0.32458,1.47671,0.67835,0,0,0,0
143,-0.61483,-0.13898,1.13508,0.84907,0.02414,0.44079,-0.15551,0,0,0,0
144,-0.38563,0.37772,1.59588,0.76404,0.2688,1.36585,0.35973,0,0,0,0
145,0.07257,0.21708,1.59216,1.19368,0.44246,0,0.78553,0,0,0,0
146,-0.38258,-0.1426,1.38299,0.92742,0.16213,0.97955,0.07374,0,0,0,0
147,-0.5788,-0.20732,1.35633,1.14778,0.23897,1.39474,0.88024,0,0,0,0
148,-0.27164,-0.23003,1.22923,1.01502,-0.02177,1.55864,0,0,0,0,0
149,-0.74161,-0.02899,1.37617,1.15767,0.08779,1.29386,0.46637,0,0,0,0
150,6.13736E-3,-0.10969,1.27485,1.04579,-0.1079,1.32622,0.58677,0,0,0,0
151,0.10867,0.45733,1.65592,1.48961,0.32025,1.51328,0,0,0,0,0
152,-0.15852,-0.03913,1.45691,1.12005,0.0414,1.16116,0.42011,0,0,0,0
153,-0.17602,0.07752,1.56004,1.15439,0.24693,0,0,0,0,0,0
154,0.28916,0.1169,1.16387,0.84961,0.11417,0.78863,0,0,0,0,0
155,-0.07293,0.14111,1.49075,1.44923,0.44136,1.3495,0.90643,0,0,0,0
156,0.22826,0.09251,1.86284,0.79095,0.33779,0,0,0,0,0,0
157,-0.08631,0.19304,1.68386,1.06248,0.35363,1.29126,0,0,0,0,0
158,-0.28379,-0.06448,1.39662,1.21018,0.15697,1.23802,0,0,0,0,0
159,-0.06099,-0.08908,1.32894,1.12119,-0.06071,1.04854,0.39364,0,0,0,0
160,1.16766,0.62356,1.83982,1.86085,0.24824,1.73136,1.63352,0,0,0,0
161,0.33519,0.21601,1.71599,2.3236,0.27859,1.24247,1.39235,0,0,0,0
162,0.18435,-0.08324,1.16172,1.14647,-3.63709E-3,1.21051,0.51875,0,0,0,0
163,0.46483,0.48225,1.90778,1.79734,0.5244,1.65321,1.10095,0,0,0,0
164,0.16399,6.09849E-5,1.50048,0.80046,-0.06533,1.29825,0.07491,0,0,0,0
165,-0.40221,0.23529,1.43618,0.61377,0.1238,0,0,0,0,0,0
166,0.04347,0.37441,1.83519,0.87636,0.01341,0,0,0,0,0,0
167,0.41211,0.25849,1.61047,1.3842,0.21893,1.4204,0.87207,0,0,0,0
168,0.06254,-0.07512,1.25249,0.84751,-0.06295,1.37479,-0.07717,0,0,0,0
169,-0.21432,-0.22719,1.28843,1.01614,-0.02605,0,0,0,0,0,0
170,0.59177,0.3532,2.03961,2.26007,0.85232,1.27714,0,0,0,0,0
171,0.06983,-0.20924,1.31271,1.09181,-0.08433,1.20905,0.3689,0,0,0,0
172,0.33448,0.18092,1.21157,0.80232,0.05188,0.9847,0.61701,0,0,0,0
173,0.35668,0.1989,1.05873,1.13706,0.07333,-0.36276,0,0,0,0,0
174,0.93581,0.55443,1.87669,1.89215,0.60559,2.01281,0,0,0,0,0
175,1.69567,0.70651,1.51697,2.26077,0.25824,0.33039,0,0,0,0,0
176,8.08957E-3,-0.17868,1.20016,0.68188,-0.24953,1.36634,0.03598,0,0,0,0
177,0.77505,0.51477,2.26367,1.48985,0.40691,0,0,0,0,0,0
178,0.45313,0.19863,1.43,1.0562,0.15099,1.02353,0,0,0,0,0
179,0.28793,0.18808,1.46473,1.13826,0.15616,0,0,0,0,0,0
180,0.68614,0.32647,1.21778,1.85354,0.08914,1.87905,0,0,0,0,0
181,0.79094,0.29003,1.70127,1.37895,0.26374,1.56752,1.24165,0,0,0,0
182,0.55892,0.05034,1.42004,1.47853,0.0292,0.66077,0,0,0,0,0
183,0.4376,0.15536,1.32206,1.11488,-0.15431,0.95386,-0.02241,0,0,0,0
184,0.75111,0.04895,1.22956,0.82378,-1.91749E-3,1.04825,0.70526,0,0,0,0
185,1.04804,0.4436,1.02075,1.11393,0.20206,0,0,0,0,0,0
186,0.84369,0.20915,1.90984,1.68481,0.38449,0,0,0,0,0,0
187,0.87805,0.41023,1.43798,1.54204,-0.07604,0,0,0,0,0,0
188,0.93283,0.51089,0.92313,0.77348,0.45946,1.48651,0,0,0,0,0
189,0.60592,0.3033,1.3647,0.91355,-0.21909,1.2411,0.84396,0,0,0,0
190,0.93362,0.60725,1.69591,1.65699,0.41081,1.45522,0,0,0,0,0
191,0.64238,-0.03988,1.07634,0.97117,-0.14423,0.90439,1.06319,0,0,0,0
192,1.04997,0.42406,1.43116,1.12352,-0.02584,0,0,0,0,0,0
193,0.82161,0.19565,1.15886,0.97459,-0.16758,1.23423,0.93071,0,0,0,0
194,0.98485,0.16767,1.101,1.01872,-0.23596,1.51209,0,0,0,0,0
195,0.77493,0.32611,1.39198,1.33195,-0.10409,0,0,0,0,0,0
196,0.79092,0.24841,1.31766,1.12006,-0.22844,0,0,0,0,0,0
197,1.40384,0.65819,1.46675,1.33482,0.32198,0,0,0,0,0,0
198,0.56512,0.28974,1.10073,1.00141,-0.25911,1.03375,0.90437,0,0,0,0
199,0.67503,0.21141,1.192,0.92085,-0.32089,1.3413,0,0,0,0,0
200,0.777,-0.11521,0.85961,1.35159,0.20274,0,0,0,0,0,0
201,0.67236,0.1761,1.34263,1.34533,-0.04638,1.58714,0,0,0,0,0
202,0.65883,0.9802,1.8935,0.87787,0.33074,0,0,0,0,0,0
203,0.39825,0.2291,1.17165,1.02456,-0.15647,1.11752,0.89772,0,0,0,0
204,1.0294,0.59363,1.54915,0.18376,0.34387,0,0,0,0,0,0
205,0.58492,-0.0584,0.99602,0.80199,-0.32948,1.03815,0,0,0,0,0
206,0.5856,0.06621,1.24077,1.00952,-0.1993,0,0,0,0,0,0
207,1.252,0.37132,1.31264,0.46583,-0.10215,0.99813,1.60141,0,0,0,0
208,1.02259,0.35098,1.09291,1.02152,-0.22384,1.26752,1.04534,0,0,0,0
209,1.26525,0.44416,1.50083,1.32901,-0.03641,1.35506,1.03246,0,0,0,0
210,0.6967,0.09559,1.18925,0.8131,-0.22767,0.73947,1.13038,0,0,0,0
211,1.03848,0.39846,1.35434,1.33839,-0.26495,1.15514,1.21875,0,0,0,0
212,0.42042,8.51895E-3,1.2824,0.90829,-0.13235,0.87338,0,0,0,0,0
213,0.5799,0.07572,1.17424,1.03639,-0.13344,0.90605,0.89232,0,0,0,0
214,0.71033,-0.06286,1.08215,0.80431,-0.37196,0.72118,0.51083,0,0,0,0
215,0.85348,0.90542,1.45547,1.44549,0.40396,0,0,0,0,0,0
216,0.92697,-0.12977,0.44132,1.53066,-0.50087,0.33039,0,0,0,0,0
217,0.88832,0.1815,1.11245,1.2492,-0.34919,1.09466,1.03619,0,0,0,0
218,1.11698,0.65897,1.63362,1.57062,0.1923,1.73388,1.9829,0,0,0,0
219,0.93949,0.16852,1.01584,1.05363,-0.30056,0.85763,0.74148,0,0,0,0
220,0.80156,6.29003E-3,1.02228,0.80404,-0.34208,1.00787,1.29135,0,0,0,0
221,1.06977,0.28315,1.55799,0.82918,-0.11053,1.28507,1.40939,0,0,0,0
222,1.19934,0.39753,1.53038,0.99809,-0.22346,1.74884,1.64412,0,0,0,0
223,0.97712,0.19847,1.30109,0.97139,-0.24303,1.34338,1.15351,0,0,0,0
224,1.0212,0.43462,1.14321,1.30385,-0.18942,1.05776,1.21379,0,0,0,0
225,0.77358,0.10409,1.18471,0.66306,-0.28338,0.61901,1.34225,0,0,0,0
226,1.18112,0.24186,1.01891,1.20731,-0.25589,0.76248,1.15683,0,0,0,0
227,0.83954,0.21366,1.24304,0.98205,-0.295,0.96941,1.33101,0,0,0,0
228,1.05481,0.24921,1.32185,1.06001,-0.28212,0.95275,1.35306,0,0,0,0
229,1.37499,0.52168,1.63388,1.44757,-0.19418,1.48835,1.55284,0,0,0,0
230,1.11917,0.32962,1.10999,1.12774,-0.11479,1.27579,1.39737,0,0,0,0
231,1.2065,0.63614,1.64964,1.22153,0.0418,1.04035,0,0,0,0,0
232,1.58819,0.42516,1.59529,1.47268,0.09726,2.37745,0,0,0,0,0
233,0.79275,0.12827,0.90962,0.84052,-0.47397,0.72093,0.88867,0,0,0,0
234,0.9183,0.8442,1.14373,1.39598,0.19536,1.04643,0,0,0,0,0
235,1.10253,0.32068,1.27651,1.24519,-0.26119,0.95741,1.68806,0,0,0,0
236,1.14397,0.50877,1.36209,1.43301,-0.12199,1.16087,0.96652,0,0,0,0
237,1.15752,0.47104,1.34689,1.33609,-0.21868,1.47473,1.50695,0,0,0,0
238,0.95395,0.35075,1.12429,1.19857,-0.32477,1.14952,0,0,0,0,0
239,0.97924,0.12912,1.24258,1.11188,-0.4652,0.85405,1.16991,0,0,0,0
240,0.9438,0.25934,1.26984,1.16538,-0.40747,0.68969,1.50016,0,0,0,0
241,1.16445,0.35772,1.28149,1.16906,-0.40348,1.39307,0,0,0,0,0
242,1.53756,0.51841,1.34227,1.4379,-0.12896,1.49004,1.49986,0,0,0,0
243,1.22393,0.63087,1.52651,1.33344,-0.11431,1.42928,1.47636,0,0,0,0
244,1.06114,0.28318,1.04815,0.96455,-0.27588,0.88393,1.05498,0,0,0,0
245,0.74789,-0.12183,0.95883,0.91628,-0.40684,0.49289,0,0,0,0,0
246,1.18645,0.35959,1.16458,1.07682,-0.36437,1.1945,0,0,0,0,0
247,0.85497,0.2338,1.13014,1.09773,-0.56197,0.70522,0.5872,0,0,0,0
248,1.16182,0.86832,1.18011,1.63466,-0.30995,1.39216,1.71249,0,0,0,0
249,0.92759,0.20874,1.21326,1.06614,-0.38181,0.46791,0,0,0,0,0
250,1.22882,0.45702,1.28974,1.01784,-0.29189,1.09246,1.84016,0,0,0,0
251,1.27988,0.55096,1.34794,1.23084,-0.30048,1.16333,0,0,0,0,0
252,0.92235,0.24687,1.13718,1.15389,-0.33899,1.22754,1.45716,0,0,0,0
253,1.27707,0.46601,1.4415,1.4794,-0.12288,1.39539,1.74415,0,0,0,0
254,0.85116,0.13844,1.10635,0.91499,-0.58279,0.8114,0,0,0,0,0
255,0.88739,0.71468,1.39354,0.97214,-0.19817,0.91424,0,0,0,0,0
256,0.80677,0.14759,0.99424,0.91304,-0.4559,0.94545,0,0,0,0,0
257,0.85636,0.30217,1.17351,1.20917,-0.46206,1.14974,1.69411,0,0,0,0
258,1.05228,0.36669,1.27539,1.07705,-0.40176,0.94249,1.61221,0,0,0,0
259,1.21293,0.43166,1.18004,0.72687,-0.40867,0.62077,0,0,0,0,0
260,0.82318,0.12599,0.93358,0.87078,-0.60333,0.99344,1.32736,0,0,0,0
261,0.92594,0.33878,1.23287,1.04539,-0.40759,1.20433,1.78972,0,0,0,0
262,1.15649,0.51214,1.39487,1.32197,-0.27732,1.07391,1.22534,0,0,0,0
263,1.04379,0.46024,1.33016,0.92642,-0.14839,1.06324,1.62357,0,0,0,0
264,1.16377,0.68023,1.38737,1.19514,-0.0598,1.60734,0,0,0,0,0
265,0.28634,0.02605,1.12776,1.21258,-0.62599,0,0,0,0,0,0
266,1.07832,0.42747,1.27282,1.37907,-0.32454,1.05114,1.53321,0,0,0,0
267,0.93972,0.43832,1.11946,1.21564,-0.43922,0.81843,1.33907,0,0,0,0
268,0.85443,0.17362,1.03255,1.0167,-0.56104,0.86972,1.22994,0,0,0,0
269,0.59459,0.13017,1.04661,1.04258,-0.42058,0.79936,1.15669,0,0,0,0
270,0.86363,0.15745,1.05003,1.01123,-0.50564,0.75957,1.07741,0,0,0,0
271,1.05591,0.26005,1.33095,0.77011,-0.13553,0.87825,0,0,0,0,0
272,0.958,0.36805,0.95758,1.18445,-0.50808,0.77779,1.31403,0,0,0,0
273,0.41007,0.41882,1.30531,0.94228,-0.28307,0,0,0,0,0,0
274,0.75361,0.51595,1.18629,1.40303,-0.13118,0,1.61148,0,0,0,0
275,0.91579,0.51317,1.21724,1.24257,-0.3115,0.91713,1.40659,0,0,0,0
276,1.69057,1.43213,2.26714,2.33645,0.80353,2.5762,0,0,0,0,0
277,1.19526,0.40111,1.14459,1.09055,-0.35126,1.0772,1.6452,0,0,0,0
278,0.71453,0.25777,1.06601,0.86139,-0.53213,-0.28947,1.54595,0,0,0,0
279,0.9829,0.34811,1.06823,1.1334,-0.35697,0.90029,1.28957,0,0,0,0
280,0.90534,0.18251,0.91372,0.89076,-0.46196,0.50013,0.37288,0,0,0,0
281,0.7667,0.27223,1.24101,1.07383,-0.40539,1.19766,0,0,0,0,0
282,0.66673,0.04645,0.82719,0.79929,-0.57751,0.6233,1.17056,0,0,0,0
283,0.8603,0.17725,0.79797,0.99828,-0.49963,0.72327,1.2328,0,0,0,0
284,1.01871,0.43097,1.41362,1.5605,-0.44198,1.2933,1.77152,0,0,0,0
285,0.69241,0.40906,0.85889,0.96837,-0.39886,0.79049,0,0,0,0,0
286,0.71748,0.16002,1.1047,0.92633,-0.52374,0.7392,1.60067,0,0,0,0
287,2.40453,1.06821,2.0422,2.03656,0.56107,0,0,0,0,0,0
288,0.81729,0.31344,1.07464,1.25474,-0.32091,1.40905,0,0,0,0,0
289,1.33329,0.68849,1.17006,1.12215,-0.09415,1.26917,1.78183,0,0,0,0
290,0.74774,0.27593,0.98913,1.07275,-0.40468,0.9097,1.43348,0,0,0,0
291,0.63126,0.14992,0.9397,1.00594,-0.52304,0.97479,1.40185,0,0,0,0
292,0.76849,0.23413,0.98108,1.03999,-0.48046,0.78342,1.65645,0,0,0,0
293,0.71795,0.35264,1.13177,1.1116,-0.41465,1.12104,0,0,0,0,0
294,0.60874,0.19112,0.94527,0.88439,-0.69722,0,0,0,0,0,0
295,1.20858,0.73602,1.38625,1.42383,4.2345E-3,0,0,0,0,0,0
296,1.22333,0.76135,1.69829,1.57083,-9.44483E-3,1.59619,1.66698,0,0,0,0
297,0.97587,0.17134,1.14219,1.01848,-0.54012,0,0,0,0,0,0
298,1.27205,0.46126,1.27132,1.34019,-0.28893,1.23106,1.58675,0,0,0,0
299,0.83396,0.43117,1.15905,1.13293,-0.4131,1.7051,1.8748,0,0,0,0
300,0.73953,0.32026,0.93938,1.22548,-0.3113,1.02474,0,0,0,0,0
301,0.79922,0.3158,1.1418,1.11009,-0.37606,0,0,0,0,0,0
302,0.90061,0.38439,1.07703,0.89235,-0.38489,0.81024,1.68994,0,0,0,0
303,0.64814,0.09058,0.9041,0.80151,-0.63043,0.68278,0,0,0,0,0
304,1.47065,1.36685,2.11873,2.16001,0.66127,2.64408,0.86977,0,0,0,0
305,0.75625,0.17938,1.08884,0.78584,-0.49379,0.69297,1.19184,0,0,0,0
306,0.77894,-8.34377E-3,0.90098,0.84112,-0.58031,0.56487,0.97464,0,0,0,0
307,0.81178,0.28162,1.01971,1.1793,-0.5659,0.6472,1.15768,0,0,0,0
308,0.82614,0.64758,1.66724,0.66356,-0.18789,0,0,0,0,0,0
309,0.7465,0.14038,0.96229,0.65553,-0.31393,0,0,0,0,0,0
310,0.61444,0.32226,0.98465,0.96386,-0.4969,0.02649,1.48457,0,0,0,0
311,0.68915,0.22342,0.85724,1.06316,-0.42763,0.78755,1.61979,0,0,0,0
312,0.67584,0.52295,1.18515,1.12489,-0.42828,1.25596,0,0,0,0,0
313,0.82713,0.2427,1.16986,1.32846,-0.41865,0.36255,0,0,0,0,0
314,0.72102,0.12353,0.94458,0.84435,-0.51153,0.66127,1.06755,0,0,0,0
315,1.14053,0.45625,1.29094,1.23739,-0.27051,1.15231,0,0,0,0,0
316,0.64934,0.19388,0.88328,0.86992,-0.64277,1.18472,1.6892,0,0,0,0
317,0.53982,0.43738,1.14899,1.23742,-0.41238,1.22354,1.59967,0,0,0,0
318,0.69055,0.21022,1.25422,1.06917,-0.44675,0,0,0,0,0,0
319,0.7074,0.27114,1.24394,0.90156,-0.39639,0,0,0,0,0,0
320,1.0724,0.80538,1.63217,1.714,-0.04247,1.8542,0,0,0,0,0
321,0.88121,0.39968,1.1631,1.39023,-0.23104,0.82986,2.06434,0,0,0,0
322,0.60184,0.27817,1.02627,1.19939,-0.43082,0.99144,1.6266,0,0,0,0
323,0.63738,0.29141,0.82825,1.05203,-0.45042,1.04074,0,0,0,0,0
324,0.67548,0.26936,1.14051,1.24404,-0.30425,1.20307,0,0,0,0,0
325,1.05218,0.18722,1.06427,0.85686,-0.4926,0.75241,1.36036,0,0,0,0
326,0.75926,0.28738,0.9701,0.95895,-0.50996,0.74821,1.38473,0,0,0,0
327,0.56422,0.25804,0.91484,0.95489,-0.44365,0.57765,0.88507,0,0,0,0
328,0.675,0.36423,1.33197,0.99085,-0.34975,0.73826,1.25608,0,0,0,0
329,0.71388,0.32148,1.02521,0.8467,-0.18725,0.79775,1.49138,0,0,0,0
330,0.8044,0.21909,0.98005,0.97521,-0.43048,0.93706,1.61283,0,0,0,0
331,0.62588,0.20554,0.95646,0.88711,-0.54449,0.86391,1.44134,0,0,0,0
332,0.53896,0.23879,1.06337,1.16135,-0.49651,1.08257,1.59769,0,0,0,0
333,0.68174,0.34941,1.24807,1.33555,-0.42805,0.88747,1.35692,0,0,0,0
334,0.59774,0.47406,1.22778,1.17542,-0.3644,1.18499,0,0,0,0,0
335,0.49149,0.44092,1.25412,1.19028,-0.40625,0.96284,1.4183,0,0,0,0
336,0.16483,0.06425,0.84759,0.88788,-0.69426,0.94136,1.27215,0,0,0,0
337,0.76905,0.45214,1.21777,1.00626,-0.35756,0.82485,1.72851,0,0,0,0
338,0.98294,0.37841,1.16787,1.02298,-0.34237,0.8534,0.74328,0,0,0,0
339,0.58462,0.3737,1.35437,1.27995,-0.17063,1.41819,0,0,0,0,0
340,0.52169,0.38175,1.1519,1.19341,-0.28022,1.38791,0.83679,0,0,0,0
341,0.84066,0.40999,1.07735,1.26208,-0.37002,0.757,1.55533,0,0,0,0
342,0.34894,0.39627,1.08129,1.09639,-0.42485,0.066,1.48205,0,0,0,0
343,0.62645,0.5124,1.27145,1.25793,-0.26236,0.98162,1.63086,0,0,0,0
344,0.78077,0.29396,0.82095,1.03537,-0.49108,0.73513,1.37252,0,0,0,0
345,0.50381,0.54505,1.20705,1.33119,-0.36508,1.36125,1.28321,0,0,0,0
346,0.63485,0.28113,0.97215,0.93809,-0.42874,0.7099,1.50275,0,0,0,0
347,0.47343,0.08247,0.8955,0.84115,-0.61331,0.76046,1.71259,0,0,0,0
348,0.67052,0.27214,0.82464,1.03489,-0.4673,0.63402,1.52815,0,0,0,0
349,0.57364,0.24493,0.96811,1.00525,-0.47684,0.71229,1.2134,0,0,0,0
350,0.40648,0.35019,1.36053,1.38176,-0.26102,1.32947,1.40134,0,0,0,0
351,0.7967,0.30764,0.90844,0.97959,-0.48237,0.72811,1.0646,0,0,0,0
352,0.73374,0.16466,1.18238,1.21097,-0.35528,-0.43784,1.64379,0,0,0,0
353,0.38745,0.10868,0.95083,0.97482,-0.55655,0.80106,1.36999,0,0,0,0
354,0.41416,0.24095,1.14378,1.17926,-0.49875,1.097,1.4037,0,0,0,0
355,0.5054,0.44969,1.23155,1.43708,-0.31255,0.95393,0.95084,0,0,0,0
356,0.29438,0.4086,1.21244,1.22995,-0.24941,1.24734,1.24877,0,0,0,0
357,0.36383,0.4015,1.23075,1.34082,-0.09304,0.71964,0,0,0,0,0
358,0.12458,0.32734,1.12058,1.34448,-0.22579,-0.43784,0,0,0,0,0
359,0.18255,0.26563,1.14916,1.18426,-0.29307,1.07677,0,0,0,0,0
360,0.33758,0.36567,1.28496,1.21705,-0.17564,1.33208,0,0,0,0,0
361,0.92583,0.41414,0.97098,1.07798,-0.52763,0.98374,1.44253,0,0,0,0
362,0.29749,0.16224,1.19224,1.19356,-0.29086,1.50198,1.20162,0,0,0,0
363,0.80458,0.39022,1.06049,1.0489,-0.48593,0.65988,1.09344,0,0,0,0
364,0.56192,0.39773,1.07951,1.15171,-0.23881,0.7241,0,0,0,0,0
365,0.82562,0.25885,1.00119,1.02193,-0.45004,0.86852,1.50663,0,0,0,0
366,0.80967,0.18202,1.13727,1.03327,-0.39509,0.73327,1.53902,0,0,0,0
367,0.40155,0.30144,1.23357,1.29321,-0.31408,1.22836,0,0,0,0,0
368,0.45457,0.18571,0.84506,1.00678,-0.60821,0.80633,1.55091,0,0,0,0
369,0.9606,0.8894,1.81888,1.8876,0.18309,1.94006,1.65219,0,0,0,0
370,0.59904,0.30788,1.45039,1.16419,-0.13665,0,0,0,0,0,0
371,0.66738,0.27445,0.83239,1.02929,-0.44792,0.71745,1.44904,0,0,0,0
372,0.40654,0.17368,0.96818,0.96613,-0.50833,0.79442,0.9037,0,0,0,0
373,0.48624,0.19433,0.99172,0.94504,-0.56786,1.1667,0,0,0,0,0
374,0.38192,0.1358,0.92215,0.97057,-0.46865,0.61277,1.49872,0,0,0,0
375,0.49967,0.07215,0.8916,0.99217,-0.44025,0.8742,1.40329,0,0,0,0
376,0.43141,0.36401,1.21523,1.04072,-0.38853,0.90973,1.28166,0,0,0,0
377,0.41103,0.20231,1.18717,1.1116,-0.38418,0.96779,1.19969,0,0,0,0
378,0.12361,0.27611,1.08289,1.1865,-0.24163,1.02906,1.23661,0,0,0,0
379,0.37719,0.39103,1.20904,1.22264,-0.20944,1.43471,1.16906,0,0,0,0
380,0.22778,0.42893,1.22057,1.18377,-0.30411,0,0,0,0,0,0
381,0.12845,0.32327,1.26482,1.24258,-0.24199,1.18566,1.01592,0,0,0,0
382,0.26004,0.25481,1.08781,1.10826,-0.36478,1.00573,0,0,0,0,0
383,0.27796,0.32339,1.05602,1.1875,-0.33992,1.14628,1.24072,0,0,0,0
384,0.34189,0.31707,1.10523,1.30157,-0.27778,1.21936,1.08747,0,0,0,0
385,0.07645,0.30932,1.14956,1.17023,-0.24877,1.28355,0,0,0,0,0
386,0.29283,0.36008,1.11621,0.75663,-0.27007,1.28176,0,0,0,0,0
387,0.67335,0.25843,1.05289,1.02673,-0.36671,0.69734,1.29858,0,0,0,0
388,1.0916,0.52251,1.09514,1.31036,-0.27033,0.85362,1.40632,0,0,0,0
389,0.95227,0.36096,1.06037,1.17392,-0.38786,1.26813,1.82905,0,0,0,0
390,-0.39518,0.48542,1.28766,1.46874,-0.06241,0,0,0,0,0,0
391,0.06945,0.23601,1.04226,0.98784,-0.38233,1.18032,0,0,0,0,0
392,0.12892,0.15768,1.06014,1.032,-0.34103,1.18434,1.05632,0,0,0,0
393,0.46716,0.20907,0.84886,0.96365,-0.4315,-0.56995,1.35756,0,0,0,0
394,0.45752,0.11298,0.8653,0.90523,-0.55951,0.58858,1.37932,0,0,0,0
395,0.57938,0.14941,0.90678,1.01769,-0.40164,0.80865,1.35727,0,0,0,0
396,0.66793,0.19498,0.91685,0.87862,-0.42939,0.77839,0.87254,0,0,0,0
397,0.28604,0.44069,1.1596,1.04887,3.58416E-3,1.45631,0,0,0,0,0
398,0.4675,0.12101,0.86295,0.97742,-0.50607,0.77474,1.32,0,0,0,0
399,0.43536,0.09436,0.90625,0.95854,-0.42082,0.81939,1.04131,0,0,0,0
400,0.29574,0.22235,1.0621,0.99174,-0.39648,0.96824,1.1926,0,0,0,0
401,0.48199,0.29238,1.24005,1.15363,-0.08114,1.22435,1.08856,0,0,0,0
402,0.28539,0.37186,1.00307,1.02212,-0.2765,1.13811,0,0,0,0,0
403,0.3604,0.24587,1.16199,1.16822,-0.36845,1.21674,1.35828,0,0,0,0
404,0.03631,0.21798,1.10369,1.10277,-0.22741,1.07453,0.95267,0,0,0,0
405,0.09664,0.22472,1.12269,1.17668,-0.22903,1.1622,0.62504,0,0,0,0
406,0.30977,0.11802,1.09868,1.35582,-0.02483,1.23369,1.34261,0,0,0,0
407,0.17291,0.15635,1.07924,1.09097,-0.48762,1.01663,0.85003,0,0,0,0
408,0.1874,0.23961,1.16033,1.10026,-0.24217,1.06685,0,0,0,0,0
409,0.13087,0.24954,1.11692,1.16172,-0.29312,0.99963,0,0,0,0,0
410,0.15472,0.20583,0.97443,1.07885,-0.34366,1.16232,0,0,0,0,0
411,0.1004,0.25577,1.14895,1.21539,-0.15259,1.23709,0.7157,0,0,0,0
412,-0.06206,0.09299,0.90692,0.90222,-0.52756,1.02353,0,0,0,0,0
413,0.06867,0.22735,1.13781,1.16191,-0.15933,1.20317,0.8206,0,0,0,0
414,-0.02503,0.19999,1.01637,1.03876,-0.41913,1.27855,0.79069,0,0,0,0
415,0,0,0,0,0,0,0,0,0,0,0
416,0,0,0,0,0,0,0,0,0,0,0
417,0.14689,0.32212,1.00012,1.16539,-0.20089,1.2849,0,0,0,0,0
418,0.18454,0.31832,1.07944,1.04125,-0.14671,1.22103,0.74195,0,0,0,0
419,0.34651,0.036,0.80948,0.93858,-0.46227,0.67767,0,0,0,0,0
420,0.58226,0.10519,0.98181,1.06694,-0.38303,0.78527,1.34444,0,0,0,0
421,0.03167,0.21929,0.94616,1.05003,-0.40071,1.44763,0,0,0,0,0
422,0.43552,0.2472,0.90409,1.04362,-0.40398,0.59997,0,0,0,0,0
423,0.58193,0.14619,1.02278,0.87368,-0.39288,0.74212,1.26343,0,0,0,0
424,0.57627,0.20722,1.06903,0.95376,-0.48032,1.03617,0,0,0,0,0
425,0.87783,0.07837,1.33531,1.16664,-0.36959,0.8426,1.12081,0,0,0,0
426,0.35749,0.1303,0.95591,0.9341,-0.20872,0.92458,1.13667,0,0,0,0
427,0.01332,0.29087,1.00265,1.11737,-0.10094,1.56319,0,0,0,0,0
428,0.29275,0.3202,0.99312,1.11128,-0.32533,1.11268,0,0,0,0,0
429,0.21404,0.31211,1.09288,1.053,-0.29246,0.36255,0,0,0,0,0
430,0.20595,0.39192,1.21107,1.31073,-0.1466,1.34214,0,0,0,0,0
431,0.02288,0.26565,1.06889,1.08598,-0.3471,1.48262,0.85602,0,0,0,0
432,0.53802,0.60006,1.20775,1.50428,0.13923,1.64648,1.50951,0,0,0,0
433,0.0522,0.12327,1.02544,1.05553,-0.33942,1.06485,0,0,0,0,0
434,0.2472,0.30123,1.08317,1.16443,-0.21834,0.98789,0.91459,0,0,0,0
435,0.08248,0.14041,1.08109,1.46949,-0.24191,1.21022,0.98459,0,0,0,0
436,-0.04378,0.30288,1.10851,1.28707,-0.32342,0.71922,0,0,0,0,0
437,-0.54596,0.34791,0.11724,0.72397,-0.34411,0,0,0,0,0,0
438,0.1156,0.49452,0.95813,1.18487,-0.24674,0,0.92654,0,0,0,0
439,0.20014,0.11155,0.99457,1.25692,-0.281,1.19186,0.98876,0,0,0,0
440,0.11484,0.15857,1.22655,1.43177,-0.24113,0.89499,0.68338,0,0,0,0
441,0.0152,0.15588,1.13339,1.12187,-0.25869,0.85276,0.50421,0,0,0,0
442,0.54062,0.50814,1.39522,1.4233,0.05704,1.74037,0,0,0,0,0
443,0.04131,0.21443,1.06386,1.20668,-0.08342,1.10074,0.85414,0,0,0,0
444,-0.01433,0.247,1.15627,1.25899,-0.17607,1.10985,0.21073,0,0,0,0
445,-0.22277,0.18029,1.13615,1.10095,0.04333,1.16451,0.53354,0,0,0,0
446,0.01104,0.21393,0.90972,1.20121,-0.23602,0,0,0,0,0,0
447,0.18809,0.42919,1.06126,1.28153,-0.31577,0.85806,0,0,0,0,0
448,-0.36985,0.38388,1.35944,1.17181,-0.19792,0,0,0,0,0,0
449,-0.09547,0.72899,1.58481,1.81226,0.49751,0,1.25919,0,0,0,0
450,0.56308,0.24475,1.06317,1.03329,-0.35345,0.97876,1.56748,0,0,0,0
451,0.61751,0.71039,1.50359,1.5501,0.15585,1.89019,1.13401,0,0,0,0
452,1.02646,0.25478,1.19299,1.24434,-0.29077,1.89194,0,0,0,0,0
453,0.83722,0.27537,1.0393,1.15454,-0.40279,0.88498,1.42948,0,0,0,0
454,0.08967,0.3414,0.97887,1.04965,-0.28307,1.1891,0,0,0,0,0
455,0.20002,0.28646,1.16188,1.19866,-0.2339,0,0,0,0,0,0
456,0.03376,0.373,2.30377,1.66657,0.21594,0,0,0,0,0,0
457,0.71283,0.2842,0.90358,1.01042,-0.47499,0.78904,1.4148,0,0,0,0
458,0.14103,0.38812,1.06246,1.21153,-0.243,1.13734,0,0,0,0,0
459,0.24246,0.25606,0.95691,1.32624,-0.32199,0,0,0,0,0,0
460,0.17647,0.28513,1.08965,1.14353,-0.2518,1.17681,0,0,0,0,0
461,0.07547,0.45608,1.23254,1.26565,-0.41585,1.46183,0,0,0,0,0
462,0.69276,0.25492,1.25509,0.98806,-0.32826,0.94071,1.2458,0,0,0,0
463,0.43733,0.41182,1.04091,1.31062,-0.20141,0,0,0,0,0,0
464,0.40718,0.08491,0.98723,0.99445,-0.33318,0.25531,0,0,0,0,0
465,0.21829,0.12649,1.3167,1.27315,-0.05407,0,0,0,0,0,0
466,0.22537,0.17705,1.12898,0.92116,-0.40813,0.93776,1.05627,0,0,0,0
467,-0.03957,5.20777E-3,0.94512,0.9592,-0.33145,0.99267,0.92866,0,0,0,0
468,0.50288,0.12364,1.00994,1.13253,-0.42131,0.74498,0.95122,0,0,0,0
469,0.02207,0.2442,1.03421,0.97753,-0.15087,0,0,0,0,0,0
470,0.51494,0.23358,0.94573,0.70102,-0.1682,0,0,0,0,0,0
471,0.32873,0.26635,1.15424,1.36213,-0.10991,0,0,0,0,0,0
472,0.16491,0.37967,1.09005,1.06585,-0.2444,1.20165,0,0,0,0,0
473,0.12391,0.28955,1.05091,1.13982,-0.2916,1.28371,0,0,0,0,0
474,0.11548,0.23781,1.02006,1.09065,-0.24869,0.96039,0,0,0,0,0
475,-0.06027,0.22135,1.55945,1.3013,-0.14695,0.66077,0,0,0,0,0
476,0.34236,0.6335,1.20664,1.7624,-0.11718,0,0,0,0,0,0
477,0.51323,0.04883,0.82022,1.17808,-0.45004,0.47661,1.33988,0,0,0,0
478,0.23994,0.29215,1.0709,1.17285,-0.20751,1.29985,0,0,0,0,0
479,0.50949,0.11414,1.00779,1.05702,-0.35052,0.77328,1.35768,0,0,0,0
480,0.14168,0.13736,0.90041,1.14528,-0.25338,0.82008,1.01021,0,0,0,0
481,0.4168,-0.09499,0.51594,1.29944,0.37563,0,0,0,0,0,0
482,-0.01657,0.15565,1.05893,1.115,-0.11605,0.82904,0.94493,0,0,0,0
483,0.12031,0.08774,0.89616,1.05774,-0.21964,0.95501,0,0,0,0,0
484,-0.17992,0.09074,1.06378,1.08334,-0.10192,1.08926,0.45199,0,0,0,0
485,0.26754,0.23148,1.29355,1.23074,-0.11245,0,0,0,0,0,0
486,0.22301,0.12049,1.14094,1.16536,-0.31229,1.04327,0.95003,0,0,0,0
487,9.02289E-3,0.13776,1.15991,1.02361,-0.24087,1.17867,0.50813,0,0,0,0
488,0.36873,0.55233,1.33685,1.51654,0.08523,2.00767,0,0,0,0,0
489,0.42055,0.12041,0.9985,1.35451,-0.06175,1.38017,0.74698,0,0,0,0
490,-0.02084,0.10752,1.21799,1.08023,-0.30539,1.25278,0,0,0,0,0
491,-0.20748,0.19546,1.01535,1.31271,-0.1866,1.20168,0.5031,0,0,0,0
492,0.09212,0.10716,0.96638,1.10068,-0.27626,0.49719,0,0,0,0,0
493,0.14794,0.17364,1.09657,1.4568,-0.14098,0,0,0,0,0,0
494,0.61051,0.58237,1.45951,1.49884,0.07668,1.74529,0,0,0,0,0
495,-1.26192,1.6509,0,0.22653,0.03012,0,0,0,0,0,0
496,0.69789,0.29714,1.11395,1.09865,-0.28692,0,0,0,0,0,0
497,0.54721,0.81655,0.91653,1.47073,-0.14817,0,0,0,0,0,0
498,0.22652,0.20086,1.03682,1.23463,-0.24297,0,0,0,0,0,0
499,0.26813,-6.58306E-4,1.01059,0.96931,-0.04135,1.03085,1.06817,0,0,0,0
500,0.55002,0.20752,1.10158,1.15676,-0.33254,1.54062,0,0,0,0,0
501,0.25449,0.08796,0.97035,0.91452,-0.42063,1.18383,1.60214,0,0,0,0
502,0.185,0.11299,0.96316,1.0554,-0.27955,1.27884,0.96753,0,0,0,0
503,0.05926,0.17227,1.06228,1.28556,0.03269,0,0.55886,0,0,0,0
504,-0.03085,-0.04038,0.88868,0.91206,-0.41138,1.03497,0,0,0,0,0
505,-0.08932,0.19995,1.00647,1.30088,-0.23327,0,0,0,0,0,0
506,-0.0868,0.04252,0.90548,1.08163,-0.28552,1.40698,0,0,0,0,0
507,-0.06568,0.38443,1.22161,1.33368,-0.10756,1.20389,0,0,0,0,0
508,0.02141,0.15816,0.97297,1.08449,-0.26217,0.93646,0.7221,0,0,0,0
509,0.25272,0.29938,0.99322,1.14897,-0.30067,1.3638,0,0,0,0,0
510,0.35323,0.16302,1.08298,0.97124,-0.23104,0.79571,0,0,0,0,0
511,0.15136,0.29228,0.80802,1.21024,-0.04342,0,0,0,0,0,0
512,-0.07493,0.26226,1.16002,1.25128,-0.08991,1.10795,0,0,0,0,0
513,0.02885,0.21239,1.08505,1.06664,-0.24931,1.0712,0,0,0,0,0
514,0.34958,0.45227,0.91446,1.50741,-0.0408,1.29929,0.53803,0,0,0,0
515,0.79192,0.23072,1.10991,1.04307,-0.25656,-0.07508,0,0,0,0,0
516,0.70302,0.42073,0.80338,1.14724,-0.26095,0,0.75023,0,0,0,0
517,0.65818,0.21219,1.0159,0.99574,-0.28205,0.58569,0,0,0,0,0
518,-0.07607,0.27344,1.04292,1.16985,-0.18038,0,0,0,0,0,0
519,0.55255,0.21101,1.1098,1.26212,-0.17487,0,0,0,0,0,0
520,0.50827,0.61548,1.26669,1.39288,3.25299E-3,1.77725,0,0,0,0,0
521,0.53553,0.64431,1.41589,1.41267,0.07467,1.80788,1.17535,0,0,0,0
522,0.02189,0.1753,0.96574,1.12546,-0.09249,1.23183,0,0,0,0,0
523,0.57869,0.19899,1.03118,1.08159,-0.275,0,0,0,0,0,0
524,0.70774,0.20345,1.07138,0.96813,-0.38575,1.07751,0,0,0,0,0
525,0.52061,0.66579,1.43798,1.40967,0.15361,1.8503,0.9619,0,0,0,0
526,-0.11769,0.21058,1.10131,0.88461,-0.15339,1.16263,0,0,0,0,0
527,0.29978,0.23004,1.12068,1.61224,-0.4804,0,0,0,0,0,0
528,0.13893,0.64819,1.38341,1.354,0.04784,1.20272,0,0,0,0,0
529,0.21858,0.28952,0.98326,1.17094,-0.2533,0.89399,0,0,0,0,0
530,-0.10504,0.0499,1.1136,1.20592,-0.04134,0,0,0,0,0,0
531,0.24776,0.34113,0.43191,0.40041,-0.07666,0,0,0,0,0,0
532,0.50579,0.20495,1.01199,1.06691,-0.4343,1.17859,0,0,0,0,0
533,0.63406,0.26295,0.99613,1.16732,-0.35337,1.1988,0,0,0,0,0
534,0.09096,0.25596,1.20218,1.02177,-0.30668,0.96039,1.08571,0,0,0,0
535,0.43245,0.10106,0.96211,1.02869,-0.34471,1.07553,0,0,0,0,0
536,0.73224,0.24907,1.13558,1.05142,-0.2983,1.17419,0,0,0,0,0
537,-0.21827,-3.39396E-3,0.8685,0.91523,-0.41936,1.02367,0.82037,0,0,0,0
538,0.78439,0.49231,1.26928,1.27107,-0.21153,1.11591,0,0,0,0,0
539,-0.34643,-0.05077,0.75507,0.78129,-0.44775,-0.21649,0.9196,0,0,0,0
540,0.37887,0.52479,1.41746,1.42547,-0.1476,0,0,0,0,0,0
541,0.7599,0.21835,1.08465,1.09723,-0.36608,0.96426,0,0,0,0,0
542,0.43738,0.27834,1.13115,1.22565,-0.42824,0,0,0,0,0,0
543,-0.05813,0.18811,1.09365,1.18284,-0.2172,1.23538,0,0,0,0,0
544,0.14024,0.26625,1.12395,1.02061,-0.208,0.93583,0.42079,0,0,0,0
545,0.43157,0.18243,1.00581,1.10219,-0.27383,1.06095,0,0,0,0,0
546,0.33726,0.17195,1.08783,1.2813,-0.28262,1.23874,0.64695,0,0,0,0
547,0.39329,0.27651,0.98172,1.23955,-0.04231,0,0,0,0,0,0
548,0.10408,0.08884,0.81034,1.16924,-0.16419,1.1396,0,0,0,0,0
549,0.77523,0.28145,0.94565,1.13523,-0.27753,0.86489,1.19266,0,0,0,0
550,0.60584,0.77952,1.33874,1.30029,0.10857,1.37155,0,0,0,0,0
551,0.45905,0.15584,0.87008,1.04495,-0.34326,0.92812,0,0,0,0,0
552,0.50211,0.72773,1.48083,1.70918,0.19252,0,1.59579,0,0,0,0
553,0.60269,0.74365,1.63119,1.71447,0.26335,1.95202,0,0,0,0,0
554,0.39403,0.17759,1.12051,1.1489,0.11198,0,0,0,0,0,0
555,0.09002,0.26531,1.07145,1.13079,-0.09093,1.03414,0,0,0,0,0
556,0.01833,0.27818,1.02003,1.14781,-0.17808,0,0,0,0,0,0
557,0.12286,0.18862,1.17128,1.32235,-0.16046,0.7443,0,0,0,0,0
558,-0.41454,0.74129,1.51247,2.7243,-0.28156,0,0,0,0,0,0
559,0.06982,0.25815,1.08708,1.03294,-0.11983,1.25024,0.47626,0,0,0,0
560,0.11828,0.1715,1.09861,1.1976,-0.25112,1.28466,0,0,0,0,0
561,-4.10109E-3,0.12725,0.96475,1.08931,-0.18132,1.24024,0.66734,0,0,0,0
562,0.51081,0.16619,1.01807,1.07937,-0.41997,1.0103,0,0,0,0,0
563,0.24572,0.19582,0.99813,0.96741,-0.14419,1.07919,0,0,0,0,0
564,4.60077E-3,0.05168,1.02674,0.992,-0.18518,0.98983,0.47584,0,0,0,0
565,0.72361,0.68035,1.52164,1.45753,0.13762,2.04707,0,0,0,0,0
566,0.81188,0.89634,1.56072,1.68399,0.24042,1.85159,0.51214,0,0,0,0
567,0.46043,0.18682,0.99166,0.99156,-0.4579,1.0304,1.38172,0,0,0,0
568,0.57447,0.25232,1.15855,1.05872,-0.25246,1.02353,0,0,0,0,0
569,0.44303,0.23085,1.03597,1.16175,-0.28848,0.87955,0,0,0,0,0
570,0.72115,0.25886,0.97932,1.07114,-0.32932,0.66394,1.07428,0,0,0,0
571,0.72462,0.23563,1.03324,1.12006,-0.37094,1.0779,0,0,0,0,0
572,0.0507,0.07147,0.97313,1.03741,-0.22677,1.44187,0.9312,0,0,0,0
573,0.67955,0.26569,0.97019,1.14249,-0.34417,0.9238,0,0,0,0,0
574,0.14404,0.0725,0.9773,0.96639,-0.20315,1.12846,0.76092,0,0,0,0
575,0.75861,0.9396,1.60934,1.5865,0.3985,2.21247,0,0,0,0,0
576,0.40142,0.1137,0.929,1.10785,-0.33608,-0.2616,0,0,0,0,0
577,0.04193,0.2045,1.11882,1.2172,-0.04339,1.03273,0.75891,0,0,0,0
578,-0.01336,0.27659,1.08069,1.56615,-0.38113,0,0,0,0,0,0
579,0.15841,0.02131,1.06357,1.15349,-0.10217,1.06542,0.42852,0,0,0,0
580,0.11266,0.2241,1.00053,1.00235,-0.27413,1.08474,0.45829,0,0,0,0
581,-2.69982E-3,0.16405,0.96481,1.00087,-0.13474,1.31246,0.6451,0,0,0,0
582,0.775,0.26128,1.12739,1.29592,-0.21264,0.96576,0,0,0,0,0
583,0.40673,0.47571,1.04351,1.22535,-0.09173,0,0,0,0,0,0
584,0.28929,0.18283,1.05107,1.22766,-0.0719,0,0,0,0,0,0
585,0.10727,0.18373,1.01158,1.04688,-0.38209,0,0,0,0,0,0
586,0.83191,0.77276,1.57936,1.64485,0.17559,2.45441,0,0,0,0,0
587,0.665,0.60858,1.09882,1.19366,-0.19803,0,0,0,0,0,0
588,-0.17357,0.1696,1.3217,1.1555,0.13659,0,0,0,0,0,0
589,0.20964,0.32823,1.14448,1.30837,0.07568,0,0,0,0,0,0
590,0.1788,0.19807,1.38402,1.1135,-0.05962,0,0,0,0,0,0
591,0.7268,0.37355,1.1694,1.10211,-0.11015,1.02004,0.39894,0,0,0,0
592,0.21938,0.07415,0.94889,1.03951,-0.28974,0.83476,0.62117,0,0,0,0
593,0.56431,0.20442,1.12775,1.10564,-0.27004,1.0397,1.23069,0,0,0,0
594,0.54837,0.22984,0.99124,1.09024,-0.40247,0.92832,1.16273,0,0,0,0
595,0.23187,0.23647,1.21477,1.08721,-0.23605,1.44874,0,0,0,0,0
596,0.0926,0.25814,1.0809,1.07149,-0.31256,0.96039,0,0,0,0,0
597,0.50726,0.26166,1.14972,1.02873,-0.3508,1.14209,0,0,0,0,0
598,0.99508,0.45462,1.22043,1.12804,-0.10079,1.28752,0,0,0,0,0
599,0.34221,0.09381,0.95614,0.98062,-0.42346,1.09826,0,0,0,0,0
600,0.78414,0.40742,1.09141,1.10152,-0.29616,0.81728,1.10532,0,0,0,0
601,0.26057,0.31605,1.10869,1.30921,-0.28514,1.27716,0.65257,0,0,0,0
602,-0.09281,0.15328,0.96309,1.09237,-0.24621,1.22335,0.51949,0,0,0,0
603,0.33706,0.28362,1.05363,1.02892,-0.18807,0.93824,0.81181,0,0,0,0
604,0.26287,0.27935,1.09658,1.08462,-0.31152,1.06993,0.69702,0,0,0,0
605,0.67666,0.6377,1.55522,1.37341,0.1092,1.74594,0.81807,0,0,0,0
606,0.63768,0.6877,1.40413,1.483,0.14613,1.68663,0.9045,0,0,0,0
607,0.37527,0.2222,1.17514,1.11672,-0.23189,0.66516,0,0,0,0,0
608,0.15242,0.3274,1.06843,1.09801,-3.69636E-3,1.01101,0.71912,0,0,0,0
609,0.21114,1.0003,0.33872,1.86985,-0.6418,0.9003,0.53779,0,0,0,0
610,0.45248,0.24613,1.08784,1.08285,-0.10269,1.01455,0.43184,0,0,0,0
611,0.26047,0.34803,1.17517,1.10863,-0.12861,0.4581,0,0,0,0,0
612,0.21447,0.25695,1.12867,1.21484,-0.11672,1.12629,0,0,0,0,0
613,0.73853,0.25083,0.97507,0.94064,-0.48523,0.84777,0.86887,0,0,0,0
614,0.28539,0.20997,1.25585,0.928,-0.16117,1.02813,0.80217,0,0,0,0
615,0.6091,0.23365,1.18346,1.41473,-0.1008,1.16705,0.7371,0,0,0,0
616,0.32487,0.25548,1.04544,1.08225,-0.28613,0,0.89027,0,0,0,0
617,0.26526,0.23327,0.89879,1.15841,-0.29996,0.91397,0.89571,0,0,0,0
618,0.17448,0.43749,0.93955,0.96443,-0.05531,1.10296,0,0,0,0,0
619,0.2897,0.38222,1.09861,1.22856,-0.05605,0.99196,0,0,0,0,0
620,0.41496,0.05091,0.83655,1.28753,-0.334,1.05424,0.4183,0,0,0,0
621,0.47871,0.37036,1.27695,0.98561,0.03919,0.95067,0.50566,0,0,0,0
622,0.4807,-0.01155,1.04517,1.08008,0.13883,0.97055,0.39148,0,0,0,0
623,0.3222,0.277,1.1442,1.19325,-0.21958,0.94083,0.93675,0,0,0,0
624,-0.05569,0.17923,1.19694,1.12569,-0.36062,0.95758,0.39075,0,0,0,0
625,0.18604,0.33667,1.08034,1.26196,-0.01727,1.13398,0.40916,0,0,0,0
626,0.38134,0.15105,1.02161,1.21936,-0.36484,0.81714,0,0,0,0,0
627,0.04892,0.25062,1.22687,1.09556,-0.30584,0.88298,0.79028,0,0,0,0
628,0.42732,0.25027,1.09727,1.00314,-0.33781,1.28371,0,0,0,0,0
629,0.52644,0.21741,0.96386,1.03686,-0.39375,1.17348,0,0,0,0,0
630,0.5194,0.32483,1.04305,1.18057,-0.28235,0.91059,1.14387,0,0,0,0
631,0.52137,0.17738,1.06436,1.07836,-0.30774,0.76987,0,0,0,0,0
632,1.01351,0.93939,1.73608,1.78274,0.44512,2.2866,0,0,0,0,0
633,0.01962,0.13847,1.09634,0.97026,-0.2909,1.18923,1.06674,0,0,0,0
634,0.7388,0.11568,0.97076,1.5819,0.05941,0.99651,0.42166,0,0,0,0
635,0.03943,0.27639,1.54544,1.61024,-5.56467E-3,0,0,0,0,0,0
636,0.33723,0.19668,0.95598,1.0323,-0.26829,0,0,0,0,0,0
637,0.15499,0.21145,1.12015,1.02884,-0.28013,0.88106,0.80461,0,0,0,0
638,0.357,0.18506,1.0839,1.13295,-0.24909,1.02395,0.96258,0,0,0,0
639,0.09087,0.21805,1.13818,1.11755,-0.2917,0.8792,0.61627,0,0,0,0
640,0.432,0.16962,1.26058,1.26613,-0.2468,1.04663,0.51209,0,0,0,0
641,0.30323,0.21982,1.00106,1.11395,-0.22338,0.93173,1.00462,0,0,0,0
642,0.34674,0.30043,1.04187,1.24675,-0.25821,0.64941,0,0,0,0,0
643,0.45277,0.27497,1.127,1.04481,-0.15828,1.10324,0.47319,0,0,0,0
644,0.22517,0.10002,1.10306,1.08425,-0.24067,0.97948,0.66086,0,0,0,0
645,0.09141,0.19237,1.06438,1.29159,-0.22981,1.13477,0.47222,0,0,0,0
646,-0.14046,0.24041,0.94457,0.79388,0.05342,0.78252,0,0,0,0,0
647,-0.10227,0.09511,1.2143,1.24584,-0.26431,0.87745,0,0,0,0,0
648,0.14146,0.21259,1.02794,1.24951,-0.26779,0.93273,0.16749,0,0,0,0
649,0.17788,0.16089,1.22201,1.14526,-0.15743,0,0,0,0,0,0
650,0.2113,0.16194,1.07429,1.30397,-0.33506,0.7998,0.01821,0,0,0,0
651,0.37098,0.23259,1.21104,1.10868,-0.32099,0,0,0,0,0,0
652,0.2537,0.21496,1.26287,1.17366,-0.10303,0.71395,0.66182,0,0,0,0
653,0.55327,0.25652,1.02765,0.8183,-0.35247,0,0,0,0,0,0
654,0.96107,0.3687,0.90963,2.25113,0.04404,0,0,0,0,0,0
655,0.36387,0.23844,1.09595,1.05131,-0.14163,0,0,0,0,0,0
656,0.4011,0.51866,1.27535,1.50906,0.20698,1.61389,0.66736,0,0,0,0
657,0.11365,0.45184,1.1474,1.14839,-0.1099,0.44419,0,0,0,0,0
658,0.89379,0.34266,1.22518,1.11092,-0.35919,0.78303,0.7898,0,0,0,0
659,0.24754,0.14271,1.11028,1.07212,-0.33323,0.91139,0.72262,0,0,0,0
660,0.2573,0.29537,0.93716,1.65728,0.03111,1.34825,0,0,0,0,0
661,0.37402,0.25687,1.15234,1.13013,-0.09987,1.12469,0.6181,0,0,0,0
662,0.25486,0.15775,0.98552,1.13219,-0.26176,0.91255,0.5591,0,0,0,0
663,0.42138,0.18611,1.06786,1.44774,-0.11967,0.91292,0.85764,0,0,0,0
664,0.52819,0.65931,1.33838,1.61187,0.04434,1.73536,0,0,0,0,0
665,0.07181,0.17173,0.78805,1.07042,-0.1852,0.94278,0,0,0,0,0
666,0.35188,0.19817,1.13242,1.07985,-0.22386,0.88358,0,0,0,0,0
667,0.22254,0.23017,1.01073,1.20651,-0.09651,0.9301,0.21475,0,0,0,0
668,0.27387,0.68327,1.35049,1.44829,0.17433,1.7967,0,0,0,0,0
669,0.46778,0.23719,0.4938,1.87867,-0.07269,0,0,0,0,0,0
670,0.2749,0.43135,1.03365,1.04401,-0.19583,0.8002,0.64976,0,0,0,0
671,0.22109,0.71228,1.34563,1.56025,0.1673,2.09489,0,0,0,0,0
672,0.74081,0.27724,0.97506,0.93345,-0.19262,1.15913,0,0,0,0,0
673,0.28651,0.20853,0.96954,1.08222,-0.30362,1.39467,0.83598,0,0,0,0
674,0.28114,0.17149,1.12324,1.1878,-0.20848,0.92664,0.2867,0,0,0,0
675,0.20745,0.14915,0.90326,1.22191,-0.22062,-0.15016,0.9628,0,0,0,0
676,0.5496,0.20079,1.09428,1.11782,-0.31171,1.02912,0,0,0,0,0
677,0.18383,0.23756,1.43042,1.43448,-0.0585,0.99104,0.61525,0,0,0,0
678,0.49537,0.25901,1.04534,1.14525,-0.1998,0,1.19689,0,0,0,0
679,0.87465,0.36643,1.14526,1.14397,-0.3245,0.82987,0,0,0,0,0
680,0.27787,0.19165,0.98057,1.23933,-0.29349,1.00358,0,0,0,0,0
681,0.42221,0.62572,1.61478,1.83713,0.23997,1.80057,0,0,0,0,0
682,0.36829,0.31444,0.81051,1.07277,-0.2587,0.80484,0.37602,0,0,0,0
683,0.49497,-0.18368,0.88662,1.13029,-0.21813,1.48178,0,0,0,0,0
684,0.40361,0.34329,1.21502,1.29583,-0.2755,0.91218,0,0,0,0,0
685,0.15344,0.13898,1.12718,1.23097,-0.27468,0.73514,0,0,0,0,0
686,0.47723,0.23075,1.02607,1.25896,-0.20807,0.81085,0.5384,0,0,0,0
687,0.4209,0.12869,1.06227,1.05326,-0.29583,0.82645,0.74243,0,0,0,0
688,0.2008,0.61185,1.30471,1.63606,0.16392,1.64963,0.32658,0,0,0,0
689,0.33924,0.08637,1.03573,0.99716,-0.19318,1.0075,0.9322,0,0,0,0
690,0.31745,0.39657,1.34911,1.40694,-0.07293,1.04633,0.6441,0,0,0,0
691,0.33536,0.0806,0.9869,1.00612,-0.35329,0.17801,0.66295,0,0,0,0
692,0.28948,0.17773,1.04748,1.10366,-0.25336,0.89639,0.42124,0,0,0,0
693,0.32608,0.40925,1.08948,0.99271,-0.17713,0.94536,0.66238,0,0,0,0
694,0.3761,0.23727,0.96992,1.21232,-0.30482,0.98344,0.73002,0,0,0,0
695,0.40979,0.30985,1.10084,0.97761,-0.15671,0.49342,0.76646,0,0,0,0
696,0.51474,0.33396,1.09286,1.04526,-0.0451,0.78974,0.10316,0,0,0,0
697,0.40961,0.28276,1.09769,1.31199,-0.07778,0.72631,0,0,0,0,0
698,0.3008,0.08728,0.94846,1.10848,-0.40868,0.70138,0.85453,0,0,0,0
699,0.20069,0.6235,0.92249,0.96251,-0.24944,0,0,0,0,0,0
700,-0.27006,0.14641,0.79656,0.99444,-0.16194,0.54933,0,0,0,0,0
701,0.79336,1.16358,1.61477,1.47113,0.46206,0,0,0,0,0,0
702,0.12707,0.14703,1.06877,0.94514,-0.21724,0.66853,0.13659,0,0,0,0
703,0.26591,0.46129,1.22145,1.07675,-3.94487E-3,1.29946,0.45821,0,0,0,0
704,0.35854,0.12396,0.99073,1.02574,-0.24543,0,0,0,0,0,0
705,0.24808,0.08133,0.99749,1.07031,-0.35956,0.7567,1.18542,0,0,0,0
706,0.36383,0.1861,0.93669,1.21762,-0.28614,0.97124,0,0,0,0,0
707,0.43414,0.50546,0.83951,0.95415,-0.38656,0.88392,0,0,0,0,0
708,0.43639,0.11048,1.05407,1.21518,-0.43207,1.12622,0,0,0,0,0
709,0.32835,0.3238,1.04826,1.19129,-0.30389,0,0.80651,0,0,0,0
710,0.55302,0.17432,1.20752,1.10488,-0.51918,0.80022,0.51428,0,0,0,0
711,0.28614,0.19767,1.14776,1.06264,-0.14355,0,0,0,0,0,0
712,0.49449,0.25983,1.0416,1.26287,-0.12685,0,0,0,0,0,0
713,0.47036,0.32001,1.24409,0.78674,0.08188,0.66359,0.68227,0,0,0,0
714,0.28463,0.22084,1.07372,1.05498,-0.33262,0.78645,0.41243,0,0,0,0
715,0.99752,0.40799,1.20399,1.27973,-0.23082,0,0,0,0,0,0
716,0.70575,0.24926,1.00136,1.11992,-0.36074,0.79526,0.64719,0,0,0,0
717,0.36098,-0.03278,1.10788,0.9309,-0.36143,0.75551,0.90119,0,0,0,0
718,0.40181,0.15863,1.11478,1.08423,-0.35159,0,0,0,0,0,0
719,0.27302,0.14341,0.99182,0.94222,-0.06389,0.77559,0.48124,0,0,0,0
720,0.85458,0.73343,1.54186,1.78948,0.32708,1.37573,0,0,0,0,0
721,0.59166,0.24968,1.04582,0.88852,-0.04724,0.44525,0.48529,0,0,0,0
722,0.46064,0.17238,1.21456,0.98966,-0.31639,0.67617,0.60055,0,0,0,0
723,0.34368,0.50393,0.92314,1.20255,-0.13108,1.11899,0.4085,0,0,0,0
724,0.44681,0.11743,1.20782,1.17084,-0.29857,0,0.83072,0,0,0,0
725,0.64769,0.24859,0.8137,1.28586,-0.1782,0,0,0,0,0,0
726,0.11335,0.19482,0.89767,0.92223,-0.22082,0.59695,0.2344,0,0,0,0
727,0.33639,0.08865,0.99163,0.98224,-0.13675,0.58569,0,0,0,0,0
728,-0.04368,0.14676,0.9792,1.14469,-0.20127,0.20216,0,0,0,0,0
729,0.56873,0.2921,0.88003,0.99118,-0.41274,0.68433,0.25749,0,0,0,0
730,0.24614,3.62455E-3,0.60828,1.0978,-0.33263,0.57658,0.186,0,0,0,0
731,0.40947,0.11178,0.94222,1.11782,-0.33626,0.67012,0.79162,0,0,0,0
732,0.75475,0.80393,1.39627,1.56477,0.31774,1.16415,0,0,0,0,0
733,0.79089,0.59367,2.13918,1.08048,0.55126,0,0,0,0,0,0
734,0.45693,0.09304,0.9578,1.01041,-0.57305,0.33665,0.88278,0,0,0,0
735,0.47474,0.39403,1.13217,1.44762,-0.07196,1.38579,0.65575,0,0,0,0
736,0.72495,0.44933,1.04189,1.19987,-0.38224,0,0,0,0,0,0
737,0.56864,0.73417,1.38724,1.6179,0.36126,1.66443,0.49284,0,0,0,0
738,0.31594,0.37965,1.09991,1.27773,-0.09299,0.96549,0.47098,0,0,0,0
739,0.23995,0.38896,0.92647,0.93912,-0.1698,0.44438,0.29581,0,0,0,0
740,1.05093,0.30079,1.25877,1.18828,-0.22738,1.0557,0,0,0,0,0
741,0.34479,0.27527,0.80261,1.26973,-0.21894,0,0,0,0,0,0
742,0.42971,0.12329,1.10923,0.94609,-0.45575,0.61758,0.24406,0,0,0,0
743,0.30892,0.17918,1.23821,0.9858,-0.18096,0,0,0,0,0,0
744,0.56333,0.15277,1.1196,0.9458,-0.13693,0,0.66965,0,0,0,0
745,0.46246,0.13316,0.87177,0.99734,-0.42553,0.48194,0.68997,0,0,0,0
746,0.61575,0.09417,1.03334,0.91066,-0.28337,0.79082,0.64539,0,0,0,0
747,0.31141,0.05658,1.25541,1.24194,-0.3182,0.54953,0.43012,0,0,0,0
748,0.40903,0.16223,0.85627,0.93228,-0.35092,0.71797,0.59658,0,0,0,0
749,0.177,0.18277,0.85342,0.87131,-0.23017,0.54539,0.33881,0,0,0,0
750,0.29026,-0.01801,0.81155,0.89256,-0.54514,0.63504,0.56218,0,0,0,0
751,0.39499,0.46343,1.14173,1.29376,-0.04149,1.23301,0.38392,0,0,0,0
752,0.61704,0.15333,0.90968,1.08213,-0.38087,0.54082,0.84082,0,0,0,0
753,0.45897,0.1734,1.04977,1.01575,-0.4164,0.54457,0.66474,0,0,0,0
754,0.39111,0.25619,1.01786,1.04558,-0.17173,0.59059,0.2368,0,0,0,0
755,0.68593,0.70274,1.46038,1.33977,0.15158,1.23835,0,0,0,0,0
756,0.54455,0.12194,1.03104,0.93487,-0.28825,0,0,0,0,0,0
757,0.40344,0.17185,0.91034,1.12073,-0.41368,0.64544,0.43631,0,0,0,0
758,0.39383,0.18768,1.01999,1.20973,-0.27231,0.85787,0,0,0,0,0
759,0.72745,0.82232,1.52017,1.54332,0.23979,0,0,0,0,0,0
760,0.66565,-0.06249,1.15511,1.03067,0.20609,0.76606,0.56068,0,0,0,0
761,0.42703,0.42162,1.05069,1.07374,-0.03764,0.76538,0,0,0,0,0
762,0.61616,0.53342,1.33918,1.48901,0.03912,0.33039,0,0,0,0,0
763,0.30262,0.34396,0.87538,0.79392,-0.36268,0.78686,0.46555,0,0,0,0
764,-0.22384,0.15802,0.56533,0.97819,-0.2076,0.35495,0.0244,0,0,0,0
765,0.3391,0.18369,0.69522,1.19187,-0.14613,0.7549,0.24861,0,0,0,0
766,0.19616,0.25435,0.98064,1.19544,-0.19098,0.62193,0.23015,0,0,0,0
767,0.49539,0.14409,1.06224,1.19688,-0.15139,0,0,0,0,0,0
768,0.34462,0.38512,1.04355,1.14659,-0.33436,0.61344,-0.09567,0,0,0,0
769,0.23511,0.24513,0.79673,1.35524,-0.34518,0,0,0,0,0,0
770,0.65833,0.26828,1.1404,1.24001,-0.20617,0.67715,0.71866,0,0,0,0
771,-0.014,0.11603,0.76011,1.13308,-0.54271,0.99116,0,0,0,0,0
772,0.77689,-0.02629,1.09126,1.27006,-0.34187,0.37705,0.3355,0,0,0,0
773,0.42487,0.45528,1.1598,1.43913,0.04846,0,0,0,0,0,0
774,0.44183,0.2103,0.99214,0.90572,-0.40641,0.59075,0.87826,0,0,0,0
775,0.44931,0.26004,1.25751,0.99982,-0.17047,0.61823,0.50755,0,0,0,0
776,0.51795,0.91615,1.31758,1.61896,0.19214,0,0,0,0,0,0
777,0.37589,0.3932,0.95703,1.29334,-0.42368,0.56251,0.19477,0,0,0,0
778,0.34837,0.09679,1.15933,0.6118,-0.31374,1.01178,0,0,0,0,0
779,0.40186,0.38731,0.90975,1.01336,-0.12334,0.45996,8.1642E-3,0,0,0,0
780,0.68622,0.28509,0.9793,0.9696,-0.45283,0.87568,0.99706,0,0,0,0
781,0.39922,0.3398,1.02913,1.25414,-0.11922,0.85088,0.36732,0,0,0,0
782,0.84881,0.4703,1.02038,1.15052,-0.2528,0.60517,1.18755,0,0,0,0
783,0.24649,0.26202,0.89889,0.99003,-0.17114,0.88566,0.25011,0,0,0,0
784,0.44507,0.08645,1.07017,0.97088,-0.29176,1.06448,0,0,0,0,0
785,0.69665,0.53842,0.88794,0.87376,-0.09276,1.39662,0,0,0,0,0
786,0.48978,0.16759,0.92627,1.12317,-0.32785,0,0,0,0,0,0
787,0.48851,0.38999,0.99208,1.25544,-0.12042,0.72645,0.03813,0,0,0,0
788,0.48904,0.44695,0.98132,1.24685,0.04154,0.75965,0,0,0,0,0
789,0.40922,0.23923,0.97153,1.45627,-0.03061,0.90298,0.55969,0,0,0,0
790,0.55859,0.23888,1.09561,0.99138,-0.15125,0.88277,0.22443,0,0,0,0
791,0.4417,0.30641,1.0714,1.08616,-0.32996,0.76165,0.68181,0,0,0,0
792,0.13936,1.94556,0.63708,-0.31735,-0.12728,0,0,0,0,0,0
793,0.48629,0.14726,0.82335,0.94568,-0.44836,0.47294,0.46306,0,0,0,0
794,0.519,0.13849,0.39866,1.40107,0.31706,0,0,0,0,0,0
795,0.41527,0.48966,0.83696,0.67017,-0.20414,0,0,0,0,0,0
796,0.59433,0.18723,0.98065,1.02229,-0.46757,0.28416,0,0,0,0,0
797,0.13037,0.12362,0.87266,1.01245,-0.29303,0.51883,0.18791,0,0,0,0
798,0.39574,0.16422,0.8898,1.10668,-0.30226,0.35741,0.22966,0,0,0,0
799,0.67368,0.18954,1.01391,1.03906,-0.43101,0.46683,0,0,0,0,0
800,0.53402,0.28519,1.2443,0.99442,-0.28851,0.4166,0.43424,0,0,0,0
801,0.37312,0.16342,0.90765,1.13723,-0.20717,0.49392,0.16871,0,0,0,0
802,0.52497,0.18735,0.89901,1.03512,-0.22102,0.55752,0.67272,0,0,0,0
803,0.46162,0.22825,0.98641,1.14881,-0.48848,0.62929,0.3811,0,0,0,0
804,0.50822,0.41779,1.14468,1.34607,-0.22345,0.78382,0,0,0,0,0
805,0.6922,0.26983,0.91674,1.54115,-0.41172,0.64442,0.42967,0,0,0,0
806,0.50558,0.25604,0.92778,1.03916,-0.34454,0.68073,0.52868,0,0,0,0
807,0.86632,0.5539,1.09726,1.10592,-0.28226,0.62902,0.70251,0,0,0,0
808,0.93865,0.68796,1.31647,1.62857,0.1048,1.35005,0,0,0,0,0
809,0.55644,0.21586,0.99991,0.99456,-0.4324,0,0.61634,0,0,0,0
810,0.48274,0.67733,1.25427,1.41482,0.09997,0.1825,0,0,0,0,0
811,0.72167,0.34317,1.08026,1.12493,-0.20097,0.87133,0,0,0,0,0
812,0.45597,0.35497,1.15826,0.98192,-0.4038,0.70716,0.49301,0,0,0,0
813,0.58271,0.5614,0.9831,1.11615,-0.10546,0.18495,0,0,0,0,0
814,0.49833,0.14464,1.0408,1.11423,-0.49102,0.37173,0.51789,0,0,0,0
815,0.56821,0.35792,0.88532,0.9606,-0.3519,0,0,0,0,0,0
816,0.35696,0.15692,1.03979,0.98189,-0.4217,0.49135,0.25098,0,0,0,0
817,0.5875,0.55718,1.19703,1.23844,-0.01066,0.99873,0,0,0,0,0
818,0.54867,0.17926,0.87411,0.97927,-0.38618,0.50687,0.29847,0,0,0,0
819,0.90786,0.33777,0.92868,1.13676,-0.38613,0.40867,0.49491,0,0,0,0
820,0.37331,0.19012,0.74008,1.11377,-0.54644,0.40427,0.21405,0,0,0,0
821,0.35939,0.33139,0.9131,1.12618,-0.33203,0.51725,0.0123,0,0,0,0
822,0.68891,0.32861,1.01625,1.12937,-0.42243,0.5621,0.54925,0,0,0,0
823,0.44863,0.17428,0.87893,1.01418,-0.33735,0.44871,0.22914,0,0,0,0
824,0.64499,0.21541,0.96825,1.07891,-0.47527,0.50061,0.17736,0,0,0,0
825,0.32661,0.24282,0.7581,1.02344,-0.31949,0.53515,0,0,0,0,0
826,0.34843,0.22384,0.93374,1.09941,-0.22936,0.38729,0.0346,0,0,0,0
827,0.36898,0.22986,0.92974,0.96229,-0.2342,0.44769,0.3512,0,0,0,0
828,0.48416,0.36217,0.99262,1.17054,-0.15877,0.49972,0.39051,0,0,0,0
829,0.34401,0.26087,0.89377,1.04595,-0.33928,0.57795,0.46044,0,0,0,0
830,0.59868,0.40286,1.07801,1.17197,-0.19094,0.95994,0.36785,0,0,0,0
831,0.55965,0.40985,1.04794,1.20489,-0.0795,0.55036,0.91522,0,0,0,0
832,0.63931,0.5787,1.13796,1.30241,-0.05801,1.11523,-0.03753,0,0,0,0
833,0.43529,0.80317,1.26179,1.67921,0.14639,0.51807,0,0,0,0,0
834,0.69278,1.29655,1.7107,1.67601,-0.18981,0,0,0,0,0,0
835,0.48727,0.50973,1.28836,1.09911,0.14994,0.70279,0,0,0,0,0
836,0.60481,0.25643,1.08048,1.21204,-0.17005,0.22105,0,0,0,0,0
837,0.45131,0.23237,0.83779,0.9901,-0.47145,0.27151,0.28729,0,0,0,0
838,0.61089,0.09271,1.03023,0.9255,-0.48704,0.37496,0.05809,0,0,0,0
839,0.65544,0.18607,0.83273,1.15242,-0.4272,0.43611,0.11486,0,0,0,0
840,0.38169,0.09099,0.87448,0.95793,-0.42307,0.34487,-0.06295,0,0,0,0
841,0.95306,0.68401,1.36761,1.52661,0.19904,1.16358,0,0,0,0,0
842,0.63498,0.16388,1.00469,1.08413,-0.2601,0.51267,0.31208,0,0,0,0
843,0.72979,0.37637,0.97124,1.0167,-0.40783,0.54819,0.49222,0,0,0,0
844,0.70044,0.40882,1.07118,1.05057,-0.36744,0.46044,0,0,0,0,0
845,0.43639,0.25407,0.8442,1.03152,-0.46951,0.27153,-0.32194,0,0,0,0
846,0.28152,0.1485,0.78102,0.90224,-0.33098,0.63191,0.2511,0,0,0,0
847,0.4143,0.4992,1.05683,1.1832,-0.13207,0.74717,0.28285,0,0,0,0
848,0.85577,0.33706,0.97532,1.41054,-0.16513,1.13559,0.46114,0,0,0,0
849,0.3945,0.31366,0.75124,1.06308,-0.34968,0.41304,0,0,0,0,0
850,0.6511,0.80358,1.17944,1.01859,0.17671,1.38866,0,0,0,0,0
851,0.21079,0.17464,0.78859,0.96634,-0.42645,0.3916,-0.50759,0,0,0,0
852,0.89693,0.25623,0.94816,1.0822,-0.47508,0.50135,0,0,0,0,0
853,0.6712,0.73318,1.31563,1.4433,-0.05725,0.74295,0,0,0,0,0
854,0.54621,0.41028,1.04625,1.29208,-0.07579,0.72214,0,0,0,0,0
855,0.69301,0.339,0.48872,1.02323,-0.17357,0.79838,0,0,0,0,0
856,0.76789,0.35981,1.03547,0.99803,-0.34428,0.47823,0.5187,0,0,0,0
857,0.58674,0.10202,1.15344,1.21489,-0.60172,0.41216,0,0,0,0,0
858,0.14953,0.35672,0.86386,1.1218,-0.24176,0,0,0,0,0,0
859,0.70494,0.39861,0.9437,1.21031,-0.05607,0.65365,0.40011,0,0,0,0
860,0.57097,0.48462,1.0621,1.25863,0.1129,0.5085,0,0,0,0,0
861,1.0623,0.81662,1.14124,1.62612,0.27119,0.79333,0,0,0,0,0
862,0.73792,0.08828,1.09506,1.12556,-0.59673,0.39085,0.26092,0,0,0,0
863,0.39415,0.19996,0.8538,0.84789,-0.4762,0.57179,0,0,0,0,0
864,0.50286,0.24023,1.08297,0.8969,-0.35836,0.49772,0.13504,0,0,0,0
865,0.47349,0.38341,0.96098,1.26477,-0.22781,0.92306,0.3768,0,0,0,0
866,0.63315,0.17967,0.89198,0.88483,-0.41837,0.58221,0.47479,0,0,0,0
867,1.02065,1.0561,1.29832,1.70995,0.12615,0,0,0,0,0,0
868,0,0,0,0,0,0,0,0,0,0,0
869,0.78589,0.36153,0.9046,1.01876,-0.79568,0.63064,0,0,0,0,0
870,0.44401,0.40692,1.00377,1.0386,-0.28727,-0.72552,0,0,0,0,0
871,0.54884,0.41527,1.00782,1.26069,-0.16651,0.66423,0,0,0,0,0
872,0.60831,0.32257,0.84486,1.06791,-0.34556,0.43592,-0.39228,0,0,0,0
873,0.61141,0.36271,0.8723,1.09039,-0.33282,0.50806,-0.22332,0,0,0,0
874,1.35769,2.82497,4.96654,0,0,4.97726,4.19182,0,0,0,0
875,4.03684,3.47904,0.50781,2.16998,1.80092,0,0,0,0,0,0
876,2.57258,2.83954,3.42646,3.06949,2.04687,0.83701,2.7718,0,0,0,0
877,2.53172,2.8915,3.16207,3.2778,2.25661,0.93776,0,0,0,0,0
878,4.51707,3.60822,3.97357,2.77841,2.6124,0,0,0,0,0,0
879,4.49601,4.35093,3.57827,2.39135,2.3195,0,0,0,0,0,0
880,2.20119,2.2789,2.78932,2.57363,1.53162,0.07687,1.47429,0,0,0,0
881,2.95404,3.08701,3.29793,3.25566,2.16511,0,0,0,0,0,0
882,2.95235,3.62958,3.52249,3.65277,2.55476,0,0,0,0,0,0
883,2.53138,4.09048,6.00485,5.08355,4.77234,0,0,0,0,0,0
884,2.86447,2.89791,3.15319,3.24214,1.99332,0,0,0,0,0,0
885,3.66997,4.45179,5.48854,0,0,0,0,0,0,0,0
886,2.52289,2.66707,2.56608,2.72369,1.60503,-0.1316,1.89311,0,0,0,0
887,3.36244,3.06523,2.62821,2.4244,1.68692,0.93449,0,0,0,0,0
888,2.84893,2.46613,2.01965,2.44254,1.10128,-0.03238,0,0,0,0,0
889,2.27532,1.97833,1.52788,1.82823,0.58167,0.42267,1.62799,0,0,0,0
890,2.04853,1.83446,1.62268,2.00869,0.68924,0.71177,0,0,0,0,0
891,2.00933,2.22906,1.78783,1.89645,1.05945,0.65183,0,0,0,0,0
892,2.62487,2.41823,1.87173,2.20091,0.82023,0.27951,0.27348,0,0,0,0
893,2.78077,2.49717,1.63139,2.11275,0.92116,0.97584,2.25887,0,0,0,0
894,2.39811,2.37692,1.72146,1.84746,1.05607,-0.37149,1.86578,0,0,0,0
895,2.38347,2.1724,1.67667,1.84768,0.94437,0.74211,0,0,0,0,0
896,3.21518,2.70091,2.11519,1.83392,0.93731,0.58569,0,0,0,0,0
897,2.69946,2.18602,1.66942,1.91905,0.90215,0.5312,0,0,0,0,0
898,2.22751,2.01525,1.17316,1.64954,0.46896,0.17197,1.26362,0,0,0,0
899,2.24725,1.97933,1.25704,1.7495,0.50142,-0.03787,0,0,0,0,0
900,2.513,2.09505,1.19397,1.466,0.33578,1.03198,0,0,0,0,0
901,2.73684,2.21396,1.59547,2.09149,0.75731,0.93904,2.01105,0,0,0,0
902,2.81912,2.23072,1.4927,1.93291,0.77293,0.37805,1.38451,0,0,0,0
903,3.01307,2.48515,1.82278,2.08529,0.56047,0,0,0,0,0,0
904,0,0,0.98411,0,1.36734,0,0,0,0,0,0
905,2.3314,1.87579,1.13541,1.48359,0.28992,-0.17358,0.2022,0,0,0,0
906,2.65439,2.09769,1.35596,1.75014,0.39572,0.74891,1.58337,0,0,0,0
907,2.69044,2.00167,1.34855,2.01308,0.67417,0,0,0,0,0,0
908,2.21277,2.1267,1.28575,1.78743,0.37872,0.16264,0.77665,0,0,0,0
909,2.30685,1.87528,1.12882,1.49957,0.22108,0.65937,1.05553,0,0,0,0
910,3.07112,2.38205,1.64368,2.05407,0.7326,1.1988,0,0,0,0,0
911,2.79112,2.27112,1.48344,2.15512,0.76195,1.18798,0,0,0,0,0
912,2.96092,2.23826,1.46547,1.9257,0.60929,0,0,0,0,0,0
913,2.11122,2.29106,1.41223,1.63716,0.53075,0.33039,0,0,0,0,0
914,2.76974,2.19591,1.45743,1.8349,0.56821,0.52916,1.37648,0,0,0,0
915,2.0817,1.55607,0.75267,1.22229,-0.0468,0.40792,0.99679,0,0,0,0
916,2.57792,2.10765,1.35159,1.72876,0.45368,0.38313,0,0,0,0,0
917,2.9489,2.37473,1.44257,1.9776,0.51519,0.6505,0,0,0,0,0
918,2.32565,2.51503,1.2371,2.01295,0.5152,0.33039,0,0,0,0,0
919,2.49508,2.13042,1.51309,1.99001,0.49842,-0.19278,0.35341,0,0,0,0
920,2.95714,2.49899,1.11753,1.1676,0.51969,0,0,0,0,0,0
921,2.75862,2.25599,1.45268,1.76678,0.63055,0,0,0,0,0,0
922,2.38687,2.68838,1.23523,1.34631,1.29329,0,0,0,0,0,0
923,2.93677,1.99832,1.738,2.24331,0.57847,0.52264,1.09834,0,0,0,0
924,2.34313,2.02023,1.16413,1.43995,0.45514,0.18379,0.85668,0,0,0,0
925,2.41722,1.71828,1.41414,1.25279,0.39701,-0.14637,-0.21087,0,0,0,0
926,3.24922,2.42683,1.64215,2.31693,0.77561,0,0,0,0,0,0
927,2.66781,1.95798,1.23167,1.47696,0.60744,0.76801,0,0,0,0,0
928,2.61281,2.10095,1.19387,1.87989,0.4261,0.72743,0.77698,0,0,0,0
929,2.11885,1.96492,2.26133,2.45381,0.7597,1.25377,-0.06575,0,0,0,0
930,2.81637,2.58429,1.10074,1.96835,1.44068,0,0,0,0,0,0
931,2.08972,1.59943,1.04931,1.16187,0.19413,-0.26246,-0.24168,0,0,0,0
932,3.081,2.21497,1.3027,1.87407,0.49271,0.84966,1.82635,0,0,0,0
933,2.16507,1.60458,1.22072,1.05391,0.27462,-0.2089,0,0,0,0,0
934,2.88836,2.23793,1.2926,1.89258,0.41082,1.11543,1.60199,0,0,0,0
935,2.66901,1.85609,0.9916,1.4932,0.13003,0.39211,1.33825,0,0,0,0
936,1.85587,1.4249,1.42471,1.60953,0.08139,1.32948,0,0,0,0,0
937,2.71269,2.01609,1.18842,1.61433,0.51786,0.24981,0,0,0,0,0
938,2.78565,2.30448,1.436,1.41748,1.16133,0,0,0,0,0,0
939,2.5363,1.81421,1.1129,1.63964,0.27662,0.4191,0,0,0,0,0
940,2.27713,1.91477,1.26129,1.65966,0.42199,0.39195,0.51467,0,0,0,0
941,2.76976,2.02973,1.19646,1.71913,0.44141,1.21822,0,0,0,0,0
942,2.28526,1.93389,1.31702,1.59567,0.3574,0.68715,0,0,0,0,0
943,3.08579,2.38749,1.49771,2.13623,0.65119,0,0,0,0,0,0
944,2.39984,1.83147,1.67144,1.74553,-0.0602,0,0,0,0,0,0
945,2.43103,1.9892,1.30128,1.32344,0.55222,0.58569,0,0,0,0,0
946,2.67877,1.97007,1.24895,1.53874,0.41512,0,0,0,0,0,0
947,2.49385,2.01503,1.58629,2.06017,0.43692,1.3897,0,0,0,0,0
948,2.32623,1.47733,0.66317,1.27668,-0.07049,0.81806,0,0,0,0,0
949,2.89594,2.04137,1.17434,1.83053,0.39642,0.85077,0,0,0,0,0
950,2.42498,1.652,1.20882,1.60947,0.26097,1.17348,0,0,0,0,0
951,2.26717,1.61486,0.87835,1.39403,-0.02828,-0.03214,0.61553,0,0,0,0
952,2.77259,1.91723,1.20759,1.60558,0.45806,0.39312,0.66663,0,0,0,0
953,2.63169,1.98367,1.01411,1.85564,0.08408,0.26724,0,0,0,0,0
954,2.19793,1.46723,0.65129,1.19309,-0.18868,-0.75053,-0.44272,0,0,0,0
955,2.64896,2.08032,1.1756,1.85811,0.42188,0.43763,0,0,0,0,0
956,1.78053,1.82054,1.99811,2.17901,0.66999,1.80209,0,0,0,0,0
957,2.72669,1.89842,1.17735,1.40566,0.277,0.49563,0,0,0,0,0
958,3.21749,2.41162,1.57642,1.73734,0.70957,0.8858,0,0,0,0,0
959,2.85017,1.8275,1.07735,1.35408,0.2788,0.56576,0,0,0,0,0
960,2.03978,1.8266,1.46205,1.91109,0.35175,0.58309,0,0,0,0,0
961,1.09577,2.33895,2.486,2.26397,1.89136,0,0,0,0,0,0
962,2.14611,1.46783,1.19579,1.50342,0.20436,0.60789,0,0,0,0,0
963,2.80209,1.92064,0.94065,1.64762,0.30973,0.63918,0,0,0,0,0
964,2.40797,1.64182,0.83257,1.52981,0.04256,0.07694,-0.5667,0,0,0,0
965,2.28503,1.52626,0.87103,1.34162,0.03164,0.34562,-0.02849,0,0,0,0
966,2.40119,1.56662,1.06622,1.40786,0.13506,-1.42921,0,0,0,0,0
967,1.78989,1.54928,1.30095,1.99232,0.25622,1.08062,0,0,0,0,0
968,2.35427,1.66441,0.98564,1.36388,0.07533,-0.1607,0.9425,0,0,0,0
969,2.54238,1.69061,0.93624,1.33421,0.23119,0.30353,0.62043,0,0,0,0
970,2.50067,1.9332,1.97918,2.3223,0.8281,1.17287,0.98619,0,0,0,0
971,1.58997,2.08491,1.49524,2.46652,0.41342,1.35392,0,0,0,0,0
972,2.44978,1.50144,0.61112,1.21903,-0.15205,0.45835,0,0,0,0,0
973,2.92476,1.93345,0.86322,1.77075,0.4492,0.57607,0,0,0,0,0
974,2.86907,1.9271,1.07512,1.63623,0.25696,0.69425,0,0,0,0,0
975,3.14032,1.93898,1.15025,1.68705,0.55425,-0.35083,0,0,0,0,0
976,3.14008,2.15446,1.29738,2.53549,0.26551,0,0,0,0,0,0
977,2.72751,1.8811,1.02949,1.56899,0.18337,0,0,0,0,0,0
978,2.85633,1.9582,1.10538,1.57781,0.55169,0.20317,1.2392,0,0,0,0
979,2.45051,1.7084,1.22019,2.03048,0.1005,0,0,0,0,0,0
980,0,1.72024,1.13096,2.86782,1.15572,1.39662,0,0,0,0,0
981,2.34278,1.47836,0.614,1.18544,-0.22054,0.43123,0.22435,0,0,0,0
982,0,0,0,0,-1.00939,0,0,0,0,0,0
983,2.74465,2.13286,1.10918,1.6665,0.417,0,0,0,0,0,0
984,2.37855,1.65802,0.83279,1.54278,-0.06064,0.26522,1.08528,0,0,0,0
985,2.4928,1.70959,0.85057,1.26988,0.09237,0.06955,1.18508,0,0,0,0
986,2.62601,1.90995,0.9308,1.53409,0.43322,0,0,0,0,0,0
987,2.52545,1.90796,1.02618,1.41951,0.26822,-0.01082,1.75534,0,0,0,0
988,2.03755,1.36039,1.12788,1.64204,0.18077,0,1.2518,0,0,0,0
989,2.77826,2.20456,0.81704,1.77089,0.45233,0,0,0,0,0,0
990,2.48793,1.67706,0.73905,1.31311,0.23869,0.3174,0,0,0,0,0
991,2.65999,1.84793,1.02832,1.57315,0.38612,0.27966,0,0,0,0,0
992,0.27088,0.85993,1.18512,1.10609,-0.24956,-0.17316,0.94595,0,0,0,0
993,1.2577,1.40072,1.36955,1.64861,0.14743,0.13087,5.92861E-3,0,0,0,0
994,0.73048,2.71692,2.75847,2.5279,2.18823,3.09639,0,0,0,0,0
995,0.72852,0.91794,1.40505,1.47063,0.94156,0,0,0,0,0,0
996,-1.3201,-4.06194E-3,0.46198,-0.31017,0.56247,0.85996,3.00313,0,0,0,0
997,-1.36375,-0.0805,0.39113,-0.33136,0.58746,0.47161,1.64094,0,0,0,0
998,-0.51111,0.5399,1.17943,0.41252,1.09076,1.81451,0,0,0,0,0
999,0.25124,0.72992,0.80613,0.81025,1.16703,0.7368,2.7417,0,0,0,0
1000,0,0,0,0,0,0,0,0,0,0,0
1001,0,-0.017,1.15211,0,1.01557,0,0,0,0,0,0
1002,1.074,0.64318,1.17342,1.12346,-0.34196,0.84632,0.96977,0,0,0,0
1003,0.83842,-0.22652,0.92949,1.86484,-1.06239,0,0,0,0,0,0
1004,1.01097,0.53241,0.91205,1.04412,-0.38845,0,0,0,0,0,0
1005,0.35465,0.40404,0.73839,1.59049,-0.05242,0,0,0,0,0,0
1006,1.05195,0.39883,1.16122,1.01197,-0.47507,0.36587,0.30506,0,0,0,0
1007,0.843,0.56482,0.91328,0.9657,-0.43069,0.56979,1.04833,0,0,0,0
1008,0.59636,0.27378,0.93535,0.84705,-0.54959,1.14531,0,0,0,0,0
1009,0.6777,0.38424,0.73443,1.04442,-0.45552,0.63448,0,0,0,0,0
1010,0.61587,0.34402,0.97754,1.12602,-0.44615,0.45138,-0.13146,0,0,0,0
1011,0.60607,0.21495,0.83807,0.81789,-0.64006,0.51857,0,0,0,0,0
1012,0.51245,0.21418,0.84114,0.97525,-0.55258,0.25259,0.2294,0,0,0,0
1013,0.424,0.17378,0.76254,0.92065,-0.44986,0.48244,-0.13046,0,0,0,0
1014,0.65208,0.30765,0.90269,1.07105,-0.29755,0.51261,-0.04601,0,0,0,0
1015,0.81313,0.1865,1.09694,1.47779,-0.34683,0.68413,0.17148,0,0,0,0
1016,0.63289,0.67701,1.22248,1.40874,0.04341,0.90916,0,0,0,0,0
1017,0.50786,0.32601,0.85128,1.10574,-0.31685,0.63005,-0.07127,0,0,0,0
1018,0.60344,0.4999,1.01191,1.35655,-0.14692,0.90278,0.45956,0,0,0,0
1019,0.60899,0.46169,0.9979,1.21673,-0.14254,0.18191,0.48648,0,0,0,0
1020,0.93374,0.40974,1.05252,0.99349,-0.62801,0.28711,0,0,0,0,0
1021,0.69172,-0.14837,0.79521,0.97362,-0.57506,0.53098,0,0,0,0,0
1022,0.85257,0.87114,1.58767,1.73227,0.2366,0,0,0,0,0,0
1023,0.74213,0.26477,0.93257,0.76981,-0.67445,0.41481,0.50522,0,0,0,0
1024,0.67156,0.20988,0.78161,0.8869,-0.56665,0.23051,0.21031,0,0,0,0
1025,1.29764,0.72231,1.3611,1.17934,-0.37443,0.60793,1.07671,0,0,0,0
1026,0.5194,0.26221,0.80215,0.81906,-0.69909,0.3812,0.17261,0,0,0,0
1027,0.52971,0.28189,0.80293,0.87013,-0.55406,0.38348,-0.21784,0,0,0,0
1028,0.69297,0.2905,1.02119,0.77575,-0.48219,0.47352,0,0,0,0,0
1029,1.39255,0.72139,1.34285,1.28811,-0.32115,0.76727,0.7999,0,0,0,0
1030,0.63379,0.22398,0.84043,1.03944,-0.5676,0.46486,0.06754,0,0,0,0
1031,0.38166,0.34883,0.91188,1.16542,-0.24259,0.95567,0,0,0,0,0
1032,1.20296,0.87919,1.76716,1.89926,0.22873,0,0,0,0,0,0
1033,0.29894,0.23827,0.77071,0.91369,-0.46547,0.38677,5.09759E-3,0,0,0,0
1034,0.32373,0.25443,0.75875,1.03455,-0.37261,1.27884,0,0,0,0,0
1035,0.63976,0.44107,0.63381,1.3055,-0.37497,0.42724,1.2672,0,0,0,0
1036,0.21072,0.19029,0.70355,0.85712,-0.4275,0.30782,0,0,0,0,0
1037,0.43453,0.26526,0.78558,1.10751,-0.27176,0.49001,0.0412,0,0,0,0
1038,0.52554,0.32617,0.845,1.02285,-0.12568,0.21027,0.30006,0,0,0,0
1039,0.56705,0.43387,0.86075,1.28286,-0.10182,0.8324,0,0,0,0,0
1040,1.31754,0.64426,1.38932,1.04705,-0.44735,1.04631,1.15185,0,0,0,0
1041,1.11626,0.54109,1.108,1.1105,-0.59498,0.50803,0.90513,0,0,0,0
1042,0.9015,0.34871,1.06684,0.93109,-0.53473,0.33149,0,0,0,0,0
1043,0.58831,0.34316,0.76141,1.06025,-0.49058,0.33039,0,0,0,0,0
1044,1.11895,0.45164,1.21275,0.99571,-0.59579,0.36769,0.85484,0,0,0,0
1045,0.65218,0.63584,1.16362,1.2433,0.03167,1.13299,0,0,0,0,0
1046,0.51268,0.30578,0.81498,1.21352,-0.15913,0.18023,0,0,0,0,0
1047,0.48805,0.21275,0.91518,0.89222,-0.5933,0.43746,-0.02509,0,0,0,0
1048,0.3726,0.1397,0.63252,0.74147,-0.52044,0.27955,0.1542,0,0,0,0
1049,0.71695,0.53636,1.16311,0.97556,-0.14722,0.82533,0.52657,0,0,0,0
1050,0.66195,0.35341,0.89761,1.5281,-0.04908,-0.3306,0,0,0,0,0
1051,0.57132,0.25231,0.93162,0.99925,-0.60652,0.42737,0.29688,0,0,0,0
1052,0.43852,0.23684,0.75765,0.927,-0.45738,0.53164,0.07207,0,0,0,0
1053,0.53158,0.20321,0.75186,0.88477,-0.63514,0.63918,0,0,0,0,0
1054,0.47618,0.24489,0.77412,0.92838,-0.54959,0.30193,0.19477,0,0,0,0
1055,0.8557,0.38312,1.00846,0.79515,-0.64045,0.2318,0.62882,0,0,0,0
1056,0.64076,0.26115,0.70865,0.85667,-0.5213,-3.46069E-3,0.45539,0,0,0,0
1057,0.66911,0.53477,1.10906,1.22306,-0.22722,0.58309,0,0,0,0,0
1058,0.90463,0.62912,1.28895,1.60914,0.09549,0,0,0,0,0,0
1059,0.92582,0.29494,0.92468,0.82547,-0.57475,0.39785,0.49217,0,0,0,0
1060,0.45434,0.33466,0.89193,1.03805,-0.39952,0.49531,-0.20963,0,0,0,0
1061,0.83001,0.44529,0.78784,0.85604,-0.31131,0,0,0,0,0,0
1062,0.6531,0.41749,1.21916,1.25783,-0.25182,0.33555,0,0,0,0,0
1063,0.76303,0.64059,1.23408,1.65552,0.0783,1.02353,0,0,0,0,0
1064,0.63138,0.28961,0.88702,1.16461,-0.32952,0.77229,0.15911,0,0,0,0
1065,0.47612,0.51519,1.30494,0.98141,-0.22738,0.70634,0.25883,0,0,0,0
1066,0.6271,0.17828,0.93824,0.73677,-0.78118,0,0,0,0,0,0
1067,0.81436,0.28217,0.81777,0.77277,-0.67962,0.42686,6.09782E-3,0,0,0,0
1068,0.47457,0.4242,1.13215,1.26202,-0.19185,0.57401,0.06256,0,0,0,0
1069,0.65081,0.23759,0.84289,0.92083,-0.59085,0.44396,0,0,0,0,0
1070,0.73266,0.22678,1.04346,1.06572,-0.44971,0.36643,0.48057,0,0,0,0
1071,0.33355,0.33255,0.66823,0.83085,-0.46914,0.27566,-0.11962,0,0,0,0
1072,0.31651,0.26579,1.00575,0.87135,-0.4737,-0.72552,-0.05948,0,0,0,0
1073,0.49343,0.16742,0.75412,0.93792,-0.27158,0.62652,0,0,0,0,0
1074,0.49205,0.30105,1.07896,1.23902,-0.37729,0,0,0,0,0,0
1075,0.80421,0.29892,1.02015,1.2282,-0.31944,0.42863,0.04278,0,0,0,0
1076,0.70236,0.18793,0.78031,1.04169,-0.28,0.39585,0,0,0,0,0
1077,0.74591,0.41572,0.89598,1.1617,-0.28625,0.62051,0.32858,0,0,0,0
1078,0.45003,0.19924,1.06602,0.8588,-0.17549,0.62644,0.15046,0,0,0,0
1079,1.1091,0.4613,1.09895,0.98922,-0.51943,0.0787,0,0,0,0,0
1080,0.60915,0.49801,1.09059,1.12037,-0.10894,0.94874,0,0,0,0,0
1081,0.91686,0.89172,1.04509,1.54675,-0.26724,1.40905,0,0,0,0,0
1082,0.87775,0.35322,0.99396,1.00453,-0.57502,0.29616,0.09295,0,0,0,0
1083,1.23168,0.52305,1.14182,1.15075,-0.64448,0.29319,0.83517,0,0,0,0
1084,1.31872,0.64482,1.2619,1.23089,-0.46588,0.48998,0.80841,0,0,0,0
1085,0.70439,0.31277,0.87464,0.88666,-0.68167,0.01792,0.09962,0,0,0,0
1086,1.11377,0.35567,1.07882,1.16785,-0.57254,0.33161,0.74927,0,0,0,0
1087,0.91999,0.24969,0.91753,0.99753,-0.59549,0.22814,0.56013,0,0,0,0
1088,1.02276,0.46757,0.90665,1.05128,-0.51062,0.11664,0,0,0,0,0
1089,1.62834,0.8203,1.58833,1.60005,-0.32877,0.82086,0.85623,0,0,0,0
1090,0.66047,0.38775,0.77904,1.24089,-0.6174,0.09248,0,0,0,0,0
1091,0.47549,0.50733,1.00118,1.07891,-0.23366,0.5675,0.03377,0,0,0,0
1092,1.97303,0.78651,1.89859,2.91996,-0.05719,0,0,0,0,0,0
1093,0.26842,0.43729,0.99939,1.3957,-0.09899,0.67105,0.53688,0,0,0,0
1094,0.59263,0.20346,0.92117,0.95032,-0.58151,0.24477,0,0,0,0,0
1095,0.50971,0.46681,0.74273,1.13986,-0.48636,0.47742,0.11362,0,0,0,0
1096,0.68089,0.34032,0.94105,1.05198,-0.42799,0.39489,0.19745,0,0,0,0
1097,1.04113,0.58439,1.32046,1.15949,-0.44484,0.24477,0,0,0,0,0
1098,0.56883,0.33742,0.81262,0.80733,-0.65165,0.46964,0.23383,0,0,0,0
1099,0.89467,0.61843,1.03303,1.23405,-0.14481,0.80566,0.16685,0,0,0,0
1100,0.81442,0.45393,1.05477,0.98546,-0.36602,0.5731,0,0,0,0,0
1101,0.94295,0.42114,0.92038,1.23727,-0.69564,0.20545,0.46176,0,0,0,0
1102,0.80833,0.37786,1.17888,1.27336,-0.38659,0.99528,0,0,0,0,0
1103,0.73772,0.28978,0.97865,1.08331,-0.42948,0.47699,0.35627,0,0,0,0
1104,0.66518,0.38311,0.88678,1.09221,-0.56309,0.30917,0.24958,0,0,0,0
1105,0.59296,0.33291,0.94995,1.12539,-0.50802,0.28772,0.19354,0,0,0,0
1106,0.99006,0.74425,1.24024,1.28106,0.0142,1.10722,0,0,0,0,0
1107,0,0,0,0,0,0,0,0,0,0,0
1108,0.61515,0.41912,1.16644,1.19026,-0.24051,0.65446,0.14594,0,0,0,0
1109,0.45118,0.22365,0.90182,1.03349,-0.54436,0.56633,0.28027,0,0,0,0
1110,0.51994,0.54921,0.92473,1.09964,-0.45058,0.71477,0.51858,0,0,0,0
1111,1.22061,0.41386,1.16916,0.94959,-0.60222,0.35891,0,0,0,0,0
1112,1.04305,0.66565,1.20308,1.12484,-0.78066,-0.02044,0,0,0,0,0
1113,1.05919,0.65035,1.33352,0.98427,-0.40446,0.17051,0.70859,0,0,0,0
1114,0.95783,0.56643,1.08482,0.99057,-0.57219,0.44914,0.2794,0,0,0,0
1115,0.55516,0.26533,0.87659,1.04642,-0.2878,0,0,0,0,0,0
1116,0,0,0,0,0,0,0,0,0,0,0
1117,0.74163,0.29438,0.98412,1.03836,-0.54118,0.59812,0,0,0,0,0
1118,1.07212,0.50771,1.03364,0.96174,-0.64041,0.40317,0.28732,0,0,0,0
1119,0.56214,0.39016,0.89241,1.02845,-0.59064,0.57627,0.06244,0,0,0,0
1120,0.88168,1.63269,1.84683,1.82325,0.63508,0,0,0,0,0,0
1121,0.78917,0.35035,1.03922,1.07592,-0.36674,0.47525,0.39914,0,0,0,0
1122,0.71334,0.33022,0.96579,1.01058,-0.58379,0.3197,-0.07999,0,0,0,0
1123,0.66431,0.34292,0.84463,0.98804,-0.49758,0.41518,0.0229,0,0,0,0
1124,0.82204,0.43933,1.09918,0.91866,-0.47565,0,0,0,0,0,0
1125,0.73473,0.54263,0.99505,1.25818,-0.40502,0.55304,0.2696,0,0,0,0
1126,0.93713,0.5239,1.27199,1.24879,-0.10144,0.77057,0,0,0,0,0
1127,0.87246,0.44924,1.0638,1.14574,-0.31534,0.76801,0,0,0,0,0
1128,0.92112,0.66403,1.01987,1.10779,-0.20919,0.18023,0.46739,0,0,0,0
1129,0.80755,0.61514,0.93602,1.12686,-0.19011,0.79375,0.4283,0,0,0,0
1130,1.47655,0.76191,1.35456,1.32452,-0.46369,0.5313,1.10055,0,0,0,0
1131,0.61621,0.39303,0.99629,1.08363,-0.34312,0,0,0,0,0,0
1132,1.49528,0.67955,1.26339,1.35047,-0.47922,0.42404,0.60448,0,0,0,0
1133,1.2977,0.49664,1.35227,1.50497,-0.39946,0.55273,0.84287,0,0,0,0
1134,1.14135,0.49631,1.03699,0.91731,-0.5985,0.47578,0.5672,0,0,0,0
1135,1.14422,0.46043,1.23581,0.943,-0.54247,0.25993,0.52276,0,0,0,0
1136,0.70705,0.29221,0.9164,0.99938,-0.50817,0.58402,0.31353,0,0,0,0
1137,0.52947,0.15409,0.76356,0.84316,-0.55586,1.08101,0,0,0,0,0
1138,1.15275,0.47295,1.16474,0.91985,-0.48423,0.62121,0.66805,0,0,0,0
1139,0,0,0,0,0,0,0,0,0,0,0
1140,0.88028,0.39758,1.01502,1.05517,-0.51635,0.20771,-0.11488,0,0,0,0
1141,0,0,0,0,0,0,0,0,0,0,0
1142,0.87061,0.39321,0.96394,1.05049,-0.4092,0.48033,0,0,0,0,0
1143,0.71929,0.31791,0.87635,0.7692,-0.5845,0.28262,0.43114,0,0,0,0
1144,0.81318,0.52471,1.03491,1.2056,-0.25371,0.67841,0.65746,0,0,0,0
1145,0.71538,0.46026,0.91145,0.84622,-0.5935,0.44498,0.39641,0,0,0,0
1146,0.82229,0.42553,0.99399,0.98896,-0.60038,0.49221,0.47967,0,0,0,0
1147,0.84057,0.30389,0.86988,0.98574,-0.33319,7.24737E-3,0,0,0,0,0
1148,0.95139,0.67234,1.21694,1.26092,-0.26938,0.90907,0,0,0,0,0
1149,0.9382,0.5559,0.99978,0.77357,-0.34784,0.63358,0,0,0,0,0
1150,0,0,0,0,0,0,0,0,0,0,0
1151,0.80303,0.48022,1.01026,1.03693,-0.42018,0,0,0,0,0,0
1152,1.20334,0.62176,1.05394,1.62589,-0.24418,0.85317,0,0,0,0,0
1153,0,0,0,0,0,0,0,0,0,0,0
1154,0.72436,0.63125,0.28069,0.48794,-1.70697,0,0,0,0,0,0
1155,0.81686,0.45582,0.95952,0.53567,-0.35137,0,0,0,0,0,0
1156,0.53183,0.17312,0.63286,0.86108,-0.59401,0,0,0,0,0,0
1157,0.81279,0.29201,0.88788,1.13181,-0.44455,0,0,0,0,0,0
1158,0.3453,0.36671,0.96835,1.0771,-0.41437,0.24477,0,0,0,0,0
1159,1.44653,0.72791,1.30333,1.14025,-0.35481,0.66227,0,0,0,0,0
1160,1.60902,0.89399,1.76596,1.72498,-0.19261,0.81972,0.17182,0,0,0,0
1161,1.32418,0.59369,1.33399,1.1935,-0.58295,0.65136,0,0,0,0,0
1162,0,0,0,0,0,0,0,0,0,0,0
1163,1.00409,0.29162,1.07391,0.97097,-0.59422,0.35729,0.43943,0,0,0,0
1164,1.04083,0.77817,1.44081,1.15935,-0.07267,0,0,0,0,0,0
1165,0.866,0.4868,1.01946,1.20978,-0.45813,0,0,0,0,0,0
1166,1.18572,0.86791,1.37645,1.39871,-0.04322,1.27472,0,0,0,0,0
1167,1.13341,0.88462,1.4194,1.01458,-0.2218,0,0,0,0,0,0
1168,0.78209,0.27546,0.94454,0.94031,-0.51626,1.05555,0,0,0,0,0
1169,1.07478,0.38572,0.87923,0.93626,-0.59304,0,0,0,0,0,0
1170,0.9412,0.47583,1.08892,1.18899,-0.32583,0,0,0,0,0,0
1171,1.45675,0.69919,1.25178,1.08977,-0.58197,0.38933,0.76645,0,0,0,0
1172,0.75528,0.31272,0.93772,0.88647,-0.52155,0.33301,0.65815,0,0,0,0
1173,0.89227,0.52718,1.11764,1.03516,-0.37486,1.17508,0,0,0,0,0
1174,0.86173,0.40832,1.0135,0.97144,-0.58216,0.44455,0,0,0,0,0
1175,1.30775,0.51442,1.19979,1.04286,-0.69946,0.57404,0.55284,0,0,0,0
1176,1.28243,0.62527,1.22055,1.24523,-0.52582,0.29801,0,0,0,0,0
1177,0.73351,0.30215,0.91176,0.91845,-0.66734,-0.89534,-0.3569,0,0,0,0
1178,1.11854,0.71626,1.19813,1.25585,-0.1929,0.92492,0.68088,0,0,0,0
1179,1.62199,0.5799,1.51031,1.01029,-0.79211,0,0,0,0,0,0
1180,0.75208,0.45859,1.07285,1.17947,-0.3577,0.94278,0,0,0,0,0
1181,0.38961,1.23767,1.50773,1.28481,-0.71379,0,0,0,0,0,0
1182,0.96278,0.66774,1.31246,1.53496,-0.25204,0,0,0,0,0,0
1183,0.91744,0.77461,1.40418,1.21568,-0.13737,0,0,0,0,0,0
1184,1.13882,0.79154,1.27539,1.36741,-0.08927,1.35392,0,0,0,0,0
1185,1.13583,0.56166,1.09614,1.0744,-0.58374,0.52718,0.21982,0,0,0,0
1186,1.00036,0.65427,1.11261,1.27248,-0.15019,0,0,0,0,0,0
1187,0.89406,0.36052,1.04548,1.01211,-0.64614,0.13867,0.08244,0,0,0,0
1188,0.97588,0.56949,1.17337,1.17613,-0.17523,0,0,0,0,0,0
1189,0.90521,0.4611,1.08741,0.88739,-0.5303,0.4679,0,0,0,0,0
1190,1.60896,0.87876,1.45515,1.31079,-0.38729,0.62823,0,0,0,0,0
1191,1.34236,0.62907,1.16663,1.18664,-0.4889,0.38073,-0.05011,0,0,0,0
1192,0.89008,0.58543,1.11009,1.07446,-0.55041,0.39962,0,0,0,0,0
1193,1.53137,0.66433,1.44028,1.1949,-0.37193,0.3848,0.46798,0,0,0,0
1194,0.83087,0.57156,1.13907,1.16247,-0.2684,0.58677,0.13787,0,0,0,0
1195,1.02369,0.79871,1.16797,1.25635,-0.14674,0.8858,0,0,0,0,0
1196,0.90045,0.50794,0.97943,1.06697,-0.24763,0.73165,0,0,0,0,0
1197,1.13465,0.70221,1.24549,0.99603,-0.5648,0.3835,0.49176,0,0,0,0
1198,1.39435,0.60854,1.22134,1.11458,-0.51778,0.62346,0,0,0,0,0
1199,0.96543,0.73273,1.21448,1.41908,-0.15501,0.99116,0,0,0,0,0
1200,1.21015,0.92681,1.49074,1.52772,-0.07073,1.48363,0,0,0,0,0
1201,0.71972,0.44521,1.13879,0.89929,-0.51741,0.55551,0.19315,0,0,0,0
1202,0.773,0.50677,1.09797,0.92106,-0.43597,0.49507,0.21198,0,0,0,0
1203,1.08396,0.66564,1.2255,1.00954,-0.52881,0.56125,0.03096,0,0,0,0
1204,1.7097,0.6403,1.33659,1.35044,-0.52953,0.38771,0.14238,0,0,0,0
1205,0.76488,0.6852,1.06768,1.10953,-0.3442,0.7648,0.31536,0,0,0,0
1206,1.14478,0.63983,1.11505,1.22773,-0.43039,0.33654,0.29226,0,0,0,0
1207,0.56127,0.06973,0.74642,0.68555,-0.85226,0.4402,0.28304,0,0,0,0
1208,0.97824,0.68481,1.19181,0.82739,-0.14603,0.96744,0,0,0,0,0
1209,0.95517,0.58477,1.38694,1.25918,-0.11655,0.77432,0,0,0,0,0
1210,1.03353,0.74984,1.33836,1.25266,-0.1042,1.1354,0.79772,0,0,0,0
1211,0.64484,0.45958,0.93342,0.97928,-0.43889,1.02965,0.29639,0,0,0,0
1212,0.78509,0.53194,1.52714,1.35374,-0.11479,0.81275,0,0,0,0,0
1213,1.06096,0.58021,1.12102,1.17942,-0.06672,-0.36276,0,0,0,0,0
1214,0.99769,0.51286,1.11936,0.83769,-0.51221,0.50873,0,0,0,0,0
1215,1.43557,0.61598,1.20369,1.06611,-0.50588,0.60052,0.65445,0,0,0,0
1216,1.74085,0.6145,1.43367,1.30724,-0.36109,0.55322,0.54671,0,0,0,0
1217,0.73518,0.29221,0.9068,0.73487,-0.79347,0.37894,0,0,0,0,0
1218,0.78837,0.59403,1.00803,1.29375,-0.09627,0.85522,0,0,0,0,0
1219,1.55076,0.57084,1.36301,1.34206,-0.43659,0.2881,0,0,0,0,0
1220,0.80615,0.5762,1.08241,1.02741,-0.47793,0.2652,0,0,0,0,0
1221,0.76955,0.37715,0.81386,0.92109,-0.55133,0.30068,0.12688,0,0,0,0
1222,0.96814,0.58198,1.12757,1.12962,-0.39385,0.84383,0.1625,0,0,0,0
1223,1.37696,0.54649,1.39168,1.11147,-0.41677,0.51791,0,0,0,0,0
1224,0.857,0.74179,1.28469,1.0167,-0.23322,0,0,0,0,0,0
1225,0.86799,0.43164,0.98993,0.88921,-0.39457,0.31341,0.50484,0,0,0,0
1226,0.71803,0.47134,1.01621,1.00882,-0.44712,0.72434,0.23291,0,0,0,0
1227,0.72448,0.41334,0.90985,0.93341,-0.45587,0.39403,-0.41658,0,0,0,0
1228,0.67917,0.45577,0.8651,0.94445,-0.5314,-8.46419E-3,0,0,0,0,0
1229,0.90289,0.93782,1.2456,1.36407,-0.45403,0.58569,0,0,0,0,0
1230,0.99469,0.62119,1.07516,1.11086,-0.35832,0.33575,0,0,0,0,0
1231,1.27329,0.52008,1.20986,1.11453,-0.53391,0.39227,0.45233,0,0,0,0
1232,0.80616,0.83452,1.43639,1.28285,-0.15516,0.83909,0.53308,0,0,0,0
1233,1.0883,0.54449,1.20626,0.9749,-0.42351,0.56152,0.37357,0,0,0,0
1234,1.24689,0.99006,1.37864,1.42237,2.32004E-4,1.68722,0,0,0,0,0
1235,2.03006,0.95173,1.66202,1.49271,-0.17462,0.75464,0.37355,0,0,0,0
1236,1.42514,1.09533,1.64805,1.57122,0.05408,1.22672,0,0,0,0,0
1237,0.90572,0.32635,1.016,0.93178,-0.54416,0,0,0,0,0,0
1238,1.35212,1.00129,1.67439,1.27724,0.35499,0,0,0,0,0,0
1239,1.06008,0.8461,1.26874,1.38882,-0.20215,0.70348,0.56155,0,0,0,0
1240,0.60716,0.62747,1.12401,1.11939,-0.20876,0,0,0,0,0,0
1241,1.10896,0.57086,1.23538,1.0593,-0.3281,0,0,0,0,0,0
1242,0.84591,0.57877,1.18777,0.99556,-0.26763,0.24922,0,0,0,0,0
1243,0.72475,0.50825,1.09092,1.03683,-0.36649,1.37155,0,0,0,0,0
1244,0.98024,0.67494,1.17486,1.03336,-0.34537,0.74156,0,0,0,0,0
1245,0.78435,0.63578,1.04525,1.01357,-0.40329,0.91208,0,0,0,0,0
1246,0.90277,0.59871,1.29202,1.32818,-0.21336,0.90463,0,0,0,0,0
1247,1.60361,1.19774,1.45066,1.69504,0.25448,0,0,0,0,0,0
1248,1.1896,0.74755,1.81571,0.81407,0.09137,2.74021,0,0,0,0,0
1249,1.06933,0.64658,1.28189,0.93897,-0.51426,0.49012,0,0,0,0,0
1250,1.23229,0.77105,1.50313,1.52769,-0.19066,1.21416,0,0,0,0,0
1251,0.42246,0.60757,0.36075,2.51608,-0.68694,0,0,0,0,0,0
1252,0,0,0,0,0,0,0,0,0,0,0
1253,0.82826,0.32494,0.90808,0.81846,-0.70516,0.15786,0,0,0,0,0
1254,0.87772,0.54383,1.15436,0.97875,-0.40087,0.47061,0,0,0,0,0
1255,1.06253,0.55311,1.0205,0.90368,-0.64913,-0.01474,0,0,0,0,0
1256,0.87653,0.4397,1.15747,1.12365,-0.58979,0.53859,0,0,0,0,0
1257,1.11883,0.42393,1.0075,1.24915,-0.40565,0.32178,0.17412,0,0,0,0
1258,1.61694,0.66657,1.34619,1.49515,-0.46014,0.32283,0.25358,0,0,0,0
1259,0.91611,0.6472,1.09235,1.02483,-0.41792,0.90549,0,0,0,0,0
1260,0.72027,0.52989,0.94875,0.85066,-0.44925,0.26081,-0.33181,0,0,0,0
1261,0.8918,0.63362,1.03496,1.01835,-0.38187,0.89154,0.14086,0,0,0,0
1262,1.15074,0.58378,1.17708,1.21357,-0.44123,0.71922,0,0,0,0,0
1263,0.67504,0.185,0.97877,0.75224,-0.62735,0.0718,-0.4197,0,0,0,0
1264,0.72423,0.27441,0.90574,0.87341,-0.5797,0.17224,-2.55375E-3,0,0,0,0
1265,0.83623,0.55925,1.07742,0.86684,-0.3859,0.45336,0,0,0,0,0
1266,0.79304,0.56986,1.19249,0.98357,-0.35724,0.62945,0.08824,0,0,0,0
1267,0.73311,0.53318,1.00901,0.92318,-0.38709,0.3777,-0.34878,0,0,0,0
1268,1.78,0.82774,1.56448,1.51938,-0.33002,0.8557,0,0,0,0,0
1269,1.27643,0.98176,1.43952,1.39513,-2.51275E-3,1.66835,0,0,0,0,0
1270,0.80718,0.57221,1.06163,1.10616,-0.31354,0.99116,0,0,0,0,0
1271,1.31256,0.88485,1.42124,1.35877,-0.13722,1.0497,0,0,0,0,0
1272,1.02106,0.72628,1.01886,0.99277,-0.42022,0.77753,0,0,0,0,0
1273,1.3602,0.41531,1.37363,0.98049,-0.52848,0.37742,0.46548,0,0,0,0
1274,1.11205,0.36571,0.97091,0.79974,-0.85535,0.44821,0,0,0,0,0
1275,0,0,0,0,0,0,0,0,0,0,0
1276,0.71077,0.47166,0.97163,0.58855,-0.26656,0,0.18488,0,0,0,0
1277,0.8327,0.33111,0.92182,0.76051,-0.73236,0.18025,-0.04421,0,0,0,0
1278,1.27001,0.75278,1.27958,1.25844,-0.09051,1.09399,0,0,0,0,0
1279,1.23756,0.62918,1.25641,1.11278,-0.63416,0.4364,0.28907,0,0,0,0
1280,0.85835,0.55715,1.13694,1.00029,-0.63753,0.29596,0,0,0,0,0
1281,0.83735,0.41878,0.96921,0.80502,-0.41927,0.33506,0,0,0,0,0
1282,1.195,0.55819,1.18587,0.98017,-0.66856,1.97199,0,0,0,0,0
1283,0.95655,0.78721,1.19637,1.03089,-0.27127,0.72883,0,0,0,0,0
1284,0.86137,0.36296,0.96787,0.82654,-0.63225,0.14404,0.25894,0,0,0,0
1285,0.77527,0.3717,1.04218,0.6975,-0.67185,0.27036,-0.33926,0,0,0,0
1286,0.74391,0.47871,0.92216,1.04897,-0.45986,0.50992,0,0,0,0,0
1287,0.88022,0.39817,0.95009,0.76734,-0.55136,0.13583,-0.69652,0,0,0,0
1288,1.0758,0.35631,1.4434,0.50629,-0.40786,0,0,0,0,0,0
1289,0.95215,0.43047,1.21076,1.04795,-0.33537,0.79128,0.14195,0,0,0,0
1290,0.72456,0.49383,1.07916,0.81402,-0.33397,0.5423,-0.05229,0,0,0,0
1291,0.61018,0.33638,0.85935,0.93132,-0.51969,0.16849,-0.1817,0,0,0,0
1292,1.13959,0.71493,1.44522,1.19972,-0.23634,1.50748,0,0,0,0,0
1293,0,0,0,0,0,0,0,0,0,0,0
1294,0.96428,0.71603,1.12537,1.21462,-0.26196,0.8458,0.07887,0,0,0,0
1295,0.94706,0.74277,1.22754,1.18614,-0.17451,0.80042,0.24718,0,0,0,0
1296,0.83374,0.60764,1.1044,0.27722,-0.37856,0.3075,0,0,0,0,0
1297,0.78968,0.23398,0.97121,0.7836,-0.64246,0.276,-0.38174,0,0,0,0
1298,1.05336,0.41387,1.044,0.88721,-0.63621,0.42194,0,0,0,0,0
1299,1.06762,0.67922,1.23166,1.0646,-0.2394,0.97405,0.48744,0,0,0,0
1300,1.05651,0.34255,1.09492,0.97164,-0.61502,0.13166,-0.11509,0,0,0,0
1301,1.56234,0.9356,1.39691,1.62045,-0.20037,1.26755,0,0,0,0,0
1302,0.88872,0.78441,1.15894,1.33196,-0.19675,1.0228,0,0,0,0,0
1303,1.22172,0.72665,1.03224,1.09049,-0.68172,0.54181,0,0,0,0,0
1304,1.28899,0.52992,1.43916,1.18078,-0.55234,1.10894,0,0,0,0,0
1305,0.7528,0.28874,0.93547,0.67628,-0.47389,0.11291,-0.25638,0,0,0,0
1306,0.64642,0.55383,0.93346,1.20703,-0.40794,0.22627,0,0,0,0,0
1307,0.64773,0.3078,0.82937,0.73982,-0.52386,0.03337,-0.35391,0,0,0,0
1308,0.69478,0.39806,0.93385,0.74871,-0.50599,0.25116,-0.36414,0,0,0,0
1309,1.00241,0.48833,1.19497,1.04691,-0.50605,0.36684,0.18875,0,0,0,0
1310,0.61207,0.28467,0.74513,0.78175,-0.65195,-0.03093,-0.62802,0,0,0,0
1311,0.85305,0.46923,1.17736,0.74619,-0.34687,0.16043,0,0,0,0,0
1312,0.73126,0.3817,0.94544,0.91259,-0.64278,-0.04666,0,0,0,0,0
1313,0.81515,0.3546,0.99737,0.9361,-0.38254,0.51444,0,0,0,0,0
1314,0.89469,0.44799,1.26716,1.05256,-0.38695,0.54953,0.16664,0,0,0,0
1315,0.88351,0.76945,0.75607,-0.01796,-0.56264,1.0557,0,0,0,0,0
1316,0.989,0.61759,1.35023,1.10177,-0.35509,0.6841,0.19049,0,0,0,0
1317,0,0,0,0,0,0,0,0,0,0,0
1318,0.57093,0.32687,0.94841,0.86402,-0.38931,-0.25071,0,0,0,0,0
1319,1.19297,0.68774,1.35142,1.1659,-0.26817,0.80747,1.01324,0,0,0,0
1320,0.84036,0.39859,1.02982,0.9381,-0.47542,-9.97201E-3,0,0,0,0,0
1321,0.976,0.59114,1.00884,0.84933,-0.59486,0.18023,0,0,0,0,0
1322,0.79135,0.43519,1.18196,0.69229,-0.35052,0.60111,0,0,0,0,0
1323,1.06068,0.93999,1.10775,1.54914,-0.28086,0,0,0,0,0,0
1324,1.38583,0.5196,1.3475,1.08927,-0.59042,0.21158,0.46335,0,0,0,0
1325,0.99245,0.74656,1.41858,1.38946,-0.1562,0.64721,0,0,0,0,0
1326,0.89055,0.56341,0.75208,0.89567,-0.32003,0,0,0,0,0,0
1327,1.56493,0.58751,1.51115,1.10633,-0.58839,0.87338,0,0,0,0,0
1328,1.08525,0.59121,1.17659,0.80833,-0.41107,0.26366,-8.04417E-3,0,0,0,0
1329,0.83819,0.38107,1.53508,1.14393,-0.22489,0.77285,0.23955,0,0,0,0
1330,0.60092,0.45791,0.99889,0.8723,-0.53478,0.2307,-0.13454,0,0,0,0
1331,0.82276,0.49654,1.24017,0.78541,-0.35725,0,0,0,0,0,0
1332,0.69163,-0.12224,1.1888,1.15581,-0.29876,0.0467,0,0,0,0,0
1333,0.91808,0.51094,1.06859,0.96826,-0.48029,0.25898,0,0,0,0,0
1334,1.57865,0.96497,1.5243,1.37236,-0.0489,1.85866,0,0,0,0,0
1335,0.7728,0.57989,1.06575,0.9272,-0.39142,0.36427,0,0,0,0,0
1336,1.12236,0.74407,1.27628,1.13959,-0.0895,0.58787,0.07591,0,0,0,0
1337,0.84938,0.36148,1.06045,0.85261,-0.51811,0.14526,0,0,0,0,0
1338,1.02221,0.78157,1.24357,1.09425,-0.37266,0.84216,0,0,0,0,0
1339,1.03148,0.47746,0.91505,1.07539,-0.4947,0.58555,0,0,0,0,0
1340,0.89398,0.34021,1.09744,0.80265,-0.50381,0.14284,-0.18162,0,0,0,0
1341,1.23458,0.73112,1.35337,1.29887,-0.20917,0.75268,0,0,0,0,0
1342,0.73291,0.4618,0.96484,0.89436,-0.59542,-0.03678,-0.54756,0,0,0,0
1343,1.08878,0.52013,1.20663,1.08533,-0.53521,0.39302,0.15818,0,0,0,0
1344,0.64704,0.18094,0.9862,0.77511,-0.65356,0.09258,0,0,0,0,0
1345,1.22275,0.51288,1.38237,1.19931,-0.4004,-1.05591,0,0,0,0,0
1346,0.9986,0.45849,1.28799,1.10631,-0.5056,-0.13479,0,0,0,0,0
1347,0.93953,0.47724,1.29509,1.09638,-0.43474,0.44853,0,0,0,0,0
1348,0.67386,0.48873,1.11739,0.85077,-0.40304,0.47422,-0.05116,0,0,0,0
1349,1.17048,0.54095,1.08741,1.13471,-0.30286,0.83255,0,0,0,0,0
1350,0.8228,0.36967,1.00162,0.77449,-0.53346,0.1986,0.11788,0,0,0,0
1351,0.84597,0.25939,0.86801,0.79099,-0.5538,0.0741,-0.56753,0,0,0,0
1352,0.93794,0.24853,1.15657,1.07669,-0.45712,0.75057,0,0,0,0,0
1353,1.25937,0.80897,1.33392,1.14255,-0.21512,0.89645,0.32596,0,0,0,0
1354,1.31227,0.80905,1.44578,1.16525,-0.07692,0.92044,0,0,0,0,0
1355,0.85682,0.44343,1.03243,0.9023,-0.54873,0.29363,0.31348,0,0,0,0
1356,0.96689,0.33464,0.95951,0.75914,-0.73231,0.03466,-0.35068,0,0,0,0
1357,0.7941,0.67695,1.00985,0.92422,-0.40778,0,0,0,0,0,0
1358,0.99469,0.38512,1.04279,0.94008,-0.56648,-0.10522,-0.45126,0,0,0,0
1359,0.89526,0.2031,0.85396,0.82248,-0.75197,0.06732,0,0,0,0,0
1360,0.97834,0.48924,1.13865,0.93765,-0.46358,0.79559,0.15126,0,0,0,0
1361,1.08117,0.41678,1.13422,0.69148,-0.61048,0.16254,0,0,0,0,0
1362,1.09984,0.53629,1.17005,0.88458,-0.49894,0.82126,0,0,0,0,0
1363,1.19993,0.73775,1.28585,1.13939,-0.26709,0.85042,0,0,0,0,0
1364,0.96288,0.48424,1.26044,0.7371,-0.466,0.11684,0.0793,0,0,0,0
1365,0.788,0.51644,0.902,1.9472,-0.60708,0,0,0,0,0,0
1366,0.80114,0.27126,0.92451,0.66406,-0.58529,-9.05408E-3,0,0,0,0,0
1367,0.8115,0.47128,0.85135,0.90717,-0.66647,0.20758,0,0,0,0,0
1368,0.88687,0.47421,1.03073,0.98612,-0.44198,0.56914,-0.07113,0,0,0,0
1369,0.82757,0.70573,1.28238,1.36722,-0.37356,0.27781,0,0,0,0,0
1370,0.85297,0.39394,1.01942,0.67225,-0.58314,0.21866,0,0,0,0,0
1371,1.00305,0.57195,1.22435,1.01387,-0.36839,0.76941,0.16583,0,0,0,0
1372,1.34334,0.73787,1.35596,1.07553,-0.30656,0.84059,0,0,0,0,0
1373,1.11526,0.6988,1.26623,1.1369,-0.34251,-0.0143,0.18076,0,0,0,0
1374,0.96818,0.6216,1.09282,0.6802,-0.40782,1.10894,0,0,0,0,0
1375,1.01662,0.37516,1.0548,0.991,-0.55623,0.01379,-0.4436,0,0,0,0
1376,0.8047,0.68065,0.73223,0.55217,-0.16345,0,0,0,0,0,0
1377,1.00572,0.43951,1.24883,1.0013,-0.48027,0.54324,-0.12558,0,0,0,0
1378,0.99385,0.5306,1.19357,0.98383,-0.58852,0.07137,-0.4044,0,0,0,0
1379,0.89247,0.27439,1.01669,0.75337,-0.59541,0.21797,0,0,0,0,0
1380,0.80974,0.33047,1.03622,0.94044,-0.59111,0.04983,0,0,0,0,0
1381,0.62175,0.12364,0.69639,0.63496,-0.69966,-0.11453,-0.55433,0,0,0,0
1382,1.02203,0.57532,1.11146,0.99701,-0.28407,0.64748,0,0,0,0,0
1383,1.48422,1.06218,1.64192,1.42189,0.03062,1.4989,0,0,0,0,0
1384,1.06681,0.49654,1.09393,0.9679,-0.34896,0.53939,0,0,0,0,0
1385,1.09182,0.63335,1.21508,0.97748,-0.31229,0.40396,-0.23904,0,0,0,0
1386,0.93339,0.50488,1.14343,0.84613,-0.49189,0.41504,-0.18664,0,0,0,0
1387,0.92131,0.42818,1.1,0.75276,-0.58343,0.29758,0,0,0,0,0
1388,0.90691,0.56491,0.96126,0.91096,-0.3167,0,0,0,0,0,0
1389,1.21719,0.82956,1.42358,1.07254,-0.21763,1.00153,0,0,0,0,0
1390,1.10989,0.65266,1.124,0.87743,-0.43701,0.76743,0,0,0,0,0
1391,1.09131,0.55438,1.22648,0.96747,-0.43984,0.46112,0,0,0,0,0
1392,1.00998,0.75069,1.08693,0.9828,-0.24043,1.04465,0,0,0,0,0
1393,1.17403,0.70628,1.27197,1.006,-0.35256,0.83858,0.39608,0,0,0,0
1394,1.10709,0.69271,1.21164,1.04315,-0.43696,0.58186,0.2357,0,0,0,0
1395,1.04646,0.49501,1.05302,0.80623,-0.42845,0.31853,0,0,0,0,0
1396,1.55321,0.82417,1.26436,1.20306,-0.14644,0.92802,0.68898,0,0,0,0
1397,1.04532,0.46879,1.11536,1.03678,-0.61815,0.0669,0,0,0,0,0
1398,1.02696,0.34548,1.00756,0.88511,-0.68591,-0.03325,-0.37715,0,0,0,0
1399,0.83814,0.52045,1.09044,0.78784,-0.36992,9.12968E-3,-0.30117,0,0,0,0
1400,1.26002,0.5144,1.20182,0.97192,-0.55477,0.38413,0.47123,0,0,0,0
1401,1.06324,0.44404,1.05888,0.849,-0.57157,0.02348,-0.17038,0,0,0,0
1402,1.78447,0.94488,1.41177,1.04495,-0.19893,1.2143,0,0,0,0,0
1403,1.22131,0.40762,1.10027,1.03545,-0.40998,0.09082,-0.08522,0,0,0,0
1404,1.12645,0.8003,1.12001,0.87241,-0.24227,0.77985,0,0,0,0,0
1405,1.13422,0.53338,1.17629,1.11605,-0.48923,0.66265,0.28396,0,0,0,0
1406,0.98373,0.54633,1.00149,0.97451,-0.49449,0.4092,0,0,0,0,0
1407,1.261,0.80096,1.37178,0.94064,-0.23591,0.86579,0.50638,0,0,0,0
1408,0.97046,0.49765,1.1795,0.90891,-0.54524,-0.04484,-0.39889,0,0,0,0
1409,1.21253,0.59932,1.16082,0.79786,-0.34436,0.99116,0,0,0,0,0
1410,0.77767,0.41677,1.17671,0.92494,-0.4429,0,0,0,0,0,0
1411,1.40882,0.32765,1.38237,0.78611,-0.31274,0,0,0,0,0,0
1412,1.00345,0.52317,1.14489,0.7329,-0.61342,0.49768,0,0,0,0,0
1413,1.2083,0.68675,1.26963,0.80726,-0.56968,0,0,0,0,0,0
1414,1.08018,0.94985,1.37822,1.5066,-0.25788,-0.76823,0,0,0,0,0
1415,1.25933,0.47008,1.05503,0.85099,-0.42437,0.26164,0,0,0,0,0
1416,0.90005,0.64206,1.18303,0.4481,-0.22884,0,0,0,0,0,0
1417,-0.66908,0.30486,1.84533,2.6015,-0.278,0,0,0,0,0,0
1418,1.3068,0.62557,1.43104,0.94842,-0.32658,0,0,0,0,0,0
1419,1.10616,0.9527,1.57812,1.38485,-0.3582,0,0,0,0,0,0
1420,1.47416,0.88204,1.36359,0.84143,-0.53828,0.55671,0,0,0,0,0
1421,1.12229,0.48188,1.09437,0.91336,-0.63679,-0.09405,0.08418,0,0,0,0
1422,1.01652,0.47783,1.23435,1.00226,-0.53253,0.18996,-0.07837,0,0,0,0
1423,0.97009,0.60291,1.37215,0.79764,-0.46571,1.10894,0,0,0,0,0
1424,1.23518,0.54921,0.99719,1.0163,-0.61715,0.65023,0,0,0,0,0
1425,1.2165,0.49436,1.12068,1.01733,-0.63812,0.03787,-0.45224,0,0,0,0
1426,1.11418,0.89243,0.93755,0.96374,-0.53246,0.48033,0,0,0,0,0
1427,1.69938,0.6237,1.0215,1.04465,-0.54434,0.20443,0.10374,0,0,0,0
1428,1.11729,0.45987,0.99365,0.87218,-0.41128,0.18023,0.16689,0,0,0,0
1429,1.09855,0.62332,1.21988,1.02956,-0.47161,0.45938,-0.24042,0,0,0,0
1430,1.08302,0.32486,1.19001,0.61865,-0.5094,1.68431,0,0,0,0,0
1431,0,0,0,0,0,0,0,0,0,0,0
1432,0.92892,0.70098,1.15904,0.96486,-0.57401,0.05006,-0.1713,0,0,0,0
1433,0.94178,0.59918,1.31054,0.65564,-0.57119,-0.51891,0.03061,0,0,0,0
1434,1.1091,0.41138,1.1037,0.78053,-0.56736,0.28633,-0.16972,0,0,0,0
1435,1.04002,0.32377,1.11029,0.93121,-0.61962,0.32667,0,0,0,0,0
1436,1.20412,0.49743,1.10947,0.72268,-0.52847,0.1455,4.11392E-3,0,0,0,0
1437,1.19061,0.6512,1.17297,1.06801,-0.42938,0.44811,-0.20611,0,0,0,0
1438,0.82569,0.97548,1.45493,1.07497,-0.22487,0.0173,0,0,0,0,0
1439,0.94863,0.50084,1.15037,1.05571,-0.33089,0.06668,-0.17537,0,0,0,0
1440,1.20294,0.74685,1.45901,0.98521,-0.58551,0,0,0,0,0,0
1441,1.18404,0.57132,1.12162,0.86013,-0.61687,0.57772,0,0,0,0,0
1442,1.58264,0.76224,1.32017,1.16262,-0.50924,-0.19885,0,0,0,0,0
1443,1.36878,0.85814,1.44142,1.21298,-0.35504,0,0,0,0,0,0
1444,1.49593,0.97167,1.46718,1.23799,-0.2069,0.78587,0,0,0,0,0
1445,1.2691,0.26598,1.15236,0.91422,-0.42092,0,0,0,0,0,0
1446,1.07498,0.50131,1.15946,0.88221,-0.70955,0.09356,0,0,0,0,0
1447,1.27583,0.63095,1.18677,0.91599,-0.5373,0.31351,0.07076,0,0,0,0
1448,1.06971,0.80757,1.36591,0.92967,-0.70766,0.10443,-0.21247,0,0,0,0
1449,1.15663,0.57874,1.26188,1.07783,-0.42871,0.25574,0,0,0,0,0
1450,1.59439,0.94252,1.51833,1.32712,-0.0739,0,0,0,0,0,0
1451,1.15565,0.89363,1.10722,1.28577,-0.41145,0.19677,0,0,0,0,0
1452,1.12176,0.75387,0.94831,0.33602,-0.13838,0.24542,0.22798,0,0,0,0
1453,1.20187,0.74198,1.22626,1.01794,-0.52355,0.18494,-0.04734,0,0,0,0
1454,1.31953,0.62108,1.14892,0.95828,-0.52988,0.32777,-0.05383,0,0,0,0
1455,1.09101,0.63357,1.36165,1.01213,-0.42071,0,0,0,0,0,0
1456,1.10531,0.46538,1.0666,0.79287,-0.51509,0.43388,0.05511,0,0,0,0
1457,1.31326,0.63503,1.2159,1.0529,-0.44713,0.25919,0,0,0,0,0
1458,1.22366,0.68706,1.31736,1.03412,-0.457,0.54392,0,0,0,0,0
1459,1.70819,0.92209,0.92299,1.1676,-0.39264,0.12575,0,0,0,0,0
1460,1.04846,0.52499,1.02797,0.73969,-0.54776,0.03005,-0.18396,0,0,0,0
1461,1.33678,0.89549,1.61564,1.08313,-0.45413,0.35834,0.46659,0,0,0,0
1462,1.19763,0.48262,1.18548,0.8296,-0.68156,0.33683,0,0,0,0,0
1463,1.03707,0.42356,1.08371,0.85049,-0.58186,0,0,0,0,0,0
1464,1.12357,0.64851,1.24688,0.83953,-0.52792,0.66096,0.06509,0,0,0,0
1465,1.10872,0.69303,1.07362,0.92357,-0.67143,0.26418,-0.11473,0,0,0,0
1466,1.41472,0.45953,1.27443,0.9681,-0.65968,-0.21559,0,0,0,0,0
1467,1.56472,0.60056,1.06758,0.55361,-0.31991,0.57882,0,0,0,0,0
1468,0,0,0,0,0,0,0,0,0,0,0
1469,1.32537,0.82685,1.54699,1.05647,-0.29333,1.04614,0.30938,0,0,0,0
1470,1.64885,1.19571,1.69257,1.5267,-0.04412,0,0,0,0,0,0
1471,1.40242,1.00453,1.22592,1.21047,-0.59525,0.09665,-0.71798,0,0,0,0
1472,1.23142,0.54385,1.04014,0.88788,-0.69085,0.07134,-0.17314,0,0,0,0
1473,1.45308,0.65473,1.14325,0.93103,-0.65004,0.22105,0.14447,0,0,0,0
1474,1.22103,0.53668,1.09933,0.68162,-0.59627,0.18199,-0.14876,0,0,0,0
1475,1.26521,0.4972,1.08514,0.77812,-0.70871,0.17399,-0.53099,0,0,0,0
1476,1.41632,0.8869,1.30885,1.06238,-0.37208,0.99701,0,0,0,0,0
1477,1.58786,0.86926,1.20307,1.24261,-0.42078,-0.05088,0,0,0,0,0
1478,1.31153,0.52441,1.09343,0.76572,-0.79528,0.08839,-0.18068,0,0,0,0
1479,1.37475,0.77802,1.25392,1.07959,-0.35986,0.60449,-0.05274,0,0,0,0
1480,1.29185,0.62807,1.24739,0.89725,-0.4802,1.68431,0.21374,0,0,0,0
1481,1.0852,0.70223,0.97285,0.57143,-0.72066,0.08575,0,0,0,0,0
1482,1.24455,0.5285,1.08638,0.68676,-0.60767,0.41631,0.15202,0,0,0,0
1483,1.15317,0.58081,1.12621,0.76932,-0.60008,0.37512,0.03846,0,0,0,0
1484,1.07502,0.76367,1.27572,0.855,-0.45294,0.434,-0.33028,0,0,0,0
1485,0,0,0,0,0,0,0,0,0,0,0
1486,0,0,0,0,0,0,0,0,0,0,0
1487,1.19955,0.8212,1.47326,1.16773,-0.15813,0,0,0,0,0,0
1488,1.58199,0.8025,1.20641,1.03316,-0.50083,0.34489,0.01769,0,0,0,0
1489,1.33894,0.6776,1.11916,0.77055,-0.63643,0.0309,8.77821E-3,0,0,0,0
1490,1.3387,0.84856,1.2376,1.15264,-0.41756,0.84224,0,0,0,0,0
1491,1.45367,0.62845,1.16968,0.6098,-0.59159,0.0685,0,0,0,0,0
1492,1.16828,0.54861,1.06409,0.53285,-0.66326,-0.12306,-0.37096,0,0,0,0
1493,1.47126,0.79995,1.24162,0.92179,-0.52885,0.04334,-0.37557,0,0,0,0
1494,1.73734,0.8674,1.36071,1.02241,-0.49337,0.16953,0.19724,0,0,0,0
1495,1.25724,0.65781,1.04134,0.81046,-0.66654,-0.36276,0,0,0,0,0
1496,1.92048,1.07019,1.54588,1.00672,-0.53164,0.5106,0.70869,0,0,0,0
1497,1.36137,0.72423,1.02855,0.62788,-0.58103,0.16959,0,0,0,0,0
1498,1.16857,0.6722,1.10801,0.67686,-0.52688,0.43127,-0.06323,0,0,0,0
1499,1.24012,0.50006,1.19419,0.77407,-0.5295,-0.05451,0,0,0,0,0
1500,1.06736,0.80969,1.11692,0.6098,-0.51523,0.28458,0,0,0,0,0
1501,1.46264,0.76094,1.24533,1.07261,-0.36533,0.47317,0.02412,0,0,0,0
1502,1.77381,0.92421,1.52279,1.1537,-0.14888,1.0458,0.57518,0,0,0,0
1503,1.32284,0.80631,1.12771,1.35012,-0.36148,0.79854,0,0,0,0,0
1504,1.19664,0.67648,1.06454,0.63502,-0.67856,0.17836,0,0,0,0,0
1505,1.69475,1.03504,1.33796,1.10833,-0.66468,0.45175,-0.12882,0,0,0,0
1506,1.84115,1.03213,1.3365,1.03682,-0.57709,0.61086,-0.04293,0,0,0,0
1507,1.67797,0.93847,1.4815,1.08337,-0.65074,0.63041,0,0,0,0,0
1508,1.63186,0.88335,1.35872,1.0204,-0.58242,0.3243,0.29199,0,0,0,0
1509,1.35083,0.80518,1.10077,0.66459,-0.62406,0.34528,-0.03037,0,0,0,0
1510,1.14242,0.75455,1.19904,0.91086,-0.52921,0.48229,0,0,0,0,0
1511,1.25036,0.74657,1.27677,0.84334,-0.54536,0.23513,-0.70977,0,0,0,0
1512,1.12415,0.56452,1.1633,0.73135,-0.59419,0.47206,0,0,0,0,0
1513,1.65086,0.97797,1.57222,1.10418,-0.37277,1.02353,0,0,0,0,0
1514,1.44319,0.7758,1.15145,1.00371,-0.4699,0.70638,0,0,0,0,0
1515,1.3747,0.82867,1.15856,0.68953,-0.59885,0,0,0,0,0,0
1516,0,0,0,0,0,0,0,0,0,0,0
1517,1.08038,1.60629,1.59265,2.26755,-0.35203,0,0,0,0,0,0
1518,1.97821,1.11216,1.24208,1.0665,-0.6966,0.68042,0,0,0,0,0
1519,1.61939,1.24472,1.74193,1.19892,-0.48644,0.65023,0.51307,0,0,0,0
1520,1.43838,0.92984,1.36639,0.81182,-0.55511,0.20134,0,0,0,0,0
1521,1.61332,1.14168,1.34914,1.06087,-0.46996,0.40902,-0.47464,0,0,0,0
1522,1.56094,1.18076,1.61046,1.05358,-0.0793,0.76046,0,0,0,0,0
1523,1.16443,0.66041,1.05564,0.55899,-0.92132,0.18538,-0.21828,0,0,0,0
1524,1.52228,1.08897,1.53597,1.05594,-0.25261,0.73807,0.52925,0,0,0,0
1525,1.10729,0.79856,1.34236,0.5512,-0.62071,0.24332,-0.17398,0,0,0,0
1526,1.67596,0.65094,1.90915,1.1638,-0.35065,0,0,0,0,0,0
1527,1.29961,0.87381,1.14269,0.97684,-0.62043,0.53909,0,0,0,0,0
1528,1.30148,0.9183,1.39315,1.13581,-0.44182,0.75696,0,0,0,0,0
1529,1.85696,1.40828,1.76113,1.45912,-0.1104,1.29126,0,0,0,0,0
1530,1.17752,0.76553,1.05463,0.79471,-0.59542,0.45538,0.06999,0,0,0,0
1531,1.22879,0.75958,1.18692,0.75513,-0.54549,-0.10745,0,0,0,0,0
1532,1.30806,0.84022,1.34461,0.81112,-0.40499,0.44656,-0.26073,0,0,0,0
1533,1.38469,0.83473,1.32252,0.94432,-0.49054,-0.29831,-0.04911,0,0,0,0
1534,1.80583,0.97484,1.41437,1.32541,-0.19693,0.43763,0,0,0,0,0
1535,1.56767,1.26797,1.36559,1.51954,-0.31831,1.27884,0.33082,0,0,0,0
1536,1.52253,1.02033,1.31442,1.00527,-0.68579,0.33996,0.1595,0,0,0,0
1537,1.28541,0.92634,1.2462,1.00782,-0.40325,0.74177,0.36406,0,0,0,0
1538,1.26072,0.82315,1.3711,0.90963,-0.55714,0.35192,0,0,0,0,0
1539,1.47366,0.77856,1.68347,1.48422,-0.28607,0,0,0,0,0,0
1540,1.49399,0.94826,1.22928,0.59513,-0.73604,0.33207,0,0,0,0,0
1541,1.39083,1.06628,1.21613,0.92823,-0.54552,0.3191,-0.02666,0,0,0,0
1542,1.26281,0.88799,1.19273,0.91018,-0.5742,0.56882,0,0,0,0,0
1543,2.03082,1.25303,1.73774,1.26072,-0.39833,0.88493,0.36852,0,0,0,0
1544,1.07322,0.8284,1.12544,0.92905,-0.53645,0.68988,0,0,0,0,0
1545,1.28025,0.85777,1.25491,0.87061,-0.4881,0,0,0,0,0,0
1546,2.28242,1.37587,1.80339,1.4572,-0.3103,1.12605,0,0,0,0,0
1547,-1.63368,2.87226,4.34544,7.40265,4.01121,0,0,0,0,0,0
1548,-2.16497,1.38611,4.29255,3.24274,4.89394,0,0,0,0,0,0
1549,0.7063,2.88805,2.28064,2.19087,3.0043,0,0,0,0,0,0
1550,0,0,0,0,0,0,0,0,0,0,0
1551,0.36053,0.62265,0.62565,0.53044,0.7395,-0.08059,0,0,0,0,0
1552,-2.98984,-2.16506,1.10921,-0.93585,2.41084,1.94483,1.87698,0,0,0,0
1553,-0.86715,-0.69873,0.38731,-1.41898,2.21289,1.54563,1.15273,0,0,0,0
1554,0.83478,0.48041,0.97884,0.36793,1.51014,0,0,0,0,0,0
1555,0.09901,-0.27174,0.64647,-0.3492,1.45973,1.20465,1.25807,0,0,0,0
1556,-0.7135,0.21086,2.98016,0.64482,3.02715,0,0,0,0,0,0
1557,0,0,0,0,0,0,0,0,0,0,0
1558,-2.18612,-0.87077,2.08167,0.36968,3.48131,2.15702,0,0,0,0,0
1559,-2.26273,-1.14481,1.84628,-0.26359,2.86289,1.49496,-0.97581,0,0,0,0
1560,0,0,0,0,0,0,0,0,0,0,0
1561,-1.04683,0.19844,0.7097,0.53855,2.62667,0,0,0,0,0,0
1562,-1.22757,-1.10947,-0.22276,-1.5602,1.39528,0.57421,0.06836,0,0,0,0
1563,-0.54941,-0.61256,0.15212,-0.74495,1.29603,0,1.14203,0,0,0,0
1564,0,0,0,0,0,0,0,0,0,0,0
1565,-1.74464,0.71258,3.54516,0.89391,3.58817,0,0,0,0,0,0
1566,0.55616,0.81603,0.80195,0.87181,1.6255,0,0,0,0,0,0
1567,-2.69084,-1.58436,1.52546,-0.67091,2.49102,1.7907,0.59436,0,0,0,0
1568,-0.28101,0.10225,1.03673,-0.5004,1.27696,1.50532,0,0,0,0,0
1569,-0.02034,-0.34426,0.48299,-0.72638,1.71585,1.23795,0,0,0,0,0
1570,0.48334,0.52664,1.16672,-0.04785,1.74618,0,0,0,0,0,0
1571,2.83217,1.9381,0.91861,1.40267,0.39161,-0.17162,0.72261,0,0,0,0
1572,2.65158,1.86009,0.8801,1.54472,0.32435,0.30886,0,0,0,0,0
1573,2.44595,1.46779,0.92577,1.60207,0.36204,0,0,0,0,0,0
1574,2.29139,1.73177,0.73457,1.39859,0.39886,0.18819,0,0,0,0,0
1575,2.48929,1.71286,0.83568,1.40037,0.32589,0.3892,0,0,0,0,0
1576,2.41408,1.62438,0.93384,1.45163,0.39931,0.12033,0,0,0,0,0
1577,2.4249,1.74091,0.74316,1.49944,0.32987,-0.16499,0.3657,0,0,0,0
1578,2.15434,1.45627,0.55284,1.19481,-0.11383,-0.30156,0,0,0,0,0
1579,2.22986,1.86105,0.41458,1.41981,0.54094,0,0,0,0,0,0
1580,2.64198,1.85354,0.91087,1.03277,0.24176,0,0,0,0,0,0
1581,3.08594,2.04844,1.31041,1.96652,0.83185,0.68286,0,0,0,0,0
1582,2.07336,1.38353,0.41954,1.02739,-0.06043,-0.36799,0,0,0,0,0
1583,2.50492,1.48994,0.63594,1.32812,0.2706,-0.15616,0.29256,0,0,0,0
1584,3.39735,1.82889,1.29468,1.87489,0.958,0,0,0,0,0,0
1585,0,0,0,0,0,0,0,0,0,0,0
1586,2.22678,1.50777,0.71068,1.21119,0.41842,-0.13637,0.59625,0,0,0,0
1587,1.92898,1.25452,0.56228,1.12334,0.14447,-0.43563,0.62729,0,0,0,0
1588,2.07411,1.34846,0.70291,1.15307,0.29232,-0.20485,0,0,0,0,0
1589,1.59268,1.19157,0.79807,0.87301,0.26726,-0.68811,0.8658,0,0,0,0
1590,4.57227,2.37181,1.45348,1.97971,0.98562,0,0,0,0,0,0
1591,2.25184,1.45321,0.65845,1.26638,0.41685,-0.39514,0,0,0,0,0
1592,1.71065,1.17764,0.42197,0.96756,0.19011,0,0,0,0,0,0
1593,1.9533,1.28298,0.731,1.068,0.24969,-0.20079,0,0,0,0,0
1594,1.58087,1.11623,0.56624,0.91011,0.34781,-0.57291,0.66488,0,0,0,0
1595,1.72282,1.26462,0.60715,1.0504,0.21117,0,0,0,0,0,0
1596,3.21317,1.89287,1.26057,1.77568,0.74074,0.99116,0,0,0,0,0
1597,3.4527,2.07992,1.53982,1.94286,1.12025,1.08874,0,0,0,0,0
1598,0.90997,1.68062,0.64132,1.73762,1.14007,0,0,0,0,0,0
1599,3.04494,1.82193,1.068,1.45654,0.89282,0.64079,2.61637,0,0,0,0
1600,1.33822,1.28135,0.71503,1.01881,0.18191,0,0,0,0,0,0
1601,1.61833,1.05766,0.38514,0.71012,0.03227,-0.64447,0,0,0,0,0
1602,4.50766,3.11562,2.24319,2.83821,1.86848,2.22964,0,0,0,0,0
1603,3.88398,2.28184,1.84609,2.38206,1.19535,1.16376,1.37592,0,0,0,0
1604,1.85105,1.01526,0.37507,0.84635,0.02797,-0.60834,1.35219,0,0,0,0
1605,2.70082,1.60183,0.93282,1.29713,0.76717,0,0,0,0,0,0
1606,2.68316,1.6152,0.98318,1.49225,1.05884,0,2.99646,0,0,0,0
1607,1.42894,1.04986,0.34681,0.84172,0.15054,-0.77711,-5.65768E-3,0,0,0,0
1608,3.19345,1.40381,1.1418,1.20877,1.07883,0,0,0,0,0,0
1609,0.96917,1.01151,0.64391,0.76191,0.21312,-2.91546,0,0,0,0,0
1610,1.90113,1.09162,0.3446,0.58656,0.59085,0,0,0,0,0,0
1611,1.29479,0.73936,0.15561,0.33596,0.02263,-0.82872,0.42165,0,0,0,0
1612,2.08354,0.94714,0.45465,0.88513,0.35907,-0.08813,1.54687,0,0,0,0
1613,0.73424,0.84468,0.41712,0.56773,0.23771,-0.8343,0,0,0,0,0
1614,2.55156,1.38384,0.73417,1.09895,0.30133,0,0,0,0,0,0
1615,0.90381,0.50426,0.63724,0.32757,0.03498,0,0,0,0,0,0
1616,4.21515,2.463,2.40805,2.39526,1.51116,1.429,0,0,0,0,0
1617,1.79423,0.86473,0.22812,0.57805,0.05717,-0.64052,1.51109,0,0,0,0
1618,2.16365,0.88994,0.36787,0.63217,0.14125,0.04415,0,0,0,0,0
1619,0.88345,0.86591,0.26166,1.37274,-0.15993,0,0,0,0,0,0
1620,1.87107,0.81057,0.08218,0.66151,0.01865,0.14297,1.50256,0,0,0,0
1621,2.61961,1.46017,0.80405,1.16368,0.66342,0.90728,0,0,0,0,0
1622,1.76961,0.7584,0.267,0.57032,0.07444,0,0,0,0,0,0
1623,1.11194,0.45667,-0.02011,0.11493,-0.1073,-0.3712,0,0,0,0,0
1624,1.47233,0.64337,0.06171,0.27715,-0.06823,-0.06717,0,0,0,0,0
1625,2.18447,1.06242,0.33993,0.68418,0.40876,-0.11288,0.77337,0,0,0,0
1626,2.09183,1.16931,0.75316,0.88996,0.52751,0,0,0,0,0,0
1627,1.36342,0.61059,0.33315,0.32182,0.10389,-0.60253,0,0,0,0,0
1628,1.86313,0.8122,0.32746,0.48831,0.16296,-0.14897,0,0,0,0,0
1629,1.38299,0.45843,-0.01859,0.27163,-0.08399,-0.32006,0,0,0,0,0
1630,1.72973,0.65051,-0.04381,0.34307,-0.01576,-0.73902,0.33367,0,0,0,0
1631,4.63927,3.09875,1.55526,1.67004,1.45335,0,0,0,0,0,0
1632,1.17416,0.33712,-0.04148,0.07775,-0.25602,-0.47579,0.55918,0,0,0,0
1633,1.50646,0.43474,-8.7375E-3,0.32872,-0.02552,-0.32724,0,0,0,0,0
1634,6.68572,4.62166,3.78989,4.51605,3.43597,0,0,0,0,0,0
1635,1.45717,0.52842,0.12943,0.43798,0.10815,0.87338,1.14068,0,0,0,0
1636,1.67166,0.93473,0.70631,0.59206,0.65865,0,0,0,0,0,0
1637,0.48857,0.15302,0.5865,0.10651,0.22365,-0.48475,0,0,0,0,0
1638,1.36325,0.46233,0.04318,0.18102,0.03021,0,0,0,0,0,0
1639,1.36526,0.33213,-0.22636,0.23295,-0.18831,-1.68935,0.99099,0,0,0,0
1640,1.21123,0.35063,-0.02625,0.07967,-0.19252,-0.35834,0,0,0,0,0
1641,1.66264,0.70556,0.17912,0.71976,0.07265,-0.10882,0,0,0,0,0
1642,1.21601,0.44182,0.03732,0.20315,-0.05053,-0.15397,0,0,0,0,0
1643,1.26039,0.43726,0.12655,0.19771,-0.06196,-0.28315,1.37963,0,0,0,0
1644,1.89496,0.80769,0.10271,0.40005,0.24748,0.27513,0,0,0,0,0
1645,1.29486,0.54827,0.25838,0.17401,0.01422,-0.60873,1.73784,0,0,0,0
1646,1.62735,0.41039,-0.0902,0.20327,0.14588,-0.63431,1.56686,0,0,0,0
1647,1.96716,0.67486,-0.03408,0.23689,0.17907,0.54487,0,0,0,0,0
1648,1.14701,0.21373,-0.1808,0.14361,-0.21175,-0.59089,0,0,0,0,0
1649,1.62807,0.62349,0.25495,0.58945,0.29948,-1.49375,0,0,0,0,0
1650,1.45641,0.41812,-0.09201,0.07001,-0.16668,-0.33401,1.31858,0,0,0,0
1651,1.46394,0.96761,0.41982,0.44595,0.15041,0,0,0,0,0,0
1652,0.55502,0.1886,0.07088,0.21053,0.34121,-1.26814,-0.08372,0,0,0,0
1653,1.5685,0.36239,-0.36432,0.20619,-0.0539,-0.42875,0.70208,0,0,0,0
1654,1.46001,0.46015,0.52474,0.09961,0.37546,-0.73606,1.31436,0,0,0,0
1655,1.46239,0.78992,0.14497,0.68034,0.28145,-0.18606,0,0,0,0,0
1656,1.34673,0.26769,-0.0534,0.12508,-0.10457,-0.62969,0.27031,0,0,0,0
1657,0.84847,0.48453,-0.37332,-0.06092,0.21156,0,0,0,0,0,0
1658,1.69899,0.67986,0.1413,0.54427,0.38529,-0.14572,0,0,0,0,0
1659,1.93235,0.58053,0.01111,0.40245,0.02844,0.26724,0,0,0,0,0
1660,1.10622,0.21468,-0.02993,-0.01405,-0.14261,-0.26656,1.00065,0,0,0,0
1661,1.14669,0.04645,-0.23962,-0.09153,-0.20269,-0.12409,0,0,0,0,0
1662,2.97636,1.7614,1.26232,1.20088,1.10317,0,0,0,0,0,0
1663,1.26513,0.3737,0.19453,0.03167,-0.09174,-0.77092,0.79309,0,0,0,0
1664,0.42222,-0.03146,-0.04221,-0.16044,0.03923,-1.90268,-0.94212,0,0,0,0
1665,1.58704,0.46639,-0.18273,0.07097,-0.04859,-0.12924,1.60921,0,0,0,0
1666,1.42355,0.34296,0.12401,0.19769,-0.08981,-0.64581,1.1325,0,0,0,0
1667,0.53266,-4.04516E-3,0.07921,-0.17656,0.1193,-1.08225,0,0,0,0,0
1668,1.5739,0.51021,-0.16549,0.43624,0.13837,0.18023,1.42929,0,0,0,0
1669,1.12003,0.09605,-0.16478,-7.57722E-3,-0.25083,-0.53896,0.35744,0,0,0,0
1670,1.98606,0.45003,-0.05862,0.29329,0.10127,-0.15451,0,0,0,0,0
1671,1.24616,0.07573,-0.16295,-0.11124,-0.27579,-0.55753,0.62636,0,0,0,0
1672,2.03571,0.45453,-0.04637,0.05601,0.09757,-0.9448,0.2536,0,0,0,0
1673,1.235,0.37052,0.12011,0.2405,0.11422,-0.37653,1.15945,0,0,0,0
1674,1.24861,0.38785,0.41283,0.18617,0.04786,-0.82671,0,0,0,0,0
1675,1.3221,0.71947,0.35208,0.32927,9.11406E-3,-0.65465,0,0,0,0,0
1676,1.40717,0.36459,-0.11648,0.09289,0.01216,0,0,0,0,0,0
1677,1.38004,0.17442,0.02587,0.16743,-6.44804E-3,-0.50381,0,0,0,0,0
1678,1.51284,0.47681,-0.10281,0.08764,0.11464,-0.1678,1.00773,0,0,0,0
1679,1.13669,0.17124,-0.14353,0.08766,-0.06732,-0.33455,0,0,0,0,0
1680,0.87656,0.04219,0.27142,-0.24214,0.17887,-0.72364,0,0,0,0,0
1681,1.78814,0.3296,-0.13309,0.64815,0.28383,0,0,0,0,0,0
1682,1.27382,0.30092,0.16609,0.08534,-0.07205,-1.49375,1.14839,0,0,0,0
1683,1.3623,0.30778,-0.10799,0.19559,0.2387,0,0,0,0,0,0
1684,1.16462,0.14531,-0.0518,-0.01857,-0.1151,-0.9044,0.87471,0,0,0,0
1685,1.05976,-0.02634,-0.05708,0.0597,-0.02007,0,0,0,0,0,0
1686,1.20994,0.33241,0.17206,0.30851,0.05788,0,0,0,0,0,0
1687,1.2336,0.29486,0.0893,0.1362,0.08204,-0.45074,0.84538,0,0,0,0
1688,1.90703,0.75219,0.07063,0.07428,0.25212,0.10749,0,0,0,0,0
1689,1.60126,0.41474,0.07116,0.25504,-0.0822,-0.4315,0,0,0,0,0
1690,1.93762,0.29654,-0.08808,-0.01729,0.36687,-0.37798,0.97778,0,0,0,0
1691,1.35727,0.18426,-0.2816,0.1006,-0.05944,-0.14382,0,0,0,0,0
1692,0.81505,0.20734,0.2746,-6.94641E-3,0.52976,-0.66707,0,0,0,0,0
1693,1.54989,0.89143,0.02657,0.72119,-0.14075,0,0,0,0,0,0
1694,1.36483,0.1817,0.14612,-0.01992,0.04415,-0.39799,0.74271,0,0,0,0
1695,-2.44954,1.34847,-1.11004,-0.45805,-0.15108,0,0,0,0,0,0
1696,0.87491,0.07112,-0.02091,-0.17505,7.66553E-5,-0.95293,0,0,0,0,0
1697,0,0,0,0,0,0,0,0,0,0,0
1698,0.77763,0.13492,0.15816,-5.86205E-3,0.21877,-0.16194,0,0,0,0,0
1699,0.53543,-0.14629,0.06801,-0.37656,0.10306,-1.31073,0,0,0,0,0
1700,1.49359,0.18937,0.16285,0.32361,0.13285,0,0.84469,0,0,0,0
1701,0.41979,-0.13912,0.10719,-0.27188,0.1534,-1.59239,-0.1685,0,0,0,0
1702,1.44843,0.42844,-7.34703E-3,0.44846,0.22252,0.71964,0,0,0,0,0
1703,1.23736,0.29097,0.0454,0.0926,0.08956,-0.27146,0.69955,0,0,0,0
1704,1.71796,0.50975,-0.21934,0.15837,0.14085,0,0,0,0,0,0
1705,1.16643,0.13578,0.0932,0.10297,-0.02612,-0.42753,1.03368,0,0,0,0
1706,1.58968,0.14989,-0.0484,0.07649,-0.04107,-0.54355,0.60974,0,0,0,0
1707,1.56357,0.59466,-0.08416,0.02979,0.19827,-0.6741,0.43977,0,0,0,0
1708,2.05108,0.60776,0.02247,0.29868,0.06906,0.11309,0,0,0,0,0
1709,1.19877,0.21474,-0.06144,0.28519,0.15661,-0.36119,0.54658,0,0,0,0
1710,1.39561,0.51397,0.09594,0.40425,0.01431,0.17748,0,0,0,0,0
1711,1.32308,0.20872,-0.10159,-0.14231,-4.20224E-3,-0.27184,0,0,0,0,0
1712,0.42672,-0.31343,-0.15924,-0.55442,-0.29082,-0.91611,0,0,0,0,0
1713,1.51634,0.32018,-0.16224,0.04842,0.06508,0,1.20661,0,0,0,0
1714,1.56082,0.13259,-0.23768,0.09272,-0.20458,-0.41553,1.18918,0,0,0,0
1715,0.97217,0.15529,-0.02854,-0.0219,0.09427,-0.78096,0,0,0,0,0
1716,2.42245,0.57854,0.43088,0.52404,0.27675,0,0,0,0,0,0
1717,1.57094,0.34197,-0.23683,0.03789,0.01315,-0.08086,0.37151,0,0,0,0
1718,0.64151,-0.43427,-0.501,-0.35608,-0.47428,-0.67495,-0.0325,0,0,0,0
1719,1.05272,0.13433,-0.05105,-0.01474,-0.04,-0.71943,0.3683,0,0,0,0
1720,0.53136,-0.01107,0.15897,-0.57431,-0.04928,-0.89757,-0.10828,0,0,0,0
1721,0.95118,0.22835,-0.03693,-0.06697,-0.12669,-0.3389,0,0,0,0,0
1722,1.55603,0.33907,0.28054,0.52298,0.26567,0,0,0,0,0,0
1723,1.25811,0.29996,0.30554,0.57153,0.1789,0,0.63939,0,0,0,0
1724,1.0305,0.07951,0.08115,-0.18244,0.06371,-1.35397,-0.55405,0,0,0,0
1725,1.31977,0.38085,0.61289,0.33656,-0.04056,-0.91838,0,0,0,0,0
1726,2.39997,0.41787,0.54183,2.36623,1.02303,0,0,0,0,0,0
1727,2.04495,-1.65896,0.07326,0.72178,0.7167,0,0,0,0,0,0
1728,1.10694,0.03726,0.04585,0.08676,0.06094,-0.60434,0.82563,0,0,0,0
1729,1.40576,0.22274,-0.24187,0.18766,0.11698,-0.40372,0,0,0,0,0
1730,1.78711,0.41199,-0.07512,0.1913,0.1559,-0.62625,0,0,0,0,0
1731,1.74567,0.37906,-0.12588,0.1398,0.21816,-0.03238,0,0,0,0,0
1732,1.69349,0.14896,0.13749,0.14649,0.2028,-0.29756,0,0,0,0,0
1733,1.8685,1.04807,0.60664,1.062,0.60449,0,0,0,0,0,0
1734,1.55247,0.35367,0.86188,0.81613,0.29628,0,0,0,0,0,0
1735,1.25873,0.21832,0.1459,0.14046,0.17585,0,0,0,0,0,0
1736,1.50371,0.165,0.04936,0.16829,0.0872,-0.15054,0.74961,0,0,0,0
1737,1.41792,0.0475,-0.30686,-0.14448,-0.05048,-0.63289,0.90394,0,0,0,0
1738,1.84818,0.59831,0.34632,0.30235,0.01884,0,0,0,0,0,0
1739,1.48513,0.27796,-1.16388E-3,0.08275,0.10843,0,0,0,0,0,0
1740,1.05539,0.56978,0.24172,0.52985,-0.39319,0,0,0,0,0,0
1741,1.10073,0.15553,0.08533,0.40529,0.03503,-0.06199,0.90343,0,0,0,0
1742,1.73023,0.24327,0.19088,0.32291,0.05024,-0.76823,0,0,0,0,0
1743,1.46744,0.37001,0.20768,0.24318,0.06232,0,0,0,0,0,0
1744,1.25239,-0.05495,-0.44651,-0.2251,-0.26178,-0.69205,0.25922,0,0,0,0
1745,1.28118,0.39805,0.54274,0.56855,0.31191,-0.1626,0,0,0,0,0
1746,1.51586,0.28447,-4.18104E-4,0.42342,0.42563,0,0,0,0,0,0
1747,1.32558,0.09468,-0.02941,0.92953,0.34863,0.09734,0,0,0,0,0
1748,1.58959,0.27673,0.02542,0.17446,0.15097,0,1.60401,0,0,0,0
1749,1.95282,0.22395,0.20077,0.30455,0.37239,0,0,0,0,0,0
1750,1.19119,0.1141,0.19405,0.01987,0.08539,-1.14259,0.42242,0,0,0,0
1751,1.78479,0.26797,0.04531,0.46904,0.06044,-0.43784,0,0,0,0,0
1752,1.39181,0.29018,0.01264,0.22281,0.18172,-0.25803,1.14563,0,0,0,0
1753,1.61855,0.44493,-0.08994,0.02072,0.0698,-0.14382,0,0,0,0,0
1754,1.17922,0.22951,0.24656,-0.13734,0.12661,0,0,0,0,0,0
1755,1.28992,0.37524,0.24348,0.13484,0.45091,-1.05591,0,0,0,0,0
1756,1.60148,0.35328,0.19356,0.39562,0.13007,-0.26858,0.91042,0,0,0,0
1757,0.99253,0.35725,0.35167,-0.16318,0.35252,0,0,0,0,0,0
1758,1.61009,0.52811,0.05511,0.57435,0.33157,0.29211,0,0,0,0,0
1759,2.1172,0.4854,0.4125,0.41307,0.39651,-0.9705,0,0,0,0,0
1760,0.88279,0.6333,0.6375,1.09072,0.13656,0,0,0,0,0,0
1761,0.94565,0.09951,0.13302,-0.04214,0.22265,-1.46894,-0.23076,0,0,0,0
1762,1.29147,0.27204,0.15365,0.10186,0.22605,-0.72769,0,0,0,0,0
1763,1.25339,0.26923,0.26608,0.21548,0.21956,-0.47977,0,0,0,0,0
1764,1.58066,0.4201,-0.06185,0.1219,0.1568,-0.13261,0.99443,0,0,0,0
1765,0.48101,0.26241,0.41462,-0.02844,0.60283,-0.22078,0,0,0,0,0
1766,1.08298,0.03408,0.10582,-0.01232,-0.01946,-0.73657,0.44927,0,0,0,0
1767,1.73022,0.46563,0.19041,0.75093,0.40027,0.29801,1.11189,0,0,0,0
1768,1.37906,0.12353,-0.16843,0.02832,0.07453,-0.70152,0.12638,0,0,0,0
1769,1.29939,-0.13555,-0.3277,-0.04108,-0.06831,0.0385,0,0,0,0,0
1770,2.23331,0.89706,0.75998,0.25525,0.69688,0,0,0,0,0,0
1771,1.12034,0.03783,-0.062,0.0706,-2.50191E-3,-0.48104,0.59787,0,0,0,0
1772,1.22607,0.52373,0.44241,0.54971,0.35447,0,0,0,0,0,0
1773,1.28877,0.27247,0.19134,0.05096,0.08277,-0.84142,0,0,0,0,0
1774,1.21057,0.10405,-6.22116E-4,0.08941,0.15666,-0.33049,0.46245,0,0,0,0
1775,1.27506,0.28668,0.04724,0.14821,0.19726,0,0,0,0,0,0
1776,1.54064,0.52202,0.39993,0.28757,0.14693,0,0,0,0,0,0
1777,1.34369,-0.04241,0.86393,0.20608,0.18534,0,0,0,0,0,0
1778,3.27841,1.78536,1.30876,1.30156,1.19525,0.76672,1.7982,0,0,0,0
1779,3.47616,1.77181,1.48672,1.41919,1.34358,0,0,0,0,0,0
1780,1.33745,0.12432,-0.08894,0.29483,0.01882,0.02454,0,0,0,0,0
1781,1.46734,0.17352,0.16258,0.1961,0.16166,-0.28203,0.93282,0,0,0,0
1782,1.38316,0.10251,0.05396,0.2002,0.09333,0.18023,0,0,0,0,0
1783,1.70221,0.37002,0.17742,0.08348,0.28616,-0.10523,1.09706,0,0,0,0
1784,1.53098,0.79407,0.02291,0.46441,-0.06282,0.34865,0,0,0,0,0
1785,1.96879,0.37058,-0.09752,0.54745,0.18686,-0.02044,0,0,0,0,0
1786,1.18938,0.06843,-0.13685,-0.08591,-0.15186,0.29801,0,0,0,0,0
1787,1.25202,0.08792,0.09409,0.07134,0.05141,0.13887,0,0,0,0,0
1788,2.03858,0.47937,0.10301,0.88163,0.47107,0,0,0,0,0,0
1789,2.17186,0.8562,0.50415,-0.24106,0.39638,0,0,0,0,0,0
1790,1.39567,0.42877,0.5879,0.41792,2.64066E-3,-0.0604,0.94282,0,0,0,0
1791,0.64071,-0.09787,0.121,-0.25385,0.16036,-1.05166,-0.11096,0,0,0,0
1792,1.71018,0.30125,0.39133,0.64009,0.48968,0,0,0,0,0,0
1793,1.46705,0.61353,0.4564,0.40191,0.18705,0.12911,0,0,0,0,0
1794,1.62324,0.37268,0.14499,0.27356,0.2067,0.57772,0,0,0,0,0
1795,2.28523,1.36394,0.20872,0.47684,0.4754,0,0,0,0,0,0
1796,1.41741,0.36029,0.31435,0.37167,0.17143,-0.3321,1.01624,0,0,0,0
1797,1.52873,0.71171,0.21693,0.35678,0.24434,1.01195,0,0,0,0,0
1798,0.12423,0.78042,0.20426,0.12255,0.36882,0,0,0,0,0,0
1799,1.35159,0.32673,0.28371,0.44156,0.07244,0.0528,0,0,0,0,0
1800,1.47021,0.11054,0.0999,0.23622,0.07332,-0.47073,0.16461,0,0,0,0
1801,1.35445,0.26024,0.05459,0.31852,0.13743,-0.0254,1.21384,0,0,0,0
1802,-0.75385,0.07118,0.52026,1.04061,0.82491,0,0,0,0,0,0
1803,1.54121,0.41128,0.51896,0.66714,0.53258,0.59812,0,0,0,0,0
1804,1.25251,0.11069,-0.1437,0.01271,0.15115,0.01737,0.94261,0,0,0,0
1805,1.18986,0.13786,0.37932,-0.06641,0.30493,0,0,0,0,0,0
1806,1.05476,0.74667,0.53504,0.36808,0.43257,0,0,0,0,0,0
1807,0.18623,0.05134,1.1528,-0.05921,0.28085,0,0,0,0,0,0
1808,1.25156,0.52061,0.83211,0.02363,0.59352,-0.61828,0,0,0,0,0
1809,1.59228,0.31707,0.28153,0.31795,0.20903,-0.19724,0.98339,0,0,0,0
1810,1.49321,0.31637,0.39417,0.36828,0.39868,-0.39514,0,0,0,0,0
1811,1.45181,0.34212,0.03515,0.30942,0.10533,0.06036,0.31627,0,0,0,0
1812,1.31619,0.56427,1.04098,0.52415,0.75438,0,0,0,0,0,0
1813,1.70511,0.34265,0.31486,0.48787,0.33251,0.20528,1.54052,0,0,0,0
1814,2.00042,0.4465,0.49793,0.60631,0.9108,0,0,0,0,0,0
1815,1.94239,0.67652,0.43147,0.56477,0.45166,0.46407,0,0,0,0,0
1816,2.02775,0.65809,0.50841,0.56048,0.38742,0,0,0,0,0,0
1817,1.47453,0.74213,0.47305,0.73002,0.32546,0.86518,2.30421,0,0,0,0
1818,0.82933,0.36896,0.68115,0.39318,0.6337,-0.14336,2.47831,0,0,0,0
1819,1.75727,0.48964,0.33922,0.86086,0.42091,0.25531,0,0,0,0,0
1820,5.0245,2.7377,2.44014,3.22552,2.23552,3.56308,2.38546,0,0,0,0
1821,3.57952,0.50677,-1.96546E-5,-0.56473,0.06657,0,0,0,0,0,0
1822,2.77752,1.14697,0.50613,1.44599,0.54359,0,0,0,0,0,0
1823,1.32653,1.07078,1.48865,1.13339,-0.31791,0.90669,0,0,0,0,0
1824,1.61106,1.13876,1.6772,1.05401,-0.27754,1.13272,0,0,0,0,0
1825,1.8642,1.47938,1.67753,1.35511,-0.16245,0.63488,0,0,0,0,0
1826,1.09303,0.83451,1.13058,0.7568,-0.59638,0.18023,0,0,0,0,0
1827,1.24617,1.00575,1.48716,1.04678,-0.49036,1.08832,0,0,0,0,0
1828,1.37806,1.03608,1.13729,0.98317,-0.35237,0.43213,0,0,0,0,0
1829,1.64019,1.07562,1.65031,1.10702,-0.35448,1.22309,0,0,0,0,0
1830,1.44811,0.9481,1.32433,0.67634,-0.47738,0.35162,0.17326,0,0,0,0
1831,1.33673,0.80806,1.31018,0.70308,-0.68215,0.49665,0,0,0,0,0
1832,1.27063,1.08547,1.11159,1.1917,-0.01565,0,0,0,0,0,0
1833,1.13462,0.80896,1.25262,0.70246,-0.78772,0.46668,0.38929,0,0,0,0
1834,1.84909,1.23834,1.56115,1.1956,-0.38441,0.72201,0.34054,0,0,0,0
1835,1.49805,1.20543,1.44011,0.96206,-0.24276,0.35452,0,0,0,0,0
1836,1.15214,0.96298,1.51235,0.8793,-0.38121,0.87338,0,0,0,0,0
1837,1.48833,1.18548,1.3399,0.9007,-0.29842,0.77499,0.10818,0,0,0,0
1838,1.36684,1.12114,1.33251,0.97653,-0.66605,0.41579,0,0,0,0,0
1839,1.66482,0.91741,1.56745,0.84449,-0.36937,0.61736,0.07115,0,0,0,0
1840,0,0,0,0,0,0,0,0,0,0,0
1841,1.72279,1.35119,1.66374,1.24484,-0.11763,0.94845,0,0,0,0,0
1842,1.24176,1.08856,1.56019,1.16746,-0.34294,0.27492,0,0,0,0,0
1843,1.38219,0.8309,1.44746,0.97143,-0.3617,-0.22923,0.21299,0,0,0,0
1844,1.31473,1.2029,1.44519,0.95549,-0.30882,0.86806,0.91814,0,0,0,0
1845,1.4056,1.07614,1.40094,0.98642,-0.34108,0.54636,0.50266,0,0,0,0
1846,0.98046,0.90582,1.14308,0.73321,-0.70383,0.54363,0.52964,0,0,0,0
1847,1.8065,1.37689,1.69411,1.08411,-0.34699,1.0918,0.63986,0,0,0,0
1848,1.21452,1.08562,1.33061,0.80008,-0.51075,1.04152,0,0,0,0,0
1849,1.15575,0.92334,1.17622,0.66017,-0.81369,0.45135,0.09302,0,0,0,0
1850,1.70233,1.26651,1.63197,1.2483,0.02265,0.72847,0,0,0,0,0
1851,1.15649,1.04543,1.45906,0.87695,-0.44271,0.37212,0,0,0,0,0
1852,1.33776,1.1182,1.43368,0.79186,-0.63599,0.62791,0,0,0,0,0
1853,1.43666,1.08796,1.80555,1.11968,-0.01996,0,0,0,0,0,0
1854,1.13159,0.82155,1.3665,0.83401,-0.4892,0.28199,-0.45609,0,0,0,0
1855,1.23942,0.853,1.19007,0.68164,-0.77302,0.37924,0.15676,0,0,0,0
1856,1.41427,1.16243,1.30955,0.6034,-0.63056,0.55938,0.10958,0,0,0,0
1857,1.13433,0.92454,1.17129,0.72399,-0.61033,0.54957,0,0,0,0,0
1858,1.63437,1.49935,1.66256,1.15248,-0.22158,1.00608,0,0,0,0,0
1859,1.32364,1.14044,1.48985,1.14609,-0.28878,0.6221,0,0,0,0,0
1860,1.17143,0.94542,1.32655,0.80106,-0.67051,0.52574,0.45371,0,0,0,0
1861,1.00292,1.02699,1.26063,0.8461,-0.50991,-1.1982,0.3426,0,0,0,0
1862,1.31674,1.08909,1.42673,1.01023,-0.38524,0.68351,0.23081,0,0,0,0
1863,1.59081,1.23764,1.4461,0.96871,-0.41674,0.85378,0.4338,0,0,0,0
1864,1.75925,1.38359,1.53933,1.17528,-0.48619,1.09714,0,0,0,0,0
1865,1.21681,1.18035,1.35857,0.8973,-0.59499,0.57742,0,0,0,0,0
1866,1.58834,0.96823,1.39734,0.96988,-0.71919,0.46559,-0.0469,0,0,0,0
1867,1.50071,1.11256,1.23114,0.95776,-0.62561,0.47494,0,0,0,0,0
1868,1.30498,1.03028,1.35095,0.8202,-0.58531,0.15971,-1.7842E-3,0,0,0,0
1869,1.59407,1.60082,0.51914,0.47458,-0.37321,0,0,0,0,0,0
1870,1.00239,0.94844,1.22314,0.70752,-0.72359,0.40654,0,0,0,0,0
1871,1.39348,1.22132,1.47529,1.11543,-0.34117,0.6903,0.55933,0,0,0,0
1872,1.4267,1.21917,1.53996,1.00027,-0.45045,0.31143,0.68992,0,0,0,0
1873,1.35274,1.14303,1.36392,1.06485,-0.41718,1.25068,0,0,0,0,0
1874,0.92075,0.90912,1.13797,0.74632,-0.66849,0,0,0,0,0,0
1875,1.7946,1.13768,1.53326,1.15388,-0.53395,0.74185,0.22217,0,0,0,0
1876,1.69342,1.54017,1.829,1.32893,-0.51761,0,0,0,0,0,0
1877,1.61252,1.11345,1.4217,0.8075,-0.53367,0.68581,0.03437,0,0,0,0
1878,1.59286,1.14283,1.41918,0.95037,-0.59027,0.58309,0.29597,0,0,0,0
1879,1.42504,1.29771,1.4627,0.94577,-0.52637,0,0,0,0,0,0
1880,1.04445,0.89488,1.07997,0.56942,-0.8447,0.83371,0,0,0,0,0
1881,1.44141,1.28586,1.59568,1.0885,-0.31219,0.90916,0,0,0,0,0
1882,1.93028,1.51868,1.76034,1.37377,0.01512,1.65353,0,0,0,0,0
1883,1.49369,1.25512,1.50944,1.0675,-0.44273,1.03664,0,0,0,0,0
1884,1.41002,1.14335,1.41812,0.86819,-0.48065,1.00734,0.81416,0,0,0,0
1885,1.44641,1.18601,1.35201,0.81305,-0.56408,1.00497,0.4571,0,0,0,0
1886,1.68306,1.15562,1.33166,0.78684,-0.71378,0.65623,-0.23525,0,0,0,0
1887,1.50524,1.1739,1.53414,0.94078,-0.51984,1.10699,0,0,0,0,0
1888,1.62414,1.1345,1.34158,0.84642,-0.39395,0.99116,0,0,0,0,0
1889,1.57052,1.24518,1.47342,1.0829,-0.28879,0,0,0,0,0,0
1890,1.81456,1.09655,1.68768,1.17625,-0.173,1.73642,0,0,0,0,0
1891,1.45978,1.07449,1.29483,0.80799,-0.62761,1.17348,0,0,0,0,0
1892,1.91573,1.20165,1.42374,0.83543,-0.646,1.32172,0,0,0,0,0
1893,1.45493,1.18819,1.42171,0.75321,-0.54986,0.93098,0.44726,0,0,0,0
1894,1.35596,1.13651,1.3267,0.76078,-0.68401,0.70374,0.13717,0,0,0,0
1895,1.60928,1.14582,1.45047,0.76389,-0.55548,1.96418,0,0,0,0,0
1896,1.49799,1.10083,1.44503,0.91201,-0.37648,1.23781,0,0,0,0,0
1897,1.33174,1.03748,1.29392,0.6701,-0.46341,1.09392,0,0,0,0,0
1898,1.58153,1.04657,1.39973,0.96312,-0.62978,0,0,0,0,0,0
1899,1.38826,1.04129,1.37466,0.93565,-0.60493,1.00005,0.38037,0,0,0,0
1900,1.55472,0.96544,1.30162,0.83179,-0.37637,1.0557,0,0,0,0,0
1901,1.49807,0.94426,1.24695,0.43789,-0.61309,1.05854,0,0,0,0,0
1902,1.55326,1.05079,1.09501,0.75928,-0.56926,1.01082,0,0,0,0,0
1903,1.62079,1.29463,1.53667,1.1187,-0.09217,1.20931,0,0,0,0,0
1904,1.64299,1.42677,1.62161,1.0293,-0.35293,1.67634,0,0,0,0,0
1905,1.65236,1.10737,1.54304,1.07134,-0.36444,1.09731,0.15847,0,0,0,0
1906,1.36207,1.18198,1.27084,0.92516,-0.50827,1.04766,0,0,0,0,0
1907,1.802,1.3393,1.45122,0.98231,-0.427,0.75412,0,0,0,0,0
1908,1.69681,1.11985,1.32005,0.62279,-0.49139,1.38579,0,0,0,0,0
1909,1.76607,1.23928,1.61001,0.59245,-0.48613,0,0,0,0,0,0
1910,1.30311,1.08047,1.34688,0.7097,-0.46505,0.8372,-0.3274,0,0,0,0
1911,1.51702,0.71022,1.29964,1.03615,-0.27587,0,0,0,0,0,0
1912,1.68019,1.1075,1.34543,0.77371,-0.46544,1.27884,0,0,0,0,0
1913,1.35309,1.08002,1.25957,0.75458,-0.56164,1.29071,0.26703,0,0,0,0
1914,1.59017,1.19042,1.47531,0.67421,-0.3195,0,0,0,0,0,0
1915,1.78116,1.42872,1.71358,1.20091,-0.17741,0,0,0,0,0,0
1916,1.68853,1.2346,1.38822,0.88487,-0.35302,1.49243,0.64389,0,0,0,0
1917,1.71526,0.91478,1.42256,0.97783,-0.18638,0,0,0,0,0,0
1918,1.58553,1.12449,1.91601,1.31705,-0.46872,1.47474,0,0,0,0,0
1919,1.40606,0.89173,1.15461,0.63332,-0.63142,0.60496,0,0,0,0,0
1920,1.76148,0.98125,1.46263,0.75122,-0.40719,1.16659,0.43681,0,0,0,0
1921,1.47349,1.01562,1.42661,0.98229,-0.39826,1.44241,0,0,0,0,0
1922,1.59425,1.10645,1.53565,0.81591,-0.44668,1.00516,0.3851,0,0,0,0
1923,1.90455,1.10156,1.45633,1.01437,-0.33656,0.50565,0,0,0,0,0
1924,1.67226,0.86951,1.31083,0.60898,-0.71947,0.90309,0.55254,0,0,0,0
1925,1.62343,0.96845,1.19292,0.66666,-0.55266,1.09825,0.75812,0,0,0,0
1926,1.63149,1.07416,1.6165,0.86452,-0.16862,0,0,0,0,0,0
1927,1.79438,1.25212,1.35902,0.82008,-0.35994,1.57065,0.61221,0,0,0,0
1928,1.58252,0.80617,1.50609,0.64921,-0.65713,1.22974,0,0,0,0,0
1929,1.81263,1.20615,1.34326,0.82198,-0.46735,0.61807,0,0,0,0,0
1930,1.99449,1.16909,1.4981,0.99881,-0.32349,1.48297,0.85939,0,0,0,0
1931,1.58215,0.95674,1.24866,0.58304,-0.47289,1.3907,0.37818,0,0,0,0
1932,1.56465,1.16562,1.39267,0.81723,-0.27804,1.56919,0,0,0,0,0
1933,1.54046,1.04904,1.44902,0.65437,-0.44238,1.58378,0,0,0,0,0
1934,1.81537,1.02074,1.23515,0.66736,-0.21112,0,0,0,0,0,0
1935,1.88119,1.20588,1.42636,0.99802,-0.54853,0,0,0,0,0,0
1936,1.85688,0.87925,1.29615,0.59515,-0.63988,1.20437,0.45803,0,0,0,0
1937,1.44671,0.94238,1.44435,0.4393,-0.39946,0.77856,0,0,0,0,0
1938,1.64538,1.08559,1.48886,0.47496,-0.22972,1.80169,0,0,0,0,0
1939,1.51306,0.74998,1.2866,0.35328,-0.636,1.18164,0.15882,0,0,0,0
1940,1.68221,0.95213,1.24,0.30549,-0.75412,0.80747,0,0,0,0,0
1941,1.80182,0.71814,1.26541,0.47643,-0.67912,0.95508,0.24523,0,0,0,0
1942,1.41493,0.77282,1.21328,0.37236,-0.45815,1.32387,0.21374,0,0,0,0
1943,1.63856,0.87137,1.54134,0.87515,-0.60103,0,0,0,0,0,0
1944,1.42371,0.70385,1.11505,0.44324,-0.44522,1.35392,0,0,0,0,0
1945,1.40225,0.66775,1.28292,0.47898,-0.49534,1.3785,0,0,0,0,0
1946,1.60169,0.77856,1.31767,0.41797,-0.4544,1.26619,0,0,0,0,0
1947,1.93902,1.15583,1.90501,0.58009,-0.0283,0,0,0,0,0,0
1948,1.82558,0.86607,1.24099,0.71091,-0.43266,1.34256,0.59832,0,0,0,0
1949,1.51502,0.89972,1.30319,0.80021,-0.54243,0,0,0,0,0,0
1950,1.42278,0.72059,1.41233,0.70407,-0.55145,0.8858,0,0,0,0,0
1951,1.54691,0.53872,1.14896,0.45441,-0.21927,1.3832,-2.36332E-5,0,0,0,0
1952,1.74024,0.6718,1.20677,0.4792,-0.51381,1.27303,0,0,0,0,0
1953,1.91951,0.77486,1.73112,0.61555,-0.28159,1.80888,0,0,0,0,0
1954,1.9048,0.90324,1.1729,0.31476,-0.46842,1.24807,0,0,0,0,0
1955,1.97939,0.91903,1.08718,0.39221,-0.67097,1.47358,0,0,0,0,0
1956,1.56177,0.67292,1.25531,0.57425,-0.49114,0,0,0,0,0,0
1957,1.50622,0.77383,1.16123,0.59687,-0.55443,1.96402,0,0,0,0,0
1958,1.70298,0.61739,1.41906,0.31702,-0.41829,0,0,0,0,0,0
1959,1.51438,0.79175,1.25958,0.45444,-0.57239,1.64304,0,0,0,0,0
1960,1.67789,0.77446,0.92327,0.41168,-0.52202,1.40667,0,0,0,0,0
1961,1.74737,0.89832,1.6119,0.94862,-0.4842,1.60896,0.65946,0,0,0,0
1962,2.22529,1.09895,1.43065,0.80683,-0.84319,0,0,0,0,0,0
1963,1.32245,0.52524,1.51474,0.20351,-0.53973,1.58497,0,0,0,0,0
1964,1.32409,0.98974,1.24353,0.41564,-1.46939,0,0,0,0,0,0
1965,1.55538,0.65313,1.17888,0.34757,-0.62346,0.8858,0,0,0,0,0
1966,1.47966,0.92908,1.2297,0.27421,-0.44539,0,0,0,0,0,0
1967,1.68047,1.00736,1.21423,0.60412,-0.6515,1.24247,0,0,0,0,0
1968,1.42901,0.75058,1.30426,0.42639,-0.57041,1.41607,9.98127E-3,0,0,0,0
1969,1.60318,0.8182,1.21752,0.55523,-0.73664,1.21863,0.16122,0,0,0,0
1970,1.74732,0.91591,1.12919,0.51238,-0.77767,1.25741,0.3466,0,0,0,0
1971,1.44657,0.56211,1.09786,0.37043,-0.61307,1.24148,-0.1203,0,0,0,0
1972,1.32289,0.43226,1.03929,0.43312,-0.79402,1.43501,-0.33999,0,0,0,0
1973,1.25927,0.43774,0.9355,0.03108,-0.86881,1.0313,-0.85156,0,0,0,0
1974,1.69735,0.82868,1.1837,0.29322,-0.36676,0,0,0,0,0,0
1975,1.70309,0.77491,1.28681,0.77117,-0.60011,1.4649,0,0,0,0,0
1976,1.43728,0.56393,1.10411,0.39081,-0.71458,1.22945,-0.04611,0,0,0,0
1977,1.28142,0.78583,1.28108,0.35171,-0.53583,1.3634,0.05851,0,0,0,0
1978,1.50184,0.80585,1.16169,0.51168,-0.55406,1.88361,0,0,0,0,0
1979,1.54637,0.66404,1.27892,0.621,-0.5712,2.16485,0,0,0,0,0
1980,1.63257,0.61698,1.57329,0.65895,-0.75176,0,0,0,0,0,0
1981,1.03046,0.72405,1.18051,0.47921,-0.91102,1.84979,0,0,0,0,0
1982,1.37895,0.81985,0.94765,0.62569,-0.54917,0,0,0,0,0,0
1983,2.13611,1.03082,1.33547,0.40607,-0.6262,1.54127,0.66053,0,0,0,0
1984,1.42263,0.71957,1.01623,0.32709,-0.61049,1.39269,-0.2448,0,0,0,0
1985,1.08252,0.64513,0.94449,0.36603,-0.88522,1.20501,-0.81368,0,0,0,0
1986,1.37472,0.61936,1.32193,0.2432,-0.85048,1.27668,0.20636,0,0,0,0
1987,1.55163,0.6774,1.17814,0.3122,-0.93349,1.36765,7.02656E-3,0,0,0,0
1988,1.45362,0.69053,1.33986,0.58534,-0.51446,1.75476,0.63701,0,0,0,0
1989,1.83867,1.02151,1.22703,1.02859,-0.2732,-0.36276,0,0,0,0,0
1990,2.02924,1.3447,1.66484,1.10632,-0.02797,0,0,0,0,0,0
1991,1.50551,1.48892,0.40191,0.39949,-0.35939,2.02915,0,0,0,0,0
1992,1.33665,0.58134,1.29119,0.60797,-0.60989,0.33039,0,0,0,0,0
1993,1.15846,0.5609,0.97725,0.51626,-0.70177,0,0,0,0,0,0
1994,1.23156,0.55007,1.01341,0.36157,-0.65628,1.31149,0.04927,0,0,0,0
1995,0.99516,0.46589,0.93144,0.26791,-0.93724,1.26177,-0.52258,0,0,0,0
1996,1.32397,0.6518,1.35259,0.34466,-0.64456,2.00916,0.32284,0,0,0,0
1997,1.44811,0.8123,1.04727,0.58261,-0.58422,1.38866,0,0,0,0,0
1998,1.77382,0.85471,0.99673,0.42925,-0.81353,1.50645,0.3051,0,0,0,0
1999,1.08658,1.0862,1.10803,0.29009,-0.82774,0,0,0,0,0,0
2000,1.37675,0.66522,1.05702,0.39319,-0.73928,1.58958,0.05336,0,0,0,0
2001,1.51925,0.89888,1.32437,0.49322,-0.60782,1.81338,0.27227,0,0,0,0
2002,1.13985,0.77979,1.18282,0.64129,-0.59931,0,0,0,0,0,0
2003,1.33833,0.63486,0.97355,0.38955,-0.85298,0.33039,0,0,0,0,0
2004,1.40109,0.68819,1.18215,0.55639,-0.36807,2.55181,0,0,0,0,0
2005,1.0473,0.57835,1.06845,0.35173,-0.64685,1.50001,-0.04826,0,0,0,0
2006,1.37786,0.42571,0.99669,0.63718,-0.58546,1.5507,-0.47449,0,0,0,0
2007,1.32921,0.71767,1.49011,0.36809,-0.46315,1.80209,0,0,0,0,0
2008,1.10458,0.28944,1.07219,0.41611,-0.90127,1.55191,-0.4072,0,0,0,0
2009,0.82809,0.93765,1.13971,0.6546,-0.379,1.42969,0,0,0,0,0
2010,1.30375,0.52709,1.04077,0.43639,-0.79555,1.47371,0.23941,0,0,0,0
2011,1.37607,0.60126,1.24721,0.65047,-0.54838,1.87622,0.32817,0,0,0,0
2012,1.29747,0.60424,1.08271,0.56978,-0.50623,0,0,0,0,0,0
2013,1.24848,0.64831,1.11101,0.24543,-0.47884,1.80993,0.05714,0,0,0,0
2014,0.99024,0.95754,1.26086,0.3836,-0.47618,1.67277,-0.08101,0,0,0,0
2015,1.17334,0.61132,1.31316,0.67002,-0.69484,2.01281,0,0,0,0,0
2016,0.85493,0.34859,0.96554,0.35663,-0.77975,1.66239,-1.21709E-4,0,0,0,0
2017,1.05861,0.4962,0.97685,0.33758,-0.62597,1.429,0,0,0,0,0
2018,1.3905,0.83757,1.20765,0.43531,-0.57292,0,0,0,0,0,0
2019,0.827,0.39625,0.87647,0.23277,-0.78655,1.41265,-0.16051,0,0,0,0
2020,0.94951,0.52002,1.26573,0.22553,-0.67372,0,0.04572,0,0,0,0
2021,0.92694,0.35378,0.94078,0.3762,-0.74874,1.59558,-0.52015,0,0,0,0
2022,1.27269,0.73088,1.19412,0.60294,-0.7665,2.00973,0,0,0,0,0
2023,1.71748,0.84025,1.21741,0.72263,-0.43246,1.84111,0,0,0,0,0
2024,2.11839,1.19697,1.40565,0.58666,-0.75129,1.87189,0.84472,0,0,0,0
2025,1.15564,0.71708,1.11947,0.51469,-0.59981,1.81973,0.01553,0,0,0,0
2026,1.33746,0.67707,1.00848,0.42935,-0.9673,1.44755,-0.21955,0,0,0,0
2027,1.08889,0.56207,0.91403,0.28739,-0.68037,1.92377,0.27205,0,0,0,0
2028,1.16709,1.00706,1.21144,0.81202,-0.58559,2.69454,0,0,0,0,0
2029,0.97085,0.71929,1.17167,0.22889,-0.42808,1.54149,-0.88603,0,0,0,0
2030,-0.8404,0.76569,2.01555,1.42115,1.09142,0,0,0,0,0,0
2031,1.28184,0.59977,1.06247,0.52732,-0.58681,1.93854,0.11863,0,0,0,0
2032,0.9682,0.5015,1.00072,0.24726,-0.77513,1.62008,-0.17253,0,0,0,0
2033,0.939,0.3879,0.79918,0.27572,-0.70069,1.27884,0,0,0,0,0
2034,-1.10252,0.0177,1.32477,0.77055,-0.23339,3.0454,-3.78536,0,0,0,0
2035,1.29072,1.15111,1.07758,0.60482,-0.25862,1.02353,0,0,0,0,0
2036,1.94152,1.0805,1.28159,0.76,-0.77057,1.62807,0,0,0,0,0
2037,1.15956,0.65949,1.12854,0.59181,-0.65273,1.77956,0.08344,0,0,0,0
2038,2.51117,0.25994,1.18903,1.20103,-0.84485,0,0,0,0,0,0
2039,2.00709,1.00526,1.10768,0.36617,-1.07285,1.36893,-0.35158,0,0,0,0
2040,1.58376,0.81289,0.97847,0.45016,-0.92532,2.23127,0,0,0,0,0
2041,1.06411,0.69085,1.11783,0.32903,-0.60005,1.83983,0,0,0,0,0
2042,0.62944,0.79845,1.19263,0.45167,-0.80671,0,0,0,0,0,0
2043,0.11034,-0.17433,0.18471,-0.42096,-1.4556,-0.51317,-0.23721,0,0,0,0
2044,0.9403,0.54432,1.08041,0.36148,-0.90304,1.61202,-0.1881,0,0,0,0
2045,1.42498,0.72091,1.02684,0.7046,-0.69243,2.08311,0.34711,0,0,0,0
2046,1.44068,0.80961,1.21483,0.48904,-0.5156,1.9072,-0.03453,0,0,0,0
2047,1.33749,0.9245,1.31225,0.63174,-0.68463,1.97639,0.27843,0,0,0,0
2048,1.37831,1.2497,1.52539,0.74017,-0.9414,1.70005,0,0,0,0,0
2049,1.86845,1.10642,0.97348,0.45204,-0.90513,1.79183,0,0,0,0,0
2050,1.03471,0.56169,1.06587,0.19544,-0.84861,1.96617,0,0,0,0,0
2051,1.71357,0.91881,1.09879,0.52582,-0.82036,1.91628,0,0,0,0,0
2052,1.70666,0.90191,1.26278,0.72258,-0.37422,2.49524,0,0,0,0,0
2053,1.85083,1.05404,1.09195,0.43453,-0.90895,1.94672,0,0,0,0,0
2054,0.62727,0.24211,0.57556,0.10417,-1.02834,1.46677,-0.48846,0,0,0,0
2055,1.18951,0.68289,1.01308,0.47737,-0.71067,1.64599,0,0,0,0,0
2056,0.98703,0.52913,1.23733,0.55907,-0.83487,1.84715,0.01736,0,0,0,0
2057,2.18444,1.33205,1.48441,1.15873,0.02172,0,0,0,0,0,0
2058,1.15007,0.53308,0.63959,0.35815,-0.8456,1.70492,0.21857,0,0,0,0
2059,1.81556,1.21838,1.34411,0.68725,-0.6857,1.92028,0.34177,0,0,0,0
2060,1.59254,0.69129,0.96443,0.39355,-0.82611,1.68646,-0.33475,0,0,0,0
2061,1.59017,0.82147,1.15535,0.46019,-0.4529,1.89995,0.48955,0,0,0,0
2062,1.38659,0.66672,0.85208,0.34565,-0.89057,1.20835,0.07268,0,0,0,0
2063,1.40309,0.60422,0.97734,0.44519,-0.64113,1.82225,0.2936,0,0,0,0
2064,0.16591,1.1579,3.35816,2.3536,4.59771,4.95893,-1.17013,0,0,0,0
2065,1.0881,0.64353,0.77766,0.49537,-0.68105,1.94724,0,0,0,0,0
2066,1.65807,0.94127,1.14899,0.74938,-0.6761,2.10456,0.42265,0,0,0,0
2067,1.28938,0.45417,1.01175,0.60234,-0.47602,1.60629,0,0,0,0,0
2068,1.18557,0.56783,1.49009,0.53426,-0.60448,1.66797,-0.16192,0,0,0,0
2069,1.08698,0.64685,1.01068,0.36435,-0.6619,0,0,0,0,0,0
2070,-2.07519,-0.59416,0.59842,0.4744,0.20184,2.72031,-4.25467,0,0,0,0
2071,1.73445,0.55673,1.38971,1.13646,-0.43992,0,0.35509,0,0,0,0
2072,1.55965,1.09755,0.99413,0.3779,-0.8479,1.74251,0,0,0,0,0
2073,2.09148,1.18062,1.15499,0.45804,-0.68866,1.92087,0.31164,0,0,0,0
2074,1.33292,0.36698,0.44242,0.6037,-0.8906,0,0,0,0,0,0
2075,1.663,0.94386,1.16206,0.624,-0.4821,1.98484,0,0,0,0,0
2076,-1.29322,0.09491,1.29641,1.2927,0.6667,0,0,0,0,0,0
2077,-1.21798,0.05846,1.68984,1.25562,1.15957,3.74905,0,0,0,0,0
2078,1.54211,0.52288,1.24298,0.65538,-0.70022,1.62111,0.01425,0,0,0,0
2079,1.65558,1.08349,1.40551,0.36181,-0.68122,0,0,0,0,0,0
2080,1.28743,0.66122,0.9057,0.40504,-0.8221,1.93117,0,0,0,0,0
2081,-2.1338,-0.4662,0.68235,0.57322,0.27405,2.83583,-2.3642,0,0,0,0
2082,1.23158,0.80716,0.94332,0.35874,-0.63007,1.51441,0,0,0,0,0
2083,1.14219,0.45292,0.97619,0.61219,-0.65855,1.60799,0.24789,0,0,0,0
2084,1.56095,0.94142,1.01709,0.62544,-0.72664,1.94827,0,0,0,0,0
2085,1.78748,1.02953,1.15473,0.32899,-0.60047,1.89998,0.40137,0,0,0,0
2086,1.02175,0.75124,1.1441,0.86885,-0.43111,0,0,0,0,0,0
2087,1.52961,0.69434,1.17526,0.59916,-0.64231,0,0,0,0,0,0
2088,1.3492,0.73001,0.96823,0.47303,-0.6419,2.16391,0,0,0,0,0
2089,1.60843,0.85024,1.22919,0.64054,-0.56548,1.72858,0.56106,0,0,0,0
2090,1.28486,0.77701,1.04965,0.65579,-0.55162,1.96079,0,0,0,0,0
2091,1.8406,1.13648,1.578,1.19993,0.06729,0,0,0,0,0,0
2092,-2.00497,-0.41118,0.78199,0.46301,-0.02793,2.90478,-3.71443,0,0,0,0
2093,2.29875,1.17489,1.27312,0.55926,-0.68972,1.7875,0.45597,0,0,0,0
2094,1.87193,1.05316,0.99413,0.37304,-0.90825,1.5808,0.5165,0,0,0,0
2095,1.14777,1.96576,1.58756,0.60327,-1.12512,0,0,0,0,0,0
2096,1.56943,0.83385,0.94248,0.80013,-0.46426,0,0,0,0,0,0
2097,1.75132,1.13024,1.08537,0.5147,-0.46266,1.61977,0,0,0,0,0
2098,1.38349,0.78481,1.0112,0.63219,-0.47898,1.89631,0.13351,0,0,0,0
2099,1.47844,0.47494,1.30805,0.07456,-0.8706,0,0,0,0,0,0
2100,1.27745,0.56536,1.18243,0.44294,-0.65218,0,0,0,0,0,0
2101,1.61103,0.75474,1.13044,0.59069,-0.46322,2.23735,0.70744,0,0,0,0
2102,1.38586,0.61955,0.9316,0.56978,-0.5584,1.92978,0.46961,0,0,0,0
2103,1.54563,0.83856,1.28038,0.7386,-0.56763,1.81907,0,0,0,0,0
2104,1.36012,0.69333,0.89622,0.65162,-0.55984,1.46531,0.24297,0,0,0,0
2105,1.26102,0.47913,0.84954,0.63117,-0.83929,1.55866,-0.50458,0,0,0,0
2106,-1.25523,-4.67117E-3,1.19212,0.80225,0.25732,3.99948,-1.50038,0,0,0,0
2107,1.59049,1.04047,1.06939,0.3785,-0.74188,0.33039,0,0,0,0,0
2108,1.11773,0.86082,0.91008,0.53385,-0.55044,1.86318,-0.2043,0,0,0,0
2109,0.97662,0.47508,0.9727,0.5636,-0.66196,0,0,0,0,0,0
2110,1.39403,0.58759,0.86544,0.26734,-0.84278,1.4425,-0.26643,0,0,0,0
2111,2.23793,1.56253,0.62095,1.57461,-0.79695,0,0,0,0,0,0
2112,1.75407,1.01843,1.25093,0.58932,-0.53238,1.85034,0.20397,0,0,0,0
2113,1.38881,0.89727,1.67236,0.67582,-0.53082,0.33039,0,0,0,0,0
2114,1.89866,1.12037,1.43676,0.89251,-0.27841,2.70003,0,0,0,0,0
2115,1.95466,1.06721,1.47933,1.08193,-0.22046,0,0,0,0,0,0
2116,2.02963,0.93788,1.19154,0.74276,-0.71415,0,0,0,0,0,0
2117,1.28773,0.63684,0.9391,0.60693,-0.59487,0,0,0,0,0,0
2118,1.53471,0.73996,0.99252,0.73761,-0.5823,0,0,0,0,0,0
2119,1.43043,0.72535,0.97071,0.62379,-0.60139,0,0,0,0,0,0
2120,1.16562,0.77583,1.19303,0.91806,-0.28591,1.94827,0,0,0,0,0
2121,2.74889,0.47554,0.56269,0.15327,-0.68937,0,0,0,0,0,0
2122,0.76715,1.3863,0.07621,-0.34029,-0.21872,0,0,0,0,0,0
2123,1.39339,0.79376,1.30666,0.67018,-0.47924,0,0,0,0,0,0
2124,-0.86497,0.46313,4.56824,1.98156,3.76555,0,0,0,0,0,0
2125,1.95808,1.20647,1.5972,1.34596,-0.26031,2.31666,0.59061,0,0,0,0
2126,1.11609,0.64632,1.02131,0.6873,-0.44573,0,0,0,0,0,0
2127,1.44211,0.83744,1.34195,0.7862,-0.49795,2.34109,0,0,0,0,0
2128,1.44546,0.88939,1.24631,0.70677,-0.58785,1.77636,0,0,0,0,0
2129,1.95141,1.00863,1.71649,0.74639,-0.33753,2.41171,0,0,0,0,0
2130,1.17239,0.45175,0.91541,0.46121,-0.81552,1.54547,0.08263,0,0,0,0
2131,1.63461,0.79718,1.19637,0.64077,-0.61272,1.80707,-0.2429,0,0,0,0
2132,1.28591,0.86737,1.27192,0.7399,-0.48223,0,0,0,0,0,0
2133,1.537,0.8148,1.35235,0.69961,-0.56422,0,0,0,0,0,0
2134,2.25483,1.5499,1.44203,0.73062,-0.28464,2.0954,0.9201,0,0,0,0
2135,1.63686,0.94791,1.44344,1.01444,-0.44885,2.16548,0.75276,0,0,0,0
2136,1.64211,0.88605,1.30714,0.63536,-0.54856,2.46261,0,0,0,0,0
2137,1.25814,0.55239,0.97535,0.68833,-0.69583,1.58673,0,0,0,0,0
2138,1.56513,0.97481,1.38593,0.80466,-0.30152,2.0647,0,0,0,0,0
2139,2.22624,1.57538,1.12968,1.52707,0.40171,0,0,0,0,0,0
2140,2.71486,1.59495,1.75101,1.38282,-0.09619,2.74021,0,0,0,0,0
2141,1.03742,0.45386,0.83857,0.52738,-0.73961,1.55546,0,0,0,0,0
2142,1.32572,0.81723,0.98103,0.72348,-0.71378,1.3689,0.23525,0,0,0,0
2143,1.56524,0.94276,1.10193,0.6911,-0.42742,0,0,0,0,0,0
2144,1.59368,0.72712,1.05561,0.46514,-0.60405,0,0,0,0,0,0
2145,1.64891,0.66059,1.19667,0.58109,-0.52162,0,0,0,0,0,0
2146,2.73909,1.39355,1.75461,1.11771,-0.34096,2.36667,0.89467,0,0,0,0
2147,1.2399,0.68922,0.83369,0.41426,-0.84411,1.57228,-0.05161,0,0,0,0
2148,2.04363,1.27276,0.95884,1.09322,-0.1201,1.84622,0.46198,0,0,0,0
2149,1.62927,0.94077,1.21329,0.91179,-0.43989,1.86604,0,0,0,0,0
2150,1.44132,1.10741,1.46533,0.84233,-0.50239,1.82374,0.39482,0,0,0,0
2151,1.46459,0.79246,1.11624,0.6087,-0.59129,1.46116,0,0,0,0,0
2152,1.31777,0.66674,1.22372,0.5616,-0.49024,1.96752,0.12444,0,0,0,0
2153,1.48109,0.76329,1.03276,0.49229,-0.43613,0,0,0,0,0,0
2154,1.61598,0.78496,1.35024,0.74788,-0.29415,1.72067,0,0,0,0,0
2155,1.30871,0.6871,0.98701,0.63092,-0.51572,1.8454,0,0,0,0,0
2156,1.77641,0.73592,1.12581,0.81681,-0.41346,1.28193,0.29199,0,0,0,0
2157,1.37183,0.70734,1.11333,0.6796,-0.66009,2.0414,0,0,0,0,0
2158,1.44548,0.72972,1.22168,0.76063,-0.52023,1.57098,-0.23491,0,0,0,0
2159,2.10779,1.177,1.29161,0.57706,-0.43407,2.16617,0,0,0,0,0
2160,1.04014,0.32586,0.71609,0.2092,-0.99391,1.23802,0,0,0,0,0
2161,2.37215,1.25831,1.40792,0.63373,-0.43682,2.14551,0.72119,0,0,0,0
2162,1.42373,0.8696,1.17254,0.41425,-0.49736,1.73688,0.3032,0,0,0,0
2163,1.83823,0.90313,1.21827,0.75498,-0.45749,1.8283,0.32302,0,0,0,0
2164,1.48863,0.67658,1.00951,0.59437,-0.58939,1.7744,0.18549,0,0,0,0
2165,1.95207,1.10057,1.43382,0.76614,-0.32144,2.15767,0.58758,0,0,0,0
2166,1.90328,1.09369,1.16001,0.88007,-0.27599,1.70168,0.27201,0,0,0,0
2167,1.56146,0.96463,1.44977,1.14109,-0.17219,2.02839,0.86304,0,0,0,0
2168,2.59637,1.67881,1.46522,0.90952,-0.48326,1.95761,0.35035,0,0,0,0
2169,1.59236,0.98391,0.95515,0.80912,-0.17256,1.73197,-0.31132,0,0,0,0
2170,1.57758,0.78605,1.2569,0.74503,-0.48333,1.64999,-0.15194,0,0,0,0
2171,2.0012,0.97374,1.20249,0.46464,-0.52014,1.8577,0,0,0,0,0
2172,2.17256,0.26623,1.83563,0.34967,-1.34113,0,0,0,0,0,0
2173,1.5553,0.79057,1.08455,0.55725,-0.46549,1.89378,0,0,0,0,0
2174,1.54958,0.8145,1.0965,0.47444,-0.65718,1.98429,0.30129,0,0,0,0
2175,1.79412,1.02872,1.14959,0.7215,-0.5786,1.88725,0.39788,0,0,0,0
2176,1.51224,0.89172,1.15486,0.4253,-0.52755,0,0,0,0,0,0
2177,2.35661,0.89525,1.92202,1.15751,-0.50652,2.2187,0,0,0,0,0
2178,2.07736,0.83,1.03704,0.98049,-0.40006,0,0,0,0,0,0
2179,1.54856,0.67871,0.95231,0.38329,-0.72935,2.18548,0.33471,0,0,0,0
2180,1.83686,0.82814,1.24758,0.69445,-0.49976,2.09368,0,0,0,0,0
2181,-0.6648,0.6174,2.37179,1.66674,1.52748,4.86236,-0.32117,0,0,0,0
2182,1.9646,1.11821,1.10309,0.51245,-0.28388,1.61955,0,0,0,0,0
2183,2.16743,1.16439,1.39144,0.7807,-0.37179,1.99379,0,0,0,0,0
2184,1.87773,1.02164,1.1689,0.66213,-0.4016,1.43647,-0.618,0,0,0,0
2185,-0.40723,0.68996,1.71742,1.5633,1.24344,4.45863,-0.3924,0,0,0,0
2186,1.92113,0.94772,1.2085,0.77797,-0.48725,2.37745,0.60285,0,0,0,0
2187,1.83734,0.98362,1.34766,0.50413,-0.37611,1.73615,0.25682,0,0,0,0
2188,2.25481,0.95692,1.36077,1.05332,-0.28538,1.73912,0,0,0,0,0
2189,1.80508,1.02084,1.16277,0.95336,-0.28036,0,0,0,0,0,0
2190,2.02245,1.22633,1.15592,0.79353,-0.3623,1.81041,0.15022,0,0,0,0
2191,1.94373,1.16668,1.31694,0.68327,-0.34227,1.84112,0.11604,0,0,0,0
2192,2.69641,1.5119,1.9661,1.62198,0.24231,2.2763,0,0,0,0,0
2193,1.97789,1.12061,1.26851,0.75853,-0.46508,2.24046,0.6159,0,0,0,0
2194,1.91846,1.13678,1.09282,0.88731,-0.24126,1.59629,0,0,0,0,0
2195,1.75548,0.89489,1.21195,0.68932,-0.49265,1.56811,0,0,0,0,0
2196,3.06315,1.66908,1.5844,0.82617,-0.13613,2.37387,1.56906,0,0,0,0
2197,1.74391,0.90192,1.0833,0.55056,-0.62915,1.45467,0.41129,0,0,0,0
2198,1.62392,0.75152,0.91139,0.32698,-0.774,1.66775,0.46138,0,0,0,0
2199,1.87018,0.989,1.25371,0.78622,-0.50624,0,0,0,0,0,0
2200,1.77803,0.83587,0.85616,0.37348,-0.53288,1.79057,0.36054,0,0,0,0
2201,2.12624,1.10043,1.40586,0.70314,-0.43921,1.54281,0,0,0,0,0
2202,1.98068,1.02898,1.26613,0.59194,-0.50223,1.27884,0,0,0,0,0
2203,1.87324,1.45904,1.18619,1.37524,-0.73761,0,0,0,0,0,0
2204,2.31516,1.13631,1.34321,0.87636,-0.22466,1.72513,0,0,0,0,0
2205,1.98113,1.12192,1.30572,0.96995,-0.42337,2.15431,0,0,0,0,0
2206,2.4966,1.07126,1.33608,0.77064,-0.34999,2.14676,0,0,0,0,0
2207,2.21018,1.18929,1.33346,0.83977,-0.59255,1.77028,0,0,0,0,0
2208,1.92093,0.83641,1.13614,0.48171,-0.65067,1.29337,-0.09328,0,0,0,0
2209,2.35284,1.3002,1.30444,0.81897,-0.27114,2.31291,0.71724,0,0,0,0
2210,2.33125,1.29179,1.39163,0.89623,-0.3297,2.34109,0,0,0,0,0
2211,2.09202,1.17718,1.19771,0.95431,-0.54524,1.67422,0,0,0,0,0
2212,-0.73552,0.64642,1.63572,1.15291,1.14948,4.03132,-1.04183,0,0,0,0
2213,1.75501,0.64935,0.85671,0.29471,-0.84392,1.34788,-8.42376E-3,0,0,0,0
2214,2.24158,1.10864,1.08439,0.53338,-0.42583,1.58287,0.40438,0,0,0,0
2215,2.044,0.84736,1.03776,0.40344,-0.79378,1.49531,0.70485,0,0,0,0
2216,2.09246,0.97184,0.88091,0.33518,-0.80533,1.52473,0,0,0,0,0
2217,0,0,0,0,0,0,0,0,0,0,0
2218,2.30936,1.17756,1.01617,0.66565,-0.41777,1.46394,0.77186,0,0,0,0
2219,2.09112,1.00423,1.09608,0.56537,-0.69754,1.77625,0,0,0,0,0
2220,0.08824,1.54853,2.12219,1.85981,1.80539,4.55,0.54053,0,0,0,0
2221,2.03743,1.24651,1.5149,0.82185,-0.24405,0,0,0,0,0,0
2222,2.55118,1.35374,1.17983,0.81992,-0.34775,1.58412,0.66091,0,0,0,0
2223,2.48783,1.4125,1.5854,1.02128,-0.30697,1.7249,0,0,0,0,0
2224,2.46829,1.37881,1.17215,0.83431,-0.371,1.36085,0,0,0,0,0
2225,2.10073,0.96332,0.99085,0.46785,-0.72056,1.62114,0,0,0,0,0
2226,2.19191,1.09395,1.2622,0.56033,-0.59195,1.41718,0.17281,0,0,0,0
2227,2.40566,1.29464,1.35591,0.99272,-0.56448,0,0,0,0,0,0
2228,2.18711,1.09307,1.06824,0.63511,-0.63684,0,0,0,0,0,0
2229,2.22951,1.11479,1.17249,0.85378,-0.33433,2.01281,0,0,0,0,0
2230,2.46385,1.0395,1.05013,0.91475,-0.54271,0,0.72043,0,0,0,0
2231,2.41481,1.27981,1.30579,0.86486,-0.29126,2.02215,0,0,0,0,0
2232,2.36649,1.26607,1.334,0.93467,-0.32314,2.11817,0,0,0,0,0
2233,2.17573,1.10848,1.17541,0.7557,-0.50004,1.2256,0,0,0,0,0
2234,2.40713,1.15829,1.22359,0.69526,-0.57084,1.37358,0.66971,0,0,0,0
2235,2.34922,1.08332,1.1303,0.53681,-0.74972,1.27703,0.75761,0,0,0,0
2236,2.4459,1.36447,1.17667,0.88758,-0.4835,1.61073,1.55954,0,0,0,0
2237,2.21789,1.18547,1.05604,0.55162,-0.77781,1.24478,-0.14874,0,0,0,0
2238,2.45808,1.37754,1.07017,0.65345,-0.47346,1.35211,0,0,0,0,0
2239,2.1013,1.31524,1.40284,0.98531,0.09463,0,0,0,0,0,0
2240,2.75185,1.50094,1.36388,0.9932,-0.10657,0,0,0,0,0,0
2241,1.57501,1.68781,2.42849,1.62039,0.51574,3.58413,1.52015,0,0,0,0
2242,2.70655,1.57493,1.21889,0.92951,-0.29579,0,0,0,0,0,0
2243,2.30396,1.21972,1.10249,0.61533,-0.66112,1.24455,0.07182,0,0,0,0
2244,2.69341,1.53732,1.45197,1.1322,-0.30666,2.61758,0,0,0,0,0
2245,2.1868,0.92286,0.79885,0.59605,-0.92258,1.32616,-0.0234,0,0,0,0
2246,2.70554,1.54702,1.31212,1.02454,-0.45664,0,0,0,0,0,0
2247,3.61483,1.55648,1.65517,1.41335,-0.19665,1.89327,0,0,0,0,0
2248,2.48094,1.00345,0.96435,0.60993,-0.90607,1.58927,0,0,0,0,0
2249,2.23964,0.95098,0.72243,0.44491,-1.04909,1.26848,-0.02704,0,0,0,0
2250,3.78036,1.94329,1.7499,1.59164,-0.27382,2.24882,-0.535,0,0,0,0
2251,2.6231,1.23207,1.29833,0.75524,-0.59242,1.31469,0.47691,0,0,0,0
2252,2.72664,1.50558,1.33087,1.04953,-0.34792,2.17493,0,0,0,0,0
2253,3.71869,1.84498,1.81431,1.52195,0.20594,0.33039,0,0,0,0,0
2254,2.48517,1.10976,1.10495,0.82757,-0.66715,1.46854,0,0,0,0,0
2255,2.64921,1.07497,0.97949,0.69504,-0.669,1.04079,-0.88427,0,0,0,0
2256,2.79788,1.43629,1.07027,0.93219,-0.42598,2.27209,0,0,0,0,0
2257,2.88395,1.30718,1.14439,1.05942,-0.50926,1.35647,0.61,0,0,0,0
2258,2.93636,1.58281,1.38224,1.05246,-0.36293,2.95769,0,0,0,0,0
2259,2.55064,1.15797,0.92311,0.90601,-0.76121,1.76306,0,0,0,0,0
2260,3.14178,1.5233,0.96213,1.40489,0.20468,0,0,0,0,0,0
2261,2.69594,1.152,1.07905,0.90315,-0.47655,1.44736,0.29942,0,0,0,0
2262,0,0,0,0,0,0,0,0,0,0,0
2263,3.00085,1.86227,2.47334,1.9842,0.48522,0,0,0,0,0,0
2264,3.19341,1.5238,0.93302,1.68989,-0.20522,0,0,0,0,0,0
2265,0,1.40323,1.43973,0.9379,-0.26778,2.32908,0,0,0,0,0
2266,3.73723,1.80824,1.57516,1.57445,0.11569,2.41235,0,0,0,0,0
2267,3.56988,1.7452,1.807,1.55817,0.01556,2.45729,0,0,0,0,0
2268,2.77798,1.8484,1.38512,1.11351,-0.31045,1.02353,0,0,0,0,0
2269,3.21018,1.51817,1.46939,1.5101,-2.74181E-3,2.47497,1.67428,0,0,0,0
2270,0,0,0,0,0,0,0,0,0,0,0
2271,0.0787,-0.67129,0.68942,-0.81698,3.25034,2.54265,0.68518,0,0,0,0
2272,2.01159,1.57,1.34069,1.42716,2.87134,0,0,0,0,0,0
2273,0.57451,-0.09779,1.41969,0.53353,4.15176,3.3943,2.09696,0,0,0,0
2274,0.22314,0.32502,1.17845,1.1201,3.78059,0,0,0,0,0,0
2275,3.03547,2.10656,2.1161,2.72269,6.15955,0,0,0,0,0,0
2276,1.97825,0.71304,1.86004,1.24679,2.51998,2.9218,4.21938,0,0,0,0
2277,2.44072,0,3.1621,2.32802,5.15859,0,0,0,0,0,0
2278,1.27891,0.99302,2.02204,1.45162,0,0,0,0,0,0,0
2279,0.78399,0,0.97092,0.24509,1.56537,0,0,0,0,0,0
2280,-0.81351,-0.26064,0.63499,0.12632,4.51337,3.5722,4.80847,0,0,0,0
2281,1.49741,-0.19033,1.60094,1.32668,4.75057,0,0,0,0,0,0
2282,0.92338,0.51299,1.28991,1.49083,6.2257,0,0,0,0,0,0
2283,2.746,1.03212,0.87341,0.86167,0.7739,0,0,0,0,0,0
2284,0,0.12606,0.0178,0,0,0,0,0,0,0,0
2285,2.19334,0.84147,0.10057,0.69642,1.01484,0.76801,0,0,0,0,0
2286,0,0,0,0,0,0,0,0,0,0,0
2287,3.40601,1.67499,0.72117,2.20181,1.13577,0.80624,0,0,0,0,0
2288,2.24055,0.82102,1.09185,1.33002,1.05466,0,0,0,0,0,0
2289,1.8621,0.6534,-0.09273,0.93781,0.60197,0.87338,0,0,0,0,0
2290,3.56048,1.52467,1.07562,2.0466,0.89664,0,0,0,0,0,0
2291,2.39006,1.97177,1.12848,1.56337,1.7709,1.41555,4.19919,0,0,0,0
2292,3.11778,0.90754,0.32105,1.93473,0.66654,0.98144,0,0,0,0,0
2293,0,-0.11014,0.10639,0.1592,-7.56595E-3,0,0,0,0,0,0
2294,2.56884,0.18355,0.14973,1.14622,0.70877,0,0,0,0,0,0
2295,3.41699,1.2526,0.77346,2.2148,1.22566,0,0,0,0,0,0
2296,2.80841,1.24574,0.30099,0.67678,0.83029,0.99116,0,0,0,0,0
2297,3.39603,2.21116,1.54637,1.80449,0.52447,0,0,0,0,0,0
2298,0,0.35685,-0.07388,-2.29932,-2.48505,0,0,0,0,0,0
2299,1.75593,0.46467,0.24008,1.58382,0.89548,0,0,0,0,0,0
2300,2.28734,1.08634,0.72319,1.54245,0.67896,0,0,0,0,0,0
2301,3.09419,0.93505,0.7088,1.41593,0.60515,0,0,0,0,0,0
2302,2.24228,1.09875,0.33707,0.176,0.42896,0,0,0,0,0,0
2303,1.89818,0.49815,0.47383,0.84168,0.34133,0,0,0,0,0,0
2304,1.66311,0.35962,0.10171,0.61684,0.40443,0.82126,0,0,0,0,0
2305,-1.24661,0.63389,-0.56016,1.74548,0.67813,0,0,0,0,0,0
2306,3.62967,1.05045,1.08137,1.26185,0.95895,0.66077,0,0,0,0,0
2307,2.59785,0.92281,0.30529,1.31742,0.50511,0.08278,-0.55268,0,0,0,0
2308,1.67847,0.664,1.17812,0.17355,0.24173,0,0,0,0,0,0
2309,1.83875,0.36763,0.33408,1.8415,0.51295,1.57139,0,0,0,0,0
2310,2.34703,0.93505,0.39629,0.74668,0.34632,0,0,0,0,0,0
2311,2.73746,1.01184,0.73653,1.91877,0.58584,0,0,0,0,0,0
2312,1.73979,0.32738,0.0507,0.67963,0.19638,0.97796,0.49279,0,0,0,0
2313,1.59157,0.1645,0.07497,0.95361,0.45744,0.73101,0,0,0,0,0
2314,2.13816,0.66166,0.33977,0.76972,0.5294,1.12024,0,0,0,0,0
2315,1.51849,0.46686,0.08218,0.86922,0.31111,0.89815,0.12978,0,0,0,0
2316,2.10278,0.33406,0.09764,1.14082,0.2119,0,0,0,0,0,0
2317,3.27698,1.17504,0.93805,2.73853,0.55183,0,0,0,0,0,0
2318,1.46501,0.07374,-0.11721,0.60203,0.06383,-0.37424,-1.17692,0,0,0,0
2319,2.24753,0.6188,0.13257,1.15177,0.29934,0.825,0,0,0,0,0
2320,2.50189,0.65594,0.12672,1.59208,0.31743,0.58581,-0.26691,0,0,0,0
2321,1.37294,0.12361,-0.15682,0.55838,0.15575,0.52075,0,0,0,0,0
2322,1.18132,0.05078,0.41971,1.14815,0.78883,0,0,0,0,0,0
2323,2.10803,0.58327,-0.17267,0.74736,0.27967,1.12511,0,0,0,0,0
2324,1.54864,0.57901,0.46817,0.91884,0.4716,1.56652,0,0,0,0,0
2325,1.80687,0.59436,0.6028,1.43808,0.46514,0.92298,0,0,0,0,0
2326,2.91246,1.23693,0.49813,1.90765,0.48315,0,0,0,0,0,0
2327,2.5804,1.08721,0.55289,1.61621,0.41186,0,0,0,0,0,0
2328,2.74543,1.12935,0.36571,1.65044,0.22052,0,0,0,0,0,0
2329,2.96213,1.11438,0.73245,1.76647,0.70544,0,0,0,0,0,0
2330,2.00689,0.73544,0.29414,1.43302,0.14699,0.56618,-1.11384,0,0,0,0
2331,1.47882,0.16895,-0.15168,0.54251,0.10153,0.81317,0,0,0,0,0
2332,2.6298,0.59446,0.16429,1.05109,0.26155,0.76005,0.74969,0,0,0,0
2333,2.4692,0.84325,0.33813,1.5546,0.64694,0.66077,0,0,0,0,0
2334,2.77511,1.05754,0.31414,1.52688,0.39145,0,0,0,0,0,0
2335,2.63705,1.18078,0.35169,1.25947,0.52465,0.66077,0,0,0,0,0
2336,1.74685,0.29566,0.22074,0.67074,0.30572,1.10894,0,0,0,0,0
2337,1.57886,0.22392,0.13408,0.92027,0.25734,0,-0.65568,0,0,0,0
2338,1.76335,0.55449,0.67527,1.3624,0.36411,1.27884,0,0,0,0,0
2339,1.53041,0.22462,-0.07718,0.5045,0.31151,0.9298,0,0,0,0,0
2340,1.55393,0.61911,0.77917,1.4545,0.52741,0,0,0,0,0,0
2341,1.82323,0.16168,-0.03916,0.74826,7.14783E-4,0.41291,-0.94498,0,0,0,0
2342,1.73162,0.56938,-0.26421,0.51967,0.22224,0,0,0,0,0,0
2343,1.41507,-0.04559,-0.10999,0.72034,0.07081,0.07487,-1.49147,0,0,0,0
2344,1.34776,0.35395,0.37945,1.05467,-0.06507,0,0,0,0,0,0
2345,1.15157,-0.13988,-0.09937,0.75351,-0.05456,1.56652,0,0,0,0,0
2346,0,-0.58043,0,0,0,0.76801,0,0,0,0,0
2347,0,0,0,0,0,0,0,0,0,0,0
2348,1.00531,-0.33207,0.69636,0.4826,1.17113,0,0,0,0,0,0
2349,2.66287,0.6464,0.70904,1.1214,0.70288,1.79412,0,0,0,0,0
2350,1.35762,1.4918,1.24636,1.3928,0.89198,0,0,0,0,0,0
2351,1.5572,1.27777,0.54981,-0.4077,0.40471,0,0,0,0,0,0
2352,1.03455,-0.03696,0.10145,0.70284,0.19373,0.94845,0,0,0,0,0
2353,1.79459,1.15437,0.7315,1.89649,1.06953,0,0,0,0,0,0
2354,0,0,-0.38533,0.45305,1.64849,0,0,0,0,0,0
2355,1.68667,0.42114,-0.03256,1.06765,-0.14916,1.01178,0,0,0,0,0
2356,1.57246,0.01715,0.0525,0.89629,0.01048,0.45013,-1.51922,0,0,0,0
2357,0.35083,1.47457,1.81737,2.34895,2.99249,2.63392,4.35525,0,0,0,0
2358,1.46535,0.02318,-0.14319,0.60005,0.06095,0,-0.37548,0,0,0,0
2359,1.51571,-0.03195,-0.10714,0.98949,0.05702,0,-0.63504,0,0,0,0
2360,1.6599,1.57025,0.93925,1.43315,1.2556,-0.03238,0,0,0,0,0
2361,0.43473,-0.75075,-0.65414,-0.13925,-0.47542,-0.05553,-1.10234,0,0,0,0
2362,0.8451,-0.49561,-0.52888,0.14275,-0.38393,0.19598,0,0,0,0,0
2363,1.57963,0.14663,0.05772,0.92302,0.11725,0.66077,0,0,0,0,0
2364,1.04428,0.12309,9.0251E-3,0.80368,-0.02789,0.02731,0,0,0,0,0
2365,2.48444,0.56411,0.40422,1.49159,0.05156,0,0,0,0,0,0
2366,1.14688,-0.11764,0.02747,0.44249,-0.03203,0.67662,0,0,0,0,0
2367,1.38643,5.09006E-3,-0.08582,0.54548,-0.0757,0.29801,-0.74764,0,0,0,0
2368,1.23938,-0.09434,-0.13508,0.60488,0.15766,0.65189,-1.86807,0,0,0,0
2369,1.7472,-0.12341,0.02205,-0.02076,0.08621,0.32633,-2.16271,0,0,0,0
2370,1.2025,-0.32935,-0.04668,0.67519,0.15535,0.56249,-1.20568,0,0,0,0
2371,1.47371,0.89924,1.03766,1.63829,0.85332,1.86604,0,0,0,0,0
2372,1.24626,-0.13702,-0.30469,0.40581,-0.34777,-0.22897,-1.88779,0,0,0,0
2373,1.23539,0.29701,-0.25111,1.1346,0.28836,0.60409,0,0,0,0,0
2374,1.3529,0.24387,-0.03159,0.71388,0.08874,0,0,0,0,0,0
2375,1.25144,-0.05092,-0.32588,0.71346,-0.08259,0.46449,0,0,0,0,0
2376,2.19241,0.65156,-0.24651,1.6744,0.36274,0,0,0,0,0,0
2377,1.04662,-0.12378,-0.34791,0.36936,-0.31472,-0.51292,0,0,0,0,0
2378,1.58984,0.34593,-0.07647,1.13986,0.13188,0.40096,0,0,0,0,0
2379,1.26506,0.06689,-0.0543,0.6699,0.30067,0.37172,-1.28961,0,0,0,0
2380,1.55371,0.19464,0.03385,0.7939,-0.09402,0.79466,0,0,0,0,0
2381,1.33387,0.13408,-9.74973E-3,0.71765,0.12356,0,0,0,0,0,0
2382,1.33895,0.06733,-0.11576,0.84619,1.60552E-3,0,0,0,0,0,0
2383,1.53178,0.06151,0.24339,0.80765,0.06654,0.33571,-1.26142,0,0,0,0
2384,2.22489,0.5478,-0.21581,2.03924,0.15341,0.19884,0,0,0,0,0
2385,1.12303,-0.3191,-0.08751,0.78286,0.02697,0.15506,-2.29657,0,0,0,0
2386,2.1007,0.45988,0.23093,0.91612,0.01382,0.30598,0,0,0,0,0
2387,1.48794,0.20816,-0.17175,1.04137,0.45841,0,0,0,0,0,0
2388,1.78639,0.67414,0.26923,0.76602,0.1931,0,0,0,0,0,0
2389,1.14492,0.03549,-0.16932,0.44033,-0.30045,0.21344,0,0,0,0,0
2390,2.9889,1.19015,0.39674,1.64117,0.4527,0,0,0,0,0,0
2391,2.79194,1.18952,0.47857,1.77767,0.20015,0.65116,1.34006,0,0,0,0
2392,2.68012,0.89718,0.13219,1.62318,0.02898,0.54852,0.74116,0,0,0,0
2393,3.92875,1.72808,1.61666,2.22093,0.77713,0,0,0,0,0,0
2394,3.13793,1.28708,0.43823,1.8793,0.35527,0.37707,0,0,0,0,0
2395,2.81524,1.02142,0.03889,1.59311,0.09253,-1.25371,0,0,0,0,0
2396,3.69035,1.42712,0.2351,1.82454,0.11959,0.63634,0,0,0,0,0
2397,2.81098,1.08471,0.18385,1.70813,-0.16583,-0.25026,0.64012,0,0,0,0
2398,4.03007,2.6556,0.25912,0.81888,0.74357,0,0,0,0,0,0
2399,1.94716,0.91954,0.48798,1.31584,0.27421,0,0,0,0,0,0
2400,1.78113,0.62161,-0.15024,1.05244,-0.12681,-0.10745,0,0,0,0,0
2401,-0.37892,0.99347,1.48319,-0.62085,0.61261,0,0,0,0,0,0
2402,0,0,0,0,0,0,0,0,0,0,0
2403,2.1692,0.65054,0.22955,1.44573,-0.02231,0.76801,0,0,0,0,0
2404,0,0,0,0,0,0,0,0,0,0,0
2405,1.25052,-0.02307,-0.48725,0.47699,-0.56097,0,0,0,0,0,0
2406,0,0,0,0,0,0,0,0,0,0,0
2407,3.23184,0.86455,-3.97522E-4,1.48422,-0.26682,0,0,0,0,0,0
2408,1.25337,0.21687,-0.22463,0.72625,-0.09349,0.02649,-2.40623,0,0,0,0
2409,1.81503,0.42251,-0.01149,1.08037,-0.23605,0,0,0,0,0,0
2410,0,0,0,0,0,0,0,0,0,0,0
2411,3.27173,1.06886,0.35873,1.41781,-0.21867,0,0,0,0,0,0
2412,1.48829,0.4513,-0.30524,0.91046,-0.38543,-0.5323,-1.72581,0,0,0,0
2413,1.63945,0.71388,-0.05592,1.46402,-0.14869,0.29801,0,0,0,0,0
2414,1.56182,0.33229,-0.26979,0.91033,-0.3152,0.99116,0,0,0,0,0
2415,3.41515,1.19699,0.39813,1.42943,-0.1392,0.4897,0,0,0,0,0
2416,1.95822,0.79957,0.19223,0.7889,-0.14963,-0.41854,-0.8195,0,0,0,0
2417,1.96165,0.35588,-0.18946,0.74265,-0.49921,-0.47121,-1.53601,0,0,0,0
2418,0,0,0,0,0,0,0,0,0,0,0
2419,2.46549,0.78108,-0.16152,1.39124,-0.57013,0.06905,0,0,0,0,0
2420,2.66461,1.10074,0.16837,1.52315,-0.29697,-0.1916,-0.40365,0,0,0,0
2421,2.89459,0.94125,-0.16624,1.23353,-0.43647,-0.10745,1.30419,0,0,0,0
2422,2.16297,0.88183,0.07908,1.38447,-0.13921,0.5369,0,0,0,0,0
2423,2.33105,0.7259,-0.06013,1.87917,0.05642,0,0,0,0,0,0
2424,-0.05202,0.97903,0.71623,0.35046,0.34347,0,0,0,0,0,0
2425,1.6381,0.78231,-0.08504,1.53398,-0.14236,0.07487,0,0,0,0,0
2426,-0.11641,0.21358,0.3168,0.62839,0.19623,0,0,0,0,0,0
2427,1.64402,0.84565,0.03405,1.55594,0.42121,0.99116,0,0,0,0,0
2428,1.73934,0.82383,0.03429,1.73256,-0.30178,0,0,0,0,0,0
2429,3.08014,1.09196,0.14399,1.4213,-0.11754,-0.27555,0.12357,0,0,0,0
2430,1.97337,0.86137,-0.04203,1.26233,0.03144,-0.4933,-0.51743,0,0,0,0
2431,3.11316,1.20437,0.9219,1.52897,-0.145,0.66732,0,0,0,0,0
2432,3.0375,0.86187,-0.11285,1.05843,-0.66159,-0.27321,1.12747,0,0,0,0
2433,1.45621,0.27664,-0.32065,0.63529,-0.49185,-0.74138,-1.76499,0,0,0,0
2434,2.84352,1.19451,0.19584,1.4596,-0.2976,-0.38748,0,0,0,0,0
2435,2.80314,0.8588,-0.01905,1.15905,-0.54719,0.17226,1.12669,0,0,0,0
2436,1.65222,0.69466,-0.06284,1.0009,-0.03728,-0.55142,-1.52633,0,0,0,0
2437,3.25166,1.05833,0.29533,1.26999,-0.1854,-0.83659,-0.28195,0,0,0,0
2438,3.18591,1.20902,0.20809,1.38093,-0.26009,0.76801,0,0,0,0,0
2439,3.53962,1.1484,0.40162,1.22373,-0.17076,1.06588,0,0,0,0,0
2440,3.47915,1.10514,0.2462,1.22686,-0.33132,-0.41534,1.02715,0,0,0,0
2441,5.38887,1.46634,0.46319,1.27227,0.1021,0,0,0,0,0,0
2442,2.51734,0.89143,0.61649,1.83674,0.13658,0.80291,0,0,0,0,0
2443,3.2623,1.25994,0.49925,1.61905,-0.01405,0.43154,0,0,0,0,0
2444,3.31762,1.37977,0.55618,1.87096,-0.23576,0.51807,0,0,0,0,0
2445,2.73198,0.64419,-0.22901,1.78743,-0.1331,0.41579,0,0,0,0,0
2446,3.6698,1.5433,1.36165,1.96272,-0.32279,0,0,0,0,0,0
2447,3.28986,1.2741,0.30214,1.4439,-0.31886,0,2.11238,0,0,0,0
2448,3.12532,1.16811,0.21444,0.8565,-0.35829,-0.39122,0,0,0,0,0
2449,3.73262,1.1556,0.56969,1.51344,-0.12428,0.10781,0,0,0,0,0
2450,2.91842,1.38876,0.26201,1.55567,-0.24844,0,0,0,0,0,0
2451,4.09278,1.75966,1.42682,2.02051,0.58058,0,0,0,0,0,0
2452,3.82965,2.00507,0.84715,1.56355,-3.32427E-3,0,0,0,0,0,0
2453,3.75354,1.46547,0.46864,1.99375,0.07401,0,2.02253,0,0,0,0
2454,3.55331,1.36831,0.44469,1.12982,-0.3052,-0.81876,0.23657,0,0,0,0
2455,3.47894,1.25604,0.3564,0.99544,-0.23494,0.34238,1.63505,0,0,0,0
2456,0,1.764,1.03513,0,0.7624,0,0,0,0,0,0
2457,3.69344,1.40856,0.6894,1.28009,-0.15754,0.02038,0,0,0,0,0
2458,3.49131,1.70634,0.83554,1.85803,0.1211,-0.72552,0,0,0,0,0
2459,4.02313,1.3034,0.63363,1.57972,-0.26605,-0.11591,0,0,0,0,0
2460,2.98333,0.8768,-0.01692,1.08839,-0.68586,0.5214,0,0,0,0,0
2461,3.81778,1.68776,0.72223,1.43395,-0.04118,0.38502,0,0,0,0,0
2462,0,2.21125,0.85994,2.53187,0.42775,1.1988,0,0,0,0,0
2463,3.68444,1.57774,0.78676,1.42233,-0.02508,0.40602,0,0,0,0,0
2464,3.6398,1.48017,0.7275,1.61502,0.03192,0,0,0,0,0,0
2465,3.65642,1.30608,0.55088,1.17104,-0.35151,-0.63967,0.28166,0,0,0,0
2466,3.87044,2.16761,2.00349,1.27459,0.22221,0,0,0,0,0,0
2467,3.86266,2.1082,1.1358,2.26495,0.17256,-0.51292,0,0,0,0,0
2468,3.49158,1.40059,0.6387,1.01068,-0.32378,-0.04416,0,0,0,0,0
2469,3.54976,1.60058,0.80828,1.3691,-0.09678,-0.53664,0,0,0,0,0
2470,3.72159,1.85011,0.94783,1.55219,0.02096,0.29801,0,0,0,0,0
2471,3.33611,1.50419,0.67895,1.03416,-0.2641,0.01424,0,0,0,0,0
2472,3.23028,1.29061,0.71253,1.15313,-0.41448,-0.642,0,0,0,0,0
2473,3.27078,1.53973,0.74304,1.08792,-0.3522,0.24124,0,0,0,0,0
2474,3.40796,1.36249,0.58169,1.11691,-0.27444,0.01849,0,0,0,0,0
2475,3.66411,1.46459,0.70856,1.23536,-0.47427,-0.26669,0.39505,0,0,0,0
2476,3.27542,1.43348,0.46605,0.97529,-0.54693,-0.35654,0,0,0,0,0
2477,3.40327,1.29039,0.46186,1.03614,-0.48755,0.03738,0,0,0,0,0
2478,3.30928,1.32475,0.5538,1.05326,-0.31586,-0.14606,0.08927,0,0,0,0
2479,3.1796,1.49917,0.89691,1.13366,-0.07376,-0.27184,0.44222,0,0,0,0
2480,3.10471,1.31694,0.75971,1.49254,-0.08882,-0.59199,0,0,0,0,0
2481,3.11582,1.26444,0.54781,1.15584,-0.35014,-0.16073,0.02092,0,0,0,0
2482,3.87923,1.83035,1.06747,1.54153,0.11174,0,0,0,0,0,0
2483,2.9178,2.05133,1.31275,1.52927,0.21229,0.73724,0,0,0,0,0
2484,3.41712,1.42545,0.57188,1.11298,0.06563,0,0,0,0,0,0
2485,3.96993,1.70001,1.7741,2.62623,0.05475,1.10706,0,0,0,0,0
2486,3.23424,1.19431,0.76023,0.96135,-0.34943,-0.24777,-0.89498,0,0,0,0
2487,3.43147,2.00034,0.4832,1.22721,0.53974,0,0,0,0,0,0
2488,2.97507,1.58535,0.49065,0.70179,-0.16619,0.4887,0,0,0,0,0
2489,3.06507,1.11836,0.62726,0.85282,-0.45477,0.31222,0,0,0,0,0
2490,3.0754,1.15798,0.3474,0.91856,-0.59861,-0.0623,0,0,0,0,0
2491,3.10869,1.18832,0.35416,0.87552,-0.5601,-0.69545,-1.05564,0,0,0,0
2492,3.23187,1.57889,0.94969,1.57392,-0.39973,0.19265,0,0,0,0,0
2493,3.68106,1.91395,0.93116,1.51105,-0.05973,0.91283,0,0,0,0,0
2494,3.34245,1.53498,0.41881,1.0955,-0.3774,-0.51358,-0.14456,0,0,0,0
2495,3.65764,1.97423,1.747,2.13746,-0.2495,0.92339,0.95606,0,0,0,0
2496,4.02346,2.44911,1.51366,2.21393,0.46022,0,0,0,0,0,0
2497,2.89811,1.01337,0.18172,0.71038,-0.78776,-0.21674,0,0,0,0,0
2498,2.91481,1.2487,0.46866,0.91276,-0.50806,-0.45141,0,0,0,0,0
2499,3.22262,1.09136,0.49978,1.21017,-0.48265,0.32733,0,0,0,0,0
2500,2.79796,1.02931,0.23097,0.61788,-0.66082,-0.03138,0,0,0,0,0
2501,3.12645,1.32953,0.45389,1.1057,-0.49274,-0.43694,-0.61672,0,0,0,0
2502,3.15422,1.27669,0.55118,1.02905,-0.33534,0.18182,-0.11456,0,0,0,0
2503,3.74536,1.84875,1.05739,1.36084,0.06217,0,0,0,0,0,0
2504,2.55126,1.86472,1.48757,1.64137,0.34115,0,0,0,0,0,0
2505,2.88656,1.72153,0.578,1.17308,-0.41032,0.6339,0,0,0,0,0
2506,2.84042,1.25065,0.54929,1.36695,-0.33302,0.07758,0.02789,0,0,0,0
2507,3.01102,1.19483,0.39806,0.83816,-0.51745,-0.04416,0,0,0,0,0
2508,3.81163,-1.03383,0.45267,2.21598,-0.51913,0,0,0,0,0,0
2509,3.32265,1.39673,0.35168,0.85986,-0.59985,-0.12299,0,0,0,0,0
2510,2.95023,1.25547,0.3194,1.18265,-0.40133,0.02437,0.23896,0,0,0,0
2511,2.82403,1.34984,0.55215,1.02804,-0.36507,-0.10391,-0.26136,0,0,0,0
2512,2.65391,1.17211,0.65256,0.78313,-0.43283,0.09241,0,0,0,0,0
2513,3.17617,1.2805,0.36851,0.7191,-0.63846,0.37349,0,0,0,0,0
2514,2.54615,1.04973,0.22367,0.88322,-0.73857,0.14191,0.01983,0,0,0,0
2515,2.84014,1.26941,0.50599,0.99058,-0.50756,0.19641,0.19277,0,0,0,0
2516,2.63903,1.25127,0.51935,0.99144,-0.5484,-0.02715,0,0,0,0,0
2517,3.2649,1.91076,1.01203,1.59026,0.03918,0,0,0,0,0,0
2518,3.53173,1.62793,1.06962,1.00353,-0.07658,0,0,0,0,0,0
2519,3.1883,2.15193,1.23348,1.80917,0.12898,0.90135,0,0,0,0,0
2520,2.93292,1.22743,0.19153,0.95149,-0.76283,-0.59065,-0.70844,0,0,0,0
2521,2.38414,0.91909,0.21801,0.64577,-0.81796,0,0.65725,0,0,0,0
2522,3.30991,1.49716,0.62264,1.06411,-0.36869,-0.10672,0.19333,0,0,0,0
2523,2.84729,1.25203,0.44327,1.08255,-0.51112,0.54647,0,0,0,0,0
2524,2.72653,1.42441,0.35776,0.94646,-0.3356,0.02783,-0.09763,0,0,0,0
2525,2.60215,1.11375,0.33968,0.98311,-0.41167,-0.48992,-0.72271,0,0,0,0
2526,2.74172,1.09126,0.52503,0.82761,-0.39119,-7.18834E-3,-0.09385,0,0,0,0
2527,2.74248,1.19688,0.20604,0.73561,-0.72378,-0.13749,-0.18308,0,0,0,0
2528,2.57701,1.11364,0.42328,0.79506,-0.45455,0.50702,0,0,0,0,0
2529,2.45252,1.3998,0.86087,1.40932,-0.22587,0,0,0,0,0,0
2530,3.53742,2.02316,1.51274,1.50604,0.40417,2.11039,0,0,0,0,0
2531,3.7567,2.09662,1.1756,1.59227,0.30775,0,0,0,0,0,0
2532,2.65256,1.42291,0.53102,1.05251,-0.28956,-0.72552,0,0,0,0,0
2533,2.61653,1.34505,0.65068,0.99365,-0.39804,0.34193,0,0,0,0,0
2534,2.57816,1.15143,0.46851,1.05159,-0.48634,0.20782,0,0,0,0,0
2535,2.58741,1.26577,0.32179,0.93575,-0.44454,0,0,0,0,0,0
2536,2.55491,1.25075,0.54223,0.93009,-0.399,0.40783,0,0,0,0,0
2537,2.58474,1.35301,0.48293,1.01915,-0.22187,-0.47037,0,0,0,0,0
2538,2.61538,1.1736,0.47292,0.82172,-0.38769,-0.20413,-0.18042,0,0,0,0
2539,2.51437,1.16807,0.3028,0.83581,-0.64684,-0.353,-0.18515,0,0,0,0
2540,2.39204,1.10352,0.24756,0.79322,-0.58207,0.13007,0.61982,0,0,0,0
2541,2.92933,1.39131,0.41163,1.11019,-0.50156,-0.76823,0,0,0,0,0
2542,2.34334,1.03001,0.3111,0.8657,-0.50015,0.01478,-0.5215,0,0,0,0
2543,2.51252,1.27492,0.50371,0.97016,-0.39424,-0.14593,0.38713,0,0,0,0
2544,2.44717,1.16886,0.64064,1.19282,-0.20441,0.17664,0.05697,0,0,0,0
2545,2.6024,1.35213,0.42125,1.02238,-0.53615,-0.04187,-1.75262E-3,0,0,0,0
2546,2.3423,1.2233,0.48555,1.27904,-0.38813,-0.54831,-0.22308,0,0,0,0
2547,2.554,1.06896,5.05514E-4,0.61231,-1.02296,-1.12828,0.43649,0,0,0,0
2548,3.96819,2.19237,1.34288,1.57283,0.073,0,1.53979,0,0,0,0
2549,2.18241,1.33679,0.27958,1.29546,-0.23754,0.43763,0,0,0,0,0
2550,2.34574,1.13252,0.38702,0.92522,-0.41722,0.07104,-0.18055,0,0,0,0
2551,2.60167,1.15177,0.57023,1.06125,-0.32523,-0.20216,0.27804,0,0,0,0
2552,3.90671,2.63935,1.75215,2.24815,0.53215,0,0,0,0,0,0
2553,2.13279,0.98729,0.22798,0.8678,-0.41132,0.02023,0,0,0,0,0
2554,2.51106,1.08798,0.16283,0.78026,-0.62674,0.06336,0,0,0,0,0
2555,2.56062,1.28016,0.45772,0.98909,-0.46105,-0.10371,0.11552,0,0,0,0
2556,3.08367,1.54832,0.86034,1.13233,0.09647,0,0,0,0,0,0
2557,2.24162,1.34916,0.67253,0.60682,-0.15292,0,0,0,0,0,0
2558,2.29033,1.293,0.26902,0.46181,-0.28812,-0.31853,0,0,0,0,0
2559,2.56081,1.30533,0.64015,0.76096,-0.13092,-0.31274,0,0,0,0,0
2560,2.95087,1.43489,0.73635,1.09816,-0.29263,0,0,0,0,0,0
2561,0,1.63833,1.78328,0,0,0,0,0,0,0,0
2562,3.119,0.94831,1.06753,1.09785,0.46727,0,0,0,0,0,0
2563,0,0,0,0,0,0,0,0,0,0,0
2564,2.82729,1.34206,1.24774,1.20931,-0.03797,1.76297,0.85469,0,0,0,0
2565,0.88764,-6.79125E-3,0.92414,0.4612,2.32497,3.32373,1.17383,0,0,0,0
2566,3.65349,1.92837,1.9958,1.60612,0.69106,1.02353,0,0,0,0,0
2567,3.48956,1.16471,1.58277,1.64504,0.13555,0,0,0,0,0,0
2568,2.82213,1.54544,1.04254,1.1619,0.05501,2.27014,0,0,0,0,0
2569,2.14816,1.1207,1.22543,1.70221,0.26409,3.18838,0,0,0,0,0
2570,2.75248,1.48151,1.42112,1.08763,0.91701,1.97422,0.40796,0,0,0,0
2571,2.5582,1.19458,1.04492,1.20389,0.41268,2.08005,0,0,0,0,0
2572,0,0,0,0,0,0,0,0,0,0,0
2573,2.56392,1.62996,1.53004,1.82684,0.26537,0,0,0,0,0,0
2574,2.38396,1.37378,1.02128,1.60905,0.37511,0,0,0,0,0,0
2575,3.38972,0.70273,0,0.74379,0.24775,0,0,0,0,0,0
2576,2.00591,0.84457,0.78143,0.79333,0.46153,1.70005,0.58942,0,0,0,0
2577,2.79239,1.3184,1.1459,1.15306,0.31213,1.81567,0.20427,0,0,0,0
2578,2.26708,0.88316,0.76283,1.16285,0.32026,1.37582,1.26005,0,0,0,0
2579,2.10497,0.56999,0.47527,0.67954,-0.02084,1.34502,0.65295,0,0,0,0
2580,2.26758,0.82713,0.72399,0.93932,0.21795,0,0,0,0,0,0
2581,2.46902,0.73313,0.71284,1.1659,0.29309,1.80209,0,0,0,0,0
2582,2.08066,0.70108,0.87682,0.75916,0.23622,0,0,0,0,0,0
2583,3.25455,1.6091,1.78968,1.02842,1.67004,0,0,0,0,0,0
2584,2.05004,0.79143,1.09334,1.32978,0.51934,0,0,0,0,0,0
2585,2.29499,0.65645,1.19388,1.31035,1.31338,3.42769,0,0,0,0,0
2586,2.28226,0.89674,0.65237,1.03059,0.21839,1.28861,0.43796,0,0,0,0
2587,1.95732,0.6938,0.56731,0.84693,0.25067,1.23802,0,0,0,0,0
2588,2.0831,0.72554,0.62336,0.81557,0.06954,1.16289,0.71791,0,0,0,0
2589,1.82562,0.79879,0.50572,0.85858,0.62491,0.8858,0.86543,0,0,0,0
2590,1.9154,0.35987,0.52548,0.77929,0.31737,1.14988,0.27823,0,0,0,0
2591,2.06384,0.94824,0.70667,0.75321,0.5076,1.34498,0,0,0,0,0
2592,1.69059,0.55508,0.39473,0.68778,0.0765,1.26791,0.35038,0,0,0,0
2593,1.52335,0.61029,0.84324,1.09517,0.55393,1.11497,0,0,0,0,0
2594,1.69812,0.33986,0.21311,0.57028,0.11411,0.82376,0,0,0,0,0
2595,2.50751,0.95158,0.90212,1.3307,0.55021,1.89503,0,0,0,0,0
2596,0,-1.22899,0,0.25496,0.75655,0,0,0,0,0,0
2597,1.70801,0.44899,0.55528,0.81003,0.18423,1.59469,0,0,0,0,0
2598,1.51765,0.31326,0.21134,0.76972,0.08885,1.28844,0,0,0,0,0
2599,1.78164,0.58315,0.37831,0.84437,0.10064,1.53759,0,0,0,0,0
2600,1.31321,0.15256,0.06002,0.35047,-0.22594,0.542,-0.5707,0,0,0,0
2601,1.30779,0.13343,-0.07476,0.47235,-0.09468,0.68477,-0.38142,0,0,0,0
2602,2.38891,0.7776,1.31285,1.74627,1.96774,0,0,0,0,0,0
2603,1.78281,0.50748,0.56039,0.73986,0.45596,1.20013,1.23,0,0,0,0
2604,0,0,0,0,0.05345,0,0,0,0,0,0
2605,1.60778,0.48436,0.30208,0.59846,0.13344,1.17275,0,0,0,0,0
2606,1.25711,0.21139,0.02835,0.60422,8.10485E-3,0.95724,0.84241,0,0,0,0
2607,1.98974,0.38398,0.47015,0.61085,0.30147,0.84747,0,0,0,0,0
2608,1.65642,0.59962,0.39875,0.94965,0.2178,1.34094,1.14109,0,0,0,0
2609,1.63174,0.4785,0.55331,0.73532,0.29963,-0.03049,0,0,0,0,0
2610,1.51859,0.37047,0.28875,0.50283,-4.10036E-3,0.85501,0.34448,0,0,0,0
2611,1.553,0.23298,0.16686,0.55017,-0.13163,0.0911,-0.17286,0,0,0,0
2612,2.32061,1.0164,1.11104,1.38988,0.81399,0,0,0,0,0,0
2613,1.40794,0.279,0.15588,0.49626,0.04256,0.88388,0,0,0,0,0
2614,1.52648,0.49007,0.41106,0.55899,0.06401,1.15832,0.92426,0,0,0,0
2615,1.09589,-6.53965E-3,-0.10211,0.32666,-0.3275,1.41237,0,0,0,0,0
2616,1.95895,0.6919,0.68612,1.18606,0.49452,1.44196,0,0,0,0,0
2617,0,0,0,0,0,0,0,0,0,0,0
2618,2.61686,0.84966,1.15044,1.48426,0.9293,0,0,0,0,0,0
2619,1.38268,0.58484,0.49829,0.91147,0.3384,1.31791,0,0,0,0,0
2620,1.23838,0.18473,0.04348,0.6458,0.25644,0.81028,0,0,0,0,0
2621,1.85088,0.8016,0.76023,1.05754,0.85046,1.88425,0.96879,0,0,0,0
2622,1.19001,0.14269,0.19056,0.56071,0.25472,0.48669,0.07192,0,0,0,0
2623,1.61582,0.50533,0.5061,0.88466,0.41025,1.08632,0,0,0,0,0
2624,2.63053,1.13833,1.02066,1.28158,1.02883,1.78707,0,0,0,0,0
2625,1.06691,0.03218,0.03537,0.4711,0.2579,-0.03238,0,0,0,0,0
2626,1.29236,0.17975,0.34965,0.61508,0.57458,0.49608,0,0,0,0,0
2627,1.1912,0.20934,0.14309,0.60643,0.41647,1.02322,0,0,0,0,0
2628,0,0,0,0,0,0,0,0,0,0,0
2629,0,0,0,0,0,0,0,0,0,0,0
2630,-1.02682,1.31158,1.39285,0.88064,2.34787,0,0,0,0,0,0
2631,-2.45588,1.03976,-0.26875,1.68949,4.99668,0,0,0,0,0,0
2632,-2.85606,0.67258,-0.95214,-1.60265,0,0,0,0,0,0,0
2633,-2.32661,0.70238,0,0,5.18464,0,0,0,0,0,0
2634,-3.17544,0.80971,-0.87939,0.9456,5.3196,0,0,0,0,0,0
2635,-1.68243,0.78379,-0.24516,3.47944,3.54903,0,0,0,0,0,0
2636,-3.66942,-0.06548,-0.70479,1.59359,4.6936,0,0,0,0,0,0
2637,-3.1059,0.94907,-0.6581,1.81272,5.48776,0,0,0,0,0,0
2638,-1.82538,0,0,0,0,0,0,0,0,0,0
2639,-3.21855,0.64181,-0.86397,2.07765,5.27934,1.76867,-0.06483,0,0,0,0
2640,-4.68423,-0.52722,-1.99706,1.28501,3.7125,1.2439,-0.10064,0,0,0,0
2641,-4.09541,-0.20715,-1.45097,1.63824,4.76375,0,0,0,0,0,0
2642,-0.75247,0.37802,0.74767,1.29208,5.48593,4.23375,0,0,0,0,0
2643,-4.31614,0.01574,-1.31977,1.28987,4.52179,2.55181,0,0,0,0,0
2644,-2.7735,0.26749,-1.07132,2.58906,6.00734,0,0,0,0,0,0
2645,-4.21486,-0.22891,-1.59099,1.21092,4.69808,2.61676,1.03593,0,0,0,0
2646,-3.71506,-0.07933,-1.58934,1.36408,3.96437,3.48809,0,0,0,0,0
2647,-3.35816,-0.81699,-1.5911,0.40554,5.16196,3.98299,-0.28212,0,0,0,0
2648,-3.1195,0.60873,-1.20569,1.71088,4.18057,3.3707,0,0,0,0,0
2649,-2.78483,0.62258,-0.55248,2.07341,3.91737,0,0,0,0,0,0
2650,-3.28856,0.44617,-1.34964,1.43878,3.98462,2.52188,0,0,0,0,0
2651,-3.06587,0.45141,-0.97013,1.98412,4.68955,0,0,0,0,0,0
2652,-4.19746,-0.42723,-2.23513,0.48363,3.11371,2.13422,-0.7579,0,0,0,0
2653,-2.32191,1.12605,-1.30649,2.22254,3.77474,0,0,0,0,0,0
2654,-4.39955,-0.24676,-1.8251,0.62113,3.81908,2.13701,-0.57002,0,0,0,0
2655,-2.75491,0.5542,-1.02827,1.97628,4.02828,0,0,0,0,0,0
2656,-3.81333,-0.15642,-1.48712,1.30412,3.96191,1.83678,-0.4084,0,0,0,0
2657,-3.55669,-0.22226,-1.6318,0.70638,4.28941,1.79945,0.6279,0,0,0,0
2658,-3.41753,0.217,-1.4837,1.38784,3.66579,0,0,0,0,0,0
2659,-3.64545,0.11299,-1.26258,1.26016,3.82787,2.22463,0.06957,0,0,0,0
2660,-3.48088,0.34755,-0.95682,1.64305,4.53181,-0.36276,0,0,0,0,0
2661,-3.52436,-6.51069E-3,-1.74028,1.04015,3.49422,0,0,0,0,0,0
2662,-4.3155,-0.29523,-1.88275,0.79199,3.58426,1.43104,-1.15321,0,0,0,0
2663,-2.36009,0.08923,-0.13953,1.32495,2.75158,0,0,0,0,0,0
2664,-3.33349,0.1566,-1.45028,1.40674,3.56556,0,0,0,0,0,0
2665,-3.72836,-1.33113E-3,-0.99552,1.74131,4.42404,1.86723,-0.85886,0,0,0,0
2666,-3.48042,0.27519,-1.50731,1.61987,4.07304,2.3591,0,0,0,0,0
2667,-4.28404,-0.37393,-2.04137,0.77227,3.48659,0,0,0,0,0,0
2668,-3.78324,0.22773,-0.90094,2.73718,4.89954,0,0,0,0,0,0
2669,-3.46475,0.37186,-1.34182,1.15299,3.44868,0,-0.68555,0,0,0,0
2670,-3.83137,-0.41835,-2.10051,0.27895,2.56007,1.98,-0.57844,0,0,0,0
2671,-3.32273,0.37746,-1.45718,0.90507,3.72647,2.49524,0,0,0,0,0
2672,-2.37473,0.58986,-0.76577,1.30171,3.53116,0,0,0,0,0,0
2673,-3.69519,-0.27265,-1.73815,0.798,2.83589,0.43338,-0.82742,0,0,0,0
2674,-2.6977,0.3913,-0.72555,1.5415,3.69427,2.61302,0,0,0,0,0
2675,-2.74861,0.20865,-0.86592,1.28832,3.41719,2.04505,-1.23428,0,0,0,0
2676,-3.8867,-0.37869,-1.75202,0.55276,2.75328,1.63289,-1.84664,0,0,0,0
2677,-3.60763,-0.46123,-1.6418,0.75447,2.77085,1.80322,-0.5377,0,0,0,0
2678,-1.45236,0.8183,-0.47578,2.51057,3.30828,2.41827,0,0,0,0,0
2679,-2.82772,0.43985,-0.98193,0.79704,3.12767,0,0,0,0,0,0
2680,1.18935,0.79346,0.10116,1.35658,0.90723,1.0557,0,0,0,0,0
2681,0.28752,1.32511,0.71823,2.04348,1.69474,0,0,0,0,0,0
2682,0.08045,1.69601,1.23121,1.81325,1.61599,0,0,0,0,0,0
2683,0.2655,1.08233,0.48681,2.05369,0.98238,1.44256,0,0,0,0,0
2684,-0.71756,1.39733,0.85925,1.65819,3.0156,0,0,0,0,0,0
2685,-0.44802,1.88656,1.17151,0.79616,1.31263,0,0,0,0,0,0
2686,0.97554,0.651,0.52804,1.30949,1.3617,2.20755,0,0,0,0,0
2687,-1.3273,0.17398,1.75493E-3,1.06874,1.75314,1.71838,3.29655,0,0,0,0
2688,0.3514,1.15854,1.22706,2.00691,1.54642,2.22268,0,0,0,0,0
2689,-1.03112,0.60269,0.53516,1.69574,2.35206,0,0,0,0,0,0
2690,-2.12394,0.01019,0.13911,1.09791,1.71104,0,0,0,0,0,0
2691,-1.18722,0.66287,0.44887,1.22236,2.1203,0,0,0,0,0,0
2692,-0.14026,1.2718,0.91247,1.78346,1.70122,0.33039,0,0,0,0,0
2693,0.02963,1.85637,0.34998,2.72094,2.04639,0,0,0,0,0,0
2694,-2.96825,-1.12191,-1.11514,-0.01077,1.15646,0.60161,2.05612,0,0,0,0
2695,0.50223,1.64502,1.70965,2.19166,2.96994,0,0,0,0,0,0
2696,0.62614,2.0487,1.08304,2.78237,1.75986,2.63485,0,0,0,0,0
2697,-2.37083,-0.21549,-0.21543,0.92798,1.55318,0.93488,2.95,0,0,0,0
2698,0.99357,0.48365,1.23246,1.18153,2.9668,0,0,0,0,0,0
2699,0.34478,-1.09034,0.22307,-0.05112,4.44056,0,0,0,0,0,0
2700,1.41972,-0.61125,0.79719,-0.53129,0,0,0,0,0,0,0
2701,0.91151,-0.3582,1.20309,0.33004,2.99839,0,0,0,0,0,0
2702,-0.31483,-2.036,-0.65823,-1.25755,3.17004,4.51869,2.10723,0,0,0,0
2703,0.48788,-0.91038,0.22991,0.05732,3.42709,3.97767,0.76526,0,0,0,0
2704,-0.07596,-1.75512,-0.50995,-1.08778,3.38794,3.49638,0.34399,0,0,0,0
2705,-0.51803,-0.47811,0.34889,-0.47714,4.89038,0,0,0,0,0,0
2706,1.17128,-0.28485,0.85758,0.44776,3.22232,0,0,0,0,0,0
2707,0.43987,-0.67283,0.57014,-0.13681,4.26779,4.47918,1.73922,0,0,0,0
2708,-0.19765,-2.07773,-0.58297,-1.34107,3.12683,3.27415,0.64841,0,0,0,0
2709,0.27128,-1.67949,-0.28239,-1.10251,2.86568,3.3051,1.40491,0,0,0,0
2710,0.60626,0.05761,0.98412,0.55368,4.91655,0,0,0,0,0,0
2711,0.91678,0.43686,0.32813,0.32209,5.45794,0,0,0,0,0,0
2712,1.22244,0.37491,0.10634,0.40282,6.13334,0,0,0,0,0,0
2713,2.19134,1.26281,2.71558,1.52814,4.4086,0,0,0,0,0,0
2714,0.82189,0.13695,0.51848,-0.07215,5.72495,4.69246,0,0,0,0,0
2715,2.6423,1.07744,1.90332,1.23471,0,0,0,0,0,0,0
2716,0.51413,0.3799,0.26995,0.55301,0.57681,0.63781,0,0,0,0,0
2717,1.26809,0.36253,0.20148,0.73346,0.57813,0,0,0,0,0,0
2718,1.13829,0.11991,-0.12694,0.16213,0.27726,0.54282,0,0,0,0,0
2719,1.43883,0.25873,0.28395,0.57056,0.27451,0,0,0,0,0,0
2720,0.98642,3.42858E-3,-0.31514,0.07736,0.26527,-0.18647,-1.45608,0,0,0,0
2721,1.15465,0.02163,-0.18416,0.26863,0.18322,-0.36276,0,0,0,0,0
2722,0.51043,-0.28778,-0.6909,-0.01652,0.15088,-0.15759,0,0,0,0,0
2723,0.54435,-0.38578,-0.65852,6.24926E-3,0.03627,-0.12509,0,0,0,0,0
2724,0.33629,-0.53482,-0.99877,-0.42482,0.01983,0.24569,-0.24268,0,0,0,0
2725,0.3719,-0.48419,-0.63024,-0.14028,-0.02685,-0.22234,0.34234,0,0,0,0
2726,0.71267,-0.16493,-0.26086,0.34572,0.49938,-0.03238,0,0,0,0,0
2727,0.74948,-0.23645,-0.34662,0.17514,0.21607,0.2084,0,0,0,0,0
2728,1.06252,0.29847,0.44935,0.87961,0.83368,0.34475,0.58092,0,0,0,0
2729,1.14054,0.03915,0.12737,0.1669,0.60857,0,0,0,0,0,0
2730,0.31141,-0.36355,-0.79539,-0.08212,0.11338,2.36082E-3,0,0,0,0,0
2731,1.58678,0.36575,0.24639,0.67279,0.85166,0.99116,0,0,0,0,0
2732,2.08253,0.94208,1.78664,0.30184,1.44565,0,0,0,0,0,0
2733,0.93842,0.08002,0.11753,0.46501,0.52757,0.71044,0.01926,0,0,0,0
2734,0.56514,-0.33751,-0.38334,0.10947,0.27741,0.20754,0.17852,0,0,0,0
2735,2.621,0.8741,1.10248,1.40831,1.20749,0,0,0,0,0,0
2736,0.92845,-0.01197,-0.28561,0.34585,0.3818,0.27821,0,0,0,0,0
2737,0.12125,-0.78313,-0.73756,-0.30173,-0.27962,0.22557,0.42289,0,0,0,0
2738,0.30923,-0.46056,-0.82051,-0.12703,0.09811,-0.50081,-0.86276,0,0,0,0
2739,0.35068,-0.53135,-0.81333,-0.21274,-0.15678,-0.33081,-0.04523,0,0,0,0
2740,0.7347,-0.22742,-0.12259,0.15971,0.54128,0.2087,0.09157,0,0,0,0
2741,0.82935,-0.031,0.04872,0.38766,0.61095,0.15554,0,0,0,0,0
2742,0.58062,-0.20672,-0.4918,0.13817,0.25203,-0.0915,0.23025,0,0,0,0
2743,0.89964,-0.09376,0.04373,0.47746,0.63654,0.27781,0,0,0,0,0
2744,0.32021,-0.25609,-0.46218,0.39803,0.22891,0.65902,0,0,0,0,0
2745,0.76624,-0.29202,-0.26108,0.2808,0.39757,-0.46261,0.03876,0,0,0,0
2746,0.34347,-0.54798,-0.92634,-0.21529,0.02183,-0.8368,-1.26,0,0,0,0
2747,0.43391,-0.19471,-0.19083,0.41112,0.25987,-0.10354,0,0,0,0,0
2748,0.32318,-0.48821,-0.44655,0.10156,0.22784,-0.15152,1.10088,0,0,0,0
2749,1.72581,0.60565,1.04034,1.19744,1.67126,1.84291,2.58953,0,0,0,0
2750,0.83337,-0.22841,0.09486,0.23044,0.44996,0,0,0,0,0,0
2751,0.17144,-0.67074,-0.48654,-0.05374,0.34423,0.28786,0,0,0,0,0
2752,1.22421,0.12179,1.2614E-3,0.64497,0.75412,1.15846,0,0,0,0,0
2753,0.60562,-0.22726,-0.39512,0.09083,0.46047,0.53437,0,0,0,0,0
2754,0.50778,-0.32456,-0.4949,0.18594,0.44652,-0.66878,0,0,0,0,0
2755,0.73797,0.04157,0.23162,0.52763,0.79187,0.59399,0,0,0,0,0
2756,1.06636,0.07222,0.19812,0.51089,0.65816,0.44776,0,0,0,0,0
2757,1.0841,-0.13567,-0.34387,0.42088,0.52309,0.03891,-6.12531E-3,0,0,0,0
2758,0.50423,-0.16812,-0.44332,-6.25849E-3,0.47397,0.0975,0.36717,0,0,0,0
2759,0.57143,-0.11813,-0.0825,0.09336,0.61389,-0.12686,-0.03323,0,0,0,0
2760,0.482,-0.50522,-0.55739,-0.0422,0.2733,0.5333,1.35463,0,0,0,0
2761,0.57117,-0.08608,-0.03051,0.44063,0.75022,0.44375,0.86851,0,0,0,0
2762,0.53116,-0.15697,-0.16112,0.36277,0.55814,0.63439,0.61146,0,0,0,0
2763,0.33276,-0.24281,-5.48548E-3,0.25529,0.62742,0.95194,1.5247,0,0,0,0
2764,0.84954,0.20749,0.17667,0.3222,0.83006,0.58535,1.36126,0,0,0,0
2765,0.38987,-0.19052,0.09428,0.1255,0.55821,0.38812,1.02321,0,0,0,0
2766,0.67869,0.14963,0.11802,0.44006,0.76076,0.50702,0,0,0,0,0
2767,0.5758,0.1183,0.27778,0.70712,0.83449,0,0,0,0,0,0
2768,0,0.06271,0,-1.4482,0,0,0,0,0,0,0
2769,0.79294,0.17486,-0.22107,0.04728,1.14446,0,0,0,0,0,0
2770,0.39156,0.23702,-0.15246,-0.25605,1.32191,0,0,0,0,0,0
2771,0.24464,-0.28338,0.83433,0.10667,0.7414,0,0,0,0,0,0
2772,0.24904,-0.11377,0.1828,0.26487,0.66128,0.40098,0.55211,0,0,0,0
2773,0.206,-0.09223,0.26133,0.29066,0.71504,1.2345,1.46196,0,0,0,0
2774,0.41883,0.3402,0.55186,0.55797,1.14015,0,0,0,0,0,0
2775,0.0138,-0.26523,0.16436,0.13335,0.76029,0.47295,1.6005,0,0,0,0
2776,0.01026,-0.28299,0.13939,-0.03612,0.68346,0.77657,1.25226,0,0,0,0
2777,0.16901,0.27437,0.5788,-0.0137,0.92904,1.1515,1.77528,0,0,0,0
2778,1.43831,1.19606,0.93812,0.17083,1.3891,0,0,0,0,0,0
2779,0.69182,0.33945,0.65199,0.36421,1.15571,1.01762,1.16429,0,0,0,0
2780,1.61721,0.90498,0.60377,1.47708,1.58775,0,0,0,0,0,0
2781,0.89275,-0.0958,0.48981,0.41805,1.15021,0,0,0,0,0,0
2782,1.1862,-0.23305,0.51688,1.84386,0.99653,0,0,0,0,0,0
2783,0.444,1.88793,1.13916,1.66312,1.79837,0,0,0,0,0,0
2784,-0.24393,-0.44782,0.06499,-0.09383,0.65188,-0.83221,1.92609,0,0,0,0
2785,-0.0108,-0.13841,0.43358,0.5589,1.08928,0.33039,0,0,0,0,0
2786,0.27517,-0.2204,0.31577,0.17129,1.11515,0.67571,1.15589,0,0,0,0
2787,0.34609,-0.04493,0.35207,0.59868,0.8435,0,0,0,0,0,0
2788,0.79473,0.0611,0.93253,0.88894,1.30638,1.39662,0,0,0,0,0
2789,0.31444,-0.02764,0.44613,0.67219,0.7218,0.8206,1.28746,0,0,0,0
2790,0.01321,2.44007E-5,0.32579,0.3189,0.98651,0.85401,0,0,0,0,0
2791,-0.31653,-0.26812,0.4037,0.38215,1.03988,1.10923,1.45829,0,0,0,0
2792,-0.77861,-0.59395,-0.13461,-0.21625,0.4924,0.21971,0.36866,0,0,0,0
2793,-0.08469,-0.29553,0.18201,0.18321,0.81512,0.94466,1.31722,0,0,0,0
2794,0.5848,0.02339,0.49465,0.60157,1.18729,1.21289,0,0,0,0,0
2795,-0.35779,-0.26099,0.26397,0.30181,0.8822,0.66677,0.92615,0,0,0,0
2796,-0.14788,-0.26784,0.39234,0.42757,1.08108,1.34338,0,0,0,0,0
2797,1.33913,0.60547,1.20034,1.17222,1.66986,0,0,0,0,0,0
2798,-0.18463,-0.06813,0.42885,0.27431,0.91825,0.87916,1.47679,0,0,0,0
2799,0.29375,0.05921,0.70435,0.70462,1.23749,0,0,0,0,0,0
2800,0.81459,0.20915,0.54402,0.72275,1.03421,0,0,0,0,0,0
2801,0.15947,-0.08854,0.38531,0.48098,0.95079,0.96151,0,0,0,0,0
2802,0.37854,0.12314,0.62033,0.63375,1.12114,0,0,0,0,0,0
2803,-0.54811,-0.31185,0.19957,0.3621,0.88018,0.67771,0.29657,0,0,0,0
2804,0.01342,0.13118,0.55236,0.72515,1.17427,1.23515,1.32702,0,0,0,0
2805,0.85738,0.57944,1.06601,0.82558,1.40818,2.41122,3.04883,0,0,0,0
2806,0.0281,-0.06764,0.66158,0.85066,1.48379,0,0,0,0,0,0
2807,-0.12035,-0.08423,0.54761,0.19233,1.33203,1.09062,1.18083,0,0,0,0
2808,0.89795,0.3789,1.07895,1.05772,1.49028,1.61256,0,0,0,0,0
2809,0.68362,0.14446,0.71938,0.69294,1.63177,0,0,0,0,0,0
2810,0.81534,0.35748,1.13549,0.69269,0.84288,0,0,0,0,0,0
2811,0.14201,0.14302,0.6909,0.20575,1.28357,0.59777,0,0,0,0,0
2812,-0.99215,0.32138,-0.3901,1.23047,1.09448,0,0,0,0,0,0
2813,0.57748,0.07017,1.27224,0.41991,1.18093,1.91727,0,0,0,0,0
2814,1.15001,0.4748,1.44304,2.62419,1.74155,2.858,0,0,0,0,0
2815,0.3371,0.15588,0.54346,0.90989,1.06402,0,0,0,0,0,0
2816,0.81918,0.25229,0.62044,0.40026,1.28545,1.35392,0,0,0,0,0
2817,0.54193,-0.01711,0.56773,0.62633,1.10213,0,0,0,0,0,0
2818,0.2165,0.07426,1.22326,0.35213,1.41757,1.16551,0,0,0,0,0
2819,0.28028,-0.11597,0.63815,0.49332,1.01945,1.36973,0,0,0,0,0
2820,1.12755,0.56708,1.04036,1.19416,1.85556,0,0,0,0,0,0
2821,0.81933,-0.43772,0.77089,0.85408,1.67701,2.37745,0,0,0,0,0
2822,0.51945,0.02451,0.7214,0.65701,1.18794,1.79836,0,0,0,0,0
2823,0.39009,0.01209,0.58641,0.84549,1.09608,0,0,0,0,0,0
2824,0.89022,0.37951,2.44518,0.17117,0.88704,0,0,0,0,0,0
2825,0.9498,0.20743,1.41625,0.92662,1.36758,0,0,0,0,0,0
2826,0.59027,-0.33899,0.46312,0.35417,0.89097,1.02459,0.21784,0,0,0,0
2827,-0.20036,-0.16743,-1.57183E-3,0,1.00623,0,0,0,0,0,0
2828,3.08424,3.034,2.1338,3.46043,1.24393,2.25471,0,0,0,0,0
2829,0.84688,1.92106,0,0,0,0,0,0,0,0,0
2830,2.81255,2.45921,1.45437,2.32049,0.70194,0.90155,0,0,0,0,0
2831,2.06529,1.10081,0.25142,0.86391,-0.5165,0.04168,0,0,0,0,0
2832,2.66256,2.02641,0.73191,1.29952,-0.21034,-0.08764,0.11503,0,0,0,0
2833,2.56623,1.22741,0.55506,0.90203,-0.15428,-0.21504,0.53861,0,0,0,0
2834,2.52859,1.20958,0.2407,0.7044,-0.66134,0.08378,0,0,0,0,0
2835,2.3596,1.09744,0.25192,0.79094,-0.41297,-0.14382,0,0,0,0,0
2836,1.94629,1.10291,0.08675,0.71292,-0.4424,-0.23629,0.27995,0,0,0,0
2837,2.54294,1.3156,0.37533,0.92574,-0.56651,0.18153,0,0,0,0,0
2838,2.41464,1.27308,0.24049,1.01047,-0.54312,-0.02998,0,0,0,0,0
2839,1.82703,0.8464,-0.06927,0.47815,-0.72909,-0.27094,0,0,0,0,0
2840,1.86851,0.92228,-0.13434,0.35331,-1.08059,-0.3602,-0.19349,0,0,0,0
2841,2.05054,1.17502,0.15376,0.6989,-0.48946,0,-0.01039,0,0,0,0
2842,1.4357,1.89113,1.06938,1.87626,0.46585,0.6521,1.28058,0,0,0,0
2843,2.34082,1.0922,0.37509,0.96654,-0.42303,-0.22524,0,0,0,0,0
2844,1.93546,0.99795,0.21757,0.64927,-0.52077,-0.2527,0.26664,0,0,0,0
2845,1.8642,0.98628,0.18714,0.79346,-0.29388,0.26861,0,0,0,0,0
2846,2.85804,2.28083,0.75585,1.77216,-0.19422,0,0,0,0,0,0
2847,2.08676,1.22585,0.1019,0.71779,-0.64843,-0.52574,0.20006,0,0,0,0
2848,3.76868,2.44823,1.55811,2.30874,0.87719,1.70036,0,0,0,0,0
2849,1.70858,1.16354,0.22843,0.63631,-0.38429,-0.30558,-0.53279,0,0,0,0
2850,2.36931,1.07824,0.31443,0.87524,-0.57922,-0.5139,0,0,0,0,0
2851,3.80513,2.36612,1.41346,2.08951,0.63695,0.33039,0,0,0,0,0
2852,1.90211,1.03961,-0.06378,0.64877,-0.59085,0.10727,0,0,0,0,0
2853,1.88177,0.96994,0.20756,0.51367,-0.39647,-0.05649,0,0,0,0,0
2854,1.98693,0.83068,0.09172,0.71224,-0.27519,-1.08147,-0.78224,0,0,0,0
2855,1.89738,0.97856,0.01387,0.49133,-0.57279,-0.30302,-0.05545,0,0,0,0
2856,1.84276,0.97268,0.12425,0.64364,-0.5177,0,0,0,0,0,0
2857,1.11078,1.24742,0.16169,0.04765,0.08911,0,0,0,0,0,0
2858,2.81285,1.69686,0.50123,1.43701,-0.21018,-0.08683,0,0,0,0,0
2859,1.92161,1.26899,0.38663,0.27841,-0.39414,0,0,0,0,0,0
2860,2.02321,1.10825,-0.04626,0.25159,-0.21208,0.25046,-0.08324,0,0,0,0
2861,1.49452,0.79302,-0.10691,0.57357,-0.48169,0,0,0,0,0,0
2862,1.91886,1.06023,-2.22126E-3,0.60732,-0.35888,0.73585,0,0,0,0,0
2863,1.83074,0.81358,0.03983,0.61854,-0.34132,0.01095,0,0,0,0,0
2864,1.83065,1.00029,0.29676,0.1958,-0.25653,-0.03846,0,0,0,0,0
2865,2.7044,1.79741,0.93778,0.93303,0.25211,1.1859,0,0,0,0,0
2866,1.32532,0.57159,-0.1869,0.54416,-0.45857,-0.01451,0,0,0,0,0
2867,1.59385,0.79613,-0.10457,0.29556,-0.63018,-0.33006,-0.50457,0,0,0,0
2868,1.33829,1.57654,1.52406E-3,1.04154,-0.4769,0,0,0,0,0,0
2869,2.11565,1.2723,0.12107,0.81228,-0.69219,-0.37773,0.31727,0,0,0,0
2870,1.98031,1.05529,-0.08658,0.48349,-0.92627,-0.868,-0.46117,0,0,0,0
2871,2.00768,0.89326,-0.13997,0.60692,-1.04386,0,0,0,0,0,0
2872,1.92339,0.92178,0.02657,0.41474,-0.71192,-0.57427,0.10296,0,0,0,0
2873,1.76387,0.90078,0.21661,0.44917,-0.19035,0,0,0,0,0,0
2874,2.33558,1.1655,0.1239,1.02489,-0.29359,0.38794,0,0,0,0,0
2875,3.43376,2.39998,1.1183,2.15376,0.43022,0,0,0,0,0,0
2876,1.26538,0.63663,-0.21923,0.4182,-0.5134,-0.07922,-0.22842,0,0,0,0
2877,2.00317,0.83732,0.05265,0.63839,-0.29563,-0.29027,-0.45631,0,0,0,0
2878,1.89478,0.98152,-0.03267,0.31401,-0.79123,-0.58425,-0.31591,0,0,0,0
2879,2.40178,1.48053,0.56185,1.16579,-0.02943,0.50502,0,0,0,0,0
2880,1.64254,1.06436,-0.19471,0.58903,-0.34392,-0.10745,0,0,0,0,0
2881,0,0,0,0,0,0,0,0,0,0,0
2882,1.3693,0.76241,-0.09163,0.31017,-0.57255,-0.61531,-1.22737,0,0,0,0
2883,1.87876,0.96534,-0.0426,0.59016,-0.43242,0.38357,0.38788,0,0,0,0
2884,1.74366,0.67914,0.23013,0.46364,-0.52004,-0.07771,-0.29497,0,0,0,0
2885,1.68505,0.83201,0.12485,0.45037,-0.40417,-0.03064,0.15463,0,0,0,0
2886,1.48947,1.00603,-0.11982,0.27956,-0.45065,-0.44086,0,0,0,0,0
2887,1.68448,0.79338,-0.21773,0.47877,-0.65631,-0.08606,-0.2974,0,0,0,0
2888,3.07987,1.95414,0.88133,1.34895,0.52423,0,0,0,0,0,0
2889,1.45526,0.81106,-0.15781,0.33821,-0.65852,-0.55909,-0.66761,0,0,0,0
2890,2.64397,2.27861,0.5466,1.55696,0.13052,0.60631,0,0,0,0,0
2891,1.57434,0.82758,0.05568,0.43449,-0.51997,-0.57817,-0.3523,0,0,0,0
2892,1.38424,0.7132,-0.23837,0.27208,-0.74886,-0.59103,-0.35835,0,0,0,0
2893,1.76636,0.96343,6.63522E-3,0.42202,-0.4907,-0.22963,-0.7558,0,0,0,0
2894,2.04668,1.23215,0.15895,0.43199,-0.53251,-0.24953,0,0,0,0,0
2895,2.24291,1.30487,0.37857,0.89198,-0.16199,0.69615,0.64245,0,0,0,0
2896,1.16779,0.57631,-0.23431,0.23715,-0.77857,-0.1188,-0.17838,0,0,0,0
2897,1.21325,0.98164,-0.15123,0.84832,-0.5064,-0.5859,0,0,0,0,0
2898,2.20026,2.45728,0.68913,0.84651,-0.40891,-0.10745,0,0,0,0,0
2899,1.82868,0.79887,0.02279,0.51629,-0.54804,0,0.62003,0,0,0,0
2900,1.88597,0.98187,-0.01835,0.40166,-0.26832,-0.30439,0,0,0,0,0
2901,1.57397,0.69547,0.33937,0.32457,-0.60161,0,0,0,0,0,0
2902,3.10078,1.02134,0.27888,0.56816,0.13253,0,0,0,0,0,0
2903,1.80275,1.25893,-0.04223,0.89208,-0.32511,-0.2616,0,0,0,0,0
2904,1.5602,0.89151,-0.17148,0.36362,-0.62532,0.66077,0,0,0,0,0
2905,1.60532,0.82407,-0.02392,0.2454,-0.67233,-0.42188,0,0,0,0,0
2906,1.33802,0.67018,-0.3892,0.11669,-0.88048,-0.56504,0,0,0,0,0
2907,2.12406,1.05524,-0.05891,0.50071,-0.49134,-0.66665,0,0,0,0,0
2908,2.02274,0.95794,-0.04882,0.4912,-0.35253,0,0,0,0,0,0
2909,2.34853,2.16835,0.74455,0.8109,0.25007,0.33039,0,0,0,0,0
2910,2.20008,1.08322,0.1733,0.44145,-0.42078,0.10286,0,0,0,0,0
2911,1.87992,0.84058,-0.22614,0.3811,-0.74828,0.24762,0.04203,0,0,0,0
2912,3.24658,1.79835,0.72277,1.10768,0.26731,1.08524,1.23923,0,0,0,0
2913,2.1289,1.34945,0.06481,0.41964,-0.66711,-0.71831,-0.36151,0,0,0,0
2914,0.53042,1.59391,0.38325,0.91079,-0.10136,0,0,0,0,0,0
2915,1.36497,0.74744,-0.15432,0.26458,-0.68533,0,0,0,0,0,0
2916,1.75824,1.08627,-0.02792,0.10119,-0.43452,0.01626,0,0,0,0,0
2917,1.47176,0.90873,-0.08025,0.29267,-0.58166,-0.49776,-0.62228,0,0,0,0
2918,1.75349,1.02452,0.0524,0.35965,-0.38788,0.58569,0,0,0,0,0
2919,1.69532,1.04308,0.12047,0.24471,-0.40499,-0.1218,0.05305,0,0,0,0
2920,2.03509,1.65528,0.50693,0.76089,0.20349,-0.07508,0,0,0,0,0
2921,1.57957,0.82184,-0.09296,0.293,-0.42224,-0.21281,0,0,0,0,0
2922,1.80711,1.09088,-0.26239,0.45042,-0.33717,-0.22297,0.22492,0,0,0,0
2923,3.57309,2.42212,1.4077,1.91762,0.89113,2.06632,1.98301,0,0,0,0
2924,2.70287,1.57423,0.94083,0.65626,0.53293,0.37497,0,0,0,0,0
2925,2.0207,1.01623,-0.05614,0.18496,-0.35495,-0.09093,0.18901,0,0,0,0
2926,1.84227,1.18225,0.11033,0.41415,-0.34438,0.16082,0.2279,0,0,0,0
2927,1.77791,1.08452,-0.21599,0.223,-0.75151,-0.40678,-0.61597,0,0,0,0
2928,1.68127,1.03007,0.11473,0.11137,-0.54356,0.66077,0,0,0,0,0
2929,1.70843,1.04439,-0.10561,0.20194,-0.76989,0,0,0,0,0,0
2930,1.86775,1.1056,0.0333,0.32638,-0.66009,-0.37847,0,0,0,0,0
2931,1.2849,0.91075,-0.1024,0.14417,-0.51652,0.24128,-0.387,0,0,0,0
2932,2.23407,0.83322,0.26054,0.21654,-0.50857,-0.22524,0,0,0,0,0
2933,2.12151,1.18839,-0.03492,0.51134,-0.57426,0.73374,0,0,0,0,0
2934,1.62126,0.89383,0.20555,0.33082,-0.35686,0,0,0,0,0,0
2935,1.87852,1.05346,0.08424,0.39616,-0.44612,0,0.41117,0,0,0,0
2936,1.64148,1.3142,0.3769,0.04102,-0.09151,0,0,0,0,0,0
2937,1.61246,1.54549,0.09283,0.04699,0.14051,0.63293,0,0,0,0,0
2938,1.74375,1.16886,0.04878,0.05657,0.02545,0,0,0,0,0,0
2939,1.78012,1.0932,0.2149,0.37701,-0.50268,0.57977,0,0,0,0,0
2940,1.49364,1.70602,0.31976,-0.67027,-0.91509,0,0,0,0,0,0
2941,2.08396,1.33756,-0.11082,0.20331,-0.3205,-0.11826,-0.80425,0,0,0,0
2942,0.91326,0.97909,-0.27926,0.30971,-0.22763,0.24394,0,0,0,0,0
2943,0,0,0,0,0,0,0,0,0,0,0
2944,2.37216,2.1064,0.41738,0.08235,-0.44751,0.27653,0.14465,0,0,0,0
2945,2.23167,1.35455,0.4284,0.03816,0.16986,0,0,0,0,0,0
2946,0,-1.2756,0,-1.42252,0,0,0,0,0,0,0
2947,1.71722,1.29291,1.13275,0.57948,0.77893,0,0,0,0,0,0
2948,3.25015,1.84631,1.05865,-1.38594,0.68287,0.66077,0,0,0,0,0
2949,1.91481,0.97826,0.60984,0.54363,-0.19479,0.58569,0,0,0,0,0
2950,2.17389,1.14383,0.28962,0.38612,-0.33426,0.13807,0,0,0,0,0
2951,-2.57726,2.63673,-0.0669,2.96748,2.73342,0,0,0,0,0,0
2952,1.05173,2.74844,2.37634,2.92745,3.72122,0,0,0,0,0,0
2953,-0.71264,1.73653,0.78932,4.17825,4.23327,0,0,0,0,0,0
2954,-0.29056,0,1.31841,1.9473,0.61922,3.50228,0,0,0,0,0
2955,1.01814,2.21636,1.20605,3.1942,3.17837,0,0,0,0,0,0
2956,0.26905,1.52842,0.56319,-0.07542,3.21981,0,0,0,0,0,0
2957,-1.13209,0.34157,0.15511,1.43776,3.02253,0,0,0,0,0,0
2958,-1.49568,1.41409,-0.27542,1.90732,3.34106,0,0,0,0,0,0
2959,-2.64799,1.07124,-0.5512,1.7439,3.83191,2.4992,1.18608,0,0,0,0
2960,-1.46781,0.91275,-0.05933,1.12323,2.3416,0.653,1.20435,0,0,0,0
2961,-1.64787,1.04262,0.31309,1.82518,2.15946,1.75938,0,0,0,0,0
2962,-2.07438,1.41245,-0.08476,2.26567,3.65842,0,0,0,0,0,0
2963,-2.73234,-0.1859,-1.25667,-0.1326,1.33546,1.17415,0,0,0,0,0
2964,-0.97846,0.77233,0.52001,2.08989,2.35614,0,0,0,0,0,0
2965,-0.50449,0.6453,-0.6181,1.70077,2.4933,0,0,0,0,0,0
2966,-2.08194,0.23574,-0.73681,0.4887,1.55901,-0.0272,1.43121,0,0,0,0
2967,0.26834,1.14499,0.76791,2.22338,1.58487,0,0,0,0,0,0
2968,-2.40257,-2.11446E-3,-0.80399,0.16371,1.50714,0.74999,1.45335,0,0,0,0
2969,-1.38145,0.98823,-0.04338,3.0277,1.7054,0,0,0,0,0,0
2970,-1.10502,-0.24001,-0.15552,1.3696,2.0534,0,0,0,0,0,0
2971,-1.11901,0.75415,-0.11647,1.23754,1.85598,0.85466,1.79379,0,0,0,0
2972,-1.87114,0.65447,-0.4503,1.52565,1.97254,0,0,0,0,0,0
2973,-0.71767,1.26788,0.33958,1.34759,2.38649,0,0,0,0,0,0
2974,-1.69604,1.97789,-0.18143,0.66653,3.33682,0,0,0,0,0,0
2975,-0.59102,1.39792,0.7152,1.93249,2.23836,0,0,0,0,0,0
2976,-0.65332,1.42692,0.85468,1.73094,2.48703,0,0,0,0,0,0
2977,-0.42928,1.3071,0.27107,1.00089,2.23661,2.14693,0,0,0,0,0
2978,-0.69254,1.18479,0.24531,2.20207,2.3894,0,0,0,0,0,0
2979,1.24597,0.51929,0.66742,1.08907,1.4403,1.23826,0,0,0,0,0
2980,-0.06028,-0.6489,0.431,0.18778,0.69534,0.71592,-0.55179,0,0,0,0
2981,0.95267,0.10338,0.89139,0.69834,1.3841,0,0,0,0,0,0
2982,0.55032,-0.1939,0.73748,0.66495,1.08764,0.33039,0,0,0,0,0
2983,0.23737,-0.13906,0.46131,0.92137,1.26299,0,0,0,0,0,0
2984,0.66359,-0.34635,0.76207,0.74694,1.29842,1.72473,0,0,0,0,0
2985,0.73508,-0.23555,0.66008,0.77589,1.30092,1.53708,0.95507,0,0,0,0
2986,0.25495,-0.61736,0.54085,0.54634,0.74717,1.32086,0.19788,0,0,0,0
2987,0.47572,-0.22579,0.80322,0.67617,1.20837,2.34108,0,0,0,0,0
2988,0.37664,-0.37819,0.68582,0.57997,1.22684,2.44686,0,0,0,0,0
2989,0.01196,-0.57663,0.58812,0.32112,0.8537,0.99611,-0.2193,0,0,0,0
2990,0.69787,-0.23132,0.83889,1.26495,1.28045,0,0,0,0,0,0
2991,0.87144,0.19833,1.5447,1.08368,4.52716,3.77777,-2.12667,0,0,0,0
2992,1.3178,0.2329,1.28509,1.31458,1.37129,2.34165,1.35178,0,0,0,0
2993,0.43707,-0.37217,0.61578,0.56588,1.01055,0.58025,0.63515,0,0,0,0
2994,0.95325,-0.17338,0.87719,1.08483,1.46424,1.7999,0,0,0,0,0
2995,0.39231,-0.51723,0.43123,0.31334,1.05671,1.66856,0.59439,0,0,0,0
2996,-0.07556,-0.63336,0.4337,0.57193,0.82087,1.31966,0,0,0,0,0
2997,0.04017,-0.69063,0.49973,0.45029,0.77428,0.52869,0.29897,0,0,0,0
2998,-0.33699,-1.07057,0.27396,0.4149,0.77797,1.73063,0,0,0,0,0
2999,-0.19309,-0.99693,0.39748,0.39256,0.84953,1.00497,-0.93799,0,0,0,0
3000,0.59332,-0.30939,0.84823,0.94814,1.18814,0,0,0,0,0,0
3001,0.2319,-0.30664,0.99946,0.6633,1.38687,0,0,0,0,0,0
3002,0.28053,-0.31949,0.82841,0.9974,1.34326,0,0,0,0,0,0
3003,0.48087,-0.43664,0.83588,0.67348,1.15987,0,0,0,0,0,0
3004,0.5797,-0.1732,0.57629,0.72285,1.27283,0,0,0,0,0,0
3005,0.34298,-0.18826,0.73361,1.0027,1.26425,1.74884,0,0,0,0,0
3006,0.34226,-0.58409,0.50545,0.54138,1.13589,1.54281,0,0,0,0,0
3007,0.08189,-0.67088,0.49124,0.59725,0.80328,1.60896,0.88734,0,0,0,0
3008,0.46856,-0.45991,0.76178,0.8471,0.91868,2.68575,0,0,0,0,0
3009,0.056,-0.52796,0.49345,0.72642,0.94664,1.64934,0,0,0,0,0
3010,1.17018,0.26928,1.2219,1.28627,1.33488,2.72967,0,0,0,0,0
3011,-0.24855,-1.00413,0.1415,0.23959,0.47608,0,0,0,0,0,0
3012,0.41113,-0.45482,0.72748,0.85087,1.13332,1.22979,1.36459,0,0,0,0
3013,0.63261,-0.3103,0.74742,0.6738,1.08837,2.37745,0,0,0,0,0
3014,0.75744,-0.13968,0.66393,0.78462,1.31999,0,0,0,0,0,0
3015,0.52198,-0.24687,0.77755,1.18264,1.36795,1.84877,0,0,0,0,0
3016,0.5442,-0.41671,0.57361,0.73104,1.07144,0,0,0,0,0,0
3017,0.2921,-0.54019,0.73844,0.60305,1.21381,1.43089,-0.52483,0,0,0,0
3018,1.20748,-0.04425,0.74735,1.31931,1.80542,0,0,0,0,0,0
3019,0.72732,-0.16848,0.74224,0.78492,1.29897,2.9007,0,0,0,0,0
3020,0.69285,-0.22659,0.74005,0.85512,1.40387,0,0,0,0,0,0
3021,0.82085,-0.09832,0.55358,0.94229,2.01238,0,0,0,0,0,0
3022,0.49281,-0.03215,0.89354,1.31572,1.3219,1.8387,0,0,0,0,0
3023,1.83314,0.53646,1.41666,1.40976,1.69231,0,0,0,0,0,0
3024,0.91538,-0.33083,0.78243,1.00451,1.39052,1.26495,0.14259,0,0,0,0
3025,0.8152,-0.24023,0.70985,1.01956,1.24166,0,0,0,0,0,0
3026,0.9174,-0.02285,0.6587,1.08327,1.33034,1.95118,0.836,0,0,0,0
3027,0.9792,-0.07848,1.85147,1.03068,0.86644,1.4717,0,0,0,0,0
3028,1.8444,0.72498,0.93662,1.69714,0,0,0,0,0,0,0
3029,0.52349,-0.38919,0.19682,0.70876,1.20998,1.01367,-0.79138,0,0,0,0
3030,0.9176,-0.58514,0.49822,0.83254,0.89826,1.99261,1.43768,0,0,0,0
3031,0.96008,-0.14542,0.82158,0.74124,1.41881,1.89497,0,0,0,0,0
3032,0.76963,-0.25787,0.61278,1.58333,1.77924,0,0,0,0,0,0
3033,0.75249,-0.01341,0.01659,1.35382,1.95428,2.03528,0,0,0,0,0
3034,1.45506,0.12878,0.90263,1.07945,1.25765,2.51157,0.73514,0,0,0,0
3035,0,0.62946,0.54212,0.38593,1.61169,0,0,0,0,0,0
3036,1.02655,-0.39545,0.39426,0.74611,1.56747,0,0,0,0,0,0
3037,0,0,0,-1.34442,0,0,0,0,0,0,0
3038,0.96168,-0.62019,0.05128,0.67357,0.99494,1.10894,0,0,0,0,0
3039,0.53047,-0.13079,0.1178,0.56202,1.70027,1.12304,-2.26976,0,0,0,0
3040,1.54814,-0.105,0.46783,0.42608,1.34492,0,-0.78464,0,0,0,0
3041,0.50673,-0.3521,0.6167,0.90474,1.23588,1.5157,-0.08926,0,0,0,0
3042,1.93696,0.65622,0.45938,2.02149,1.53454,0,0,0,0,0,0
3043,1.53142,0.01244,0.75355,0.963,1.29745,1.16106,0,0,0,0,0
3044,0.32981,-0.13675,-0.14689,0.51153,1.79869,0,0,0,0,0,0
3045,1.02229,-0.283,0.40067,1.08629,1.3917,1.28527,-0.24746,0,0,0,0
3046,0.67703,-0.57887,0.24124,0.60586,1.11059,1.27884,0,0,0,0,0
3047,1.00038,-0.42311,0.36168,0.61504,1.36478,1.72513,0,0,0,0,0
3048,1.42558,-0.14232,0.37825,0.72214,1.43515,0,0,0,0,0,0
3049,0.50146,-0.98604,-0.25002,0.48896,1.05625,0.84407,-1.06492,0,0,0,0
3050,1.19246,-0.30991,0.31119,0.73269,1.40005,0,0.31891,0,0,0,0
3051,0,2.84937,1.58601,0.87759,1.39058,0,0,0,0,0,0
3052,1.69297,1.37387,0.61966,0.48683,0.36586,1.88848,0,0,0,0,0
3053,1.44692,1.21413,0.81985,0.32261,0.20705,0,0,0,0,0,0
3054,0.71716,0.95386,0.06772,-0.01333,-0.13483,0.56957,0,0,0,0,0
3055,1.30774,0.93261,1.0216,0.23014,-0.05601,0,0,0,0,0,0
3056,1.2374,1.01122,0.53992,0.32062,0.01006,0.7443,0,0,0,0,0
3057,0.90001,0.84029,0.36403,0.28551,0.13873,1.13734,0,0,0,0,0
3058,0.73133,0.72421,0.02151,-0.1926,-0.06707,0.46969,-0.11143,0,0,0,0
3059,0.73642,0.6803,0.18488,-0.17464,-0.10259,0.20711,0,0,0,0,0
3060,0.43274,0.64832,-0.01313,0.0195,-0.14021,0,0.60391,0,0,0,0
3061,0.65072,0.58132,-0.22668,-0.01085,-0.26238,0.29503,-0.87086,0,0,0,0
3062,0.94044,0.84264,0.34973,-1.2313E-3,0.03665,0.47236,0.8454,0,0,0,0
3063,0.6823,0.59999,0.07589,0.01657,-0.20681,0.91912,0,0,0,0,0
3064,0.74319,0.65872,0.05257,-0.0665,-0.16269,-0.07508,0,0,0,0,0
3065,1.03292,0.932,0.31897,-0.04843,0.06636,0.74211,0,0,0,0,0
3066,0.94878,0.82813,0.26792,0.14001,0.133,1.12469,0,0,0,0,0
3067,0.91562,0.89961,0.41007,0.23516,0.08229,0,0,0,0,0,0
3068,0.59326,0.73926,-0.19237,-0.1841,-0.26606,0.38081,-0.09036,0,0,0,0
3069,0.69484,0.70254,-0.06592,-0.25349,-0.22991,0.16027,0,0,0,0,0
3070,0.49761,0.62866,9.22449E-3,-0.11091,-0.21442,0.51459,-0.02338,0,0,0,0
3071,0.90776,0.72861,0.06554,-0.12402,0.16923,1.1395,0.59145,0,0,0,0
3072,0.28195,0.62798,-0.30937,-0.09335,-0.45992,0.13589,0.29645,0,0,0,0
3073,0.71952,0.89991,0.27795,0.30637,0.1664,0.69333,0,0,0,0,0
3074,0.79966,0.77987,-0.02909,-0.15805,-0.12241,0.17378,-0.41866,0,0,0,0
3075,0.37686,0.18158,-0.06615,-0.15509,-0.20486,0,0,0,0,0,0
3076,1.20822,1.27401,0.27905,0.09355,-0.08796,1.77416,0,0,0,0,0
3077,0.84159,0.66721,-4.7924E-3,-0.15072,0.03913,0.58569,0,0,0,0,0
3078,1.37188,1.02724,0.34382,0.40374,0.27388,0.8993,0.58406,0,0,0,0
3079,0.91575,0.84178,0.50047,0.09718,0.55577,1.8891,0,0,0,0,0
3080,0.71477,0.81557,0.39513,0.11051,0.03167,0.66077,0,0,0,0,0
3081,0.23117,0.38852,-0.33078,-0.37427,-0.30788,-0.43071,-0.97536,0,0,0,0
3082,0.45606,0.66282,0.24347,-0.33684,-0.22086,0.8324,0,0,0,0,0
3083,0.94904,0.71111,0.0868,0.10882,0.1436,0.47058,0,0,0,0,0
3084,0.36364,0.56703,0.01138,-0.23885,-0.24019,-0.10189,-0.54165,0,0,0,0
3085,0.25504,0.361,-0.18154,-0.31518,-0.17971,-0.03568,-0.74808,0,0,0,0
3086,0.06752,0.90616,0.34117,0.46487,-0.83595,0,0,0,0,0,0
3087,0.50707,0.50511,-0.0396,-0.02951,-0.08157,1.23802,0,0,0,0,0
3088,0.26665,0.5063,-0.10146,-0.19769,-0.24999,-0.18522,0,0,0,0,0
3089,0.38125,0.21755,-0.13145,-0.27964,-0.29566,-0.08014,-0.75495,0,0,0,0
3090,-0.11578,0.04621,-0.57669,-0.81259,-0.77775,0,0,0,0,0,0
3091,0.40643,0.44203,-0.15193,-0.10216,-0.23087,0.22776,-0.39914,0,0,0,0
3092,0.53885,0.23572,-0.18344,-0.30237,-0.30236,0.19565,-0.05078,0,0,0,0
3093,0.54537,0.41359,0.18056,-0.01642,-0.24234,0.355,0,0,0,0,0
3094,0.57265,0.86097,0.132,-0.28264,-0.29531,0.66077,0,0,0,0,0
3095,1.05866,0.81558,0.38376,-0.06707,-0.07529,0,0,0,0,0,0
3096,0.33663,0.61842,-0.04273,-0.24897,-0.21386,-1.13099,0,0,0,0,0
3097,-1.50252,0.45635,0.33329,-1.01694,-0.21979,0,0,0,0,0,0
3098,0.59252,0.38979,0.13111,-0.1784,-0.27817,0.12373,0,0,0,0,0
3099,0.41805,0.21855,2.0687E-3,-0.3316,-0.21084,0.48214,0,0,0,0,0
3100,0.31939,0.11506,-0.38446,-0.65728,-0.14327,0,0,0,0,0,0
3101,0.71963,0.11478,-0.21348,0.13786,-0.28607,-0.10745,0.34074,0,0,0,0
3102,0.326,0.57666,-0.09688,-0.19892,-0.15375,0.58569,0.15428,0,0,0,0
3103,0.57009,0.32126,0.17302,-0.09281,-0.20302,0.57772,0,0,0,0,0
3104,0.55026,0.50921,0.07113,-0.15048,-0.13185,0,0,0,0,0,0
3105,1.05014,0.61561,-0.16813,-0.57505,-0.21653,0,0,0,0,0,0
3106,1.06127,0.49972,0.3496,0.42707,0.04516,0,0,0,0,0,0
3107,0.42029,0.70227,-0.07001,0.03803,0.11284,1.01178,0,0,0,0,0
3108,0.41352,0.40431,-0.23553,-0.182,-0.13072,0,0,0,0,0,0
3109,0.7092,0.47711,-0.09447,-0.38634,-0.1035,1.16106,0,0,0,0,0
3110,0.31945,0.64682,-0.21503,-0.32873,-0.14551,0.70598,0,0,0,0,0
3111,0.2636,0.56704,-0.10463,-0.30783,-0.18377,0,0,0,0,0,0
3112,1.00743,0.55538,-0.10592,-0.21651,-0.37674,0.95194,0,0,0,0,0
3113,-0.08326,0.19335,-0.31061,-0.53837,-0.38256,0,0,0,0,0,0
3114,0.50388,0.36408,0.03007,-0.31943,-0.20086,0.02608,0,0,0,0,0
3115,0.40392,0.49947,-0.19036,0.06065,-0.24026,0.56549,0,0,0,0,0
3116,0.34278,0.44831,-0.32805,-0.18662,-0.13669,0.37092,0.01639,0,0,0,0
3117,0.67402,0.38227,0.03115,0.34944,-0.15025,0.49608,0,0,0,0,0
3118,0.53721,0.41462,-0.07871,-0.04108,-0.22672,0,0,0,0,0,0
3119,0.22926,0.79213,0.14892,-0.10302,-0.11449,0,0,0,0,0,0
3120,0.97757,0.68842,0.0968,-0.25003,-0.16152,0,0,0,0,0,0
3121,1.14543,0.36763,0.19014,0.22015,-0.27239,0,0,0,0,0,0
3122,0.42827,0.67402,6.17518E-3,-0.11775,-0.109,0.51082,0,0,0,0,0
3123,0.32993,0.50363,-0.26664,-0.39945,-0.27434,0,0,0,0,0,0
3124,0.33727,0.58577,-0.09654,-0.15835,-0.34029,-0.30768,0,0,0,0,0
3125,0.34477,0.46475,-0.17538,-0.18222,-0.25787,0.32991,0,0,0,0,0
3126,0.59475,0.60334,-0.07001,-0.35866,-0.20633,0,0,0,0,0,0
3127,0.14061,0.47014,-0.26595,-0.2455,-0.33666,-0.26957,0,0,0,0,0
3128,0.24429,0.43175,-0.26363,-0.10201,-0.19191,0.37112,0,0,0,0,0
3129,0.44953,0.41722,-0.26808,-0.42783,-0.27793,0.2084,0,0,0,0,0
3130,0.63808,0.37805,-0.12191,-1.03961,-0.4392,0.66077,0,0,0,0,0
3131,0.60702,0.41232,0.02546,-0.18969,-0.08863,-0.09984,-0.17076,0,0,0,0
3132,0.76743,0.2837,0.1025,-0.21218,-0.3379,0.18023,0,0,0,0,0
3133,0.2434,0.33797,-0.32473,-0.4487,-0.31087,0.20436,0.02111,0,0,0,0
3134,0.62723,0.71499,0.01966,-0.0587,-0.05341,0,0,0,0,0,0
3135,0.21307,0.46485,0.12523,-0.22114,-0.34376,0,0,0,0,0,0
3136,0.32701,0.43153,0.16687,0.10029,0.02261,-0.14382,0,0,0,0,0
3137,1.17237,0.75484,0.32154,0.34074,0.19192,0.33039,0,0,0,0,0
3138,0.15345,0.34705,-1.86111E-3,-0.03208,-0.20521,0.59812,0,0,0,0,0
3139,-0.12358,0.15273,-0.23144,-0.38716,-0.3613,0.08823,-0.77449,0,0,0,0
3140,0.21738,0.27718,-0.27756,-0.4295,-0.36868,0,0,0,0,0,0
3141,0.46527,0.26889,0.06753,-0.37447,-0.2873,0,0,0,0,0,0
3142,0.2377,0.27235,-0.17641,-0.3963,-0.20905,0.33883,0,0,0,0,0
3143,0.11639,1.32011,0.05314,0.18166,-0.30735,0,0,0,0,0,0
3144,0.31279,0.60581,-0.04656,-0.07205,-0.21477,0.66487,0,0,0,0,0
3145,1.26564,0.97343,0.67553,0.30186,0.1563,0,0,0,0,0,0
3146,0.3014,0.51732,-0.19465,-0.13491,-0.25243,0.25573,0.03875,0,0,0,0
3147,0.1377,0.22642,-0.19628,-0.44807,-0.21141,0.30684,-0.14364,0,0,0,0
3148,0.20618,0.29407,-0.33256,-0.36564,-0.38801,0.13366,-0.12523,0,0,0,0
3149,0.34174,0.20096,-0.19429,0.05537,-0.16864,0,0,0,0,0,0
3150,0.40403,0.41608,-0.12691,-0.20951,-0.21633,0.41996,-0.03304,0,0,0,0
3151,0.21605,0.27955,-0.24981,-0.4963,-0.48981,-0.0405,-0.23552,0,0,0,0
3152,0.56702,0.6541,-0.13926,-0.19325,-0.20695,2.31683,0,0,0,0,0
3153,0.0953,0.11867,-0.39172,-0.47759,-0.44989,-0.15179,0,0,0,0,0
3154,0.26315,0.30523,-0.28587,-0.08906,-0.06578,0.12683,0,0,0,0,0
3155,0.35654,0.49378,-0.1709,-0.55254,-0.39427,0,0,0,0,0,0
3156,0.33211,0.33959,-0.16509,-0.04704,-0.31852,0.44927,0,0,0,0,0
3157,0.30227,0.28941,-0.17907,-0.2298,-0.24751,0,0,0,0,0,0
3158,0.112,0.1891,-0.33597,-0.40399,-0.39589,0,0,0,0,0,0
3159,0.99599,0.72933,0.20807,0.19594,0.04963,0.94845,0,0,0,0,0
3160,0.22316,0.27775,-0.28358,-0.73084,-0.36504,-7.32407E-3,-0.26362,0,0,0,0
3161,0.31331,0.40219,-0.22606,-0.46401,-0.43663,0.34502,0,0,0,0,0
3162,0.39181,0.40875,-0.12469,-0.27199,-0.47351,0.42131,0,0,0,0,0
3163,0.37251,0.25229,-0.1418,-0.43269,-0.1752,0.36835,-0.1494,0,0,0,0
3164,0.27316,0.13134,-0.41946,-0.48111,-0.45859,0.11466,-0.58964,0,0,0,0
3165,0.16578,0.24297,-0.33746,-0.36696,-0.42011,-0.18442,0,0,0,0,0
3166,0.35608,0.44399,-0.18437,-0.22862,-0.23802,0.53732,0,0,0,0,0
3167,0.27796,0.29463,-0.34844,-0.45647,-0.31881,0.10674,-0.41569,0,0,0,0
3168,0.84053,0.80645,0.09083,-0.11732,-0.07274,0.84,0.06884,0,0,0,0
3169,0.75613,0.36493,-0.61179,0.26034,-0.07768,0,0,0,0,0,0
3170,0.30676,0.32262,-0.19466,-0.34833,-0.34289,0.27243,0.02944,0,0,0,0
3171,0.74947,0.47231,-0.38002,-0.45077,-0.39874,0,0,0,0,0,0
3172,0.72014,0.48949,-0.12884,-0.14162,-0.09725,0.83026,7.18864E-3,0,0,0,0
3173,0.2547,0.04411,-0.27512,-0.54876,-0.34995,0.27899,-0.2184,0,0,0,0
3174,1.04188,0.70114,0.06466,0.04326,-0.19662,0.6727,0,0,0,0,0
3175,0.30099,0.22346,-0.16291,-0.4305,-0.37761,-0.51292,-0.05885,0,0,0,0
3176,0.72654,0.25317,-0.31552,-0.24294,-0.23575,0.19265,0,0,0,0,0
3177,0.33754,0.09745,-0.32538,-0.39488,-0.27432,0.05453,-0.67575,0,0,0,0
3178,0.21989,0.38863,4.43408E-3,-0.46815,-0.34933,0,0.01354,0,0,0,0
3179,0.35786,0.08905,-0.3885,-0.41948,-0.32431,-0.43742,-0.15956,0,0,0,0
3180,0.19603,-0.01717,-0.46128,-0.63003,-0.33532,0.27699,0,0,0,0,0
3181,0.30917,0.25004,-0.19171,-0.44524,-0.25069,0.28251,0,0,0,0,0
3182,1.34556,0.99413,0.21201,0.01583,-0.07241,0.84355,0.54685,0,0,0,0
3183,0.66356,0.69136,-0.14599,-0.27904,-0.30497,0.53438,-0.6934,0,0,0,0
3184,0.40977,0.38137,-0.27238,-0.56073,-0.39734,0,0,0,0,0,0
3185,0.73099,0.24131,-0.28717,-0.10709,-0.34154,0,0,0,0,0,0
3186,1.09666,0.91636,0.40158,0.23762,0.33283,1.34365,0,0,0,0,0
3187,0.17219,0.10052,-0.36131,-0.41296,-0.5636,0,0,0,0,0,0
3188,0.32728,0.23434,-0.27725,-0.51723,-0.39031,0,0,0,0,0,0
3189,0.21387,0.29295,-0.33437,-0.5428,-0.42726,0.16802,-0.09427,0,0,0,0
3190,0.14447,0.2293,-0.37332,-0.58179,-0.4573,-0.39514,0,0,0,0,0
3191,0.38845,0.29341,-0.43619,-0.31812,-0.34923,-0.02252,-1.07931,0,0,0,0
3192,0.42531,0.1392,-0.36617,-0.27875,-0.28455,0.48161,0,0,0,0,0
3193,0.30143,0.29479,-0.29917,-0.04165,-0.09334,0,0.09838,0,0,0,0
3194,0.55979,-0.01202,-0.31998,-0.77031,-0.34289,0,0,0,0,0,0
3195,0.40909,0.25616,-0.34288,-0.19159,-0.18324,-0.39514,0,0,0,0,0
3196,0.64088,0.4347,0.05791,-0.07875,-0.06061,0.58316,5.94964E-3,0,0,0,0
3197,0.72813,0.37395,0.01123,-0.38288,-0.11057,0.57945,-0.21295,0,0,0,0
3198,0.23966,0.13778,-0.40474,-0.68397,-0.4826,0.50095,0,0,0,0,0
3199,0.29378,0.40402,-0.20362,-0.27751,-0.22788,-0.04493,-0.55982,0,0,0,0
3200,0.18943,0.27252,-0.3043,-0.30378,-0.06893,0,0,0,0,0,0
3201,0.81576,0.52335,-0.03272,-0.16622,-0.13932,0.72957,0.23488,0,0,0,0
3202,0.50351,0.14928,-0.39291,-0.56221,-0.33082,0.2239,-4.69737E-3,0,0,0,0
3203,0.50503,0.50421,0.05838,-0.53012,-0.08588,0.29801,0,0,0,0,0
3204,0.51857,0.55804,0.05814,-0.18826,-0.09082,0.51631,-0.14868,0,0,0,0
3205,0.56797,0.44432,-0.41682,-0.15709,-0.31339,0.97791,0,0,0,0,0
3206,0.15556,-0.0155,-0.1726,-0.50062,-0.42967,0,0,0,0,0,0
3207,0.24371,0.13138,-0.27664,0.02036,-0.17237,0,0,0,0,0,0
3208,0.05957,0.21516,-0.28676,-0.45605,-0.2822,0.19265,0,0,0,0,0
3209,0.30402,0.51171,-0.20488,-0.36845,-0.29369,0.29305,0,0,0,0,0
3210,0.75766,0.55317,0.01861,0.01267,-0.159,0.89747,0.43741,0,0,0,0
3211,0.54525,0.47571,-0.28372,-0.35265,-0.36756,0,0,0,0,0,0
3212,0.33943,0.24256,-0.43799,-0.7261,-0.33412,0.57008,-0.0254,0,0,0,0
3213,0.63368,0.34068,-0.19129,-0.349,-0.13381,0.36255,0.28512,0,0,0,0
3214,0.34582,0.14549,-0.47072,-0.58926,-0.45485,0.21062,-0.44333,0,0,0,0
3215,0.32234,0.2146,-0.32948,-0.41437,-0.40573,0.15035,0,0,0,0,0
3216,0.28008,-0.05049,-0.22707,-0.36741,-0.23923,0.77455,0,0,0,0,0
3217,0.53459,0.25886,-0.16396,-0.36218,-0.26756,0.54599,-0.74534,0,0,0,0
3218,0.50905,0.42053,-0.02524,-0.20928,-0.13882,0,0,0,0,0,0
3219,0.97225,0.61257,0.15896,0.07403,0.25971,0.94845,0,0,0,0,0
3220,0.11223,-0.07725,-0.48939,-0.75113,-0.52551,0.19882,-0.91968,0,0,0,0
3221,0.57941,0.18246,-0.18941,-0.40438,-0.37262,0.26682,-0.89751,0,0,0,0
3222,1.17568,0.85318,0.17869,0.34907,0.31211,1.07617,0,0,0,0,0
3223,0.50875,0.22668,-0.36685,-0.5482,-0.37737,0.43419,0,0,0,0,0
3224,0.41685,0.26324,-0.27033,-0.4833,-0.42719,0.20892,-0.17175,0,0,0,0
3225,0.21955,0.26816,-0.2074,-0.2612,-0.14994,0.19559,-0.12016,0,0,0,0
3226,0.7178,0.36184,-0.07587,-0.25357,-0.16197,0.04453,-0.77249,0,0,0,0
3227,0.85869,0.7031,0.149,-0.06863,0.12807,0.73621,0,0,0,0,0
3228,0.8054,0.49622,-0.27768,-0.22124,0.11439,0,0,0,0,0,0
3229,0.4351,0.09818,-0.23891,-0.21963,-0.3772,0.32682,0,0,0,0,0
3230,0.68263,0.37032,-0.1656,-0.28544,-0.28039,0,0.33959,0,0,0,0
3231,0.6363,0.3438,-0.04279,-0.40918,-0.26656,0,0,0,0,0,0
3232,0.64505,0.36558,-0.26311,-0.34336,-0.26614,0.76007,0.51799,0,0,0,0
3233,0.75631,0.44347,-0.17346,-0.14637,-0.02024,0.47295,0,0,0,0,0
3234,0.74442,0.54066,0.12911,0.01418,0.09571,1.57894,0,0,0,0,0
3235,0.38498,0.3194,-0.20477,-0.34659,-0.40219,0.35914,0,0,0,0,0
3236,0.36676,0.2134,-0.33408,-0.55148,-0.43852,0.36255,0,0,0,0,0
3237,0.37764,0.18866,-0.40956,-0.55224,-0.40531,0.33039,0,0,0,0,0
3238,0.54717,0.22943,-0.20155,-0.37679,-0.3118,0.40909,0,0,0,0,0
3239,0.3095,0.30745,-0.23861,-0.39745,-0.19383,0,0,0,0,0,0
3240,0.37618,0.29189,-0.17528,-0.29623,-0.29544,0.7217,0.13895,0,0,0,0
3241,0.70009,0.03269,-0.38094,-0.50318,-0.33936,0.35985,0,0,0,0,0
3242,0.40927,0.22897,-0.35393,-0.49346,-0.42008,0.94951,0,0,0,0,0
3243,1.30787,1.0659,0.14105,0.11734,0.33754,0.82126,0,0,0,0,0
3244,0.27658,0.2478,-0.40838,-0.49057,-0.38408,0.46531,0,0,0,0,0
3245,0.63634,0.39334,-0.22738,0.03432,-0.05048,0.58451,-0.43475,0,0,0,0
3246,0.97526,0.7285,0.22342,-0.04051,-0.02929,0.80573,0,0,0,0,0
3247,0.58971,0.35885,-0.18914,-0.19411,-0.24406,0.44241,-0.09591,0,0,0,0
3248,0.33655,0.09762,-0.42376,-0.50491,-0.31016,-0.17503,0,0,0,0,0
3249,0.33759,0.17384,-0.29381,-0.45858,-0.28864,0.66226,0,0,0,0,0
3250,0.30911,0.36153,-0.17841,-0.33261,-0.17199,1.16106,0,0,0,0,0
3251,0.52752,0.25404,-0.3805,-0.39431,-0.50025,0.64649,0,0,0,0,0
3252,0.37098,0.09344,-0.30173,-0.53616,-0.51236,0.30353,0,0,0,0,0
3253,0.5025,0.18901,-0.297,-0.47464,-0.33535,0.29801,0,0,0,0,0
3254,0.27962,0.02192,-0.38818,-0.5129,-0.33864,0.33009,-0.68007,0,0,0,0
3255,0.66011,0.16976,-0.36433,-0.35004,-0.28231,0.34821,-0.21824,0,0,0,0
3256,0.37934,0.45144,-0.13185,-0.04376,-0.1075,0.45526,-0.23881,0,0,0,0
3257,0.12344,0.03313,-0.37205,-0.62291,-0.33767,0.6396,0,0,0,0,0
3258,0.44876,0.23499,-0.34095,-0.30005,-0.32495,0,0,0,0,0,0
3259,0.32852,0.1384,-0.3031,-0.36217,-0.39029,0.36322,0,0,0,0,0
3260,0.37909,0.14595,-0.24718,-0.34507,-0.35196,0.20102,0,0,0,0,0
3261,0.3666,0.19107,-0.35523,-0.40275,-0.3104,-0.66707,0,0,0,0,0
3262,0.56572,0.32415,-0.25072,-0.27932,-0.11088,0.56813,4.01808E-3,0,0,0,0
3263,0.56942,0.37447,0.01934,-0.22815,-9.12416E-3,0.47854,-0.7073,0,0,0,0
3264,0.37048,0.15637,-0.3499,-0.37381,-0.34148,0.23442,0,0,0,0,0
3265,0.50862,0.2307,-0.35447,-0.46423,-0.4933,-0.3306,0,0,0,0,0
3266,0.56716,0.27142,-0.20658,-0.18588,-0.30159,0,0,0,0,0,0
3267,0.44977,0.26517,-0.23777,-0.46743,-0.3307,0,0,0,0,0,0
3268,0.38451,0.31122,-0.3797,-0.45921,-0.12658,0.52874,0,0,0,0,0
3269,0.17236,0.10809,-0.36451,-0.39491,-0.37257,0.09174,-0.15245,0,0,0,0
3270,0.33059,0.24598,-0.26798,-0.22774,-0.24018,0.32427,-0.28624,0,0,0,0
3271,0.27605,0.07574,-0.37564,-0.60432,-0.46534,0.24946,0.0486,0,0,0,0
3272,0.29624,0.25001,-0.30914,-0.30794,-0.32028,0.20421,-0.23409,0,0,0,0
3273,0.51531,0.34264,-0.28007,-0.26599,-0.3771,0,0,0,0,0,0
3274,0.48674,0.37621,0.13779,-0.09395,0.04132,0.74291,0.07335,0,0,0,0
3275,0.11123,0.14832,-0.44289,-0.50972,-0.34341,0.03224,-0.36313,0,0,0,0
3276,0.60943,0.51684,-0.11711,-0.06809,-0.048,0.10819,-0.47615,0,0,0,0
3277,0.71963,0.58039,0.25231,-0.02135,0.03253,0.63655,0,0,0,0,0
3278,1.07134,0.66565,0.31163,0.28387,0.39073,1.40541,0.98223,0,0,0,0
3279,0.32507,0.04312,-0.46573,-0.40189,-0.52575,0.39883,0.07,0,0,0,0
3280,0.29638,0.01008,-0.34774,-0.43534,-0.28832,-0.37379,0,0,0,0,0
3281,0.27051,0.35974,-0.23595,-0.36877,-0.19602,-0.27082,0,0,0,0,0
3282,0.25707,7.17074E-4,-0.41522,-0.49452,-0.39482,0.20154,-0.38256,0,0,0,0
3283,0.20434,0.21754,-0.29006,-0.38406,-0.24775,0.42074,-0.06036,0,0,0,0
3284,0.5059,0.12547,-0.36451,-0.23965,-0.25605,0.47616,-0.19018,0,0,0,0
3285,0.29754,0.32023,0.06838,-0.12724,0.19523,0.38344,-0.43742,0,0,0,0
3286,0.56197,0.52217,-0.01867,-0.14285,-0.03815,0.48778,0,0,0,0,0
3287,0.30565,0.35178,-0.30131,-0.3788,-0.2827,0.71964,0,0,0,0,0
3288,0.45803,0.337,0.19301,0.0109,-0.10458,-0.43784,0,0,0,0,0
3289,0.58732,0.65516,0.15253,-0.22546,0.26917,0.57019,0,0,0,0,0
3290,0.45901,0.23107,-0.12638,-0.04563,-0.09056,0.76801,-0.05976,0,0,0,0
3291,0.20742,0.17366,-0.40724,-0.25787,-0.2355,-0.3654,0,0,0,0,0
3292,0.49928,0.05507,-0.4618,-0.44661,-0.39323,0.03035,-0.31592,0,0,0,0
3293,1.61819E-3,0.1471,-0.28264,-0.37459,-0.30099,0.0735,-0.53758,0,0,0,0
3294,0.17833,0.09601,-0.32761,-0.43212,-0.34752,-0.05156,-1.06728,0,0,0,0
3295,0.40793,0.11561,-0.36148,-0.43713,-0.38019,0.31781,0.21543,0,0,0,0
3296,0.7922,0.64785,0.14742,0.17999,0.53545,0,0,0,0,0,0
3297,0.33289,0.40643,-0.07954,-0.17409,-0.09156,1.27884,-0.24418,0,0,0,0
3298,0.84575,0.13448,-0.44934,-0.21162,-0.1563,0.16581,-0.23765,0,0,0,0
3299,1.30578,1.04142,0.1956,0.1295,0.65955,1.58731,0,0,0,0,0
3300,0.6285,0.36256,-0.25773,-0.18611,-0.26763,-0.39514,0,0,0,0,0
3301,0.40262,0.18793,-0.19521,-0.01086,-0.39605,0,-8.51644E-3,0,0,0,0
3302,0.82463,0.5966,0.22378,0.02678,-0.03669,0.66077,0,0,0,0,0
3303,0.41899,0.32909,-0.25212,-0.06793,-0.27345,0.31418,-0.40805,0,0,0,0
3304,0.25426,0.60602,-0.07241,-0.45644,-0.26939,1.10894,-0.11841,0,0,0,0
3305,0.4511,0.30251,-0.27258,-0.10588,-0.29119,0.66077,-0.3377,0,0,0,0
3306,0.48363,0.43859,-0.16218,-0.31448,-0.36356,0.02033,-0.65453,0,0,0,0
3307,0.2668,0.28748,-0.23324,-0.20183,-0.42019,0.43446,0,0,0,0,0
3308,0.44835,0.10392,-0.30042,-0.2414,-0.40214,0,0,0,0,0,0
3309,5.04611E-3,0.13925,-0.4321,-0.49065,-0.42191,0.42431,0,0,0,0,0
3310,1.2933,0.84398,0.45502,0.22097,0.42999,1.48745,0,0,0,0,0
3311,0.36736,0.30017,-0.27699,-0.33894,-0.27026,0.72555,0,0,0,0,0
3312,0.44346,0.31243,-0.0942,-0.13053,-0.16275,0.48193,0,0,0,0,0
3313,0.41656,0.21968,-0.21538,-0.46527,-0.19406,0.07555,-0.45715,0,0,0,0
3314,0.11012,0.25041,-0.29722,-0.31585,-0.21314,0.11684,-1.03537,0,0,0,0
3315,0.31452,0.13208,-0.28538,-0.20154,-0.18249,0.37497,0,0,0,0,0
3316,0.32713,0.15627,-0.25743,-0.3183,-0.27712,0.99116,0,0,0,0,0
3317,0.30583,0.20741,-0.47254,-0.31808,-0.38043,0.47018,0,0,0,0,0
3318,0.12127,0.29506,-0.08884,-0.13182,-0.28972,0.18582,-0.4138,0,0,0,0
3319,0.15694,0.05255,-0.63315,-0.51976,-0.52662,0.67872,-0.05279,0,0,0,0
3320,0.32878,0.12514,-0.30386,-0.33227,-0.15322,0.05527,-0.4582,0,0,0,0
3321,0.42429,0.56859,-0.16617,-0.1629,-0.09623,0.39086,-0.03022,0,0,0,0
3322,0.51016,0.3178,-0.14627,-0.34163,-0.14314,0,0,0,0,0,0
3323,0.14908,0.38891,-0.16749,-0.25014,-0.5195,0.85276,0,0,0,0,0
3324,0.17293,0.17134,-0.32038,-0.42558,-0.37155,0.10262,0,0,0,0,0
3325,0.0638,0.1595,-0.23083,-0.4475,-0.30928,-0.21065,-0.3197,0,0,0,0
3326,0.45431,0.18815,-0.61703,-0.33347,2.06315E-3,0.59194,0,0,0,0,0
3327,0.58138,0.405,0.01522,-0.3314,-0.07661,0.18023,0,0,0,0,0
3328,0.32974,0.16547,-0.42545,0.2202,0.14282,-1.08828,0,0,0,0,0
3329,0.23555,0.59122,-0.3067,-0.07059,-0.11755,0.43496,-0.32732,0,0,0,0
3330,0.68165,0.76934,0.0432,-0.14099,-0.20723,0,0,0,0,0,0
3331,0.20746,0.27665,-0.34067,-0.16065,-0.51245,0.32606,-0.23172,0,0,0,0
3332,0.97766,0.76447,0.28985,0.17386,0.22757,0.8858,0,0,0,0,0
3333,0.3476,0.17092,-0.3296,-0.27442,-0.45581,0.34992,0,0,0,0,0
3334,0.70721,-0.16716,-0.44681,-0.05349,-0.14492,0,0,0,0,0,0
3335,0.65871,0.51912,-0.06053,-0.12609,-0.27955,-0.17996,0,0,0,0,0
3336,0.28423,0.02354,-0.45406,-0.28508,-0.41384,0.32076,-0.49519,0,0,0,0
3337,0.22268,0.13458,-0.36595,0.01651,-0.25107,0.48949,-0.12639,0,0,0,0
3338,0.19056,0.01792,-0.57876,-0.5523,-0.55931,0.21034,-0.44562,0,0,0,0
3339,0.45215,0.39793,-0.09409,-0.3297,-0.34973,0.32561,-0.5655,0,0,0,0
3340,0.32744,0.14941,-0.3923,-0.31388,-0.41874,2.65076E-3,-0.13354,0,0,0,0
3341,0.12487,0.17521,-0.43466,-0.39105,-0.21847,0.13427,-0.51937,0,0,0,0
3342,1.00089,0.69482,0.36528,0.14724,0.146,1.4717,0,0,0,0,0
3343,0.33911,0.47057,-0.09265,-0.32893,-0.3365,0,0,0,0,0,0
3344,0.09488,0.1103,-0.32647,-0.197,-0.23535,0.36255,0,0,0,0,0
3345,0.10643,0.43334,-5.91305E-3,-0.53458,0.33889,0,0,0,0,0,0
3346,0.3116,0.12229,-0.40546,-0.11209,-0.34805,0.67629,-0.31847,0,0,0,0
3347,0.54439,0.38935,-0.27087,-0.08686,-0.1266,0,0,0,0,0,0
3348,0.94555,0.59666,0.26424,0.21098,0.13172,1.429,0,0,0,0,0
3349,0.3872,0.40881,-0.35381,-0.36692,-0.41612,1.38866,0,0,0,0,0
3350,0.41009,0.38709,-0.36969,-0.41769,-0.1646,-0.22078,0,0,0,0,0
3351,0.50141,0.75503,0.11749,0.09731,-0.20793,0.19265,0,0,0,0,0
3352,0.27577,0.32171,-0.36506,0.36662,-0.35385,0.76801,0,0,0,0,0
3353,0.4136,0.26351,-0.46922,-0.28808,-0.28772,0,0,0,0,0,0
3354,0.26913,-0.07869,-0.38633,-0.44826,-0.39796,0.63907,0,0,0,0,0
3355,0.40818,0.0977,-0.31809,0.13169,-0.27211,0.56974,0,0,0,0,0
3356,0.14379,0.14619,-0.23263,-0.52608,-0.48763,0.43587,-0.24549,0,0,0,0
3357,0.34343,0.19567,-0.488,-0.3041,-0.48969,0.55903,-0.62484,0,0,0,0
3358,0.30312,0.01476,-0.51654,-0.42098,-0.4855,0.37905,-0.44703,0,0,0,0
3359,0.33606,0.30303,-0.37811,-0.11813,-0.37965,0,0,0,0,0,0
3360,0.42252,0.25355,-0.294,-0.25537,-0.23081,0.34626,-0.75718,0,0,0,0
3361,0.38949,0.31516,-0.04397,-0.10998,0.14034,0.68134,0,0,0,0,0
3362,1.33842,1.06412,0.61982,0.5285,0.45637,0,0,0,0,0,0
3363,0.46884,0.41052,-0.22733,-0.33588,-0.30702,0.75696,0,0,0,0,0
3364,0.167,0.36139,-0.45981,-0.33109,-0.51357,0,0,0,0,0,0
3365,0.16815,0.31808,-0.50432,-0.42338,-0.44674,-0.21281,0,0,0,0,0
3366,-9.99009E-3,-0.13492,-0.32293,-0.2336,-0.37302,0,0,0,0,0,0
3367,0.26054,0.36447,-0.24034,-0.31142,-0.25682,0.07352,0,0,0,0,0
3368,0.60996,0.4626,-0.20822,-0.10458,-0.08346,0.91755,0,0,0,0,0
3369,0.17904,0.23726,-0.45992,-0.34141,-0.35054,0.4962,-0.30726,0,0,0,0
3370,0.3871,0.27188,-0.1714,-0.246,-0.45071,0,0,0,0,0,0
3371,0.36944,0.18447,-0.37268,-0.26268,-0.30944,0.50381,-0.05005,0,0,0,0
3372,0.60171,0.21324,-0.42984,-0.33965,-0.59524,0.49245,0,0,0,0,0
3373,0.36332,0.1646,-0.4341,-0.458,-0.35726,0,0,0,0,0,0
3374,0.54414,0.31282,-0.36343,-0.21861,-0.43891,0.36376,0.09577,0,0,0,0
3375,0.67696,0.41466,-0.29813,-0.22645,-0.54297,1.02588,0.26444,0,0,0,0
3376,0.27301,0.35228,-0.21383,-0.55452,-0.39112,0.48692,-0.44124,0,0,0,0
3377,0.01097,0.0689,-0.5851,-0.51355,-0.6236,0.3989,-0.18947,0,0,0,0
3378,0.4628,0.15989,-0.22616,-0.24546,-0.27202,0.5276,-0.12558,0,0,0,0
3379,0.6006,0.26313,-0.40704,-0.22673,-0.55268,0.5231,-0.53216,0,0,0,0
3380,0.06323,0.23957,-0.31253,-0.20409,-0.2695,0.34579,-0.21329,0,0,0,0
3381,0.21851,0.06487,-0.34253,-0.45376,-0.50151,0.55625,0,0,0,0,0
3382,0.31884,0.23759,-0.54139,-0.36899,-0.59723,0.42838,0,0,0,0,0
3383,0.70261,0.40989,-0.30641,-0.36711,-0.41256,0.66986,0.08772,0,0,0,0
3384,0.23544,0.27991,-0.46878,-0.31505,-0.32741,0.03654,0,0,0,0,0
3385,0.42104,0.1001,-0.59593,-0.11443,-0.56078,0.6137,0,0,0,0,0
3386,0.63057,0.39071,-0.3007,-0.24116,-0.48354,0,0,0,0,0,0
3387,0.70141,0.21021,-0.49249,-0.13124,-0.5801,0.78361,0,0,0,0,0
3388,0.82052,0.70052,-0.31162,-0.10925,-0.30754,1.02353,0,0,0,0,0
3389,0.25516,0.41985,-0.18655,-0.26223,-0.22996,1.1859,0,0,0,0,0
3390,0.38661,0.15723,-0.51797,-0.45069,-0.64784,0.61262,0.06227,0,0,0,0
3391,0.47016,0.18663,-0.30129,-0.17453,-0.57168,0,0,0,0,0,0
3392,0.43162,0.20486,-0.36462,-0.37592,-0.30716,0.53245,0,0,0,0,0
3393,0.37928,0.24896,-0.58786,-0.13644,-0.49805,0.47236,0,0,0,0,0
3394,0.62777,0.20087,-0.28467,-0.43619,-0.41745,0.60371,-0.40294,0,0,0,0
3395,0.16093,0.35039,-0.41131,-0.21984,-0.55775,0.18023,0,0,0,0,0
3396,0.4849,0.36285,-0.41853,-0.2011,-0.46222,0.65029,-0.49846,0,0,0,0
3397,0.27089,0.28119,-0.30108,-0.07869,-0.28322,0.44744,-0.06159,0,0,0,0
3398,1.72223,0.88802,0.44463,0.85843,0.59257,0,0,0,0,0,0
3399,0.48313,0.3215,-0.35552,-0.29755,-0.56895,0.73148,0,0,0,0,0
3400,0.23326,0.31214,-0.36566,-0.28138,-0.53078,0.46715,-0.24292,0,0,0,0
3401,0.88177,0.71546,-0.10853,0.21593,-0.06615,1.08646,0.3764,0,0,0,0
3402,0.48202,0.45716,-0.12856,-0.03192,-0.38562,1.46116,0,0,0,0,0
3403,0.39607,0.1524,-0.43522,-0.15475,-0.42846,0.8242,0.22511,0,0,0,0
3404,0.31636,0.43653,-0.13936,-0.29612,-0.3104,0.87783,0,0,0,0,0
3405,0.0933,0.16466,-0.47717,-0.47464,-0.67871,0.52335,-0.22918,0,0,0,0
3406,0.56909,0.25802,-0.25808,-0.15885,-0.38962,0.75477,0,0,0,0,0
3407,0.67323,0.46885,-0.29569,-0.20246,-0.2313,0,0,0,0,0,0
3408,0.44442,0.3335,-0.37277,-0.29302,-0.27346,0.87022,-0.30987,0,0,0,0
3409,0.23571,0.16468,-0.4106,-0.47155,-0.57496,0.11571,-0.95868,0,0,0,0
3410,1.20073,0.68459,0.08975,0.04358,-0.24354,1.20427,0,0,0,0,0
3411,0.53239,0.70808,-0.09588,-0.18652,-0.44563,1.16243,0,0,0,0,0
3412,0.07486,0.31955,-0.5088,-0.18347,-0.47567,0.62652,0,0,0,0,0
3413,0.7784,0.40488,-0.3139,-0.36383,-0.45313,0.88445,-0.38941,0,0,0,0
3414,0.63962,0.42421,-0.19686,-0.25707,-0.43656,0.9155,0.12817,0,0,0,0
3415,0.26832,0.28007,-0.46577,-0.33662,-0.47317,0.64167,-0.14742,0,0,0,0
3416,0.28942,0.48819,-0.14537,-0.17811,-0.2349,1.00076,0,0,0,0,0
3417,0.73292,0.50645,-0.13191,0.24776,-0.30634,1.11844,0,0,0,0,0
3418,0.19907,0.45083,-0.4734,-0.34539,-0.53804,0.94609,0,0,0,0,0
3419,0.58656,0.20395,-0.09101,-0.33717,-0.09876,1.88223,0,0,0,0,0
3420,0.14709,0.18636,-0.37012,-0.38225,-0.53981,0.98145,-0.08416,0,0,0,0
3421,0.66658,0.5824,-0.20563,-0.17958,-0.30341,1.18989,-0.5416,0,0,0,0
3422,0.66872,0.14915,-0.43907,-0.20914,-0.241,0.99116,0.15995,0,0,0,0
3423,0.2628,0.44941,-0.21457,-0.20779,-0.29098,0,0,0,0,0,0
3424,0.53075,0.49124,-0.19847,-0.11158,-0.18402,1.39299,0,0,0,0,0
3425,0.36278,0.2458,-0.42638,-0.35311,-0.39417,1.03805,-0.21842,0,0,0,0
3426,1.51214,1.27665,0.26816,0.74968,0.42814,1.81338,0,0,0,0,0
3427,0.38481,0.46066,-3.84427E-3,-0.03739,-0.16628,0.84531,0,0,0,0,0
3428,0.98915,1.04561,0.46732,0.20784,0.48605,1.88704,0.67651,0,0,0,0
3429,1.2952,0.35466,-0.60755,-0.64807,-0.80067,0,0,0,0,0,0
3430,0.45357,0.25769,-0.23004,0.16863,-0.12813,0,0,0,0,0,0
3431,0.17897,0.26321,-0.29906,-0.33657,-0.42257,1.06845,0,0,0,0,0
3432,0.25828,0.14936,-0.41648,-0.43211,-0.38137,0.7869,0,0,0,0,0
3433,2.23775,1.28384,-0.01587,-0.10089,-0.23356,0,0,0,0,0,0
3434,2.42681,1.03128,0.13952,0.0138,-0.12779,0.99116,0.47994,0,0,0,0
3435,1.97826,1.34175,0.72049,-0.25562,0.04463,0,0,0,0,0,0
3436,1.9095,1.18734,0.20189,-0.49906,-0.19472,0.19781,-1.30311,0,0,0,0
3437,1.49971,0.67439,0.01507,-0.93059,-0.57355,0,0,0,0,0,0
3438,1.68138,0.7008,0.10382,-0.5015,-0.347,0.29801,0,0,0,0,0
3439,1.53304,0.53997,0.30878,-0.63763,-0.60742,0.25084,-1.3626,0,0,0,0
3440,2.63154,1.00044,0.60545,-0.45371,0.05014,0,0,0,0,0,0
3441,1.69463,0.69047,0.25361,-0.41534,-0.46387,0,-0.48694,0,0,0,0
3442,1.23047,0.30763,-0.33392,-1.2362,-0.92469,0.47018,0,0,0,0,0
3443,1.5949,0.44931,0.09351,-0.8878,-0.65811,-0.14959,-2.5715,0,0,0,0
3444,1.22005,0.51401,-0.16498,-1.04802,-0.77015,0.45801,0,0,0,0,0
3445,1.72731,0.67745,0.18638,-0.53612,-0.4271,0.50281,0,0,0,0,0
3446,1.55785,0.92785,0.43095,-0.63916,-0.32302,0.99116,0,0,0,0,0
3447,1.41872,0.48901,-0.08764,-0.86736,-0.59414,0.31942,-0.56352,0,0,0,0
3448,1.59199,0.53347,0.19614,-0.84744,-0.58227,0.21573,-0.71967,0,0,0,0
3449,1.56093,0.44001,-0.18019,-1.07017,-0.74292,-0.02404,-1.27268,0,0,0,0
3450,1.62304,0.39688,-0.15242,-0.93555,-0.74278,-0.04639,-1.16777,0,0,0,0
3451,1.96357,1.39182,0.46871,0.57581,0.77557,0,0,0,0,0,0
3452,1.7957,0.68498,0.09169,-0.67669,-0.42308,0.83419,0.53589,0,0,0,0
3453,1.38075,0.07927,-0.26625,-1.29201,-0.90736,-0.16751,-1.18066,0,0,0,0
3454,1.59014,0.78365,0.21949,-0.55258,-0.41129,0.70318,1.15433,0,0,0,0
3455,1.49251,0.53509,0.03363,-0.86996,-0.57399,0.62343,0,0,0,0,0
3456,1.35804,0.31814,-0.15703,-1.04401,-0.84782,0.54872,-0.18037,0,0,0,0
3457,1.30568,0.13976,-0.20252,-1.18892,-0.92377,-0.16369,-1.08229,0,0,0,0
3458,1.26257,0.39763,-0.24498,-1.14664,-0.69836,-0.09356,-1.18712,0,0,0,0
3459,1.13999,0.27822,-0.2057,-1.05121,-0.86212,-0.27113,-0.98257,0,0,0,0
3460,1.32465,0.65373,0.10745,-0.78052,-0.67322,0.43943,-0.14119,0,0,0,0
3461,1.15772,0.41118,-0.14129,-0.89101,-0.71332,0,0.21056,0,0,0,0
3462,1.17847,0.14433,-0.25002,-1.12456,-0.87373,0.56297,0,0,0,0,0
3463,0.94761,0.20044,-0.35388,-1.05919,-0.85916,0.34349,-0.33627,0,0,0,0
3464,1.18162,0.47308,0.12608,-0.53635,-0.29236,0.59972,0,0,0,0,0
3465,1.15582,0.7134,0.12612,-0.09688,-0.1693,1.0006,1.24636,0,0,0,0
3466,0.80284,0.46123,-0.21936,-0.75645,-0.38991,0.53476,0,0,0,0,0
3467,1.14933,0.27738,-0.33894,-0.98676,-0.76283,0.36131,0,0,0,0,0
3468,1.04397,0.25951,-0.43287,-1.01042,-0.87971,0.40989,-0.081,0,0,0,0
3469,1.57829,0.86196,0.19091,-0.38177,-0.31204,0.7397,-0.12814,0,0,0,0
3470,1.2828,0.67214,-0.25573,-0.41871,-0.36079,0,0,0,0,0,0
3471,1.22214,0.3764,-0.16738,-0.77035,-0.8399,0.79049,0,0,0,0,0
3472,1.03203,0.51492,-0.06857,-1.1374,-0.74133,0,0,0,0,0,0
3473,2.07021,0.81951,0.20847,-0.35632,-0.60011,1.03125,0.64591,0,0,0,0
3474,1.16589,0.36456,-0.21957,-0.76507,-0.7851,0.53135,0.39841,0,0,0,0
3475,0.67553,0.54585,-0.13467,-0.41185,-0.47146,0.98605,0.69515,0,0,0,0
3476,0.87868,0.16462,-0.49929,-0.97942,-0.82491,0.4534,-0.29604,0,0,0,0
3477,0.70622,0.41925,-0.1581,-0.47301,-0.39708,0.67181,0.47637,0,0,0,0
3478,0.80574,0.23692,-0.37626,-0.90909,-0.90892,0.80771,0.38463,0,0,0,0
3479,0.93408,0.14782,-0.27966,-0.90214,-0.72088,1.10548,-0.31607,0,0,0,0
3480,0.89159,0.31499,-0.33633,-0.81109,-0.71073,0.54894,-0.49695,0,0,0,0
3481,1.09433,0.50662,-0.14543,-0.86833,-0.68282,0.45571,0.01463,0,0,0,0
3482,0.64675,0.28741,-0.13787,-0.44006,-0.53763,0.60542,0.07313,0,0,0,0
3483,0.79239,0.39496,-0.21933,-0.43527,-0.59706,0.77148,0.37966,0,0,0,0
3484,0.69136,0.0119,-0.53794,-1.02905,-0.87736,0.34859,-0.15501,0,0,0,0
3485,0.60802,0.35755,0.36349,-0.11699,-0.0902,0,1.7237,0,0,0,0
3486,0.83529,0.60771,-0.06352,-0.17458,-0.38036,0.79973,0.64894,0,0,0,0
3487,0.84936,0.29609,-0.2781,-0.63952,-0.68626,0.77734,0.40208,0,0,0,0
3488,1.15726,0.44802,-0.31358,-0.61327,-0.58161,0.60062,0.24042,0,0,0,0
3489,0.44804,0.31156,-0.33009,-0.43468,-0.68909,0.62569,0.47618,0,0,0,0
3490,0.5471,0.29663,-0.32834,-0.37729,-0.62589,0.49226,0.3374,0,0,0,0
3491,0.70419,0.23873,-0.34327,-0.5424,-0.53114,0.6718,0.26124,0,0,0,0
3492,0.62824,0.36379,-0.33632,-0.28189,-0.56645,0.96058,0,0,0,0,0
3493,0.90545,0.41712,-0.29584,-0.83218,-0.5268,0.38054,-0.20871,0,0,0,0
3494,0.55669,0.04802,-0.61559,-1.19264,-0.98951,1.1941,0,0,0,0,0
3495,0.77512,0.30961,-0.47196,-0.8655,-0.7278,0.6532,0.20944,0,0,0,0
3496,0.37597,0.38284,-0.27322,-0.6983,-0.50099,1.16106,0,0,0,0,0
3497,0.90215,0.28014,-0.5955,-0.96801,-0.61668,0.47172,0.19551,0,0,0,0
3498,0.87205,0.09264,-0.46943,-0.99923,-0.77528,0.31621,-0.46066,0,0,0,0
3499,0.76039,0.20667,-0.54086,-1.00583,-0.75184,0.57745,-0.17552,0,0,0,0
3500,0.69404,0.18303,-0.52851,-0.92757,-0.86748,0,0,0,0,0,0
3501,0.86225,0.14697,-0.27641,-0.8548,-0.40931,0.75384,0.04984,0,0,0,0
3502,0.46982,0.4052,-0.21173,-0.41717,-0.55905,1.94171,0,0,0,0,0
3503,0.69021,-0.12133,-0.28816,-1.02568,-0.79404,0,0.31737,0,0,0,0
3504,0.5026,0.27378,-0.21893,-0.94149,-0.61844,0,0,0,0,0,0
3505,0.62403,0.26048,-0.35157,-0.84352,-0.54304,0.72558,0.38386,0,0,0,0
3506,0.38054,0.28357,-0.05626,-0.68014,-0.57997,-0.10745,0.2455,0,0,0,0
3507,0.54276,0.07842,-0.58686,-1.02443,-0.90898,0.70859,0,0,0,0,0
3508,1.18443,0.26029,-0.21167,-0.71053,-0.58522,1.03563,0.38371,0,0,0,0
3509,0.73994,0.44626,-0.3924,-0.52386,-0.65462,0.70496,0,0,0,0,0
3510,0.6664,0.3314,-0.4211,-0.37174,-0.66392,0.6037,0,0,0,0,0
3511,0.62136,0.30205,-0.32703,-0.63451,-0.63317,0.5517,0.09687,0,0,0,0
3512,0.6832,0.17334,-0.57171,-0.91627,-0.67125,0,0.25046,0,0,0,0
3513,1.34556,0.20703,0.11388,-0.49735,0.11448,0,0,0,0,0,0
3514,1.0293,0.13959,-0.20564,-0.93494,-0.79207,1.10894,0,0,0,0,0
3515,0.68495,0.07348,-0.62968,-0.95869,-0.76445,0.58261,0,0,0,0,0
3516,0.54996,0.05546,-0.51899,-0.88584,-0.65652,0.74621,0,0,0,0,0
3517,0.70532,0.07281,-0.48881,-1.01764,-0.66422,0.80986,0.19253,0,0,0,0
3518,0.70417,0.4208,-0.06119,-0.30963,-0.37209,0.95325,0,0,0,0,0
3519,0.52776,0.28732,-0.40057,-0.42204,-0.58695,1.04643,0,0,0,0,0
3520,0.65047,0.26611,-0.57755,-0.81621,-0.78718,0,0,0,0,0,0
3521,0.58308,0.25387,-0.28964,-0.69385,-0.58093,0,0,0,0,0,0
3522,0.61482,0.14744,-0.56465,-1.08097,-0.91414,0.50281,0,0,0,0,0
3523,0.55383,0.30179,-0.41999,-0.68747,-0.5962,0.85264,0.59956,0,0,0,0
3524,0.90238,0.3165,-0.19102,-0.74746,-0.50521,0.87061,0.49265,0,0,0,0
3525,0.4507,0.46539,-0.19667,-0.34635,-0.41386,1.1418,0,0,0,0,0
3526,0.22473,0.16879,-0.32494,-0.5043,-0.74723,1.25512,0,0,0,0,0
3527,0.30609,0.20258,-0.43493,-0.63989,-0.68113,0.78233,0,0,0,0,0
3528,0.36021,-8.55019E-3,-0.64987,-0.9985,-0.77857,0,0,0,0,0,0
3529,0.60178,0.19098,-0.50921,-0.83403,-0.59025,-0.76823,0,0,0,0,0
3530,0.54073,0.40021,-0.27158,-0.59213,-0.54903,0,0,0,0,0,0
3531,0.67252,0.09324,-0.43165,-0.7085,-0.40555,0.83701,0,0,0,0,0
3532,0.40168,0.14116,-0.4322,-0.67025,-0.73147,0.40413,-0.21962,0,0,0,0
3533,0.62364,0.09379,-0.5545,-1.03564,-0.82439,0.75742,0.35818,0,0,0,0
3534,0.35356,0.1457,-0.44673,-0.64247,-0.73757,0.57945,-0.089,0,0,0,0
3535,0.57144,0.04381,-0.65228,-0.81791,-0.67637,0.73884,0,0,0,0,0
3536,0.40545,0.14226,-0.38154,-0.62329,-0.73661,0.60209,0.27566,0,0,0,0
3537,0.30879,0.16334,-0.46867,-0.67035,-0.76932,0.53815,0,0,0,0,0
3538,1.16519,0.33362,-0.30905,-0.65264,-0.62395,0,0,0,0,0,0
3539,0.67073,0.17722,-0.32012,-1.01558,-0.57004,0.82809,0,0,0,0,0
3540,0.68066,0.16528,-0.42081,-0.63533,-0.6096,0.7867,0.29639,0,0,0,0
3541,0.41205,-0.02285,-0.68921,-1.0864,-0.9308,0,0,0,0,0,0
3542,0.44059,0.16517,-0.47546,-0.95723,-0.66644,0.85024,-0.02466,0,0,0,0
3543,0.19415,0.09896,-0.38077,-0.73106,-0.70206,0.77621,0.36071,0,0,0,0
3544,0.40475,0.14167,-0.37221,-0.76559,-0.68195,0.59167,0.29692,0,0,0,0
3545,0.6195,0.05296,-0.36662,-0.88923,-0.70248,0.74088,0.32007,0,0,0,0
3546,0.26302,0.19209,-0.39513,-0.66433,-0.661,0.96641,0.7522,0,0,0,0
3547,0.15129,0.27747,-0.41146,-0.52052,-0.61117,0.26392,0.43529,0,0,0,0
3548,0.19456,0.146,-0.35492,-0.66217,-0.62265,0.80575,0,0,0,0,0
3549,0.50377,0.157,-0.27075,-0.66947,-0.66209,0.79918,0,0,0,0,0
3550,0.61668,0.04539,-0.57119,-0.95913,-0.74486,0.53216,-0.46413,0,0,0,0
3551,0.37034,0.24092,-0.48114,-0.62803,-0.66258,0.73463,0,0,0,0,0
3552,0.51373,0.88887,-0.26543,-0.29662,-0.69703,0,0,0,0,0,0
3553,0.3767,0.05562,-0.60852,-1.01797,-0.74736,0.87077,0.46552,0,0,0,0
3554,0.22141,0.19388,-0.37538,-0.55601,-0.65572,0.33039,0,0,0,0,0
3555,0.95047,0.34358,-0.05262,-0.14358,0.15765,-0.36276,0,0,0,0,0
3556,0.5024,0.30975,-0.36925,-0.68363,-0.59787,0.77617,0.25096,0,0,0,0
3557,0.46267,0.17925,-0.35076,-0.55988,-0.48503,0.76989,0.78597,0,0,0,0
3558,0.55854,0.01227,-0.59461,-1.03614,-0.7399,1.25512,0,0,0,0,0
3559,0.03701,0.28162,-0.32008,-0.61544,-0.60615,0,0,0,0,0,0
3560,0.23796,0.20527,-0.38849,-0.51219,-0.69842,0.60928,0.45141,0,0,0,0
3561,0,0,0,0,0,0,0,0,0,0,0
3562,0.49061,0.01555,-0.56565,-0.9837,-0.7442,0,0,0,0,0,0
3563,0.01939,0.06057,-0.32491,-0.72714,-0.76075,0,0,0,0,0,0
3564,0.01665,0.16896,-0.44548,-0.67314,-0.70899,-0.43784,0,0,0,0,0
3565,0.13105,0.14624,-0.3999,-0.63836,-0.67346,0.37133,0,0,0,0,0
3566,-0.06812,0.08354,-0.53182,-0.61902,-0.6904,0.64068,0,0,0,0,0
3567,0.05057,0.20059,-0.54795,-0.62013,-0.43228,0.68784,0,0,0,0,0
3568,0.84771,0.35701,-0.84268,-0.97855,-0.78599,0,0,0,0,0,0
3569,0.61625,0.24578,-0.68995,-0.75967,-0.62355,-0.10745,0,0,0,0,0
3570,0.12776,0.11679,-0.08998,-0.43069,-0.72201,0,0,0,0,0,0
3571,0.42844,0.16768,-0.36079,-0.60444,-0.55928,0.98296,0,0,0,0,0
3572,-0.04954,-0.01771,-0.47536,-0.51028,-0.52469,-0.14785,0,0,0,0,0
3573,0.16617,0.06383,-0.36144,-0.72084,-0.69214,0.62335,0,0,0,0,0
3574,0.2364,-0.01212,-0.4581,-0.88626,-0.7327,0.29231,0.26504,0,0,0,0
3575,0.07989,0.23452,-0.26697,-0.55063,-0.79058,0,0,0,0,0,0
3576,0.43817,0.09438,-0.4835,-0.66085,-0.68801,-0.09503,0,0,0,0,0
3577,0.38882,0.15647,-0.52976,-0.58868,-0.64826,1.04372,0.7355,0,0,0,0
3578,0.77144,0.17892,-0.3208,-0.68655,-0.45032,0,0,0,0,0,0
3579,-0.15946,0.05705,-0.59849,-0.81259,-0.75559,0.59967,0,0,0,0,0
3580,0.23889,0.20841,-0.39648,-0.68233,-0.62226,-0.53664,0,0,0,0,0
3581,0.84959,0.22503,-0.06197,-0.59693,-0.12465,1.37765,0.99979,0,0,0,0
3582,0.25093,0.03454,-0.46562,-0.61728,-0.52127,0.14386,0,0,0,0,0
3583,0.2289,0.14723,-0.4154,-0.58815,-0.64375,0,0,0,0,0,0
3584,0.05485,0.06028,-0.36882,-0.66063,-0.75984,0.64751,0,0,0,0,0
3585,0.12629,0.15148,-0.45299,-0.64431,-0.54637,0.33883,0,0,0,0,0
3586,-0.06868,0.09857,-0.59337,-0.82671,-0.79489,0,0,0,0,0,0
3587,0.07342,-0.4239,-0.02331,-0.72085,-0.51007,0,0,0,0,0,0
3588,0.16545,0.13,-0.4518,-0.72926,-0.68367,0.22642,0,0,0,0,0
3589,0.01612,0.60413,-0.25908,0.02003,-0.69286,0,0,0,0,0,0
3590,0.03562,0.35718,-0.38743,-0.47314,-0.63094,0,0,0,0,0,0
3591,0.50079,0.24968,-0.2789,-0.61399,-0.5963,0.98319,0,0,0,0,0
3592,-0.19973,0.05469,-0.37793,-0.66898,-0.60015,0.68797,0,0,0,0,0
3593,0.47276,-0.0969,-0.67926,-0.47998,-1.08119,0,0,0,0,0,0
3594,0.36696,0.39225,-0.32518,-0.46265,-0.68086,0.94278,0.61383,0,0,0,0
3595,0.30978,0.09645,-0.39704,-0.67656,-0.73963,0,0,0,0,0,0
3596,-0.17953,0.18221,-0.18928,-0.91585,-0.41079,0.45365,0.34009,0,0,0,0
3597,0.15997,0.2956,-0.78512,9.48684E-3,-0.51811,0,0,0,0,0,0
3598,0.43525,0.25298,-0.35809,-0.44234,-0.60105,0.84735,0,0,0,0,0
3599,0.63901,0.20632,-0.35462,-0.68902,-0.50726,0.81531,0.07268,0,0,0,0
3600,-0.23279,0.02931,-0.20457,-0.53361,-0.7643,0,0,0,0,0,0
3601,0.30761,0.25697,-0.3336,-0.50896,-0.64989,0.70348,0,0,0,0,0
3602,-7.07433E-3,0.06731,-0.43486,-0.69409,-0.66992,0.45194,0.90166,0,0,0,0
3603,0.38666,0.04007,-0.08042,-0.33382,-0.49713,0,0,0,0,0,0
3604,0.37811,0.23686,-0.29965,-0.65875,-0.63926,0.56734,0,0,0,0,0
3605,0.65926,0.19071,-0.29546,-0.46637,-0.45043,0,0,0,0,0,0
3606,0.01407,0.18782,0.02138,-0.45991,-0.51221,0,0,0,0,0,0
3607,0.25318,0.1637,-0.49173,-0.69184,-0.74282,0.39053,0.02337,0,0,0,0
3608,0.16326,0.13291,-0.42569,-0.81688,-0.64587,1.31059,0,0,0,0,0
3609,0.05136,0.3815,-0.28834,-0.3678,-0.65682,0.75006,0.55166,0,0,0,0
3610,0.41539,0.17382,-0.44586,-0.58646,-0.65753,0.78585,0,0,0,0,0
3611,0.22786,0.11534,-0.23849,-0.5063,-0.5123,0,0,0,0,0,0
3612,0.32098,0.19074,-0.28105,-0.7792,-0.58071,0.73353,0.40056,0,0,0,0
3613,0.14892,0.2477,-0.38003,-0.58557,-0.58252,0.59081,0,0,0,0,0
3614,0.3242,0.0635,-0.40575,-0.53513,-0.52636,0,0,0,0,0,0
3615,0.24029,0.1377,-0.49624,-0.64339,-0.56038,0.80437,0.41641,0,0,0,0
3616,0.21051,0.23053,-0.46252,-0.83193,-0.44145,1.0557,0,0,0,0,0
3617,0.53121,0.17852,-0.51926,-0.80396,-0.70687,0.58706,0,0,0,0,0
3618,0.60931,0.13235,-0.31146,-0.80211,-0.67078,0.85939,-0.06606,0,0,0,0
3619,0.30048,0.18395,-0.34351,-0.60698,-0.76976,0,0,0,0,0,0
3620,0.43726,0.14354,-0.40228,-0.54011,-0.46046,1.0241,0,0,0,0,0
3621,0.69276,0.15213,-0.43156,-0.90883,-0.62943,1.00097,0,0,0,0,0
3622,0.50888,0.18958,-0.35523,-0.7577,-0.60887,0.84934,0.41367,0,0,0,0
3623,0.30347,-0.05649,-0.61727,-0.93445,-0.72369,0.48033,0,0,0,0,0
3624,0.85105,0.23438,-0.31389,-0.8651,-0.46501,0.941,0,0,0,0,0
3625,0.18552,0.18197,-0.38362,-0.59271,-0.6251,0,0,0,0,0,0
3626,0.12906,-8.31034E-4,-0.43246,-0.66789,-0.61316,0.62711,0,0,0,0,0
3627,0.08651,0.2638,-0.32386,-0.52902,-0.67927,0.51667,-0.17525,0,0,0,0
3628,0.2293,0.1546,-0.21837,-0.30733,-0.67872,0.72057,0.47988,0,0,0,0
3629,0.26113,0.16518,-0.35266,-0.54948,-0.46627,0,0,0,0,0,0
3630,0.31772,0.3224,-0.19858,-0.48587,-0.65864,0.62759,0.22669,0,0,0,0
3631,0.23394,-9.55735E-3,-0.27116,-0.44245,-0.68651,0.58569,0,0,0,0,0
3632,0.52853,0.38769,-0.40754,-0.70379,-0.75357,0,0,0,0,0,0
3633,0.42101,0.15991,-0.29399,-0.72381,-0.55007,0.94062,0,0,0,0,0
3634,0.59323,0.19474,-0.52339,-0.7666,-0.62909,0.63148,0,0,0,0,0
3635,0.5063,0.16904,-0.46041,-0.67382,-0.5722,0,0,0,0,0,0
3636,-0.10949,0.06415,-0.48858,-0.72651,-0.66619,0.54032,0.39614,0,0,0,0
3637,-0.047,0.25767,-0.29108,-0.42222,-0.54634,0.38502,0.51635,0,0,0,0
3638,0.54432,0.18626,-0.50506,-0.55688,-0.35783,0,0,0,0,0,0
3639,0.32546,0.07067,-0.51159,-0.6195,-0.65913,0,0,0,0,0,0
3640,1.44812,-0.13746,-0.25412,-0.16855,-0.3291,0,0,0,0,0,0
3641,0.87255,0.20615,-0.12721,-0.55573,-0.31406,1.03773,0,0,0,0,0
3642,0.76272,0.1824,-0.40697,-0.8198,-0.53875,0.63997,0,0,0,0,0
3643,0.96901,0.28478,-0.22962,-0.75506,-0.27831,1.06018,0.40038,0,0,0,0
3644,0.40419,0.16868,-0.45244,-0.48712,-0.37994,0.98947,0.21749,0,0,0,0
3645,0.35208,0.17092,-0.38924,-0.48899,-0.48195,0.89834,0.35212,0,0,0,0
3646,0.54691,0.20381,-0.47429,-0.85551,-0.66082,0,0,0,0,0,0
3647,-0.13243,0.11039,-0.66164,-0.95786,-0.60532,0.69747,0,0,0,0,0
3648,0.67269,0.28164,-0.36324,-0.5279,-0.59256,1.45811,0,0,0,0,0
3649,0.54162,0.34356,-1.61787E-3,-0.50335,0.0842,1.72451,0,0,0,0,0
3650,0.45856,0.17116,-0.3596,-0.77197,-0.47365,1.06843,0.36388,0,0,0,0
3651,0.28697,0.38483,-0.43333,-0.63932,-0.48114,0.94264,0,0,0,0,0
3652,0.14265,0.25713,-0.3318,-0.55993,-0.64055,0.70909,0.19389,0,0,0,0
3653,0.37472,0.1482,-0.42576,-0.44573,-0.62793,0.66838,0,0,0,0,0
3654,0.51065,0.41642,-0.31105,-0.58542,-0.30035,1.06014,0.53389,0,0,0,0
3655,0.13919,-0.13301,-0.76615,-1.06384,-0.91317,-0.18412,0,0,0,0,0
3656,0.06626,0.06632,-0.39741,-0.58664,-0.67432,0.95853,0,0,0,0,0
3657,0.23157,0.10961,-0.49976,-0.55195,-0.68935,0.7441,0.31339,0,0,0,0
3658,0.2917,0.07908,-0.17932,-0.37872,-0.6517,0.97565,0,0,0,0,0
3659,0.26464,0.06206,-0.46728,-0.73388,-0.52962,1.06232,0.3609,0,0,0,0
3660,0.18361,0.09015,-0.39358,-0.55724,-0.60517,0.89785,0.09326,0,0,0,0
3661,0.67607,0.22688,-0.05565,-0.38665,-0.15108,1.14699,0,0,0,0,0
3662,0.62476,0.1931,-0.47567,-0.89371,-0.65199,1.14558,0,0,0,0,0
3663,1.32279,0.06126,1.19078,-1.05295,-0.35589,0.81889,0,0,0,0,0
3664,0.02517,0.27281,-0.20648,-0.53571,-0.50546,0,0,0,0,0,0
3665,0.02346,-0.01767,-0.5157,-0.51754,-0.53943,0.9643,0,0,0,0,0
3666,0.28136,0.01723,-0.46123,-0.39981,-0.64991,0,0.33264,0,0,0,0
3667,0.10797,0.07439,-0.22406,-0.49579,-0.46146,0,0,0,0,0,0
3668,0.22016,0.12123,-0.16627,-0.77223,-0.56069,0.66426,0,0,0,0,0
3669,0.12126,0.26652,-0.56144,-0.43862,-0.62984,0.5026,0,0,0,0,0
3670,0.63582,0.08782,-0.19378,-0.61984,0.15368,1.97955,0.72707,0,0,0,0
3671,0.85276,0.24151,-0.38759,-0.97771,-0.8117,0,0,0,0,0,0
3672,0.40294,0.11874,-0.54352,-0.59432,-0.67852,0,0,0,0,0,0
3673,0.49278,0.18844,-0.4609,-0.52103,-0.562,0.75561,0,0,0,0,0
3674,0.1534,0.0146,-0.60966,-0.64407,-0.72205,0.17066,0.65699,0,0,0,0
3675,0.26364,0.21813,-0.40749,-0.50565,-0.611,0,0,0,0,0,0
3676,0.71324,0.26741,-0.3911,-0.46957,-0.57801,1.34214,0,0,0,0,0
3677,0.41127,0.18846,-0.55065,-0.63656,-0.50996,1.2078,0,0,0,0,0
3678,0.98644,0.2904,-0.10206,-0.28355,-0.18142,1.86468,0,0,0,0,0
3679,0.42022,0.13221,-0.41994,-0.81121,-0.46401,0,0,0,0,0,0
3680,0.07993,0.06338,-0.44429,-0.57317,-0.57153,0.78252,0,0,0,0,0
3681,0.1579,0.31679,-0.44827,-0.92791,-0.36789,1.01669,0.29976,0,0,0,0
3682,0.88299,0.2859,-0.02057,-0.57605,-0.05022,1.56673,0.88419,0,0,0,0
3683,0.08553,0.01652,-0.53109,-0.79917,-0.76944,0.6161,-0.17247,0,0,0,0
3684,0.06366,0.0244,-0.46818,-0.5792,-0.62524,0.89045,-0.3243,0,0,0,0
3685,0.1183,0.14463,-0.49597,-0.68415,-0.66015,1.03078,0.27872,0,0,0,0
3686,0.05922,0.12892,-0.42852,-0.61258,-0.67086,0.79901,0.21319,0,0,0,0
3687,-0.1449,0.02533,-0.38571,-0.69553,-0.49332,0,0,0,0,0,0
3688,0.33848,0.09611,-0.53526,-0.78822,-0.60054,1.0384,0,0,0,0,0
3689,0.02318,0.04189,-0.58158,-0.68504,-0.67448,0.62524,-0.09336,0,0,0,0
3690,0.24969,0.09023,-0.45291,-0.81127,-0.445,1.00078,-0.0254,0,0,0,0
3691,0.1307,3.89388E-4,-0.49125,-0.53439,-0.53285,0.53448,0.10942,0,0,0,0
3692,0.2009,0.01822,-0.52745,-0.63047,-0.46505,0.97624,-0.01078,0,0,0,0
3693,0.43823,0.02563,-0.69487,-0.60105,-0.63472,0.29978,0.02321,0,0,0,0
3694,0.85601,0.35814,0.07938,-0.40024,0.08732,1.90309,0.51083,0,0,0,0
3695,0.49729,0.04211,-0.45532,-0.83257,-0.60622,1.09146,-6.46126E-3,0,0,0,0
3696,0.1021,-0.11712,-0.39091,-0.61781,-0.58446,1.33332,0,0,0,0,0
3697,0.57277,0.06258,-0.42477,-0.63553,-0.50953,0.60693,0.03416,0,0,0,0
3698,0.3368,0.12667,-0.36998,-0.56506,-0.54217,0,0,0,0,0,0
3699,0.57535,0.18283,-0.47309,-0.68724,-0.67545,1.10302,0.0482,0,0,0,0
3700,0.771,0.24534,-0.39507,-0.27753,-0.43036,0.86827,0,0,0,0,0
3701,0.80882,0.41016,-0.13036,-0.50398,0.20569,1.8948,1.2181,0,0,0,0
3702,0.3203,0.09797,-0.46186,-0.58296,-0.39607,1.09129,-0.04912,0,0,0,0
3703,0.59839,0.24981,-0.24278,-0.63058,0.01172,0,0,0,0,0,0
3704,0.63811,0.11444,-0.18051,-0.58331,-0.34423,0,0,0,0,0,0
3705,0.53316,0.08127,-0.4405,-0.66969,-0.35566,1.44178,0.71631,0,0,0,0
3706,0.51012,0.19446,-0.40735,-0.46901,-0.47132,0,0,0,0,0,0
3707,0.02078,0.04524,-0.34029,-0.6156,-0.47324,1.03441,-0.03567,0,0,0,0
3708,-0.06248,-0.03507,-0.60171,-0.5899,-0.60037,1.04772,0.16811,0,0,0,0
3709,0.32213,1.21631E-4,-0.65429,-0.43524,-0.51704,0.68797,0.20263,0,0,0,0
3710,-0.01142,0.25676,-0.49537,-0.60362,-0.69841,2.49524,0,0,0,0,0
3711,0.20459,0.04392,-0.52421,-0.62958,-0.62546,0.78503,0.05961,0,0,0,0
3712,0.80708,0.46006,-0.26046,-0.63955,-0.50914,1.59122,0.44409,0,0,0,0
3713,0.12963,-0.0808,-0.53861,-0.6403,-0.69323,0.67728,-0.04158,0,0,0,0
3714,0.26497,0.02751,-0.48575,-0.74284,-0.52603,0.96598,0.35739,0,0,0,0
3715,0.3963,0.23652,-0.36144,-0.48592,-0.53098,0.91843,0,0,0,0,0
3716,0.09837,0.09096,-0.57889,-0.80494,-0.65448,0.80983,0.02972,0,0,0,0
3717,0.1746,-0.03196,-0.4855,-0.72004,-0.75775,0.98606,0.1709,0,0,0,0
3718,0.97037,0.53684,-0.39992,-0.18055,-0.21505,0,0,0,0,0,0
3719,0.22902,0.15834,-0.35867,-0.5455,-0.54024,-0.03238,0,0,0,0,0
3720,0.5606,0.1391,-0.2671,-0.70829,-0.10296,1.67448,0.63036,0,0,0,0
3721,0.60705,0.28368,-0.4252,-0.5262,-0.58729,0.15651,0,0,0,0,0
3722,0.53218,0.10976,-0.44736,-0.47523,-0.59517,0.89192,0.10055,0,0,0,0
3723,0.7777,0.72189,-0.34432,-0.20825,-0.31163,0.33039,0,0,0,0,0
3724,0.2422,0.08955,-0.48496,-0.68827,-0.39189,1.05136,-0.07331,0,0,0,0
3725,0.62368,0.54101,-0.01623,-0.47569,-0.06948,0,0,0,0,0,0
3726,0.43963,0.16215,-0.48763,-0.61167,-0.59872,0.61344,0.08602,0,0,0,0
3727,0.75642,0.55145,0.03472,-0.61314,0.1538,0,0,0,0,0,0
3728,0.37798,0.0557,-0.17801,-0.35184,-0.08569,1.62728,0.45554,0,0,0,0
3729,0.4042,0.08253,-0.63218,-0.63413,-0.64668,0.62309,0,0,0,0,0
3730,0.05873,-0.06573,-0.15042,-0.62581,-0.27945,0,0,0,0,0,0
3731,0.40617,7.53366E-3,-0.24084,-0.66234,-0.04706,1.51523,-0.06879,0,0,0,0
3732,0.56104,0.0991,-0.42183,-0.46206,-0.51398,0.95141,0.18264,0,0,0,0
3733,0.13106,0.13879,-0.72193,-0.22898,-0.4172,0,0,0,0,0,0
3734,0.02612,0.0525,-0.49484,-0.7584,-0.60523,1.36831,0,0,0,0,0
3735,0.6766,0.10125,-0.39427,-0.57122,-0.49246,1.20013,0,0,0,0,0
3736,0.32458,-1.36868E-3,-0.53402,-0.55221,-0.54218,0.95578,0.11973,0,0,0,0
3737,-0.0544,0.0831,-0.34568,-0.2729,-0.39118,0.7443,0,0,0,0,0
3738,0.12832,-0.04332,-0.59118,-0.56004,-0.72921,0.89279,0,0,0,0,0
3739,0.27595,0.08753,-0.35405,-0.48039,-0.48585,1.18968,0.43177,0,0,0,0
3740,4.46241E-3,-0.02044,-0.56781,-0.47798,-0.57313,1.17967,0.16478,0,0,0,0
3741,0.55304,0.21228,-0.39583,-0.59909,-0.60505,1.00819,0.40637,0,0,0,0
3742,0.67599,0.26004,-0.42651,-0.40469,-0.41533,0.75796,0.19741,0,0,0,0
3743,0.51712,0.12382,-0.38776,-0.52821,-0.41534,0.75412,0,0,0,0,0
3744,0.33605,0.17157,-0.23651,-0.48437,-0.24826,0,0,0,0,0,0
3745,0.54771,0.30018,-0.43744,-0.55311,-0.47983,0.74736,0.14528,0,0,0,0
3746,0.18709,0.05661,-0.59589,-0.62171,-0.65227,1.0557,0,0,0,0,0
3747,0.49079,0.21263,-0.13404,-0.60606,0.09217,1.63019,1.19933,0,0,0,0
3748,0.52891,0.1568,-0.52652,-0.55091,-0.57167,0.89466,0.08639,0,0,0,0
3749,0.48179,0.06405,-0.32551,-0.67177,-0.10507,1.86409,0.90228,0,0,0,0
3750,0.44371,0.23583,-0.09079,-0.41335,0.0347,0,0,0,0,0,0
3751,0.3836,9.75404E-3,-1.215,0.25063,-0.49523,0,0,0,0,0,0
3752,0.29911,0.21876,-0.25505,-0.68987,-0.40683,1.39993,0.31305,0,0,0,0
3753,0.80223,-0.0904,-1.01045,-0.64937,-0.29813,0,0,0,0,0,0
3754,0.65194,0.36303,-0.19748,-0.54217,-0.32435,1.59978,0.67188,0,0,0,0
3755,0.09774,0.16248,-0.25663,-0.25021,-0.42924,1.30441,-0.03069,0,0,0,0
3756,0.53455,0.22706,-0.50095,-0.38713,-0.45947,0.62929,-0.39528,0,0,0,0
3757,0.11925,0.15663,-0.55411,-0.36512,-0.46462,1.25573,0.17635,0,0,0,0
3758,-0.07968,0.09224,-0.39479,-0.51113,-0.52572,0.97424,-0.12164,0,0,0,0
3759,0.29744,-0.01885,-0.23646,-0.35025,-0.44793,1.32126,0,0,0,0,0
3760,0.0757,0.08498,-0.72339,-0.73566,-0.74225,0,0,0,0,0,0
3761,0.29364,0.06144,-0.1327,-0.5348,-0.60793,0,0,0,0,0,0
3762,0.77732,0.08693,-0.07094,-0.60538,0.10575,1.56127,0,0,0,0,0
3763,0.70681,0.16792,-0.08471,-0.48074,0.34992,0,0,0,0,0,0
3764,1.10647,0.3958,-0.34096,-0.21806,-0.37779,0.95479,0,0,0,0,0
3765,-0.11805,0.11958,-0.66793,-0.28652,-0.55242,0.84943,0.09889,0,0,0,0
3766,0.09724,0.20661,-0.41435,-0.27603,-0.52988,0,0,0,0,0,0
3767,-0.04644,-0.12109,-0.7354,-0.84892,-0.96298,0.7408,-0.08638,0,0,0,0
3768,0.32305,0.05685,-0.54056,-0.60705,-0.71607,0,0,0,0,0,0
3769,0.81537,0.30191,-4.03698E-3,-0.47856,-0.23263,1.69956,0,0,0,0,0
3770,0.40897,0.15316,-0.54677,-0.62735,-0.55254,0.76338,0,0,0,0,0
3771,0.68122,-0.01828,-0.37725,-0.59248,-0.38706,1.34626,0.85265,0,0,0,0
3772,0.77095,0.40757,-0.26903,-0.23943,-0.35135,0.66763,0,0,0,0,0
3773,0.64422,0.4295,-0.2725,-0.23948,-0.50179,0.78526,0.17595,0,0,0,0
3774,0.38125,0.08651,-0.54671,-0.51057,-0.66402,1.09252,0,0,0,0,0
3775,-0.09503,-0.04617,-0.45635,-0.41098,-0.54421,1.05826,0.03037,0,0,0,0
3776,0.05895,-0.19894,-0.7132,-0.44311,-0.57755,0,0,0,0,0,0
3777,0.23526,-0.02542,-0.70352,-0.73354,-0.72606,0.41834,0,0,0,0,0
3778,0.76021,0.35487,-0.18951,-0.54477,-0.11566,1.57098,0,0,0,0,0
3779,0.06323,0.1827,-0.38421,-0.52952,-0.46212,1.0557,0.38145,0,0,0,0
3780,0.01629,-0.06368,-0.48314,-0.47685,-0.7529,0.83903,-0.45449,0,0,0,0
3781,1.00024,8.8966E-3,-0.18447,-0.60394,-0.10476,0,0,0,0,0,0
3782,0.01398,-0.03133,-0.54124,-0.55374,-0.62389,1.12244,0.05066,0,0,0,0
3783,0.73816,0.93055,-0.16311,-0.5969,0.36928,0,0,0,0,0,0
3784,0.66687,0.26121,-0.02735,-0.37491,0.30786,0,0,0,0,0,0
3785,-0.03483,0.45137,-0.2862,-0.33953,-0.79702,0,0,0,0,0,0
3786,0.21524,0.10373,-0.35915,-0.83946,-0.71216,1.13291,9.5991E-3,0,0,0,0
3787,0.32985,0.15716,-0.47201,-0.65985,-0.29514,1.25077,0.4944,0,0,0,0
3788,0.42416,0.63292,-0.19101,-0.14405,-0.20612,1.61219,0.78106,0,0,0,0
3789,-0.09149,-0.03496,-0.51742,-0.55381,-0.5619,1.0476,-0.34247,0,0,0,0
3790,-0.05337,0.32997,-0.54515,-0.55814,-0.44048,0,0,0,0,0,0
3791,0.82618,0.34517,-0.46737,-0.31428,-0.65313,0.69608,-0.35163,0,0,0,0
3792,0.01485,0.26951,-0.32901,-0.35629,-0.55741,0.87338,0,0,0,0,0
3793,0.59411,0.22658,-0.24985,-0.26996,-0.29005,0.66077,0.37012,0,0,0,0
3794,-0.01851,-0.05929,-0.50549,-0.59674,-0.4914,0,0,0,0,0,0
3795,8.678E-3,0.04021,-0.48423,-0.6041,-0.50253,1.0221,0,0,0,0,0
3796,0.44997,0.27045,-0.34996,-0.73769,-0.48448,0,0,0,0,0,0
3797,-0.24949,-0.04055,-0.56849,-0.58633,-0.56147,0.86406,-0.11949,0,0,0,0
3798,-0.18123,4.69196E-3,-0.60453,-0.53769,-0.65818,1.50942,-0.14954,0,0,0,0
3799,-0.0725,0.05845,-0.45743,-0.52451,-0.45507,1.2209,-0.13541,0,0,0,0
3800,0.22805,-0.06372,-0.71392,-0.82957,-0.91158,0.70834,-0.01049,0,0,0,0
3801,0.07377,0.07321,-0.5048,-0.27327,-0.6842,1.21694,-0.02414,0,0,0,0
3802,0.51387,0.08116,-0.1824,-0.50745,-0.23904,0,0,0,0,0,0
3803,0.18197,-5.98355E-3,-0.52023,-0.79555,-0.70693,0.83871,-0.04626,0,0,0,0
3804,0.44555,0.07081,-0.48285,-0.60002,-0.57953,0.92454,-0.11355,0,0,0,0
3805,1.23699,0.4065,-0.03546,-0.30959,0.57157,0,0,0,0,0,0
3806,0.56592,0.14275,-0.54689,-0.42867,-0.6208,-0.43784,0,0,0,0,0
3807,-0.32452,0.10665,-0.48006,-0.49743,-0.40093,1.75371,0.02485,0,0,0,0
3808,0.35172,0.18023,-0.54128,-0.5077,-0.64202,1.15886,0.43242,0,0,0,0
3809,0.61337,0.17421,-0.58084,-0.52196,-0.73154,0.73136,-0.35622,0,0,0,0
3810,0.7759,0.33675,-0.18661,-0.2767,-0.15461,0,0,0,0,0,0
3811,0.15973,0.16527,-0.45022,-0.45727,-0.56112,1.22397,0.27004,0,0,0,0
3812,-0.05579,0.12963,-0.44841,-0.43749,-0.60698,1.16229,0,0,0,0,0
3813,-0.10525,0.30657,-0.19785,-0.57112,-0.5683,0,0,0,0,0,0
3814,1.10208,0.33857,0.05264,-0.2514,0.46356,0,0,0,0,0,0
3815,0.89873,0.40723,1.67894E-3,-0.48009,0.12749,1.7237,1.24522,0,0,0,0
3816,-0.41854,-0.02134,-0.50101,-0.47762,-0.56508,1.42049,0,0,0,0,0
3817,0.61152,0.40579,0.28317,-0.29549,0.32327,1.65402,0,0,0,0,0
3818,-1.27558,-0.78479,-1.33554,-1.3974,-1.43026,-1.05862,-0.15276,0,0,0,0
3819,0.08189,0.08273,-0.47813,-0.38874,-0.49999,1.4998,0,0,0,0,0
3820,-0.04247,-0.02731,-0.40031,-0.6682,-0.53631,1.10145,-0.0561,0,0,0,0
3821,0.68189,0.40005,-0.17266,-0.12664,-0.27082,0,0,0,0,0,0
3822,-0.10211,-0.05934,-0.49369,-0.45519,-0.42599,1.26691,0,0,0,0,0
3823,-0.12729,-0.0855,-0.59694,-0.60332,-0.68811,0.90913,-0.04278,0,0,0,0
3824,0.84987,0.34139,-0.45243,-0.35803,-0.53361,0.61408,0,0,0,0,0
3825,-0.5886,-0.17133,-0.70923,-0.71593,-0.75459,1.21238,0,0,0,0,0
3826,0.16255,-6.91712E-4,-0.31004,-0.42174,-0.70978,0,0,0,0,0,0
3827,0.1019,-0.03817,-0.52737,-0.72408,-0.66084,1.09669,0,0,0,0,0
3828,0.39016,0.1031,-0.39597,-0.67879,-0.7295,1.03633,0.03642,0,0,0,0
3829,0.84287,0.31189,-0.35196,-0.68752,-0.56606,0.78001,0.08092,0,0,0,0
3830,0.72188,0.26472,-0.45489,-0.57577,-0.55354,0.8858,0.40918,0,0,0,0
3831,-0.5018,-0.08027,-0.47784,-0.58127,-0.56818,1.43039,0,0,0,0,0
3832,-0.79379,-0.28308,-0.72729,-0.8785,-0.90346,1.10894,0,0,0,0,0
3833,-0.07576,0.12346,-0.41487,-0.60444,-0.57677,1.32928,0.08823,0,0,0,0
3834,0.40732,0.29779,-0.4563,-0.46044,-0.60444,1.34256,0,0,0,0,0
3835,0.54422,0.17441,-0.54781,-0.65289,-0.7634,1.04114,0,0,0,0,0
3836,0.65481,0.35462,-0.53227,-0.66639,-0.7499,0,0,0,0,0,0
3837,0.30863,0.37759,-0.36033,-0.34987,-0.50593,0.7929,0.04433,0,0,0,0
3838,-0.22959,-0.061,-0.52983,-0.55235,-0.68376,1.13247,0,0,0,0,0
3839,-0.36895,0.04784,-0.35927,-0.67139,-0.56442,0.84966,0,0,0,0,0
3840,-0.15411,-0.1191,-0.33216,-0.43983,-0.61149,0.99116,0,0,0,0,0
3841,0.40579,0.15961,-0.48494,-0.50856,-0.64181,1.36357,0.53804,0,0,0,0
3842,0.29757,0.28884,-0.30346,-0.4014,-0.52477,1.45902,0,0,0,0,0
3843,0.1968,0.0378,-0.54591,-0.60857,-0.69349,1.22373,0.11098,0,0,0,0
3844,0.10655,0.05678,-0.30047,-0.54191,-0.59815,0.76801,0.14306,0,0,0,0
3845,-0.61353,-0.05639,-0.25006,-0.61255,-0.70762,1.36932,0,0,0,0,0
3846,0.21135,0.18699,-0.35431,-0.7164,-0.60959,1.40905,0,0,0,0,0
3847,0.33641,0.11166,-0.56955,-0.67354,-0.83298,1.04895,-0.05001,0,0,0,0
3848,0.92287,0.45507,0.45214,-0.53829,0.15632,1.86801,0,0,0,0,0
3849,0.20022,0.12315,-0.32613,-0.52457,-0.43513,1.31804,0,0,0,0,0
3850,0.50286,0.23706,-0.56233,-0.54685,-0.73852,0.0427,0.3422,0,0,0,0
3851,0.57037,0.11681,-0.41429,-0.36837,-0.79081,1.30577,0,0,0,0,0
3852,0.33804,0.2844,-0.31511,-0.3559,-0.60463,1.26418,0,0,0,0,0
3853,-0.08857,0.15258,-0.32985,-0.26967,-0.64106,1.19454,0,0,0,0,0
3854,0.15166,0.14835,-0.30284,-0.54516,-0.46661,1.37134,-5.79793E-4,0,0,0,0
3855,0.46798,0.28289,-0.39286,-0.4713,-0.56219,1.10699,0,0,0,0,0
3856,0.3565,0.24361,-0.46753,-0.46627,-0.72162,1.02333,0.04227,0,0,0,0
3857,0.56856,0.13054,-0.17687,-0.49338,-0.55001,1.40194,0.09539,0,0,0,0
3858,1.01114,0.37009,-0.42931,-0.41546,-0.51295,1.0418,0,0,0,0,0
3859,0.33897,0.18903,-0.29532,-0.6393,-0.52323,1.08832,0,0,0,0,0
3860,1.0526,-0.30328,-0.97808,-0.1166,1.01441,0,0,0,0,0,0
3861,0.55706,0.30445,-0.28986,-0.4169,-0.44836,1.07981,0.48924,0,0,0,0
3862,0.56741,0.2059,-0.36892,-0.44703,-0.67971,0.89638,-0.13749,0,0,0,0
3863,0.37746,0.06492,-0.51769,-0.59226,-0.7417,1.0653,0,0,0,0,0
3864,0.64435,0.48474,-0.13376,-0.34554,-0.35348,1.53588,0.70372,0,0,0,0
3865,0.42894,0.32577,-0.40762,-0.31442,-0.34179,1.97199,0,0,0,0,0
3866,1.65134,0.1604,-0.29682,-0.31783,0.47235,0,0,0,0,0,0
3867,0.53844,0.20217,-0.36821,-0.53045,-0.64483,1.25217,-0.15295,0,0,0,0
3868,0.19433,0.2525,-0.31967,-0.30517,-0.53977,1.46545,0.34637,0,0,0,0
3869,0.63994,0.26898,-0.52216,-0.41964,-0.60113,1.04666,0.04453,0,0,0,0
3870,0.75469,0.4267,-0.04757,-0.33669,0.12215,1.60818,0,0,0,0,0
3871,0.82487,0.38635,-0.3906,-0.65174,-0.6682,1.41237,0,0,0,0,0
3872,0.91541,0.38966,-0.26251,-0.55436,-0.39213,1.64048,0.60409,0,0,0,0
3873,0.33438,0.33121,0.0668,-0.50571,-0.22138,1.38413,0.26641,0,0,0,0
3874,0.96778,0.11512,-0.20933,-0.42507,-0.46732,1.52446,0.48224,0,0,0,0
3875,0.79172,0.365,-0.33848,-0.54896,-0.54958,1.04035,0,0,0,0,0
3876,0.51288,0.26623,-0.4293,-0.63843,-0.6555,1.33948,0.05744,0,0,0,0
3877,0.64392,0.33945,-0.18807,-0.50727,-0.52482,1.32233,0.98547,0,0,0,0
3878,0.77772,0.44568,-0.12936,-0.26639,-0.44651,1.59137,0,0,0,0,0
3879,0.76243,0.4183,-0.24057,-0.24887,-0.52916,1.40364,6.55507E-3,0,0,0,0
3880,0.79834,0.4659,-0.43879,-0.49711,-0.51347,0.8858,0,0,0,0,0
3881,0.54898,0.26927,-0.36184,-0.43829,-0.60286,1.14256,0,0,0,0,0
3882,0.80886,0.31372,-0.3245,-0.31741,-0.55948,1.7051,0,0,0,0,0
3883,0.55654,0.24233,-0.36182,-0.48619,-0.74098,1.15445,0.20386,0,0,0,0
3884,0.77452,0.46452,-0.04204,-0.33917,-0.52004,1.20832,0,0,0,0,0
3885,0.85571,0.28972,0.17145,-0.47525,-0.22539,1.56923,0.75259,0,0,0,0
3886,0.43344,0.24608,-0.50131,-0.6975,-0.78729,1.14854,0.27553,0,0,0,0
3887,0.60551,0.38859,-0.1772,-0.49874,-0.48946,1.39907,0,0,0,0,0
3888,0.47549,0.26594,-0.38384,-0.62892,-0.71015,1.28305,0.32216,0,0,0,0
3889,0.96007,0.65935,-0.19841,-0.34606,-0.35991,1.37791,0.29734,0,0,0,0
3890,0.91211,0.41919,-0.38307,-0.58733,-0.44721,1.54882,0.61875,0,0,0,0
3891,0.75661,0.37464,-0.2811,-0.47478,-0.47603,1.36127,-0.125,0,0,0,0
3892,0.82976,0.53122,-0.09353,-0.45461,-0.51964,1.08952,-0.16538,0,0,0,0
3893,0.88266,0.30475,-0.22633,-0.16418,-0.62912,1.26116,0.54064,0,0,0,0
3894,1.09346,0.24918,-0.67604,-0.66876,-0.58297,1.51897,0.45515,0,0,0,0
3895,1.03052,0.31504,-0.27936,-0.45287,-0.62166,1.31963,-0.49538,0,0,0,0
3896,-1.55705,0.22128,-0.4983,1.25141,2.63919,0,0,0,0,0,0
3897,0,0,0,0,0,0,0,0,0,0,0
3898,1.16371,1.49123,1.35359,0.94217,2.07499,0,0,0,0,0,0
3899,-0.10551,0.64789,0.39558,1.26545,1.49573,-0.36276,2.84026,0,0,0,0
3900,-2.48278,0.22039,-0.81983,1.35278,3.35421,1.4717,0,0,0,0,0
3901,-2.08846,0.14805,-0.5486,1.84813,3.36138,1.93982,0,0,0,0,0
3902,0.48548,0.45539,-0.57728,1.5466,1.8493,0,0,0,0,0,0
3903,-0.25442,0.48943,-0.19248,0.86978,2.02212,2.74104,0,0,0,0,0
3904,-1.73046,0.36072,-0.70006,1.89133,2.86353,0,1.31372,0,0,0,0
3905,2.15688,1.07287,1.62572,0.40271,2.30654,0,2.7438,0,0,0,0
3906,-0.21388,0.28298,0.0813,1.1645,1.74723,2.98771,0.59134,0,0,0,0
3907,-0.42033,0.40497,0.27318,1.70835,2.12623,0,0,0,0,0,0
3908,-0.07791,0.35087,-0.24838,0.90263,1.61928,0,0,0,0,0,0
3909,-1.21537,-0.30713,-0.75412,1.40284,2.47446,0.69929,0.59493,0,0,0,0
3910,0.63269,0.51915,0.24684,0.29374,1.13135,0,0,0,0,0,0
3911,-0.18948,0.48566,0.14479,2.39194,3.19751,0,0,0,0,0,0
3912,-1.49491,-0.43158,-0.88977,1.01753,2.63043,1.48745,0,0,0,0,0
3913,-0.48846,-0.14928,-0.13767,0.83037,1.65363,0,0.14024,0,0,0,0
3914,-0.93803,-0.27209,-0.54485,1.03298,2.32961,1.30523,0,0,0,0,0
3915,-0.22904,-0.07775,-0.02023,-0.44234,1.62578,0,0,0,0,0,0
3916,-0.09243,0.02614,-0.11162,0.40766,1.25406,2.63169,2.2943,0,0,0,0
3917,-0.19846,-0.22703,-0.34864,0.231,1.20729,2.42877,1.90213,0,0,0,0
3918,0.46215,4.09622E-3,-0.28575,-0.1424,0.63401,2.62688,1.88118,0,0,0,0
3919,0.47572,-0.02121,0.06962,-0.09283,0.34074,2.37883,1.30378,0,0,0,0
3920,-0.83959,-0.86332,-0.83116,0.76175,1.81349,1.02353,-0.10909,0,0,0,0
3921,-0.9834,-0.61642,-0.67092,0.92773,1.98316,0,0,0,0,0,0
3922,-0.13913,-0.3766,-0.39278,0.03794,0.82113,2.16393,0.49288,0,0,0,0
3923,0.31435,0.31407,-0.5174,0.4421,1.85169,0,0,0,0,0,0
3924,-0.12894,0.07803,0.17951,-0.08139,1.48094,0,0,0,0,0,0
3925,-0.11242,-0.50113,-0.61058,-0.16108,0.65025,0,0,0,0,0,0
3926,-0.29974,-0.57034,-0.49993,-0.06388,0.80785,2.09193,0,0,0,0,0
3927,1.14782,0.46067,-0.01195,0.07552,0.36991,0,0,0,0,0,0
3928,-1.35277,-1.38303,-1.31489,0.59276,1.56683,1.03846,-0.76547,0,0,0,0
3929,0.66559,0.22842,0.07074,-0.07494,0.60673,2.9007,1.29087,0,0,0,0
3930,-0.51222,-0.38091,-0.29611,1.17693,2.22578,0,0,0,0,0,0
3931,-1.33897,-1.25054,-1.15397,0.52872,1.65102,0.46455,-0.45277,0,0,0,0
3932,0.48058,0.14471,-0.11689,-0.40103,0.39012,1.12511,0,0,0,0,0
3933,0.06517,-0.18443,-0.06466,0.56619,1.7714,0,0,0,0,0,0
3934,-0.45046,-0.52096,-0.52893,0.74195,1.87926,1.85908,0,0,0,0,0
3935,0,0,0,0,0,0,0,0,0,0,0
3936,-0.10499,0.04342,-0.41008,0.39448,1.34316,1.8032,0,0,0,0,0
3937,0,0,0,0,-1.32969,0,0,0,0,0,0
3938,0.1055,-0.72068,0.84255,-1.49622,1.78987,0,0,0,0,0,0
3939,0.77011,-0.02866,-0.29754,-0.28577,0.30292,2.09793,1.29705,0,0,0,0
3940,0.26541,-0.11281,-0.326,0.88654,1.8128,1.79412,0,0,0,0,0
3941,0.02842,-0.21317,-0.06943,0.47366,1.12687,2.10552,0,0,0,0,0
3942,0.66586,0.26291,-0.19662,-0.3308,0.11398,1.56652,0,0,0,0,0
3943,0.09608,-0.18354,-0.37981,-0.42806,0.46697,1.97127,0.9437,0,0,0,0
3944,-0.5731,-0.47633,-0.58861,1.11613,1.81917,0.76015,-0.17703,0,0,0,0
3945,-0.48082,-0.27706,-0.49405,0.12548,1.49778,1.56652,-0.28879,0,0,0,0
3946,-0.87136,-0.83906,-0.95411,0.59419,1.78579,1.43745,0,0,0,0,0
3947,1.03197,0.17422,-0.05391,-0.16016,0.27294,1.80209,0,0,0,0,0
3948,0.45051,-0.02422,-0.10252,-0.46904,0.3769,0,0,0,0,0,0
3949,-0.18902,-0.38749,-0.69617,0.39431,1.68845,1.43526,0.84264,0,0,0,0
3950,0.64742,0.11967,-0.10526,-0.49924,0.19249,1.65673,0.73377,0,0,0,0
3951,0.3009,-0.07748,-0.28685,-0.32972,0.56379,2.06016,0.45463,0,0,0,0
3952,0.48573,-0.13658,-0.32078,-0.68008,0.14769,1.94121,0.80473,0,0,0,0
3953,0.37248,-0.25719,-0.33336,-0.53799,0.09925,2.0534,0,0,0,0,0
3954,0.24105,-0.07834,-0.14818,-0.56716,0.37834,2.38706,0.83615,0,0,0,0
3955,-0.48493,-0.37595,-0.58444,0.05467,1.21092,1.50297,-0.28066,0,0,0,0
3956,-0.70857,-0.83436,-0.92901,0.57112,1.66641,0.96039,0,0,0,0,0
3957,-0.69967,-0.57122,-0.7455,0.44658,1.42121,0.99507,0,0,0,0,0
3958,0.7771,0.03748,-0.14155,-0.60606,0.2777,2.51222,0.66099,0,0,0,0
3959,-0.52173,-0.86891,-1.13699,-1.29402,-0.12419,-0.09226,1.60057,0,0,0,0
3960,0.80219,0.64209,0.14138,-0.26295,0.9466,0,0,0,0,0,0
3961,-0.51119,-0.59879,-0.5891,0.19858,1.29524,1.508,0,0,0,0,0
3962,0.18704,-0.25986,-0.37605,-0.07721,0.97991,2.14459,0,0,0,0,0
3963,0.22316,-0.22612,-0.39485,-0.65324,0.5059,1.8468,1.12928,0,0,0,0
3964,-0.12973,-0.11837,0.04257,1.35697,2.50439,0.55258,0,0,0,0,0
3965,0.24807,-0.19321,-0.36801,-0.76209,0.23831,1.78615,0.31274,0,0,0,0
3966,0.46318,-0.16252,-0.40191,-0.78378,0.17157,1.76919,0,0,0,0,0
3967,0.17613,-0.20091,-0.38488,-0.61521,0.19081,1.88856,1.10734,0,0,0,0
3968,0.46982,-0.09251,-0.29045,-0.48258,0.42808,1.41361,0,0,0,0,0
3969,-0.44665,-0.6168,-0.44454,0.24964,1.27781,1.46429,0,0,0,0,0
3970,0.0325,-0.23128,-0.71202,0.11341,1.05647,1.52179,0.40573,0,0,0,0
3971,-0.66232,-0.57275,-0.67677,-0.22896,1.11174,1.51441,0,0,0,0,0
3972,-0.41839,-0.25208,-0.60599,0.20216,0.89957,1.4555,0.16477,0,0,0,0
3973,0.58355,-0.10236,0.15534,-0.12521,0.56922,0,0,0,0,0,0
3974,-0.52619,-0.68961,-0.96588,0.25968,1.47722,1.01055,-0.04543,0,0,0,0
3975,-0.47483,-0.63508,-0.79911,0.55772,1.39463,0,0,0,0,0,0
3976,0.39194,-0.29393,-0.28938,-0.34663,0.81067,2.08481,0,0,0,0,0
3977,0.32551,-0.10204,-0.29863,-0.61376,0.47359,0,0,0,0,0,0
3978,0.28398,-0.12266,-0.33395,-0.69032,0.28323,2.30049,0,0,0,0,0
3979,0.47783,0.1819,-0.07554,0.17045,0.97494,0,0,0,0,0,0
3980,0.29341,-0.08318,-0.29643,-0.49147,0.50887,1.96995,0,0,0,0,0
3981,-0.49544,-0.49235,-0.92177,0.1709,1.18868,1.24807,0,0,0,0,0
3982,0.31531,-0.22683,-0.35412,-0.63662,0.41283,1.76444,1.12841,0,0,0,0
3983,0.1465,-0.21975,-0.58948,-0.62577,0.28616,1.94403,0,0,0,0,0
3984,0.25568,-0.31512,-0.17826,-0.55613,0.74361,1.88077,1.04139,0,0,0,0
3985,-0.8722,-0.70413,-0.97147,-0.15902,0.943,1.14817,0.4393,0,0,0,0
3986,-0.86222,-0.47777,-0.73806,0.86984,1.78106,0.546,-0.14852,0,0,0,0
3987,-0.75645,-0.62331,-0.82263,-0.24003,1.17981,0.66077,0,0,0,0,0
3988,0.7396,0.05468,-0.24146,-0.58327,0.3913,1.89513,0,0,0,0,0
3989,-0.68343,-0.53544,-0.88764,-0.21615,0.86832,0.78064,-1.00388,0,0,0,0
3990,-0.37209,-0.4332,-0.61337,-0.34991,1.07614,1.53511,0.30761,0,0,0,0
3991,-0.98937,-0.54964,-0.94831,-0.04262,0.9398,1.19431,0,0,0,0,0
3992,0.23356,-0.1427,-0.39606,-0.7332,0.73608,1.68506,1.32794,0,0,0,0
3993,0.42921,-0.25193,-0.47107,-0.70634,0.45608,1.93117,0.8675,0,0,0,0
3994,0.41174,-0.19826,-0.29922,-0.59808,0.38413,1.71385,1.20715,0,0,0,0
3995,0.3203,-0.2066,-0.45466,-0.69762,0.1976,1.77977,0,0,0,0,0
3996,-0.67647,-0.37238,-0.75009,-0.12652,1.11196,0.96304,-0.26965,0,0,0,0
3997,-0.49767,-0.54102,-0.50653,0.17227,1.35131,0.44771,0,0,0,0,0
3998,-0.6895,-0.40093,-0.64718,-0.2222,1.15109,1.07217,0.60786,0,0,0,0
3999,-0.76983,-0.11849,-0.62339,-0.07963,1.23067,0.99116,0.05757,0,0,0,0
4000,0.10317,-0.19128,-0.35463,-0.63429,0.61648,0,0,0,0,0,0
4001,-0.6491,-0.3917,-0.54351,-0.39273,0.93104,0,0.19069,0,0,0,0
4002,9.52001E-3,-0.25897,-0.5181,-0.35077,0.93651,1.77319,0.59435,0,0,0,0
4003,-0.01749,-0.41188,-0.50163,-0.8976,0.41734,1.73624,0.53509,0,0,0,0
4004,0.52367,0.12182,-0.31544,-0.6016,0.40057,1.71227,0.83111,0,0,0,0
4005,-0.6937,-0.44595,-0.62854,0.08706,1.39604,1.07615,0,0,0,0,0
4006,0.75609,0.39919,-0.48427,0.33698,1.16018,0,0,0,0,0,0
4007,0.05537,0.28654,-0.25732,-0.60096,0.64245,1.75845,0,0,0,0,0
4008,1.00679,0.13556,-0.27048,0.0963,0.48431,0,0,0,0,0,0
4009,-0.52568,-0.42336,-0.64308,-0.08275,1.07596,0.74211,0,0,0,0,0
4010,-0.16995,-0.19673,-0.29584,0.89573,1.2534,0,0,0,0,0,0
4011,-0.07228,-0.0948,-0.30168,-0.30432,0.74461,1.27147,0,0,0,0,0
4012,1.07646,9.51441E-3,-0.23434,-0.53286,0.16412,1.84698,0,0,0,0,0
4013,0.07751,-0.20087,-0.39919,-0.81453,0.43891,1.45378,0,0,0,0,0
4014,0.81832,0.15443,-0.04799,-0.54737,0.34839,0,0,0,0,0,0
4015,-1.19601,-0.9504,-1.25617,-0.44707,0.72856,0.68204,-0.20189,0,0,0,0
4016,0.59846,0.04658,-0.21768,-0.51662,0.16134,0,0,0,0,0,0
4017,0.2894,-0.18182,-0.20966,-0.56014,0.50501,0.87338,1.10738,0,0,0,0
4018,-0.74789,-0.49206,-0.74879,-0.16083,1.10866,0.76435,0.10146,0,0,0,0
4019,9.93857E-3,-0.33442,-0.36771,-0.72782,0.58384,1.17672,0.41863,0,0,0,0
4020,0.32731,-4.52203E-3,-0.14592,-0.27905,0.4289,0,0,0,0,0,0
4021,-0.3632,-0.57847,-0.62352,-0.94049,0.28745,0.8089,1.12023,0,0,0,0
4022,0.74436,0.01566,-0.0233,-0.68613,0.31113,0,0,0,0,0,0
4023,-0.83684,-0.58335,-0.77157,-0.08558,1.00568,0.95408,0.5804,0,0,0,0
4024,0.44701,-0.04936,-0.20221,-0.48588,0.39458,1.46949,1.07069,0,0,0,0
4025,-0.39051,-0.30685,-0.42245,-0.02878,1.09465,0.98226,-0.07375,0,0,0,0
4026,-1.32478,-0.96379,0.9855,-0.9477,-0.0552,0,0,0,0,0,0
4027,0.04127,0.03178,-0.06131,-0.76586,0.76867,0,0,0,0,0,0
4028,-0.4887,-0.4329,0.1282,-0.65714,0.55163,0,0,0,0,0,0
4029,0.15079,-0.03486,-0.14082,-0.72093,0.55659,0,0,0,0,0,0
4030,-0.17303,-0.05367,-0.35083,-0.02656,0.99054,0,0.95903,0,0,0,0
4031,-0.24945,-0.25519,-0.46172,-0.05293,1.04337,1.37612,0,0,0,0,0
4032,0.16553,-0.03416,-0.21178,-0.8003,1.03822,0,0,0,0,0,0
4033,-1.28604,0.30366,-0.36682,-0.98776,0.7997,0,0,0,0,0,0
4034,0.21002,0.26346,-0.32263,-0.30201,0.74536,0,0,0,0,0,0
4035,0.3183,-0.50492,-0.22749,-0.91266,0.7657,1.12583,0,0,0,0,0
4036,-2.05974,-0.53742,-1.16857,-0.31229,0.42647,0,0,0,0,0,0
4037,-0.23923,-0.14006,-0.32771,-0.5289,0.48255,0,0,0,0,0,0
4038,-1.07559,-0.51068,-0.61065,-1.11045,0.38333,0,0,0,0,0,0
4039,-0.16301,-0.04085,-0.15753,-0.54927,0.45069,0,0,0,0,0,0
4040,0.15777,-0.09414,-0.26459,-0.61292,0.68208,1.03198,0,0,0,0,0
4041,0.57938,0.03572,-0.25529,-0.67951,0.45858,0,0,0,0,0,0
4042,0,0,0,0,0,0,0,0,0,0,0
4043,0.4383,-0.27253,-0.04401,0.09545,0.94053,0,0,0,0,0,0
4044,-0.03418,-0.16261,-0.49103,-0.54807,0.42572,1.37777,1.02008,0,0,0,0
4045,0.07455,-0.32139,-0.82039,0.51131,1.23483,0,0,0,0,0,0
4046,-0.43642,0.02552,-0.24455,-0.40939,0.52727,0,0,0,0,0,0
4047,-0.05524,-0.21374,-0.31433,-0.49347,0.31515,1.33426,1.00128,0,0,0,0
4048,0.35016,-0.26298,-0.35251,-0.67078,0.6421,0,0,0,0,0,0
4049,0.3329,-0.03566,0.23224,-0.30308,0.7553,0,0,0,0,0,0
4050,0.17687,-0.15534,-0.36058,-0.79895,0.43798,1.39987,0.7524,0,0,0,0
4051,-0.64327,-0.574,-0.85992,-0.01538,1.09915,4.07853E-3,-0.5585,0,0,0,0
4052,0.06404,-0.05626,-0.52437,-0.4888,0.48931,1.3803,0,0,0,0,0
4053,-0.78014,-0.34353,-0.61646,-0.25774,0.99251,1.27737,0,0,0,0,0
4054,0.01706,-0.19781,-0.23558,-0.38828,0.7007,0,0,0,0,0,0
4055,-0.22765,-0.29813,-0.73951,0.82667,1.83235,-0.03238,0.57229,0,0,0,0
4056,-0.18372,-0.03141,-0.44673,-0.62177,0.45764,1.03023,0,0,0,0,0
4057,0.44688,-0.01983,-0.19297,-0.71209,0.40333,0,1.37405,0,0,0,0
4058,-0.62399,-0.21989,-0.36458,-0.50605,0.98079,0,0,0,0,0,0
4059,-0.53483,-0.58625,-0.85856,0.60292,1.39117,0.60631,0.38128,0,0,0,0
4060,-0.39457,-0.32475,-0.41264,-0.11315,1.02908,1.33412,0,0,0,0,0
4061,-0.68049,-0.62273,-0.85756,-0.36234,0.79029,1.41273,0.22056,0,0,0,0
4062,0.61557,0.1172,-4.04628E-3,-0.26284,0.31664,1.59137,1.25139,0,0,0,0
4063,0.44241,0.09713,-0.54945,-0.75379,0.63713,1.59469,1.04939,0,0,0,0
4064,-0.13669,-0.45432,-0.76686,-1.15306,0.11074,1.93562,0,0,0,0,0
4065,-0.14238,-0.1497,-0.43901,-0.05125,0.80235,1.40291,0.69549,0,0,0,0
4066,0.49888,-0.01009,-0.37329,-0.76902,0.35273,1.53598,0.66589,0,0,0,0
4067,0.08297,7.44671E-4,-0.3946,0.37641,1.39029,0.66077,0.68929,0,0,0,0
4068,-0.16758,-0.43564,-0.25615,0.94161,1.75585,0,0,0,0,0,0
4069,0.68576,0.13404,-0.07088,-0.5987,0.39261,0,0,0,0,0,0
4070,-0.26561,-0.24068,-0.62771,-0.11969,0.94666,0.99277,-0.35524,0,0,0,0
4071,0.97054,9.20072E-3,-0.13329,-0.29961,0.33435,-0.43784,1.21769,0,0,0,0
4072,0.29136,0.07867,-0.38982,-0.48759,0.80429,-0.36276,0,0,0,0,0
4073,0.28265,-0.08079,-0.26379,-0.56984,0.4722,1.44521,0.91125,0,0,0,0
4074,-0.11562,-0.49634,-0.80556,-1.08305,0.1514,1.52319,1.27974,0,0,0,0
4075,0.39128,0.17235,-0.3052,-0.41633,0.36558,0,0,0,0,0,0
4076,-0.31851,-0.22938,-0.48971,0.06724,1.12675,0.86568,0.32036,0,0,0,0
4077,0.19368,-0.18573,-0.37233,-0.82009,0.52422,1.4083,1.4663,0,0,0,0
4078,-0.315,-0.43259,-0.67184,0.02594,1.39398,0.38794,0.24758,0,0,0,0
4079,0.05752,0.14365,-0.42458,-0.68985,0.30636,0,0,0,0,0,0
4080,0.34662,0.19694,-0.33105,-0.67241,0.56331,0.33039,0.99756,0,0,0,0
4081,1.05188,0.26482,-0.28354,-0.46399,0.37058,1.48444,1.24023,0,0,0,0
4082,-0.07451,0.04354,-0.59129,1.19774,1.51074,0,0,0,0,0,0
4083,1.11505,0.38897,8.69718E-3,-0.74406,0.43249,0.33039,0,0,0,0,0
4084,0.26068,-0.01379,-0.4376,-0.80161,0.54939,0,1.23159,0,0,0,0
4085,-0.26765,-0.31786,-0.66273,-0.27629,0.91376,1.01809,0,0,0,0,0
4086,-0.55664,-0.82444,-0.94828,0.54515,1.7169,-0.78644,-1.53287,0,0,0,0
4087,-0.49897,-0.31347,-0.7649,0.26015,1.43594,0.12811,-0.57085,0,0,0,0
4088,0.138,-0.09333,-0.56541,-0.77333,0.40149,0,0,0,0,0,0
4089,-0.23143,-0.41107,-0.70865,0.20532,1.1079,0,0,0,0,0,0
4090,0.44737,-0.22281,-0.53663,-0.92903,0.34413,1.25596,0,0,0,0,0
4091,-0.20541,-0.70381,-0.87261,0.42724,1.45763,-0.79055,-1.33727,0,0,0,0
4092,0.21994,0.15163,-0.05208,0.13946,1.24087,0,0,0,0,0,0
4093,0.53134,-0.02807,-0.33632,-0.11392,1.01957,1.31225,0,0,0,0,0
4094,0.67911,-0.03469,-0.31541,-0.86963,0.34263,1.52525,0.61323,0,0,0,0
4095,0.2013,-0.54008,-0.39718,0.71887,1.59488,-0.62377,-0.50722,0,0,0,0
4096,-0.56265,-0.44037,-0.32147,0.07672,1.28024,0,0,0,0,0,0
4097,-0.41521,-0.43048,-0.74306,-0.04314,1.20773,-0.6457,-0.43683,0,0,0,0
4098,0.48731,0.107,-0.32419,-0.53629,0.78869,1.29126,0,0,0,0,0
4099,-0.16428,-0.13755,-0.52689,0.12199,1.32374,0.57889,0,0,0,0,0
4100,-0.75855,-0.58494,-0.83615,-0.03776,1.26557,-0.3208,-0.43555,0,0,0,0
4101,0.85912,0.03186,-0.1495,-0.51743,0.81382,1.60409,0.96257,0,0,0,0
4102,0.28295,9.27791E-4,-0.08828,-0.18229,0.9857,0.83571,0.31461,0,0,0,0
4103,0.6601,-3.87741E-3,-0.35447,-0.97231,0.48272,1.17229,0.03409,0,0,0,0
4104,1.10303,0.23233,-0.10669,-0.51999,0.54963,1.33422,0.99706,0,0,0,0
4105,0.60032,0.16093,-0.26836,-0.6169,0.56972,1.52947,1.46453,0,0,0,0
4106,0.7495,0.23812,-0.0143,-0.46475,0.64974,1.56763,0,0,0,0,0
4107,-0.1739,-0.23926,-0.42149,0.29743,1.35718,-0.04416,-0.22051,0,0,0,0
4108,-0.25939,-0.33132,-0.55358,0.14236,1.45281,0.33039,-1.35201,0,0,0,0
4109,0.42304,0.43608,0.17402,-0.32734,0.75015,0,0.8106,0,0,0,0
4110,1.19344,0.56152,-0.01842,-0.78574,0.72499,1.58227,0,0,0,0,0
4111,0.28503,0.119,-0.49524,0.02761,1.27893,1.40667,0.70575,0,0,0,0
4112,0.7064,0.31007,-0.03678,-0.06881,0.86998,0,0,0,0,0,0
4113,0.28233,-0.26724,-0.48731,0.50649,1.3851,-0.93371,-0.19528,0,0,0,0
4114,1.43965,0.53776,0.26108,0.03336,1.03074,0,0,0,0,0,0
4115,-0.35843,-0.44278,-0.6678,0.01843,1.19076,-0.72364,0,0,0,0,0
4116,0.11642,-0.35689,-0.61672,0.04237,1.24291,-0.54232,-0.9268,0,0,0,0
4117,0.55848,0.15651,0.09107,0.31148,1.24927,0.54136,0,0,0,0,0
4118,0.65995,-0.41473,-0.22922,0.25075,1.80916,0.12811,0,0,0,0,0
4119,0.57286,-0.17032,-0.18073,0.2366,1.44611,0,-0.15307,0,0,0,0
4120,0.64813,-0.1382,-0.61502,0.29982,1.33037,-0.5005,0,0,0,0,0
4121,0.32192,-0.23232,-0.59496,-0.13266,1.28046,-0.84806,-0.67582,0,0,0,0
4122,0.3368,-0.47991,-0.53216,0.43688,1.41421,0,0,0,0,0,0
4123,1.45352,-0.23386,-0.55406,0.37644,1.61738,-0.90596,0,0,0,0,0
4124,0.22451,-0.41547,-0.50443,0.19914,1.36634,0,0,0,0,0,0
4125,0,0,0,0,0,0,0,0,0,0,0
4126,1.01828,0.84193,0.2672,-0.30975,0.71045,2.36926,1.71037,0,0,0,0
4127,0.32814,-0.17389,-0.56949,0.11461,1.30937,-0.78485,-1.03592,0,0,0,0
4128,1.63503,1.58797,0.30027,-0.05426,1.94288,1.17508,0,0,0,0,0
4129,0.29075,-0.28395,-0.54357,0.05432,1.0183,-0.52735,0,0,0,0,0
4130,0,0,0,0,0,0,0,0,0,0,0
4131,0,0.07069,0,0,0,0,0,0,0,0,0
4132,0,0,0,0,0,0,0,0,0,0,0
4133,2.86248,2.28103,3.41526,2.44886,3.05884,0,0,0,0,0,0
4134,0,1.80842,2.24664,4.13302,2.46534,0,0,0,0,0,0
4135,0,0,0.57007,0,0,0,0,0,0,0,0
4136,3.68844,1.77106,1.29794,2.33157,2.14718,0,0,0,0,0,0
4137,0.51312,-0.14521,-0.37621,0.59471,1.6617,-1.07222,0.04136,0,0,0,0
4138,2.58791,0.661,0.28441,0.80366,1.47989,0,3.5791,0,0,0,0
4139,0.28788,-0.61097,-0.7106,0.17704,1.3749,-1.57757,-1.58528,0,0,0,0
4140,0.41231,-0.35372,-0.70446,0.48058,1.28376,-0.85643,-0.47691,0,0,0,0
4141,0.50126,-0.33348,-0.3949,0.4639,1.56978,-1.06559,-0.17086,0,0,0,0
4142,2.02699,0.241,-0.31123,0.70469,1.38262,-0.39351,0,0,0,0,0
4143,3.53035,1.19715,0.61019,1.29362,2.12648,0.67938,3.26723,0,0,0,0
4144,2.15317,0.36017,-0.27174,0.52432,1.35581,-0.67055,1.38409,0,0,0,0
4145,1.35335,0.08825,-0.22986,0.88421,1.52754,-0.29106,0,0,0,0,0
4146,0.40309,-0.56144,-0.6932,0.33261,1.11931,-1.34657,-0.60913,0,0,0,0
4147,2.48799,0.53434,-0.04043,0.75092,1.49395,-0.24015,2.30062,0,0,0,0
4148,1.67886,-0.18029,-0.79393,0.08309,0.86485,-0.61732,0.48291,0,0,0,0
4149,1.85755,0.0673,-0.3575,0.51301,1.24761,-0.53009,0.41241,0,0,0,0
4150,3.10117,2.05831,1.61921,1.62943,2.38026,0,0,0,0,0,0
4151,0.60904,-0.41127,-0.70597,0.22144,1.13436,-1.15842,-8.09741E-3,0,0,0,0
4152,1.78636,0.12171,-0.24798,0.61672,1.08539,-0.66949,1.06658,0,0,0,0
4153,0.78532,0.02299,-0.29396,0.74591,1.37368,-0.91289,0.08273,0,0,0,0
4154,-1.79593,-0.07157,-0.17952,-1.83104,-0.481,0,0,0,0,0,0
4155,1.81927,-0.02747,-0.43185,0.38859,1.03831,-0.61571,0,0,0,0,0
4156,1.77549,0.36676,-0.37908,0.45862,1.23053,-0.4922,1.42822,0,0,0,0
4157,1.94684,0.34344,-0.37289,0.89594,1.11638,0,0,0,0,0,0
4158,1.46582,-0.04074,-0.55669,0.87029,1.11622,0,0,0,0,0,0
4159,3.29557,0.89935,0.28279,1.20745,1.78729,0.38317,0,0,0,0,0
4160,1.56529,-0.06695,-0.40815,0.66499,1.25772,-0.34732,1.12656,0,0,0,0
4161,1.77662,0.01171,-0.48873,0.49375,1.15081,-0.41002,0,0,0,0,0
4162,1.63279,-0.3221,-0.62502,0.92642,1.0168,-0.30812,0,0,0,0,0
4163,0.50592,-0.21678,-1.01864,1.06538,1.89745,0,0,0,0,0,0
4164,0,0,0,0,0,0,0,0,0,0,0
4165,0.56951,-0.19927,-0.68764,0.59268,1.07521,0,0,0,0,0,0
4166,1.3378,-0.13055,-0.50325,0.1556,0.97963,-0.6887,0.84622,0,0,0,0
4167,0.73536,-0.3162,-0.48178,0.39921,1.40045,-1.08828,0,0,0,0,0
4168,1.10984,-0.11374,-0.38024,0.73841,1.57444,-0.51539,0,0,0,0,0
4169,0.79517,8.70243E-3,-0.63444,3.12215E-3,1.67519,0,0,0,0,0,0
4170,1.1737,-0.2325,-0.57043,0.01573,1.14668,-0.58417,0.64889,0,0,0,0
4171,0.78779,-0.0562,-0.60741,0.24605,1.25639,-0.61828,0,0,0,0,0
4172,0.85977,-0.19339,-0.49441,0.63622,1.60223,-0.79685,0.47481,0,0,0,0
4173,1.59594,-0.10438,-0.34885,-0.14549,1.3072,0,0,0,0,0,0
4174,0.65908,-0.38501,-0.66466,0.22966,1.08833,-0.6217,0.52568,0,0,0,0
4175,0.08325,-0.60123,-0.88503,-0.18807,0.83724,-1.31789,-0.70799,0,0,0,0
4176,2.27429,0.34997,-0.19086,0.69323,1.04675,-0.07458,1.60299,0,0,0,0
4177,0.47824,0.15332,-0.40679,-0.05714,1.60145,0.07672,0,0,0,0,0
4178,0.53992,-0.48392,-0.6886,0.22544,1.08509,-0.87989,0.27353,0,0,0,0
4179,0.68439,-0.46934,-0.63019,0.31083,1.11719,-1.12221,-0.18784,0,0,0,0
4180,0.81557,-0.53326,-0.70853,0.20235,1.08604,-0.94018,0.4467,0,0,0,0
4181,0,-0.43599,0,0,-1.1317,0,0,0,0,0,0
4182,1.00041,-0.35722,-0.6251,0.25579,1.12218,-1.22792,0.12083,0,0,0,0
4183,0.61742,-0.36279,-0.69543,0.23452,1.01764,-1.4455,0.3275,0,0,0,0
4184,0.53107,-0.6042,-0.71359,0.18608,1.03961,-0.63745,0.29423,0,0,0,0
4185,0.53515,-0.45395,-0.6172,0.0787,1.11733,-0.97358,0,0,0,0,0
4186,0.51041,-0.58758,-0.7634,0.20733,0.96028,-0.55807,0.55543,0,0,0,0
4187,1.47872,0.08227,-0.44086,0.91544,0.60301,0,1.00457,0,0,0,0
4188,0,0,0,0,0,0,0,0,0,0,0
4189,0.8264,-0.54845,-0.36681,0.41574,1.04255,-0.16413,0,0,0,0,0
4190,0.54713,-0.45464,-0.67059,0.22024,0.98812,-0.7543,0.34341,0,0,0,0
4191,1.10372,-0.5992,-0.18743,0.63527,1.07093,-0.59684,0,0,0,0,0
4192,0.19087,-0.46707,-0.65524,-0.17083,0.99244,-0.99913,-1.15739,0,0,0,0
4193,0.62957,-0.48519,-0.49017,0.24537,1.37681,0,0.40939,0,0,0,0
4194,0.88686,-0.59804,-0.45381,0.15587,1.30497,-0.78734,0.40042,0,0,0,0
4195,0.33317,-0.78378,-0.92222,-7.9488E-4,0.84841,-1.2046,-0.12243,0,0,0,0
4196,1.02257,-0.42843,-0.59079,0.37699,1.24484,-1.3155,0,0,0,0,0
4197,0.94705,-0.36079,-0.23846,0.30646,1.14707,0.07487,0,0,0,0,0
4198,0.57182,-0.48928,-0.6652,0.18045,0.95843,-0.88708,0.63902,0,0,0,0
4199,0.63295,-0.67321,-0.63338,0.12362,1.05914,-1.03808,0.25533,0,0,0,0
4200,0.76188,-0.32568,-0.54368,0.2919,1.24794,-1.01321,-0.67142,0,0,0,0
4201,0.40633,-0.45239,-0.44871,0.06928,1.10636,0,0,0,0,0,0
4202,0.96162,-0.32566,-0.53049,0.20189,1.00158,-0.83826,0.2215,0,0,0,0
4203,1.2287,-0.30862,-0.3687,0.16245,1.16441,0,0,0,0,0,0
4204,0.81387,-0.42514,-0.56453,0.36354,1.16492,-0.9686,0,0,0,0,0
4205,1.09887,-0.60456,-0.5207,0.15624,1.10055,-0.84939,0,0,0,0,0
4206,0.66011,-0.48029,-0.58233,0.16087,1.05288,-0.99146,0.44417,0,0,0,0
4207,0.67701,-0.46614,-0.61627,0.21584,1.01802,-1.32324,-0.10464,0,0,0,0
4208,0,0,0,0,0,0,0,0,0,0,0
4209,0.97542,-0.21827,-0.30847,0.27768,1.46613,-0.22701,0,0,0,0,0
4210,0.78142,-0.28149,-0.53624,0.08278,1.40736,0,0,0,0,0,0
4211,1.30177,-0.33553,-0.48644,0.37501,0.93663,-0.52868,0.49103,0,0,0,0
4212,0.93541,-0.21641,-0.33267,0.25369,1.21039,0,0,0,0,0,0
4213,0.90631,-0.54933,-0.58401,0.2424,1.0426,-0.68863,0,0,0,0,0
4214,1.05699,-0.4389,-0.35425,0.5567,1.24671,0,0,0,0,0,0
4215,0.83393,-0.42474,-0.35681,0.12464,0.97857,-0.45576,0,0,0,0,0
4216,0.95328,-0.0404,-0.10322,0.53507,1.13461,-0.21038,0,0,0,0,0
4217,0,0,0,0,0,0,0,0,0,0,0
4218,0.93714,-0.30117,-0.50434,0.33013,1.29588,0,0,0,0,0,0
4219,0.60431,-0.51083,-0.60471,0.14248,1.0007,-0.9326,-0.12254,0,0,0,0
4220,0.52472,-0.15259,-0.44601,-0.22842,1.50834,0,0,0,0,0,0
4221,1.02849,-0.3064,-0.50447,0.27945,1.1337,-0.5143,0.49338,0,0,0,0
4222,0.97415,-0.26137,-0.67854,0.09235,1.05968,-0.8312,0.31271,0,0,0,0
4223,0.88305,-0.23946,-0.42367,0.42629,1.22319,-1.82413,0,0,0,0,0
4224,0.75338,-0.27615,-0.54209,0.36031,1.19621,0,0,0,0,0,0
4225,0.90079,-0.23091,-0.53301,0.0545,0.9256,0,0,0,0,0,0
4226,0.59169,-0.1758,-0.48018,0.26581,1.12095,-0.66707,0,0,0,0,0
4227,0.7931,-0.17046,-0.39307,0.17703,1.34919,0,0,0,0,0,0
4228,0.6907,-0.30499,-0.49945,0.25299,1.0966,-0.84882,0.06506,0,0,0,0
4229,0.67121,-0.247,-0.38352,0.24794,1.30703,0,0,0,0,0,0
4230,0,0,0,0,0,0,0,0,0,0,0
4231,1.29333,0.02621,-0.11875,0.51479,1.32078,-0.55975,0.55222,0,0,0,0
4232,0,0,0,0,0,0,0,0,0,0,0
4233,0.78564,-0.34343,-0.09082,0.54249,1.17359,0,0,0,0,0,0
4234,0.69452,-0.5807,-0.57072,0.12287,1.09271,0,0,0,0,0,0
4235,0.56991,-0.37888,-0.50059,0.03454,1.06609,-0.4031,0,0,0,0,0
4236,0.92935,-0.44457,-0.60544,0.19964,1.0276,-0.39514,0,0,0,0,0
4237,0.63111,0.07607,-0.28584,0.34808,1.1557,-0.53272,0,0,0,0,0
4238,1.14509,-0.51959,-0.68051,0.09713,0.99182,-1.01132,0.36266,0,0,0,0
4239,0.67084,-0.55402,-0.7313,0.05581,1.04199,-0.3306,0,0,0,0,0
4240,0,0,0,0,0,0,0,0,0,0,0
4241,1.08414,-0.26446,-0.39953,0.18024,1.07741,0,0,0,0,0,0
4242,0.86051,-0.4414,-0.44526,0.11206,0.92782,0,0,0,0,0,0
4243,0,0,0,0,0,0,0,0,0,0,0
4244,0,0,0,0,0,0,0,0,0,0,0
4245,0,0,0,0,0,0,0,0,0,0,0
4246,1.72946,0.20185,0.25405,0.95201,1.78979,1.71433,0,0,0,0,0
4247,1.708,0.45613,-0.12527,1.10225,1.96308,1.61414,1.39288,0,0,0,0
4248,1.72283,0.25232,0.26615,0.61706,1.50255,1.61613,0,0,0,0,0
4249,2.15133,0.84083,0.27678,1.17725,1.98968,2.34108,0,0,0,0,0
4250,1.05629,-0.32328,-1.10742,-0.25414,0.91861,0.26649,-1.24163,0,0,0,0
4251,2.2645,1.14744,1.25844,1.82347,2.04334,2.73454,0,0,0,0,0
4252,1.91182,0.46492,-0.1251,0.74361,1.47821,1.68431,0,0,0,0,0
4253,0.99355,-0.45259,-1.09183,-0.47338,1.03524,0.27502,-1.35784,0,0,0,0
4254,1.23278,-0.19817,-0.40883,0.38196,1.46456,0.96781,0.37097,0,0,0,0
4255,0.89569,-0.0393,-0.88693,-0.20448,1.03661,0.19458,0,0,0,0,0
4256,0.42901,-0.64491,-1.67113,-0.87982,0.64951,-0.17789,-1.52842,0,0,0,0
4257,1.46959,0.50202,0.23237,-0.07742,1.82753,0,0,0,0,0,0
4258,0.54023,-0.54768,-1.41371,-0.41718,0.86998,0.4983,-0.25145,0,0,0,0
4259,1.31234,0.16608,-0.3874,0.11587,1.32539,0,0,0,0,0,0
4260,0.58713,-0.05877,-0.77748,-0.16432,0.95336,0,0,0,0,0,0
4261,0.77826,0.0127,-0.86859,0.02443,1.14228,-0.70977,0,0,0,0,0
4262,0.98895,-0.34666,-0.88603,5.36411E-3,1.05751,1.22672,0,0,0,0,0
4263,1.18216,-0.08509,-0.83672,-0.26568,0.95554,0.42009,-0.79385,0,0,0,0
4264,0.63539,-0.48469,-1.0874,-0.47311,0.74341,0.65774,-0.13991,0,0,0,0
4265,0.97643,-0.21004,-0.95775,-0.16569,0.81997,0.62059,0.37711,0,0,0,0
4266,0.93999,-0.19118,-0.86114,-0.13512,0.90581,0.48585,0,0,0,0,0
4267,0.7633,-0.14535,-0.60792,-0.05503,0.89184,0.534,-0.04523,0,0,0,0
4268,0.33958,-0.49801,-1.09289,-0.46943,0.8471,0.61863,-0.10242,0,0,0,0
4269,0.84901,-0.15198,-0.93638,-0.09249,0.83114,1.01019,0.46089,0,0,0,0
4270,0.57906,-0.35121,-0.92894,-0.24594,0.86484,0.68887,0.07554,0,0,0,0
4271,0.90878,-0.12889,-0.72114,-0.02166,1.02562,1.41237,0,0,0,0,0
4272,0.59125,-0.36031,-1.19307,-0.4969,0.77769,0.389,0,0,0,0,0
4273,0.05728,-0.70921,-1.47524,-0.95363,0.23188,-1.46111,0.04688,0,0,0,0
4274,0.61241,-0.26944,-0.96087,-0.49192,0.81023,0.41985,-0.52177,0,0,0,0
4275,0.62938,-0.42535,-1.08141,-0.43923,0.78249,0.47769,0,0,0,0,0
4276,0.55561,-0.1574,-0.82096,-0.30418,0.82772,0.73067,0.32854,0,0,0,0
4277,0.9418,-0.18838,-1.10085,-0.28895,0.72046,0.54096,-0.3445,0,0,0,0
4278,1.24112,0.61385,-0.23468,0.17081,0.90462,1.65547,0.62222,0,0,0,0
4279,0.33785,-0.40204,-1.28662,-0.84344,0.43743,0.10525,-1.25415,0,0,0,0
4280,0.21539,-0.08803,-1.02002,-0.45232,0.61668,-0.79685,0.21783,0,0,0,0
4281,0.74551,-0.05706,-0.65355,-0.12478,0.89129,1.09104,0.77717,0,0,0,0
4282,0.51446,0.20097,-0.4121,0.08049,0.83654,1.26821,0,0,0,0,0
4283,0.68224,-0.14438,-0.92147,-0.3865,0.73643,0.82376,0.39475,0,0,0,0
4284,-0.01303,-0.46967,-1.13691,-0.66255,0.35735,0.39833,0.20583,0,0,0,0
4285,0.53931,-0.03682,-0.84689,-0.17372,0.71958,1.16243,0,0,0,0,0
4286,0.51449,0.18179,2.51839E-3,0.18941,1.01523,0.74896,0,0,0,0,0
4287,0.55511,-0.10094,-0.89777,-0.19207,0.56524,0.69023,0.702,0,0,0,0
4288,0.9188,0.22437,-0.59824,-0.19677,0.58436,1.12511,0,0,0,0,0
4289,0.27486,-0.05048,-0.86421,-0.3265,0.76978,0.71623,0.55515,0,0,0,0
4290,0.50818,-0.08556,-0.91586,-0.21157,0.66029,0.67739,0.91021,0,0,0,0
4291,0.6511,0.20707,-0.83665,-0.17718,0.78754,0.56814,0.57437,0,0,0,0
4292,0.51341,-0.18202,-0.99207,-0.5291,0.65653,1.03816,0.62019,0,0,0,0
4293,0.74622,-0.1155,-0.95382,-0.32471,0.67585,0.48863,0.60318,0,0,0,0
4294,0.63641,0.05497,-0.69563,-0.25866,0.89041,0,0,0,0,0,0
4295,-0.04528,-0.44282,-1.30893,-0.86911,0.18495,0.45009,-0.22164,0,0,0,0
4296,0.21926,-0.2591,-1.0563,-0.60926,0.42129,0.96543,0,0,0,0,0
4297,1.12039,0.34159,-0.25222,-0.24122,0.68353,0.29801,0,0,0,0,0
4298,0.9973,0.358,-0.39335,0.13194,0.64843,0.91791,-0.18719,0,0,0,0
4299,0.55866,0.02116,-0.7464,-0.17698,0.71936,1.00718,0.88576,0,0,0,0
4300,1.52635,0.51646,0.07626,0.33717,0.95741,0,0,0,0,0,0
4301,0.64271,-0.30957,-1.23671,-0.80564,0.14058,0.81726,0,0,0,0,0
4302,0.33447,-0.31904,-1.14431,-0.7399,0.28671,0.25486,0.34707,0,0,0,0
4303,0.60958,-0.06653,-0.97131,-0.46445,0.53823,0.83644,0,0,0,0,0
4304,1.1747,0.25077,-0.27175,-0.11389,0.73874,0.33039,0,0,0,0,0
4305,0.52768,0.06481,-0.83379,-0.19348,0.663,0.73474,0.48211,0,0,0,0
4306,0.73365,0.27373,-0.68966,-0.14759,1.0018,0,0,0,0,0,0
4307,0.58375,0.15109,-0.61868,-0.31144,0.80202,0.37171,0.88297,0,0,0,0
4308,0.65961,0.1564,-0.77327,-0.31151,0.68421,-0.55725,0,0,0,0,0
4309,0.81184,5.37992E-4,-0.49121,-0.42039,0.75178,0.82126,0,0,0,0,0
4310,0.63761,0.35689,-0.13296,0.35438,0.93859,0,-0.01031,0,0,0,0
4311,1.03518,0.38718,-0.44563,-0.14162,0.87327,1.01373,0.66681,0,0,0,0
4312,0.91304,0.47451,-0.55942,-0.41162,1.07102,0.83701,0,0,0,0,0
4313,0.68376,0.18304,-0.74052,-0.32986,0.70997,0.70304,0.85804,0,0,0,0
4314,0.70163,0.10455,-0.48397,-0.38651,0.67853,0.31346,-0.24608,0,0,0,0
4315,0.79998,0.14345,-0.58827,-0.16206,0.53838,0.61583,0.58512,0,0,0,0
4316,0.81219,0.32567,-0.32852,0.01303,0.78651,0.72004,0.79875,0,0,0,0
4317,0.80627,0.26872,-0.63092,-0.34,0.77354,0.29746,0.07531,0,0,0,0
4318,1.02112,0.47047,-0.40879,-0.1673,0.92377,0,0,0,0,0,0
4319,0.72136,0.26307,-0.58059,-0.42412,0.62521,0.62223,1.00561,0,0,0,0
4320,1.17127,0.35083,-0.08532,0.26465,0.94539,0,0,0,0,0,0
4321,1.07862,0.35848,-0.51569,-0.06071,0.61016,0.97197,0.4862,0,0,0,0
4322,1.40947,0.65015,-0.22716,0.50045,0.54266,0,0,0,0,0,0
4323,0.53037,0.06974,-0.80348,-0.31544,0.4655,-0.88283,0.64849,0,0,0,0
4324,1.07415,0.33897,-0.58915,-0.24517,0.59949,1.04811,0,0,0,0,0
4325,1.35955,0.65914,0.14713,0.50011,1.10378,0,0,0,0,0,0
4326,1.16586,0.30119,-0.55045,-0.24773,0.46985,0.96208,0.44273,0,0,0,0
4327,1.27953,1.0925,-0.0677,0.40333,1.17418,0,1.42703,0,0,0,0
4328,1.36347,0.62733,-0.06355,0.04054,0.74202,0.859,0,0,0,0,0
4329,0.85613,0.24308,-0.6918,-0.39277,0.37828,0.13276,0.38519,0,0,0,0
4330,1.11188,1.15277,-0.37201,1.2665,0.79726,1.46116,0,0,0,0,0
4331,0.81379,0.26301,-0.72425,-0.32689,0.47659,0.20062,0.49127,0,0,0,0
4332,-3.22622,0.95638,0.03138,0.33144,1.2006,1.10991,0,0,0,0,0
4333,0.99864,0.58416,-0.31713,0.06594,0.50515,0.38052,0.07179,0,0,0,0
4334,1.19749,0.25878,-0.65331,-0.41609,0.33597,0.59905,0.50023,0,0,0,0
4335,2.20892,0.70561,0.07645,-0.24721,0.98866,0.18023,0,0,0,0,0
4336,0.89749,0.40733,-0.51226,-0.20232,0.49751,0.8826,1.28394,0,0,0,0
4337,1.07571,0.34662,-0.49488,-0.38838,0.48555,0.10324,0.57137,0,0,0,0
4338,1.40502,0.62821,-0.19956,0.0603,0.7663,0.38502,0,0,0,0,0
4339,1.52857,0.8194,-0.10229,0.01121,0.66807,0.78044,0,0,0,0,0
4340,1.29589,0.4985,-0.3218,-0.19623,0.52204,0.99253,1.16,0,0,0,0
4341,1.14918,0.68575,-0.06154,0.10351,0.66084,0,0,0,0,0,0
4342,1.38313,0.66374,-0.22775,-0.178,0.63726,-0.65442,0,0,0,0,0
4343,0.9945,0.27209,-0.53837,-0.55754,0.16137,0.42762,0,0,0,0,0
4344,1.13389,0.70225,-0.20593,0.01262,0.68801,0,0,0,0,0,0
4345,0.93547,0.33165,-0.59558,-0.47625,0.21611,0.32608,0.98399,0,0,0,0
4346,1.62127,0.52023,0.24024,0.27055,0.74634,-0.10745,0,0,0,0,0
4347,1.2104,0.62309,-0.06954,-0.20351,0.73945,0.48781,1.18294,0,0,0,0
4348,1.24851,0.60664,0.13749,0.04694,0.75993,1.01933,0,0,0,0,0
4349,1.8401,1.37697,0.46974,0.85735,0.92191,1.54062,0,0,0,0,0
4350,1.08298,0.54429,-0.09256,-0.13302,0.50926,0.32618,1.97658,0,0,0,0
4351,1.90491,1.23754,0.40211,0.66805,1.44587,0.95194,2.74896,0,0,0,0
4352,1.69321,1.10681,0.45021,0.40662,1.34447,1.51203,0,0,0,0,0
4353,0,0,0,0,0,0,0,0,0,0,0
4354,0.53412,0.29553,-0.34619,-0.36804,0.36236,0.8171,1.84218,0,0,0,0
4355,1.30545,1.13732,0.45674,0.37861,1.20644,1.07515,3.49867,0,0,0,0
4356,1.6144,1.25442,0.23947,0.86025,1.39845,0,0,0,0,0,0
4357,0.96554,0.91313,8.35353E-3,0.21757,0.92474,1.27911,2.2583,0,0,0,0
4358,0.5604,0.41073,-0.19012,-0.22557,0.41791,-0.16549,1.27888,0,0,0,0
4359,0.60262,0.21543,-0.20698,-0.05282,0.57631,0.19046,1.02478,0,0,0,0
4360,1.0033,0.75116,0.21439,0.15492,0.90547,0.73989,1.23376,0,0,0,0
4361,0.69466,0.37629,-0.27987,-0.22371,0.69056,0.10446,0.55307,0,0,0,0
4362,1.17872,1.00791,0.43285,0.42671,1.10556,1.19595,0,0,0,0,0
4363,-0.07107,-0.25587,-0.77107,-0.9097,-0.18027,0.25934,0.79311,0,0,0,0
4364,0.66137,0.72644,0.12399,0.02654,0.85766,1.04815,2.42144,0,0,0,0
4365,0.57019,0.60852,0.18558,4.69369E-3,0.76512,0.81998,1.90175,0,0,0,0
4366,0.55819,0.60592,0.06786,-0.07713,0.89414,0.6735,0,0,0,0,0
4367,1.29742,0.40087,0.38801,0.72894,0.72954,0.63918,0,0,0,0,0
4368,0.71091,0.51973,0.19146,-0.05494,0.79264,1.00691,0,0,0,0,0
4369,0.43593,0.54696,0.05179,-0.02538,0.78042,0.95354,0,0,0,0,0
4370,0.80776,0.48473,0.17088,0.07593,0.87015,0.68767,2.36466,0,0,0,0
4371,0.34296,0.2645,-0.14623,-0.23949,0.55642,0.0385,1.86866,0,0,0,0
4372,1.14276,0.50476,0.03573,0.27555,0.87387,0.59304,1.98365,0,0,0,0
4373,0.22523,0.29727,-0.31591,-0.13623,0.59275,0.12533,1.06116,0,0,0,0
4374,1.37187,0.98128,0.3321,0.23607,1.19,1.42502,0,0,0,0,0
4375,0.59042,0.59618,0.16405,0.05755,0.80315,0,0,0,0,0,0
4376,0.47454,0.66891,0.22158,0.19515,0.74465,0.33367,0.72813,0,0,0,0
4377,-8.77757E-3,0.32011,-0.06234,-0.28537,0.63304,-1.10263,0.4921,0,0,0,0
4378,1.47293,0.89915,0.29529,0.51048,1.10308,0.76046,0,0,0,0,0
4379,0.03486,0.10348,-0.20656,-0.46049,0.42619,0.49257,1.52411,0,0,0,0
4380,0.27784,0.45187,0.04387,-0.29197,0.71662,0.40501,1.14499,0,0,0,0
4381,1.12235,0.84664,0.06187,0.18582,0.87142,1.34393,2.5377,0,0,0,0
4382,0.62659,0.5892,0.04228,-0.22005,0.38586,0,0,0,0,0,0
4383,1.52016,1.12546,0.24285,0.46995,1.25044,0.76732,1.79162,0,0,0,0
4384,1.38776,0.85838,0.68128,0.68341,1.11426,0,0,0,0,0,0
4385,0.72444,0.50997,0.18403,-0.08569,0.70132,0.34577,1.24659,0,0,0,0
4386,1.52175,1.09033,0.48388,0.70451,1.23827,1.44214,0,0,0,0,0
4387,0.8991,0.42185,-0.02847,0.03516,0.88618,0.33039,0,0,0,0,0
4388,0,0,0,0,0,0,0,0,0,0,0
4389,1.74249,0.95429,0.52568,0.21631,0.88553,0,0,0,0,0,0
4390,0.88655,0.64429,0.32893,0.20197,0.95269,0,0,0,0,0,0
4391,0.84438,0.74411,0.23177,0.46046,1.08497,1.07131,2.25915,0,0,0,0
4392,0.52148,0.48232,0.19478,-7.68561E-3,0.61157,0.083,1.20911,0,0,0,0
4393,0.89187,0.54495,0.11866,0.23665,1.02168,0.46201,2.05417,0,0,0,0
4394,0.6869,0.58139,0.43522,0.09988,0.8431,1.01178,0,0,0,0,0
4395,1.5207,0.96962,0.57446,0.51338,1.28549,0,1.21769,0,0,0,0
4396,2.38016,1.84908,1.67525,1.25587,1.94714,2.0818,0,0,0,0,0
4397,1.93636,1.50877,0.9906,0.85473,1.6905,0,0,0,0,0,0
4398,0.85149,0.23723,0.05648,-0.33434,0.54233,0.22341,0.53824,0,0,0,0
4399,1.35399,0.48734,0.40964,0.18974,0.92754,0.13968,0.57367,0,0,0,0
4400,0.84389,0.24819,0.02893,-0.30511,0.42741,0.25208,0.54325,0,0,0,0
4401,0.66508,0.15729,0.03666,-0.38366,0.48066,-0.15799,0.6549,0,0,0,0
4402,1.11471,0.49156,0.13361,0.34412,0.95503,0.07213,0,0,0,0,0
4403,1.14432,0.81215,0.45216,0.70008,1.28769,0,0,0,0,0,0
4404,0.61623,0.42201,-9.15172E-3,0.11395,0.84808,0.13414,0,0,0,0,0
4405,1.01364,0.2978,0.03953,0.09257,0.70369,-0.12067,0.63916,0,0,0,0
4406,0.56683,0.29695,0.24298,-0.41233,1.16933,-0.48475,1.40346,0,0,0,0
4407,0.37942,0.14589,0.33848,0.04251,0.77857,-0.04584,0.54994,0,0,0,0
4408,0.33009,0.2262,0.1999,-0.01147,1.02049,0.41579,0,0,0,0,0
4409,0.65096,0.38749,0.23342,0.08343,0.88235,0,0,0,0,0,0
4410,-0.26366,-0.12481,0.01783,-0.15798,0.76382,-0.0644,0.92109,0,0,0,0
4411,0.13592,0.142,-0.06397,-0.39668,0.65249,6.20197E-3,-0.03282,0,0,0,0
4412,-0.2222,-0.03885,0.19248,-0.16428,0.82681,-0.39313,0.07408,0,0,0,0
4413,2.42635,1.73529,1.443,1.11419,1.86867,2.52162,0,0,0,0,0
4414,0.61351,0.49055,0.41451,-2.39059E-3,1.25094,-0.05552,0.23401,0,0,0,0
4415,-0.52753,0.21249,0.1381,0.06925,1.08552,0.38317,0,0,0,0,0
4416,0.11427,0.25464,0.1611,-0.14629,0.86114,-0.17329,0,0,0,0,0
4417,0.97337,0.55199,0.19657,-0.20159,1.17916,1.97199,0,0,0,0,0
4418,-0.17575,0.34271,1.03328,0.60951,1.5567,0,0,0,0,0,0
4419,-0.23636,-0.01572,7.71937E-3,-0.07818,0.86953,0.52366,0,0,0,0,0
4420,0.7174,0.59927,0.7219,0.20152,1.9478,0.46372,1.61881,0,0,0,0
4421,0.16021,0.22506,-0.08437,0.28238,1.2694,0,0,0,0,0,0
4422,-0.34394,-0.08761,-0.07199,0.04877,0.98226,0.09174,0,0,0,0,0
4423,-0.21648,0.33764,0.19897,0.11965,1.03323,0,0,0,0,0,0
4424,0.89704,0.791,0.46155,-0.53454,1.28507,0,0,0,0,0,0
4425,0.02842,0.30091,0.27259,0.05247,1.13842,0.26338,1.37956,0,0,0,0
4426,0.10467,0.23898,0.15841,-0.05307,0.99957,-0.34677,-0.32281,0,0,0,0
4427,0,0,0,0,0,0,0,0,0,0,0
4428,0.45207,0.74231,0.64218,0.23508,1.79954,0.98752,0,0,0,0,0
4429,0.4502,0.26395,0.27831,0.20693,1.22383,0,0,0,0,0,0
4430,0,-1.0219,0,-2.21749,0,0,0,0,0,0,0
4431,-0.11761,-0.17887,-0.18612,-0.51341,0.62708,-0.32079,0.9082,0,0,0,0
4432,-0.13749,0.64327,1.02167,0.54544,1.2374,0,0,0,0,0,0
4433,1.09349,0.82135,0.51499,0.27662,1.86321,0.845,1.62713,0,0,0,0
4434,1.27496,1.74067,0.74086,0.55596,1.92883,0,0,0,0,0,0
4435,2.51444,0.94626,1.19639,0,2.33621,0,0,0,0,0,0
4436,0,0,0,0,-0.64046,0,0,0,0,0,0
4437,0.78765,0.2995,-0.41726,-0.55571,-0.60255,1.0922,-0.44813,0,0,0,0
4438,0.80409,0.24996,-0.3369,-0.65593,-0.54484,1.68431,0,0,0,0,0
4439,0.97811,0.29814,-0.37235,-0.64088,-0.52398,1.55833,0.51015,0,0,0,0
4440,0.66283,0.2429,-0.31635,-0.60699,-0.69691,1.26209,0,0,0,0,0
4441,0.82037,0.43751,-0.28379,-0.48815,-0.49988,1.48013,0.41034,0,0,0,0
4442,0.82194,0.22783,-0.40099,-0.56306,-0.44428,1.2283,0,0,0,0,0
4443,0.94758,0.37559,-0.44543,-0.3804,-0.49924,1.68777,0,0,0,0,0
4444,0.30234,0.19165,-0.27127,0.08342,-0.19309,0,0,0,0,0,0
4445,0.30844,0.0118,-0.48545,-0.4578,-0.40719,1.15647,-0.1833,0,0,0,0
4446,1.3691,0.53196,1.08698E-3,-0.6072,-0.20944,1.72513,0.95821,0,0,0,0
4447,1.36944,0.90241,-0.04093,-0.04341,0.37363,0,0,0,0,0,0
4448,0.84837,0.24622,-0.33623,-0.39504,-0.44918,1.28588,-0.18135,0,0,0,0
4449,-0.23814,-0.18691,-0.43942,-0.32686,-0.38987,0,-0.15751,0,0,0,0
4450,0.4061,0.22617,-0.07789,-0.65606,-0.94479,0,0,0,0,0,0
4451,0.21598,0.11101,-0.2392,0.0236,-0.10543,1.00666,-1.10725,0,0,0,0
4452,0.41163,0.05306,-0.70356,-0.66869,-0.45274,1.1147,-0.09117,0,0,0,0
4453,0.34876,0.3595,-0.32099,-0.26703,-0.18954,1.61285,0,0,0,0,0
4454,0.79885,0.41655,-0.18989,-0.80282,-0.62542,-1.08828,0,0,0,0,0
4455,0.77303,0.26878,-0.34576,-0.47631,-0.82162,0.90155,0.78241,0,0,0,0
4456,0.39952,0.44993,0.09257,-0.24367,-0.04136,0,0,0,0,0,0
4457,0.26734,0.06398,-0.52964,-0.42333,-0.15419,-0.8006,0,0,0,0,0
4458,0.27481,-0.15672,-0.4464,-0.39374,-0.22965,2.27209,0,0,0,0,0
4459,-0.08518,-0.07952,-0.79627,-0.69266,-0.48414,0.49378,-1.69233,0,0,0,0
4460,0.73987,0.2365,-0.42689,-0.81014,-0.71936,1.29459,0.22701,0,0,0,0
4461,0.59632,0.79226,0.21259,0.0182,0.023,0,0,0,0,0,0
4462,0.85061,0.6934,0.02737,-0.37647,-0.34158,1.14256,0.56191,0,0,0,0
4463,-0.08387,-0.08979,-0.70208,-0.42863,-0.2233,1.22404,-0.55939,0,0,0,0
4464,0.19902,-0.08445,-0.23906,-0.38289,-0.08401,0.85179,-0.72512,0,0,0,0
4465,0.86103,0.32212,-0.3733,-0.41433,-0.53056,1.40317,0,0,0,0,0
4466,-0.06112,-0.12969,-0.63433,-0.68063,-0.23726,0.88513,-0.59185,0,0,0,0
4467,1.08755,0.47967,-0.21728,-0.51312,-0.48509,1.8386,0.05078,0,0,0,0
4468,0.01767,0.11611,-0.74116,-0.45564,-0.3237,1.13464,-0.01357,0,0,0,0
4469,0.35067,0.62703,0.055,-0.04266,0.29508,1.57914,0.66126,0,0,0,0
4470,1.00764,0.4773,-0.08721,-0.50794,-0.36779,1.52391,0.54128,0,0,0,0
4471,0.19717,0.67407,4.58724E-3,-0.3804,0.2416,1.77642,0,0,0,0,0
4472,0.25402,0.8079,-6.19361E-3,-0.29365,0.28097,1.35559,0,0,0,0,0
4473,0.99131,0.30173,-0.31415,-0.43907,-0.35149,0.82686,0,0,0,0,0
4474,0.29301,0.26001,-0.20976,-0.18634,0.13876,1.58055,0,0,0,0,0
4475,0.65206,0.40195,-0.27108,-0.58015,-0.47271,1.34128,0.98682,0,0,0,0
4476,0.9095,0.34214,-0.47236,-0.59722,-0.6026,1.37728,-1.07768,0,0,0,0
4477,0.03584,0.07319,-0.4862,-0.47066,-0.21549,0.99523,-0.69171,0,0,0,0
4478,-0.0231,-6.3277E-4,-0.61999,-0.23615,0.0333,1.22633,-0.45197,0,0,0,0
4479,0.17378,-0.03181,-0.70006,-0.54907,-0.36013,1.25535,-0.44895,0,0,0,0
4480,-0.16336,-0.21643,-0.75654,-0.59731,-0.26034,1.349,-0.42514,0,0,0,0
4481,0.42463,-0.21815,-0.43373,-0.37964,0.14592,1.06891,-0.84976,0,0,0,0
4482,-0.12032,0.10093,-0.504,-0.3172,-0.21242,1.20262,0,0,0,0,0
4483,0.3672,8.72739E-4,-0.61968,-0.51717,-0.2829,1.18012,-0.22178,0,0,0,0
4484,0.50517,0.72406,0.14898,-0.17279,0.03605,1.76287,0,0,0,0,0
4485,1.12839,0.39403,-0.21779,-0.28513,-0.35897,1.84014,0.21374,0,0,0,0
4486,0.51668,-0.14645,-0.65511,-0.47399,0.11611,0,0,0,0,0,0
4487,-0.06656,0.78837,0.11305,-0.42608,0.14378,1.64339,0.71269,0,0,0,0
4488,-0.26279,-0.26089,-0.8071,-0.44156,-0.12135,1.16627,0,0,0,0,0
4489,-0.12201,0.07264,-0.42967,-0.10095,-0.07369,1.41681,-1.1747,0,0,0,0
4490,0.28817,0.08146,-0.55402,-0.32137,0.17545,0,0,0,0,0,0
4491,0.97792,0.27767,-0.23647,-0.47554,-0.56018,1.83809,7.59908E-3,0,0,0,0
4492,-0.3104,0.64448,-0.23397,-0.73266,0.04568,1.27439,-0.18269,0,0,0,0
4493,0.52922,0.58351,-0.14153,-0.4295,-0.27834,1.28419,0.05731,0,0,0,0
4494,0.07187,-0.02053,-0.43981,-0.27818,-0.01507,0,0,0,0,0,0
4495,-0.43712,0.52757,-0.09535,-0.58578,0.62197,0,0,0,0,0,0
4496,1.05045,0.62118,-0.03593,-0.41579,-0.33593,1.44952,0,0,0,0,0
4497,-0.49235,-0.0852,-0.7298,-0.59521,-0.2196,1.03857,-1.04312,0,0,0,0
4498,-0.02257,0.65901,0.16577,-0.47895,0.20382,0,0,0,0,0,0
4499,0.14575,-0.02195,-0.23045,-0.08777,-0.04623,0,0,0,0,0,0
4500,-0.12746,0.25971,-0.23517,-0.01786,-0.08751,2.3932,0,0,0,0,0
4501,-0.0129,0.01963,-0.66893,-0.61443,-0.08979,1.50512,-0.38205,0,0,0,0
4502,1.28863,0.07722,-0.42242,-0.27927,1.13436,0,0,0,0,0,0
4503,-0.23377,0.5391,-0.12858,-0.61702,-0.04253,1.68431,0,0,0,0,0
4504,-0.09647,-0.25886,-0.74173,-0.33183,-0.06411,1.36264,-0.80697,0,0,0,0
4505,-0.42154,-0.23993,-0.72669,-0.53168,-0.15183,1.30158,0,0,0,0,0
4506,-0.12704,0.11,-0.50426,-0.07945,0.06635,1.65065,-0.08221,0,0,0,0
4507,0.51618,0.55835,0.09205,-0.14588,0.51672,0,0,0,0,0,0
4508,0.11315,0.90494,0.18769,-0.39182,0.26057,2.19338,0,0,0,0,0
4509,-0.2272,-0.24065,-0.70405,-0.44619,0.01724,1.44341,-0.18712,0,0,0,0
4510,0.67206,1.10502,0.79583,-0.60019,0.53561,0,0,0,0,0,0
4511,1.14871,1.04266,0.15698,-0.11235,-0.02004,2.49053,0.68288,0,0,0,0
4512,0.02394,-0.15477,-0.96343,-0.72054,-0.16194,1.06961,-0.2624,0,0,0,0
4513,-0.32925,-0.36952,-0.98651,-0.74283,-0.24755,1.27005,-1.52228,0,0,0,0
4514,-0.10041,-0.16477,-0.72831,-0.62899,-0.0457,1.90597,0,0,0,0,0
4515,0.31236,0.71431,-0.2098,-0.72924,-0.15826,0,0,0,0,0,0
4516,0.10319,0.78942,0.22996,-0.34212,0.29829,1.84318,1.23585,0,0,0,0
4517,1.16713,0.64943,-0.09475,-0.35221,-0.03934,2.20755,0.47723,0,0,0,0
4518,-0.16504,-0.21072,-0.84231,-0.62982,-0.14335,1.15958,0,0,0,0,0
4519,0.59828,0.48245,-0.33448,-0.5975,-0.30222,1.41873,-0.16992,0,0,0,0
4520,-0.36351,-0.33753,-0.82718,-0.51354,-0.1651,1.53057,0,0,0,0,0
4521,0.8581,0.60293,-0.22257,-0.42473,-0.08027,2.21513,0.33695,0,0,0,0
4522,0.71617,0.65097,0.09575,-0.39737,0.2472,0.33039,1.39227,0,0,0,0
4523,0.06477,0.19723,-0.65422,-0.8905,-0.5009,0.33039,1.60578,0,0,0,0
4524,0.27818,0.11151,-0.60174,-0.61802,-0.06886,1.92589,-0.11063,0,0,0,0
4525,0.18708,-0.08427,-0.50508,-0.29759,0.35391,1.60734,0,0,0,0,0
4526,0.50657,0.20865,-0.68515,-0.70729,0.17719,1.70031,-1.09699,0,0,0,0
4527,-0.06553,-0.34226,-0.776,-0.5847,0.10976,1.89715,0,0,0,0,0
4528,0.303,-0.15369,-0.94584,-1.22981,-0.76042,0.64021,0.13888,0,0,0,0
4529,0.49802,1.01127,0.26913,-0.05467,0.28921,0,0,0,0,0,0
4530,-0.52275,0.03717,-0.26315,-0.54763,0.27982,1.35392,0,0,0,0,0
4531,0.65391,0.25303,-0.17134,-0.62902,0.21818,2.1847,-0.09764,0,0,0,0
4532,0.3153,0.06034,-0.41362,-0.41249,0.27646,2.14761,0.01622,0,0,0,0
4533,-0.02683,-0.02082,-0.63212,-0.48142,0.18337,0.73585,0,0,0,0,0
4534,-0.04708,0.01554,-0.59884,-0.40187,0.18031,1.95071,-1.78651,0,0,0,0
4535,0.66856,0.83363,0.77431,-0.09176,1.00303,0,0,0,0,0,0
4536,0.68961,0.51154,-0.31613,-0.44875,0.18953,0,0,0,0,0,0
4537,0.82461,1.21255,0.44302,-0.12234,0.29143,0,0,0,0,0,0
4538,-0.26206,-0.26691,-0.73065,-0.8807,0.46408,2.06072,-0.97167,0,0,0,0
4539,0.16875,0.82985,0.09545,-0.10231,0.31697,1.8716,0.15231,0,0,0,0
4540,-0.4383,-0.36908,-0.75846,-0.57666,0.06318,1.64599,0,0,0,0,0
4541,0.28633,1.08985,0.26511,-0.23395,0.55804,0,0,0,0,0,0
4542,0.84929,0.825,0.09139,-0.66419,0.47516,0,0,0,0,0,0
4543,0.7693,0.88298,0.06315,-0.09499,0.11715,2.01493,1.10735,0,0,0,0
4544,1.59788,1.2363,0.23204,-0.02362,0.79849,0,0,0,0,0,0
4545,-0.64458,0.55403,-0.45683,-0.83543,-0.15497,1.88761,-0.06697,0,0,0,0
4546,-0.33597,-0.30128,-0.81993,-0.63165,0.10451,0,0,0,0,0,0
4547,0.49287,0.37613,-0.18043,-0.50586,0.23653,0,0,0,0,0,0
4548,0.46855,1.02285,0.06219,-0.19829,0.13638,0.58287,1.06964,0,0,0,0
4549,0.96273,1,0.36465,0.12208,0.65219,0,0,0,0,0,0
4550,0.16008,0.01884,-0.52328,-0.55569,0.06429,2.05531,-1.20049,0,0,0,0
4551,0.93786,0.41572,-0.16347,-0.53509,0.17234,2.45807,0.67606,0,0,0,0
4552,0.32773,0.80951,0.43837,-0.19451,0.53322,0,0,0,0,0,0
4553,0.22552,0.41003,-0.46437,-0.21886,0.51603,0,0,0,0,0,0
4554,0.01894,-0.12467,-0.70092,-0.62306,0.13721,0,0,0,0,0,0
4555,0.68042,1.01902,0.38621,-0.38888,0.69659,0,0,0,0,0,0
4556,0.3174,1.25036,0.43615,-0.13271,0.50755,0,0,0,0,0,0
4557,0.69382,1.32895,0.66181,0.04965,1.16238,0,0,0,0,0,0
4558,0.01,0.98409,0.16723,0.07854,0.54481,2.06916,0.20679,0,0,0,0
4559,1.05323,0.25639,-0.25808,-0.552,0.12581,2.33991,0.37377,0,0,0,0
4560,0.45293,0.20509,-0.13396,-0.49874,0.54611,2.73607,-0.35532,0,0,0,0
4561,0.58178,0.15529,-0.49025,-0.6793,0.11301,2.24867,-0.88203,0,0,0,0
4562,0.84925,1.20144,0.49514,-0.28174,0.53902,3.3707,0,0,0,0,0
4563,1.28395,0.8848,0.2474,-0.17296,0.43513,3.0706,0,0,0,0,0
4564,0.36572,0.19661,-0.35777,-0.1465,0.46318,0,0,0,0,0,0
4565,0.58977,0.82531,0.57318,0.04511,0.71862,2.04946,0,0,0,0,0
4566,0.4169,1.08373,0.4825,-0.17952,0.5143,1.8283,0,0,0,0,0
4567,0.57272,0.23552,0.13239,-0.16915,0.55702,2.89489,0,0,0,0,0
4568,0.45562,0.91184,0.28198,0.1359,0.89338,1.93975,0.74687,0,0,0,0
4569,0.7334,0.84734,-0.09417,0.26441,0.30311,0,0,0,0,0,0
4570,0.18306,0.17261,-0.5327,-0.75849,0.2958,2.34008,-0.14752,0,0,0,0
4571,0.62553,0.09332,-0.14435,-0.30358,0.53703,2.3932,0.34326,0,0,0,0
4572,0.70175,0.03338,-0.20485,-0.67152,0.17972,0,0,0,0,0,0
4573,0,1.355,1.19663,-1.19783,0.25982,0,0,0,0,0,0
4574,0.65747,1.08452,0.76703,2.73886E-3,1.36307,0,0,0,0,0,0
4575,0.59296,0.59036,-0.13656,-0.23278,0.80555,0,0,0,0,0,0
4576,0.3574,0.82997,0.52942,0.01139,0.33887,0,0,0,0,0,0
4577,0.79585,0.79322,0.56017,-8.24856E-3,0.90377,0,0,0,0,0,0
4578,0.698,1.19846,0.69641,0.2001,0.68983,0,0,0,0,0,0
4579,1.30207,1.2548,0.76832,-0.07836,1.0766,0,0,0,0,0,0
4580,0.87223,0.73813,0.15059,0,0.62793,0,0,0,0,0,0
4581,0.61491,-0.01004,0.08236,0.26221,0.66927,0,0,0,0,0,0
4582,1.36666,0.29377,-0.10967,-0.10297,1.05827,0,0,0,0,0,0
4583,0.87752,-0.45789,-0.57152,0.13567,1.08494,-0.81074,-0.28623,0,0,0,0
4584,0.78727,-0.17331,0.08047,0.38784,0.94915,-0.82122,0,0,0,0,0
4585,0,0,0,0,0,0,0,0,0,0,0
4586,1.18363,-0.18558,-0.43567,0.04024,0.86487,-1.24782,0.0165,0,0,0,0
4587,0,0,0,0,0,0,0,0,0,0,0
4588,1.26418,0.01864,-0.69207,0.13654,1.53273,0,0,0,0,0,0
4589,0.90645,0.59329,-0.30669,1.98228,1.34144,0,0,0,0,0,0
4590,1.27088,-0.07109,-0.13368,-0.14721,0.94085,0,0,0,0,0,0
4591,0.91997,-0.21012,-0.27866,0.18891,1.50877,0,0,0,0,0,0
4592,0.72271,-0.2126,-0.49824,0.29428,1.23479,0,0,0,0,0,0
4593,0.89244,-0.28867,-0.42708,0.19569,1.21056,-0.84293,0.41714,0,0,0,0
4594,0.99973,-0.10561,-0.17819,0.36684,1.1995,0,0,0,0,0,0
4595,0.85788,-0.32609,-0.53277,-0.03986,0.98581,-0.63795,0.49935,0,0,0,0
4596,0.79785,-0.57266,-0.67262,-0.02529,0.92707,-0.82608,0,0,0,0,0
4597,0.85562,-0.37968,-0.57195,0.08855,1.06937,-0.19034,0,0,0,0,0
4598,0.98062,-0.38484,-0.46592,0.23887,1.02541,-0.75375,0.38157,0,0,0,0
4599,0.73681,-0.40135,-0.43481,0.17665,1.11945,-0.41016,0,0,0,0,0
4600,0.59441,-0.58404,-0.53604,0.08169,1.04048,-0.79182,0,0,0,0,0
4601,1.33658,-0.01599,-0.79133,0.03802,0.80249,-0.87173,0.31746,0,0,0,0
4602,0.6843,-0.09844,-0.22186,0.28501,1.13849,-0.51258,0,0,0,0,0
4603,0.67892,-0.20122,-0.42124,0.13425,1.10879,-0.82692,0,0,0,0,0
4604,0.75555,-0.41455,-0.48742,-9.89252E-3,1.11013,-0.78622,0,0,0,0,0
4605,1.07914,0.15232,0.06243,0.26588,1.19229,-0.8006,0,0,0,0,0
4606,0.92687,-0.47975,-0.52771,0.09104,1.07088,-0.7824,0.43528,0,0,0,0
4607,0,0,0,0,0,0,0,0,0,0,0
4608,0.9073,-0.33775,-0.43668,0.14119,0.96815,-0.77692,0.36973,0,0,0,0
4609,0,2.31705,0.75832,0.53997,1.84043,0,0,0,0,0,0
4610,0.66438,-0.26477,-0.46862,0.21639,1.1594,0,0,0,0,0,0
4611,0.56831,-0.47991,-0.54816,0.05552,0.90627,-1.05452,0,0,0,0,0
4612,0.99798,-0.28182,-0.42618,0.4046,0.93227,-0.48714,0,0,0,0,0
4613,0.94586,-0.1083,-0.20603,0.3383,1.22393,-0.4941,0,0,0,0,0
4614,0.7627,-0.42593,-0.64545,0.09424,1.01445,-0.73539,0,0,0,0,0
4615,0.94183,-0.34198,-0.32299,0.11364,1.20988,-0.47918,0,0,0,0,0
4616,0.80434,-0.32094,-0.41149,0.12178,1.13454,-0.24198,0,0,0,0,0
4617,1.02202,-0.26699,-0.34427,0.21091,1.12661,-0.86005,-0.08453,0,0,0,0
4618,0.66145,-0.2308,-0.40675,0.24969,1.23667,0,0,0,0,0,0
4619,1.45124,0.0364,-0.29989,0.32996,0.96089,-0.42601,-0.02323,0,0,0,0
4620,0.81902,-0.05392,-0.15219,0.23071,1.2339,0,0,0,0,0,0
4621,1.45483,8.03037E-3,0.02084,0.76443,1.43678,0,0,0,0,0,0
4622,0.55552,-0.60234,-0.663,0.08164,0.95801,-0.98112,0.30241,0,0,0,0
4623,1.32831,-0.39811,-0.22056,-0.58127,1.18131,-0.39514,0,0,0,0,0
4624,1.47626,0.03808,-0.12546,0.41622,1.30335,0.01033,0,0,0,0,0
4625,0.90772,-0.32505,-0.34769,0.13163,1.21432,0,0,0,0,0,0
4626,1.73186,-0.1411,-0.35324,0.95612,0.78221,0,0,0,0,0,0
4627,0,0,0,0,0,0,0,0,0,0,0
4628,0.9157,-0.51994,-0.41651,-0.06843,1.06212,-0.73524,0.37336,0,0,0,0
4629,1.02435,-0.29857,-0.16044,0.14049,1.14695,0,0,0,0,0,0
4630,0.92079,-0.53165,-0.47405,0.07382,1.02254,-0.74466,0.95136,0,0,0,0
4631,0.92303,-0.23946,-0.46761,0.10164,0.98587,-0.55602,0.40096,0,0,0,0
4632,0.8044,-9.29754E-3,-0.16066,0.29862,1.15222,-0.37712,0,0,0,0,0
4633,0.82923,-0.36513,-0.45,0.05142,0.99541,-0.36999,0.72026,0,0,0,0
4634,0.73167,-0.45526,-0.48256,0.13751,0.92791,0,0,0,0,0,0
4635,1.12013,-0.11693,-0.36557,0.3049,1.03958,-0.08385,0,0,0,0,0
4636,1.05184,-0.20517,-0.36694,0.28184,1.15713,-0.47232,0,0,0,0,0
4637,0.89727,-0.12622,-0.33802,0.35139,1.19279,0,0,0,0,0,0
4638,0.80538,-0.44718,-0.47566,0.0572,1.037,-0.56774,0,0,0,0,0
4639,0.78029,-0.37382,-0.41322,-0.02007,1.11526,-0.95604,-0.261,0,0,0,0
4640,0.76418,-0.37249,-0.48489,-0.03701,0.985,-0.68833,0,0,0,0,0
4641,0.86363,-0.29123,-0.43663,0.07376,1.1628,0,0,0,0,0,0
4642,0.98646,-0.49188,-0.38409,0.25302,1.2501,0,0,0,0,0,0
4643,0.95926,-0.36084,-0.34131,0.29382,1.04776,-0.66834,0.5621,0,0,0,0
4644,0.85045,-0.35302,-0.45744,0.19368,1.06071,-0.13998,0,0,0,0,0
4645,1.09821,0.02877,-0.13866,0.22808,1.19614,-0.24482,0.81975,0,0,0,0
4646,1.04154,-0.15752,-0.26018,0.23085,1.13108,0,0,0,0,0,0
4647,0.76632,-0.35522,-0.35525,-0.15703,1.09993,0,0,0,0,0,0
4648,1.2268,-0.10303,-0.14476,0.40454,0.90907,0,0,0,0,0,0
4649,0.99521,-0.24058,-0.18246,0.31974,1.32502,0,0,0,0,0,0
4650,0.68258,-0.56259,-0.55114,0.01437,1.01429,-0.75291,0,0,0,0,0
4651,0.76931,-0.44959,-0.46672,0.08504,1.05716,0,0,0,0,0,0
4652,0.78497,-0.21361,-0.30062,0.3518,1.16049,-0.27995,0.97907,0,0,0,0
4653,0.81048,-0.4065,-0.48284,0.06818,1.00949,0,0,0,0,0,0
4654,0.56961,-0.27455,-0.49472,0.07237,1.29316,-0.38676,0,0,0,0,0
4655,0.65711,-0.56399,-0.50363,0.01539,1.00534,-0.69642,0,0,0,0,0
4656,0.92282,-0.31538,-0.31712,0.15601,1.16081,-0.39174,0.62544,0,0,0,0
4657,0.91477,-0.13976,-0.23515,0.33201,1.12281,0,0,0,0,0,0
4658,0.82869,-0.26505,-0.3062,0.14327,1.13615,-0.42857,0.89908,0,0,0,0
4659,0.74113,-0.52197,-0.56594,-0.01341,0.89464,0,0,0,0,0,0
4660,1.82434,0.36102,8.32833E-3,0.33683,1.43674,0,0.98361,0,0,0,0
4661,0,-1.11707,-0.73718,0,-0.3257,0,0,0,0,0,0
4662,1.03257,-0.20052,-0.42231,0.20794,1.25977,0,0,0,0,0,0
4663,0.77782,-0.38115,-0.31964,-0.0815,1.04447,0,0,0,0,0,0
4664,0.95504,-0.2837,-0.30937,0.17653,1.13613,0,0,0,0,0,0
4665,1.30524,-0.34954,-0.46989,-0.05005,1.43296,0,0,0,0,0,0
4666,0.86688,-0.22521,-0.24187,0.23082,1.09498,0,0,0,0,0,0
4667,0.96477,-0.34671,-0.34693,0.14675,1.09399,0,0,0,0,0,0
4668,0.82882,-0.40599,-0.33694,0.01406,0.98955,0.37497,0,0,0,0,0
4669,0.87209,-0.35406,-0.4388,0.15554,1.0532,-0.45759,0,0,0,0,0
4670,0.7131,-0.5147,-0.44609,0.12475,1.03727,-0.77264,0,0,0,0,0
4671,1.03323,-0.31832,-0.377,0.25241,1.16171,0,0,0,0,0,0
4672,0.72221,-0.53532,-0.51183,-0.05949,0.95569,-0.59319,0.87288,0,0,0,0
4673,1.50537,0.10534,-0.05524,-0.08782,1.06204,-0.03982,0.59452,0,0,0,0
4674,0.82764,-0.1981,-0.28789,0.22024,1.22951,0,0,0,0,0,0
4675,1.03637,-0.2578,-0.33392,0.17478,1.0983,0,0,0,0,0,0
4676,0.83449,-0.28508,-0.38535,-0.05859,1.07234,-0.36788,0,0,0,0,0
4677,0.92895,-0.38233,-0.4091,0.21761,1.03298,0,0,0,0,0,0
4678,1.011,-0.35407,-0.33347,0.20003,1.05428,0,0,0,0,0,0
4679,0,0,0,0,0,0,0,0,0,0,0
4680,0,0,0,0,0,0,0,0,0,0,0
4681,1.02562,-0.21285,-0.26925,0.17017,1.20632,0,0,0,0,0,0
4682,0.81255,-0.38202,-0.37301,0.19406,1.16704,-0.53027,0,0,0,0,0
4683,0.86364,-0.52169,-0.42526,0.12563,0.97215,-0.22253,0,0,0,0,0
4684,1.21817,-0.09813,-0.22683,0.48842,1.24123,-0.09934,0,0,0,0,0
4685,0.90875,-0.21616,-0.33924,0.13636,1.10421,-0.37685,0,0,0,0,0
4686,1.05755,-0.08351,-0.15977,0.26071,1.06884,-0.70341,0.49353,0,0,0,0
4687,0.74996,-0.42915,-0.43206,0.10204,1.03564,-0.47605,0,0,0,0,0
4688,0.67416,-0.43407,-0.43692,0.04047,1.02857,-0.43669,0,0,0,0,0
4689,0.9495,-0.26824,-0.34979,0.14132,1.10826,-0.61207,0,0,0,0,0
4690,0.82027,-0.41169,-0.43496,-0.04405,1.01604,-0.31373,0.76119,0,0,0,0
4691,0.88258,-0.33241,-0.2942,0.28642,1.06877,-0.46276,0,0,0,0,0
4692,0.82375,-0.46041,-0.39343,0.0874,1.06679,-0.44217,0,0,0,0,0
4693,0.94237,-0.30602,-0.3027,0.27207,1.06375,-0.0188,0,0,0,0,0
4694,0.97034,-0.14893,-0.30774,-0.0694,1.12295,0,0,0,0,0,0
4695,0.77519,-0.26149,-0.3438,0.2406,1.12209,-0.08666,0,0,0,0,0
4696,0.79255,-0.34701,-0.26486,0.07881,1.06861,-0.66923,0.21219,0,0,0,0
4697,1.16226,-0.27387,-0.156,0.06632,1.14782,-0.39353,0,0,0,0,0
4698,1.02993,1.03941E-3,-0.07158,0.48807,1.16198,-0.34939,0.84415,0,0,0,0
4699,1.14872,-0.13235,-0.23058,0.02791,1.35205,6.16508E-3,0,0,0,0,0
4700,0.86589,-0.48228,-0.39239,0.14366,1.17322,0,0,0,0,0,0
4701,1.15813,-0.38521,-0.2391,0.4033,0.88173,-0.22257,0,0,0,0,0
4702,0.7493,-0.38746,-0.52497,-0.04753,1.03318,-0.82703,0.52458,0,0,0,0
4703,0.91885,-0.26754,-0.30436,0.19576,1.09993,-0.68282,0,0,0,0,0
4704,0.80201,-0.24154,-0.25179,0.12879,0.94379,-0.47129,0.78974,0,0,0,0
4705,0.63399,-0.48464,-0.46209,-0.01939,1.04041,-0.69623,0.61414,0,0,0,0
4706,0.96342,-0.2262,-0.33208,0.2432,1.0509,-0.19892,1.21691,0,0,0,0
4707,0.68595,-0.38072,-0.35956,0.14574,1.17502,0,0,0,0,0,0
4708,0.89157,-0.26875,-0.33482,0.24436,1.0415,0,0,0,0,0,0
4709,0.75987,-0.46761,-0.34656,0.20189,1.02224,-0.52162,0.38657,0,0,0,0
4710,0.52554,-0.42335,-0.40786,0.12432,1.15092,-0.79254,0.05526,0,0,0,0
4711,0.49336,-0.33375,-0.04702,0.61159,1.24671,0,0,0,0,0,0
4712,0,0,0,0,0,0,0,0,0,0,0
4713,0.93542,0.04935,-0.23775,0.38052,1.03754,0,0,0,0,0,0
4714,0.82958,-0.30968,-0.30794,0.2906,1.23545,0,0,0,0,0,0
4715,0.81992,-0.24624,-0.45672,0.18119,1.11191,-0.72707,0,0,0,0,0
4716,0.73497,-0.3352,-0.44019,-0.02529,0.9974,-0.71964,0.02298,0,0,0,0
4717,0.82145,-0.29633,-0.42647,0.05832,1.18269,-0.54484,0.60745,0,0,0,0
4718,0.94519,-0.35361,-0.43858,-0.01287,1.25817,-0.92531,1.0309,0,0,0,0
4719,1.56898,-0.06884,-0.45433,-0.18423,1.00099,0,0,0,0,0,0
4720,0.71978,-0.41036,-0.37397,0.10384,1.07377,-0.55818,-3.40207E-3,0,0,0,0
4721,0,0,0,0,0,0,0,0,0,0,0
4722,0.65671,-0.37891,-0.37961,7.1229E-3,1.06696,-0.44505,0.30203,0,0,0,0
4723,0.70344,-0.3188,-0.27767,-3.99151E-3,1.03708,-0.54145,0,0,0,0,0
4724,0.82248,-0.43494,-0.46018,0.0928,1.19249,0.14386,0,0,0,0,0
4725,0.7685,-0.44727,-0.40613,0.16769,1.16504,0,0,0,0,0,0
4726,0.70727,-0.33362,-0.38077,0.11211,1.0067,0.09549,0,0,0,0,0
4727,0.6004,-0.55245,-0.57827,-0.08674,0.90141,-0.49601,0.62274,0,0,0,0
4728,0.85933,-0.24325,-0.17707,0.34662,1.13956,-0.67973,0,0,0,0,0
4729,-0.60426,-0.55469,-0.06402,0.82476,0.92427,0,0,0,0,0,0
4730,0.49169,-0.60066,-0.51545,-0.05524,0.92486,-0.52649,0.33357,0,0,0,0
4731,0.41993,-0.51768,-0.52287,0.03235,1.04599,-0.59042,0.11041,0,0,0,0
4732,0.70008,-0.4998,-0.48293,0.10108,1.0071,-0.08717,0,0,0,0,0
4733,0.67815,-0.33193,-0.31527,0.26748,1.15723,0,0,0,0,0,0
4734,1.01071,-0.24738,-0.2348,0.15571,1.00913,-0.55928,0.21989,0,0,0,0
4735,0.60401,-0.12325,-0.26418,0.01785,0.87059,-0.74475,-0.47481,0,0,0,0
4736,0.67577,-0.28603,-0.25217,0.06044,1.09666,-0.47391,0.25642,0,0,0,0
4737,0.85798,-0.46802,-0.37863,0.09371,1.14945,0,0,0,0,0,0
4738,0.51918,-0.5053,-0.40848,-0.06306,1.01042,-0.28714,0,0,0,0,0
4739,1.03499,-0.82864,0.04985,0.04803,1.12913,0,0,0,0,0,0
4740,0.6913,-0.53902,-0.40128,0.10227,1.02981,-0.52335,0.57908,0,0,0,0
4741,0.51934,-0.41522,-0.38273,0.06663,0.91663,-0.46042,0.47328,0,0,0,0
4742,0.73608,-0.36992,-0.32809,0.16613,1.05826,-0.43365,0,0,0,0,0
4743,0.77767,-0.47239,-0.45843,0.18423,0.93208,-0.43784,0,0,0,0,0
4744,0.42942,-0.38322,-0.46263,0.03785,0.91967,-0.60757,0,0,0,0,0
4745,0.5387,-0.57185,-0.49051,-0.08478,1.06767,0,0,0,0,0,0
4746,0.80826,-0.10933,-0.21366,0.10644,1.02496,-0.27669,1.03974,0,0,0,0
4747,0.46087,-0.52978,-0.44191,-0.04259,0.89312,-0.7416,0.37655,0,0,0,0
4748,1.02215,-0.09603,-0.10641,0.06376,0.88087,-0.50645,0.10859,0,0,0,0
4749,0.56341,-0.54859,-0.17519,-0.12596,0.94607,-0.59691,0,0,0,0,0
4750,0.51811,-0.62814,-0.37932,0.28198,0.99338,-0.60956,0.17271,0,0,0,0
4751,0.82037,-0.40859,-0.2915,0.02768,1.06098,-0.24568,0,0,0,0,0
4752,1.16913,-0.48919,-0.27935,-4.67937E-4,1.22934,0,0,0,0,0,0
4753,1.07408,-0.16998,0.34278,-2.44399E-3,1.16135,-0.20476,0,0,0,0,0
4754,0.69611,-0.30284,-0.41825,0.37161,1.07597,-0.13335,0,0,0,0,0
4755,0.13196,-0.23541,-0.29268,0.17387,1.21516,-0.21316,0.53506,0,0,0,0
4756,1.10685,-0.28953,-0.06173,0.10458,1.55831,-0.72552,0,0,0,0,0
4757,0.54107,-0.25505,-0.28974,-0.06835,0.99826,-0.69027,1.02346,0,0,0,0
4758,0.4994,-0.42644,-0.34516,-0.01851,1.08832,-0.55769,0.20415,0,0,0,0
4759,1.53048,0.53711,0.52312,0.75165,1.39042,0.47827,2.03727,0,0,0,0
4760,0.73944,-0.25888,-0.43946,0.11159,1.00244,-0.57542,0.34942,0,0,0,0
4761,0.51944,-0.57441,-0.45381,0.11335,1.01572,0.19265,0,0,0,0,0
4762,0.51812,-0.45078,-0.38184,0.0362,1.08783,-0.34962,0.58222,0,0,0,0
4763,0.84528,-0.22889,-0.29815,0.18882,1.2527,-0.24584,0.68607,0,0,0,0
4764,0.67652,-0.43368,-0.40342,0.12548,1.04646,-0.07905,0.62464,0,0,0,0
4765,0.49211,-0.40006,-0.48325,-0.32884,0.77577,0,0,0,0,0,0
4766,0.65388,-0.3499,-0.13602,0.04702,1.13975,-0.58282,0.56271,0,0,0,0
4767,0.9459,-0.3198,-0.2537,0.28005,1.08718,-0.36781,0.25965,0,0,0,0
4768,0.54521,-0.60397,-0.51432,-0.02635,0.98784,-0.40762,0,0,0,0,0
4769,0.36363,-0.63609,-0.61641,-0.15546,0.83622,-0.24771,0.9591,0,0,0,0
4770,0.45955,-0.55792,-0.50337,-0.14224,0.88194,-0.63992,0.49008,0,0,0,0
4771,0.57951,-0.53076,-0.52739,0.10881,1.07765,-0.44393,0,0,0,0,0
4772,0.56741,-0.56923,-0.44624,-0.08149,1.01521,-0.79823,0,0,0,0,0
4773,0.50367,-0.56446,-0.4897,0.09379,1.02675,-0.26957,0.63704,0,0,0,0
4774,0.89374,0.13157,0.08312,0.14449,1.05986,-0.31737,1.64536,0,0,0,0
4775,0.85972,-0.53886,-0.43888,-0.02031,1.16828,-0.37238,0,0,0,0,0
4776,0.28226,-0.41326,-0.38501,-0.09014,1.03933,-0.67818,0.26805,0,0,0,0
4777,0.60932,-0.49368,-0.34053,-0.10859,1.10109,-0.61788,0,0,0,0,0
4778,0.87341,-0.25034,-0.33206,0.02185,0.90216,-0.52951,0.64885,0,0,0,0
4779,0.94141,0.14176,0.10784,0.42107,1.16625,-0.15778,0,0,0,0,0
4780,0.71945,-0.60698,-0.30787,-0.22908,1.00412,-0.43898,0,0,0,0,0
4781,0.57517,-0.25095,-0.2754,0.51367,1.26472,-0.3306,0,0,0,0,0
4782,0.552,-0.51372,-0.41738,0.13263,1.12013,-0.58386,0.32309,0,0,0,0
4783,1.22103,0.69967,0.43612,0.37426,1.39016,0,0,0,0,0,0
4784,0.94953,0.02841,-0.50538,-0.28971,1.21503,-0.2673,0.81641,0,0,0,0
4785,0.53775,-0.37919,-0.40864,0.06368,1.06462,-0.42047,0,0,0,0,0
4786,0.91503,0.12113,-0.06796,0.08232,1.12566,-0.23143,0.90607,0,0,0,0
4787,0.29341,-0.537,-0.64986,-0.0183,0.99483,0,0,0,0,0,0
4788,0.4764,-0.56385,-0.60581,-6.79643E-3,0.9416,-0.73558,0.0921,0,0,0,0
4789,0.5441,-0.42532,-0.45373,0.04686,1.09406,-0.54574,0.38632,0,0,0,0
4790,0.49063,-0.49218,-0.5446,0.08196,1.01633,-0.76823,0,0,0,0,0
4791,1.13946,-0.25041,-0.63362,-0.04547,0.89845,-0.2134,0.80426,0,0,0,0
4792,0.41577,-0.59332,-0.44454,-0.0792,1.23024,0,0,0,0,0,0
4793,0.39649,-0.13228,0.04764,-0.02727,1.12785,0,0,0,0,0,0
4794,1.88866,0.63237,0.88299,0.88569,1.46357,0,0,0,0,0,0
4795,0.83398,-0.18182,-0.44267,-0.02989,0.86142,-0.50636,0.43326,0,0,0,0
4796,0.44012,-0.4553,-0.42621,0.02409,0.94777,-0.7208,0.8035,0,0,0,0
4797,0.62275,-0.36853,-0.56684,0.17032,1.11339,-0.44216,0.77029,0,0,0,0
4798,0.46207,-0.44957,-0.28157,9.54076E-3,1.0359,-0.43043,0,0,0,0,0
4799,0.47429,-0.40593,-0.25796,-0.12869,0.89366,-0.85272,0,0,0,0,0
4800,0.81219,-0.03321,-0.23758,0.2259,1.06547,-0.43726,1.37237,0,0,0,0
4801,0.29628,-0.45494,-0.35933,-0.02484,1.0266,-0.45158,0.82908,0,0,0,0
4802,0.93993,-0.19315,-0.1854,0.18394,0.99905,-0.49346,0.40798,0,0,0,0
4803,0.46812,-0.45344,-0.44725,0.04473,1.00884,-0.18653,0,0,0,0,0
4804,0.34082,-0.54296,-0.33791,-0.02697,0.9884,-0.68649,0.13651,0,0,0,0
4805,0.70505,-0.41686,-0.49118,0.12597,1.08967,-0.4227,0.31074,0,0,0,0
4806,0.27141,-0.8189,-0.83724,-0.24861,0.7855,-1.65758,0,0,0,0,0
4807,0.39386,-0.27936,-0.27115,0.39954,1.15173,-0.77421,0,0,0,0,0
4808,0.2977,-0.4362,-0.39415,0.07929,0.91298,-0.67602,0.55265,0,0,0,0
4809,0.66773,-0.43216,-0.46607,0.17463,1.01051,0,0,0,0,0,0
4810,0.57294,-0.54165,-0.51613,-0.16946,1.01188,0,0,0,0,0,0
4811,0.70949,-0.44203,-0.45744,-0.07619,0.97774,-0.49765,0.20294,0,0,0,0
4812,0.68289,-0.4826,-0.57593,0.0557,0.92275,0,0,0,0,0,0
4813,1.06529,-0.19165,-0.03429,0.60417,1.038,0,0,0,0,0,0
4814,0.43607,-0.41947,-0.48189,0.07093,0.78117,0,0,0,0,0,0
4815,0.10917,-0.80586,-0.80568,-0.36337,0.57997,-1.54562,0,0,0,0,0
4816,0.68318,-0.28385,-0.55772,0.1805,1.22025,0,0,0,0,0,0
4817,0.94433,-0.93305,-0.07317,0.43709,0.93932,-8.02015E-3,1.72201,0,0,0,0
4818,0.4272,-0.35935,-0.28497,-0.0659,1.06728,-0.54864,0.24491,0,0,0,0
4819,0.817,-0.30146,-0.36691,-0.08841,1.10559,-0.76775,0,0,0,0,0
4820,0.32487,-0.56952,-0.45286,-0.04207,1.04096,-0.64479,0.47929,0,0,0,0
4821,0.78878,-0.7081,-0.26428,-0.5014,0.44034,0,0,0,0,0,0
4822,0.42749,-0.57896,-0.62923,-0.14056,0.84822,-0.98247,0,0,0,0,0
4823,0.56053,-0.2119,-0.09784,0.15088,0.9564,-0.59147,0.95042,0,0,0,0
4824,0.19246,-0.39814,-0.44247,-0.04831,0.95737,-0.60759,0.58642,0,0,0,0
4825,0.58028,-0.44564,-0.50194,0.07853,1.01385,-0.58071,0,0,0,0,0
4826,0.48219,-0.31177,-0.47753,0.10093,1.00071,-0.73823,0.76065,0,0,0,0
4827,0.46773,-0.54173,-0.50077,-0.13496,0.84525,-0.85054,0.57005,0,0,0,0
4828,0.5728,-0.55192,-0.61755,6.98758E-3,1.10873,-0.39975,0.5275,0,0,0,0
4829,0.98547,-0.04314,-0.34006,0.19571,1.15188,-0.22159,1.38163,0,0,0,0
4830,0.764,-0.38907,-0.05816,0.39548,0.8191,0,0,0,0,0,0
4831,0.94166,-0.31548,-0.21816,0.11594,1.34766,0,0,0,0,0,0
4832,0.49739,-0.59519,-0.55683,0.16057,1.00124,-0.66828,0.48049,0,0,0,0
4833,0.43961,-0.27166,-0.56307,-0.54249,1.30561,0,0,0,0,0,0
4834,0.51795,-0.42868,-0.56288,-0.02238,0.93133,0,0,0,0,0,0
4835,0.10376,-0.55064,-0.40703,-0.56204,1.29125,0,0,0,0,0,0
4836,0,-0.69111,-0.54886,-0.40294,1.98364,0,0,0,0,0,0
4837,0.75674,0.20025,-0.1844,-0.01368,0.95069,-0.49897,0,0,0,0,0
4838,0.55352,-0.40085,-0.15887,0.01808,0.95536,-0.59703,1.18229,0,0,0,0
4839,0.56607,-0.3686,-0.40554,0.30677,1.07338,-0.10745,0,0,0,0,0
4840,0.58022,-0.33661,-0.42314,0.07682,1.18315,-0.37948,0.37154,0,0,0,0
4841,1.92044,-0.51463,-0.33494,1.71544,1.3037,0.03112,1.30676,0,0,0,0
4842,0.43312,-0.56203,-0.58445,-0.06537,0.96558,-0.63989,0.24041,0,0,0,0
4843,-0.52775,0.80843,-0.73597,-0.11032,0.59096,0,0,0,0,0,0
4844,0.56736,-0.56232,-0.25509,0.32556,0.98071,0,0,0,0,0,0
4845,0.15796,-0.46766,-0.58392,-0.24256,0.90734,0,0,0,0,0,0
4846,3.73864E-3,-1.15433,-0.12831,1.33741,0.14696,-0.48215,0.67976,0,0,0,0
4847,0.87037,0.05379,-0.63576,0.32131,1.1058,0,0,0,0,0,0
4848,0.38432,-0.53188,-0.51909,-0.07505,0.78393,0,0,0,0,0,0
4849,0.69921,-0.38522,-0.45462,-0.21215,0.98348,-0.54573,0.67762,0,0,0,0
4850,-0.64381,0.3478,0.32569,0.30198,1.16279,-0.72114,0,0,0,0,0
4851,0,0.51525,-0.21567,-0.18716,2.53001,0,0,0,0,0,0
4852,1.48567,-0.12271,-0.34711,0.32115,2.48996,0,0,0,0,0,0
4853,0.31223,-0.49869,-0.74369,-0.15284,0.79113,-0.75643,0,0,0,0,0
4854,1.61643,-0.82752,-0.58653,0.18759,1.03431,0,0,0,0,0,0
4855,0.46741,-0.4568,-0.34193,0.20296,1.55099,0,0,0,0,0,0
4856,0.355,-0.20653,-0.40504,-0.06769,0.9547,0,0,0,0,0,0
4857,0.68794,-0.44141,-0.42796,-0.17915,1.08824,0,0,0,0,0,0
4858,0,-0.9629,0,0,-0.26451,0,0,0,0,0,0
4859,0.31185,-0.07125,-0.98818,-0.01172,1.39594,0,0,0,0,0,0
4860,1.16427,0.15908,-0.03925,0.15628,1.20131,-0.42267,0.94426,0,0,0,0
4861,0.40704,-0.56658,-0.39834,-0.04639,0.87161,0,0,0,0,0,0
4862,0.41646,-0.53535,-0.40668,-0.13061,0.77124,-0.53261,1.00391,0,0,0,0
4863,0,0,0,0,0,0,0,0,0,0,0
4864,0.57064,-0.6353,-0.41413,-0.07977,1.1049,0,0,0,0,0,0
4865,0.34143,-0.54276,-0.44582,0.06977,1.09413,-0.60377,0,0,0,0,0
4866,0.47344,-0.38315,-0.47937,-0.32113,1.04697,-0.41029,0,0,0,0,0
4867,-0.18797,-0.1728,-0.36909,-0.47382,1.15609,0,0,0,0,0,0
4868,0.37405,-0.56319,-0.56969,-0.24896,0.75306,-0.87261,0,0,0,0,0
4869,0.06278,-0.46333,-0.70796,0.19518,1.04719,0,0,0,0,0,0
4870,0.91204,-0.50521,-0.26474,-0.04052,1.05528,0,0,0,0,0,0
4871,0.76104,-0.16717,-0.34335,0.01037,0.93127,-0.42649,1.38611,0,0,0,0
4872,0.2435,-0.56251,-0.59997,-0.10539,0.80446,-0.6063,0,0,0,0,0
4873,0.29009,-0.66073,-0.63491,-0.13782,1.04477,-0.26119,0,0,0,0,0
4874,0.30168,-0.43883,-0.52688,-0.0563,0.83129,-0.3306,0,0,0,0,0
4875,0.34247,-0.52396,-0.48908,-0.05168,0.95067,-0.66616,0.97975,0,0,0,0
4876,0.58862,-0.22238,-0.39329,0.03247,1.1317,0,0,0,0,0,0
4877,0.70109,-0.30818,-0.48957,-0.12868,1.08985,-0.55815,0.53798,0,0,0,0
4878,0.85797,-0.49736,-0.37711,-0.10681,1.13466,-0.71267,0.44611,0,0,0,0
4879,0.64859,-0.17305,-0.36864,0.25429,1.10635,-0.76823,0,0,0,0,0
4880,0.50602,-0.54261,-0.64228,-0.14141,0.88119,0,0,0,0,0,0
4881,0.64677,-0.48141,-0.42278,0.14462,1.14794,0,0,0,0,0,0
4882,0.48266,-0.15681,-0.64289,-0.2371,0.79248,0,0,0,0,0,0
4883,0.56596,-0.57026,-0.33956,0.36238,0.99355,0,0,0,0,0,0
4884,-0.02207,-0.47078,-0.30016,0.06783,0.9846,-0.42954,0,0,0,0,0
4885,0.18245,-0.76957,-0.47368,0.10311,1.19463,0,0,0,0,0,0
4886,0.48587,-0.32573,-0.132,0.06826,1.1088,0,1.37011,0,0,0,0
4887,-1.33697,-0.75458,-0.32937,-1.78905,1.0578,0,0,0,0,0,0
4888,0.18574,-0.5941,-0.64478,-0.18099,0.85579,-0.57119,0,0,0,0,0
4889,0.58671,-0.39619,-0.31443,-0.07636,0.90089,-0.57992,0.83423,0,0,0,0
4890,0.37934,-0.57182,-0.44439,-0.03398,0.96334,-0.64137,0.71847,0,0,0,0
4891,0.38403,-0.52153,-0.58444,-0.10017,0.91235,-0.5635,0.89056,0,0,0,0
4892,1.05585,-0.42599,-0.19918,0.09078,0.41538,-0.17822,0,0,0,0,0
4893,0.69751,0.03055,-0.66444,-0.36352,0.7051,0,0,0,0,0,0
4894,0.26776,-0.45541,-0.67466,-0.09791,1.00694,0,0,0,0,0,0
4895,0.44898,-0.49723,-0.48373,-0.05112,1.09112,0,0.477,0,0,0,0
4896,0.40401,-0.44501,-0.50067,-0.18441,1.11904,-0.8006,0,0,0,0,0
4897,0.07813,-0.76231,-0.46236,0.24509,0.94141,0,0,0,0,0,0
4898,0.77659,-0.20575,-0.45893,0.11039,1.01358,-0.55525,0.65704,0,0,0,0
4899,1.52043,-0.01907,-0.27172,0.26925,1.0832,0,0,0,0,0,0
4900,-0.53739,-0.37527,0.1303,1.11145,0.46873,-0.70968,0,0,0,0,0
4901,0.50182,-0.31431,-0.6214,-0.16563,1.01319,-0.52702,0,0,0,0,0
4902,-1.14813,-0.29613,0.12355,-0.43642,0.41874,0,0,0,0,0,0
4903,0,0.52886,-2.2294,-0.50006,0.42555,0,0,0,0,0,0
4904,0.40298,-0.53754,-0.45704,-0.12449,0.95938,-0.03238,0,0,0,0,0
4905,0.26764,-0.4623,-0.48035,-0.14202,1.15445,0,0,0,0,0,0
4906,0.37745,-0.37272,0.76651,0.22894,0.31065,0,0,0,0,0,0
4907,0.47261,-0.3151,-0.51708,-0.09217,1.03513,-0.85385,0,0,0,0,0
4908,0.4452,-0.36505,-0.69431,-0.20135,0.91028,0,0,0,0,0,0
4909,0.37528,-0.37396,-0.16469,0.2077,1.10148,0,0,0,0,0,0
4910,0.64501,-0.39258,-0.5994,-0.14815,0.89584,-0.51365,0.80107,0,0,0,0
4911,0.84791,-0.48084,-0.53517,0.05674,0.99709,0,0,0,0,0,0
4912,0.48015,-0.46328,-0.28012,-0.13662,1.20005,0,0,0,0,0,0
4913,0.36231,-0.53079,-0.47103,-0.20509,0.92028,-0.62513,0.86334,0,0,0,0
4914,0.69997,-0.2821,-0.35063,-0.25626,1.00316,0.99116,0.6487,0,0,0,0
4915,0.62895,-0.45697,-0.34738,0.06449,0.88275,0,0,0,0,0,0
4916,0.3188,-0.12724,-0.10075,-0.04212,0.93551,-0.57288,0.40119,0,0,0,0
4917,0.35874,-0.41328,-0.32445,2.28095E-3,0.82737,-1.70447,0,0,0,0,0
4918,0.78577,-0.14076,-0.47318,0.03332,0.98827,-0.10921,0,0,0,0,0
4919,0.8496,-0.47337,-0.43306,-0.0198,1.03197,-0.56281,0.79568,0,0,0,0
4920,0.90325,-0.08968,-0.39246,-0.03308,1.14234,-0.41191,0,0,0,0,0
4921,0.76214,-0.26417,-0.15392,-0.07052,1.1365,0,0,0,0,0,0
4922,0.62393,-0.28712,-0.20486,0.11699,0.95042,-0.56129,0,0,0,0,0
4923,1.33919,0.49092,-0.49808,0.54783,1.37709,0,0,0,0,0,0
4924,0.47747,-0.27974,-0.54058,0.09484,1.25584,-0.46656,0.78279,0,0,0,0
4925,1.0208,0.12338,-0.26838,0.09119,1.17729,0.33163,0,0,0,0,0
4926,0.36982,-0.42174,-0.60666,0.13792,0.95422,-0.68328,1.02037,0,0,0,0
4927,0.37886,-0.48806,-0.56797,-0.06373,0.99691,-0.63387,0.83563,0,0,0,0
4928,0.44359,-0.50423,-0.41697,-0.14332,1.01371,-0.64654,0,0,0,0,0
4929,0.8506,-0.38457,-0.03561,0.4797,1.00432,0,0,0,0,0,0
4930,0.65858,-0.51129,-0.33527,-0.11795,1.07557,-0.47237,0,0,0,0,0
4931,0.67017,-0.52264,-0.62956,-0.25225,0.71588,0,0,0,0,0,0
4932,0.54673,-0.53372,-0.40283,-0.09571,0.90863,-0.103,0,0,0,0,0
4933,0.72248,-0.27427,-0.48182,-0.01464,0.98731,-0.68941,0,0,0,0,0
4934,0.77386,-0.31636,-0.51763,0.21664,1.04752,-0.58054,0,0,0,0,0
4935,0.61857,-0.54344,-0.50065,0.07092,1.07002,-0.6782,0.83303,0,0,0,0
4936,0.60233,-0.7808,-0.85327,-1.86054E-3,0.90456,0,0,0,0,0,0
4937,0.38745,-0.35463,-0.28302,0.1419,0.92855,-0.62446,0,0,0,0,0
4938,1.58015,0.05323,-0.26122,0.48685,1.08035,0,0,0,0,0,0
4939,0.63287,-0.43872,-0.5077,0.14516,1.01348,-0.61492,0.66013,0,0,0,0
4940,-1.22435,-0.17441,-1.27173,-1.7909,1.41641,0,0,0,0,0,0
4941,0.3592,-0.27104,-0.36337,0.07513,1.05589,-0.57151,1.01731,0,0,0,0
4942,0.15044,-0.30412,-0.40734,0.04915,1.08076,-0.67884,0,0,0,0,0
4943,0.84685,-0.45992,-0.1694,-0.11276,1.10513,-0.2089,0.8868,0,0,0,0
4944,0.1937,-0.56179,-0.58038,-0.2242,0.673,0,0,0,0,0,0
4945,0.77169,-0.28168,-0.33457,0.23294,1.08731,0,0,0,0,0,0
4946,0.64456,-0.38915,-0.2537,0.21757,1.0983,-0.55573,0,0,0,0,0
4947,0.60488,-0.29105,-0.53794,7.81295E-3,1.22936,0,0.52058,0,0,0,0
4948,0.77202,-0.35855,-0.92446,-0.15934,1.03503,-0.35664,0,0,0,0,0
4949,0.25936,-0.52496,-0.52984,-0.07542,0.95231,-0.76003,-0.01961,0,0,0,0
4950,9.05152E-3,-0.47276,-0.45037,-0.08616,0.90079,-0.47525,0,0,0,0,0
4951,0.18544,-0.47178,-0.43759,-0.10396,0.83237,-1.21115,0.76495,0,0,0,0
4952,0.23616,-0.16128,-0.46926,0.3853,0.96628,0,0,0,0,0,0
4953,0.89269,-0.06598,-0.33548,0.22359,1.27868,-0.22052,1.42507,0,0,0,0
4954,0.45447,-0.3871,-0.16165,-0.03767,0.93796,-0.90596,0,0,0,0,0
4955,0.89241,0.03589,-0.25499,0.02257,1.04534,0,0,0,0,0,0
4956,0.42531,-0.36702,-0.36094,0.01894,1.03639,-0.37824,0,0,0,0,0
4957,0.58903,-0.33537,-0.54734,-0.05987,1.08389,-0.4217,0.42879,0,0,0,0
4958,0.46843,-0.41415,-0.5196,-0.17204,1.10791,-0.8006,0,0,0,0,0
4959,0.73622,-0.43438,-0.55103,-9.09626E-3,1.20814,-0.66937,0.43447,0,0,0,0
4960,1.09279,-0.44164,-0.34068,0.16638,1.23396,-0.61316,0,0,0,0,0
4961,1.11304,-0.0926,-0.3073,-0.29031,1.29347,-0.83697,0,0,0,0,0
4962,0.38822,-0.03051,-0.41157,-0.04447,1.03147,-0.23479,1.35044,0,0,0,0
4963,0.95019,-0.31577,-0.41296,-0.0911,1.18943,-0.38509,0,0,0,0,0
4964,0.52656,-0.41978,-0.30091,-6.89084E-3,0.97356,0,0,0,0,0,0
4965,0.53075,-0.5413,-0.48914,-0.06783,0.87077,-0.51847,0.60886,0,0,0,0
4966,0.25733,-0.44158,-0.46669,-0.1177,0.93061,-0.76416,0.74187,0,0,0,0
4967,0.77579,-0.28422,-0.35345,-0.1001,0.92033,0,0,0,0,0,0
4968,0.33237,-0.31378,-0.24291,-0.0571,0.86972,-0.7232,1.48153,0,0,0,0
4969,0.44723,-0.42919,-0.37287,0.14813,0.96154,-0.4471,0.92143,0,0,0,0
4970,0.55847,-0.23539,-0.43374,-0.17312,1.05053,-0.50657,0,0,0,0,0
4971,1.01174,-0.09495,-7.22498E-4,8.87435E-3,1.28229,0,0,0,0,0,0
4972,0.37765,-0.39338,-0.35059,-0.02226,1.00865,-0.35654,0,0,0,0,0
4973,0.66332,-0.253,-0.18284,0.13881,0.83176,0,0,0,0,0,0
4974,0.46338,-0.39891,-0.47684,-0.0873,1.06574,0,0,0,0,0,0
4975,0.03483,-0.40612,-0.39524,-0.24918,0.99338,-0.65625,0.92303,0,0,0,0
4976,0.03315,-0.49178,-0.35814,-0.04977,1.1105,0.65023,0,0,0,0,0
4977,0.75634,-0.22813,-0.23392,-0.13165,1.07958,-0.52753,1.08141,0,0,0,0
4978,0.1052,-0.4153,-0.30288,0.01783,1.03586,-0.84408,0,0,0,0,0
4979,0.72475,-0.28932,-0.38575,-0.24014,0.97119,-0.61194,1.26932,0,0,0,0
4980,0.2636,-0.24795,-0.37023,-0.33947,1.21389,-0.52306,0.37378,0,0,0,0
4981,0.55865,-0.42885,-0.39916,-0.02626,1.00585,-0.30655,0.73073,0,0,0,0
4982,0.32484,-0.36304,-0.46631,0.02638,1.13907,-0.35166,0,0,0,0,0
4983,0.53866,-0.50643,-0.377,-0.11586,0.97454,-0.59643,0,0,0,0,0
4984,0.51109,-0.39489,-0.4894,0.10405,0.97953,-0.35336,0.78652,0,0,0,0
4985,0.49631,-0.32864,-0.43675,-0.10341,1.04536,-0.37772,1.01949,0,0,0,0
4986,0.63153,-0.44823,-0.42288,0.06866,1.07396,-0.31818,0,0,0,0,0
4987,0.78886,-0.44671,-0.42459,-0.19444,1.10749,-0.62603,0.51939,0,0,0,0
4988,0.39183,-0.33446,-0.54663,0.01307,0.89887,-0.21032,0.86669,0,0,0,0
4989,0.66075,-0.49759,-0.50781,-0.18009,0.89081,-0.60305,0.41761,0,0,0,0
4990,0.35571,-0.48434,-0.71003,-0.12269,1.10946,0.29801,0,0,0,0,0
4991,0.71392,-0.51182,-0.42859,-0.02423,1.06714,-0.60863,-0.11086,0,0,0,0
4992,0.36961,-0.45229,-0.395,2.49559E-3,0.95771,-0.3346,1.21611,0,0,0,0
4993,0.57901,-0.4404,-0.42224,-0.11414,0.9519,-0.30871,0,0,0,0,0
4994,0.54109,-0.36138,-0.44642,-0.03041,1.05614,-0.40746,0,0,0,0,0
4995,0.61291,-0.38315,-0.35262,0.0852,1.1347,0,0,0,0,0,0
4996,0.95226,-0.27391,-0.13996,0.12019,1.00504,-0.35038,0.73825,0,0,0,0
4997,1.00446,-0.31797,-0.23975,0.22397,1.13859,-0.26455,0.85455,0,0,0,0
4998,0.5508,-0.5632,-0.57244,-0.12481,1.04088,-0.6314,0.4612,0,0,0,0
4999,-0.10562,-0.52539,-0.38903,-0.18378,0.82284,-0.99308,1.35046,0,0,0,0
5000,1.0305,0.06076,-0.41673,0.42222,0.90054,0,0,0,0,0,0
5001,0.16925,-0.54816,-0.25783,-0.1093,0.9767,-0.74346,0.74264,0,0,0,0
5002,0.67878,-0.34463,-0.1982,0.23712,1.16602,-0.22749,0.49355,0,0,0,0
5003,0.87746,-0.3008,-0.7085,0.20266,1.24981,-1.49375,0.90304,0,0,0,0
5004,0.79161,-0.50056,-0.40394,-0.3071,1.0181,0,0,0,0,0,0
5005,0.43912,-0.53708,-0.21933,0.13482,1.16607,-1.49375,0,0,0,0,0
5006,1.37643,-0.22694,-0.04314,0.26461,1.53169,-0.2957,0,0,0,0,0
5007,0.25541,-0.43515,-0.44137,-0.06632,0.9768,-0.68827,0.78714,0,0,0,0
5008,0.19904,-0.0511,-1.66962E-3,0.03547,1.36358,0,0,0,0,0,0
5009,0.64566,-0.03812,-0.1855,-0.04672,1.00514,0,0,0,0,0,0
5010,0.69455,-0.36991,-0.45502,0.1517,1.10436,-0.41994,0.71323,0,0,0,0
5011,0.91804,0.16678,0.07846,0.28052,1.09262,-0.04394,2.24868,0,0,0,0
5012,0.51992,-0.50489,-0.5917,-0.14159,1.081,-0.41431,0.85859,0,0,0,0
5013,0.63525,-0.42334,-0.40173,0.01894,1.05057,1.02353,0,0,0,0,0
5014,0.5764,-0.22335,-0.2547,0.09585,1.16726,-0.77771,0.76999,0,0,0,0
5015,0.68027,-0.45845,-0.28342,-0.11224,0.9554,-0.29807,0,0,0,0,0
5016,0.72837,0.18712,0.18661,0.23857,1.28447,0.01222,2.1006,0,0,0,0
5017,0.60431,-0.47154,-0.53534,-0.11405,0.91188,-0.44102,0,0,0,0,0
5018,0.58301,-0.39439,-0.51502,0.01456,1.11412,-0.51874,0.53638,0,0,0,0
5019,0.68164,-0.27321,-0.54445,0.07051,0.97458,-0.42116,0.93902,0,0,0,0
5020,0.9522,-0.25428,-0.34832,0.42363,1.07476,-0.03238,0,0,0,0,0
5021,0.60195,-0.4304,-0.48652,0.03825,1.0095,-0.54308,0.98143,0,0,0,0
5022,-0.20751,-0.41203,-0.34384,-0.14299,0.88407,-0.94465,0.40252,0,0,0,0
5023,0.36931,-0.43602,-0.22503,-0.13709,0.90853,-0.77421,0,0,0,0,0
5024,0.95381,0.05481,-0.25927,0.046,1.09778,-0.08904,1.36632,0,0,0,0
5025,0.65563,-0.24217,-0.08256,0.12136,1.04545,-0.43754,0.40733,0,0,0,0
5026,-0.01417,-0.4289,-0.30507,-0.11099,0.81124,-0.68626,1.18661,0,0,0,0
5027,0.79404,-0.27667,-0.21116,-0.168,1.07891,-0.53015,0.98674,0,0,0,0
5028,0.93677,-0.19972,-0.43316,-0.06498,1.20108,0,0,0,0,0,0
5029,0.19523,-0.03192,-0.19106,0.03278,1.31146,-0.58006,0,0,0,0,0
5030,0.63407,-0.23428,-0.32897,-0.3204,1.2631,0.29801,0.85663,0,0,0,0
5031,0.13378,-0.48805,-0.50811,-0.18135,0.95164,-0.74179,0.83628,0,0,0,0
5032,0.77176,-0.23115,-0.31203,0.15663,1.26755,-0.38367,0.77815,0,0,0,0
5033,0.44664,-0.44996,-0.4849,-0.04227,1.08699,0,0,0,0,0,0
5034,0.51028,-0.46315,-0.47282,-0.05964,1.08538,-0.44412,0,0,0,0,0
5035,0.09745,-0.44604,-0.3422,0.05623,0.94148,-0.80461,0.85987,0,0,0,0
5036,0.52993,-0.31157,-0.595,0.17634,1.26305,0,0,0,0,0,0
5037,0.36529,-0.359,-0.31058,0.01745,1.01467,-0.52158,1.09867,0,0,0,0
5038,1.91189,0.5542,0.8252,0.30325,1.88496,0.33039,0,0,0,0,0
5039,0.4033,-0.41433,-0.41208,-0.07539,1.0953,-1.17863,0,0,0,0,0
5040,0.71217,-0.43443,-0.50104,-0.02811,1.17682,-0.51819,-0.04848,0,0,0,0
5041,0.60648,-0.49346,-0.48874,7.62907E-3,1.25271,-0.47093,0.14244,0,0,0,0
5042,-4.46481E-3,-0.34653,-0.111,0.08973,0.94719,-0.60492,1.15346,0,0,0,0
5043,0.50996,-0.50436,-0.52425,-0.06023,0.97387,-0.53783,0.93378,0,0,0,0
5044,0.61237,-0.22272,-0.5207,0.01899,1.13024,-0.38014,0.55239,0,0,0,0
5045,0.7317,-0.41898,-0.65365,0.02241,1.15001,-0.50667,0.76244,0,0,0,0
5046,0.88003,-0.13505,-0.52594,0.22931,1.33796,-0.50213,0.94839,0,0,0,0
5047,0.57018,-0.23244,-0.36445,0.08752,1.0926,-0.38913,0.72952,0,0,0,0
5048,0.67264,-0.34304,-0.42816,0.05582,1.06141,-0.45661,0,0,0,0,0
5049,0.45022,-0.39518,-0.39015,-0.03425,1.07751,-0.58792,0,0,0,0,0
5050,-0.03637,-0.4368,-0.34722,-0.26473,0.92024,-0.86795,0,0,0,0,0
5051,0.30932,-0.43988,-0.32721,-0.24338,1.00835,-0.41494,0,0,0,0,0
5052,0.6922,-0.30909,-0.35769,0.03779,1.09556,-0.33982,0,0,0,0,0
5053,0.27459,-0.37796,-0.37955,-0.10934,0.77692,-0.54402,1.2842,0,0,0,0
5054,1.63512,-0.44554,-0.35648,-0.90497,1.73078,-0.04292,0.90862,0,0,0,0
5055,0.94235,-0.33549,-0.39571,-0.15498,1.3189,-0.45292,0.96457,0,0,0,0
5056,0.22745,-0.52465,-0.46125,-0.11139,0.88873,-0.42448,0.68002,0,0,0,0
5057,-0.34297,-0.67031,-0.66106,-0.57625,0.54238,-3.064,0,0,0,0,0
5058,0.38781,-0.57417,-0.50755,-0.22867,0.82203,-0.6107,0,0,0,0,0
5059,0,0,0,0,0,0,0,0,0,0,0
5060,0.98778,-0.19102,-0.44667,0.09254,1.28572,-0.32554,0.64144,0,0,0,0
5061,0.69607,-0.37677,-0.29359,0.01556,1.14249,-0.17822,0,0,0,0,0
5062,0.69745,-0.20842,-0.28588,0.23306,1.11184,-0.17776,0,0,0,0,0
5063,0.69734,-0.5229,-0.37104,-0.08797,1.00216,-0.02675,0.41572,0,0,0,0
5064,0.53152,-0.28788,-0.30241,0.02388,1.07289,-0.42021,1.0657,0,0,0,0
5065,0.34984,-0.57703,-0.48895,-0.16331,0.99198,-0.41061,0.88349,0,0,0,0
5066,0.34117,-0.3678,-0.31485,-0.16511,1.03734,-0.3722,0.88702,0,0,0,0
5067,1.32671,0.03742,-0.67248,-0.44434,1.53788,0,0,0,0,0,0
5068,0.54277,-0.41677,-0.40594,-0.08782,1.03697,-0.35729,1.00387,0,0,0,0
5069,0.72872,-0.03533,-0.34486,-0.19376,1.06173,-0.62493,0.44808,0,0,0,0
5070,0.41911,-0.47562,-0.37076,-0.17508,0.98082,-0.25477,1.40215,0,0,0,0
5071,-0.09624,-0.56227,-0.40847,-0.22673,0.77309,-0.56082,0,0,0,0,0
5072,0.36897,-0.39057,-0.12053,0.13575,1.25563,-0.42723,0.55735,0,0,0,0
5073,0.58783,0.03837,-0.01112,0.19057,1.12219,-0.23975,1.81579,0,0,0,0
5074,0.49317,-0.33958,-0.25889,0.11718,1.20238,-0.76823,0,0,0,0,0
5075,0.3084,-0.39969,-0.36463,-0.12202,0.99176,-0.71012,0,0,0,0,0
5076,0.61907,-0.3702,-0.57093,-0.11141,1.09806,-0.64949,0.58629,0,0,0,0
5077,-0.05256,-0.40608,-0.46797,-0.09792,0.913,-0.37493,0,0,0,0,0
5078,0.46526,-0.32599,-0.48848,0.07086,1.12256,-0.40003,0.76314,0,0,0,0
5079,0.62775,-0.44692,-0.15335,0.1767,1.17487,-0.65205,0,0,0,0,0
5080,0.37391,-0.25463,-0.27633,2.99941E-3,1.03148,-0.69352,1.14508,0,0,0,0
5081,0.76064,-0.07891,-0.25594,0.12196,1.14805,-0.09503,0,0,0,0,0
5082,0.19382,-0.10086,4.21468E-3,0.45521,1.18455,0,0,0,0,0,0
5083,0.70497,-0.27515,-0.21699,0.11456,1.05308,-0.63305,0,0,0,0,0
5084,0.51127,-0.34964,-0.28834,0.02669,1.04063,-0.28988,0.79416,0,0,0,0
5085,0.55712,-0.33907,-0.47377,-0.05198,1.11154,-0.41349,0,0,0,0,0
5086,0.30608,-0.35861,-0.32663,-0.01319,0.97278,-0.68523,0,0,0,0,0
5087,0.88722,0.54992,-0.05413,0.41866,1.57841,0,0,0,0,0,0
5088,0.67075,-0.54774,-0.36934,-0.0259,1.23155,-0.44313,0.84066,0,0,0,0
5089,0.38784,-0.51377,-0.62142,-0.19575,1.02129,-0.24101,0.88389,0,0,0,0
5090,0.4766,-0.36572,-0.45895,-0.07604,1.0899,-0.38074,0.78491,0,0,0,0
5091,0.65455,-0.04065,-0.41161,-0.19067,1.26337,-0.37629,1.06361,0,0,0,0
5092,0.58637,-0.31789,-0.29186,6.68581E-3,1.47718,-0.09503,0,0,0,0,0
5093,0.59568,-0.39554,-0.61178,-0.04221,1.14509,-0.4514,0,0,0,0,0
5094,0.94723,-0.14128,-0.12914,-0.17605,1.26167,0,0,0,0,0,0
5095,0.81942,-0.21013,-0.20465,0.47769,1.10552,-0.8006,0,0,0,0,0
5096,0.35806,-0.36997,-0.29128,-0.0133,1.18884,1.4717,0,0,0,0,0
5097,0.85981,-0.20871,-0.35659,0.0793,1.10231,-0.22723,0.9925,0,0,0,0
5098,0.7334,-0.32623,-0.34645,0.02869,1.26919,-0.46387,0.81575,0,0,0,0
5099,0.6961,-0.19414,-0.51864,-0.01269,1.08733,-0.09748,0,0,0,0,0
5100,1.81459,0.07168,-0.4339,0.23243,1.21138,0,0,0,0,0,0
5101,0.64841,-0.32772,-0.55435,0.0105,1.1237,-0.48416,0,0,0,0,0
5102,0.93303,-0.58304,-0.44734,0.76159,1.0229,0,0,0,0,0,0
5103,0.58507,-0.38672,-0.45307,-0.13962,1.04958,-0.47144,0.88679,0,0,0,0
5104,0,0,0,0,0,0,0,0,0,0,0
5105,0.73283,-0.33027,-0.23095,0.15942,1.19285,0.18468,0,0,0,0,0
5106,0.92769,-0.21105,-0.20276,-0.14253,1.33807,-0.16808,1.0388,0,0,0,0
5107,0.15722,0.13846,-0.28397,0.12374,1.13919,0,0,0,0,0,0
5108,0.66562,-0.41197,-0.37001,-0.19832,1.05085,-0.10745,0,0,0,0,0
5109,0.52116,0.44219,0.37807,0.50668,1.88576,0,1.00842,0,0,0,0
5110,0.43437,-0.39848,-0.56392,-0.16927,1.05593,-0.52816,0.46537,0,0,0,0
5111,0.56699,-0.3371,-0.22619,-9.99406E-3,1.24339,-0.36137,1.39697,0,0,0,0
5112,0.88919,0.30445,-0.68678,8.60639E-3,1.19223,-0.37475,0,0,0,0,0
5113,0.9177,-0.04673,-0.03705,0.14631,1.04617,0,0,0,0,0,0
5114,0.63822,-0.27678,-0.21861,-0.04899,1.42058,0.08266,0,0,0,0,0
5115,0.71104,-0.15383,-0.40097,0.1242,1.35663,0,0,0,0,0,0
5116,0.74705,-0.26822,-0.36345,-0.08187,1.09999,-0.36408,0.80085,0,0,0,0
5117,0.88301,-0.10934,-0.71814,-0.5929,0.97372,0,0,0,0,0,0
5118,0.66223,-0.37935,-0.49776,-0.16709,0.94515,-0.52364,0,0,0,0,0
5119,0.65885,-0.23367,-0.26068,0.02178,1.21834,-0.23078,0,0,0,0,0
5120,0.75068,-0.06154,-0.35934,0.18618,1.28951,0,0,0,0,0,0
5121,0.51721,-0.22047,-0.36596,0.0963,1.35235,0.29801,0,0,0,0,0
5122,0.4747,-0.022,-0.58482,-0.17539,1.35076,0,0,0,0,0,0
5123,0.76503,-0.25508,-0.40936,-0.07379,1.11186,-0.57746,1.15275,0,0,0,0
5124,0.99539,-0.11426,-0.36571,0.05699,1.35289,-0.2225,0.57605,0,0,0,0
5125,1.11475,0.30647,-0.48484,0.11251,1.29622,-0.29896,0,0,0,0,0
5126,1.05461,-0.11507,0.21751,0.23848,1.09813,-0.28667,0.85291,0,0,0,0
5127,0.95995,-0.22025,-0.4386,9.629E-3,1.25454,-0.07905,0,0,0,0,0
5128,1.23855,0.084,-0.10967,-0.08992,1.22454,0.0385,0,0,0,0,0
5129,1.03066,0.02601,-0.14583,0.12562,1.40776,-0.03588,0,0,0,0,0
5130,0.76249,0.21252,0.37341,0.22597,1.20653,0,0,0,0,0,0
5131,0.92264,-0.03856,-0.25472,-0.03394,1.28707,-0.20333,1.20453,0,0,0,0
5132,1.01211,0.05525,-0.21944,0.17848,1.35427,-0.26916,1.12885,0,0,0,0
5133,1.11732,-0.13719,-0.20513,9.0514E-3,1.21532,-0.15478,0.94293,0,0,0,0
5134,0.93505,-0.0497,-0.24638,8.04774E-5,1.31183,-0.13232,1.29708,0,0,0,0
5135,0.84987,-0.12877,-0.34732,-0.14409,1.21604,-0.32347,0.79081,0,0,0,0
5136,0.9879,0.38672,8.18838E-3,0.21224,1.47119,-0.14886,0,0,0,0,0
5137,1.11373,0.01279,-0.23816,0.20628,1.31029,0.33039,0,0,0,0,0
5138,0.96326,-0.1452,-0.14981,0.07724,1.21605,0.59812,0,0,0,0,0
5139,0.75579,-0.13792,-0.36294,-0.05652,1.22311,-0.34585,1.19224,0,0,0,0
5140,0.94475,-0.1716,-0.27554,-0.1371,1.31234,-0.1535,0,0,0,0,0
5141,1.03857,0.22838,-0.03937,0.25851,1.50189,0,0,0,0,0,0
5142,0.93967,-0.06104,-0.09191,0.14245,1.35945,-0.10783,1.11039,0,0,0,0
5143,1.04526,-0.03364,-0.28873,0.02211,1.17806,-0.5138,0.17714,0,0,0,0
5144,1.13252,-0.02881,-0.08914,0.16359,1.21,0.39274,0,0,0,0,0
5145,1.14322,0.08449,-0.08148,0.05663,1.44631,-0.2354,1.07486,0,0,0,0
5146,1.10659,0.16343,-0.19494,-0.059,1.22912,0.08621,0,0,0,0,0
5147,0.87161,0.1092,-0.15168,0.43914,1.45144,0.04728,0,0,0,0,0
5148,1.22783,0.23968,-0.03801,0.3107,1.26347,-0.10711,1.19305,0,0,0,0
5149,1.5241,0.20875,-0.02316,0.31855,1.50879,0.14075,1.91258,0,0,0,0
5150,1.15083,0.2754,-7.77254E-3,0.55548,1.77762,0.39483,1.9251,0,0,0,0
5151,0.39382,0.33317,0.26137,0.40159,1.18074,0,0,0,0,0,0
5152,1.12655,0.41807,-0.0462,0.37362,1.53858,-0.03005,1.1242,0,0,0,0
5153,0.43604,0.68762,0.35437,0.43544,1.77237,0,0,0,0,0,0
5154,0.87103,0.19479,0.03487,-0.04912,1.50742,-0.11542,0,0,0,0,0
5155,0.74498,0.13006,-0.04954,0.5611,1.5583,0.6727,0,0,0,0,0
5156,0.15896,0.68834,-0.33767,0.53932,1.96296,0,0,0,0,0,0
5157,0.77798,0.01026,-0.13868,0.6457,1.47533,0.01409,0,0,0,0,0
5158,0.45529,-0.22073,-0.59607,-0.03225,1.24331,-0.75141,0,0,0,0,0
5159,0.66694,-0.05058,-0.38462,-0.01582,1.36761,-0.44821,-0.77583,0,0,0,0
5160,1.71436,1.79393,1.2483,1.22167,2.84158,2.84746,0,0,0,0,0
5161,1.01863,0.66997,0.08394,0.51155,1.71703,0.79823,1.99129,0,0,0,0
5162,0.99167,0.38965,0.06032,0.10445,1.45042,-0.033,0,0,0,0,0
5163,0.21424,0.25323,-0.46029,-5.44296E-3,1.0215,0.09659,0,0,0,0,0
5164,0.89258,0.27066,-0.32821,0.2606,1.36323,-0.05213,1.57512,0,0,0,0
5165,0.33636,0.20498,-0.20264,0.13293,1.19889,0.47196,1.98872,0,0,0,0
5166,0.42672,0.49185,0.13176,0.37646,1.64681,0.68388,0.95644,0,0,0,0
5167,0.38406,0.16112,-0.14832,0.23145,1.20502,0.33594,1.22421,0,0,0,0
5168,1.00639,0.63597,-0.09788,0.08941,1.99195,0.65859,1.50461,0,0,0,0
5169,0.50134,0.09112,-0.41064,0.08299,0.89726,-0.30476,0.75658,0,0,0,0
5170,0.17763,-0.02655,-0.42505,-0.011,1.044,-0.05812,1.39471,0,0,0,0
5171,0.37069,0.02521,-0.46084,0.26218,1.06494,-0.10022,0.31644,0,0,0,0
5172,0.69645,0.65104,-0.06075,0.4371,1.5569,0.62629,0,0,0,0,0
5173,0.10361,-0.03059,-0.48351,0.08236,1.10838,0.2148,1.64748,0,0,0,0
5174,1.0391,0.10421,-0.26041,-1.73364E-3,1.15172,0,0,0,0,0,0
5175,-0.40501,-0.23241,0,-0.19979,-0.10718,0,0,0,0,0,0
5176,0.77794,0.2425,-0.25841,0.24234,1.18177,0.24836,0,0,0,0,0
5177,0.28155,0.01062,-0.63152,0.04191,1.0091,0.11473,1.5438,0,0,0,0
5178,-0.06618,-0.06982,-0.56913,-0.18546,0.99798,-0.0103,0.80403,0,0,0,0
5179,0.35538,0.23905,0.03128,0.44137,1.87269,0.78728,0,0,0,0,0
5180,0.08734,-0.06786,-0.69347,-0.11189,0.97728,0.07008,1.26485,0,0,0,0
5181,0.40257,0.33434,-0.37244,0.18394,1.52162,0.21919,1.70007,0,0,0,0
5182,0.45045,0.31421,-0.13903,0.50616,1.6449,0.46405,0.8184,0,0,0,0
5183,0.15845,0.31509,-0.29738,0.16068,1.25654,-0.0433,0.34407,0,0,0,0
5184,1.21139,0.29028,-0.12461,0.67211,1.57853,0.50815,2.04828,0,0,0,0
5185,0.24997,0.64851,0.25934,0.53612,2.17224,1.97703,0,0,0,0,0
5186,0.76589,0.77372,0.11915,1.11187,2.0533,0,0,0,0,0,0
5187,0.21674,0.34335,-0.18153,0.1105,1.76909,0.56118,0,0,0,0,0
5188,0.12275,0.22034,0.05379,0.06754,1.76265,0.80747,1.51699,0,0,0,0
5189,0.16477,0.06166,-0.15751,0.3628,1.59014,0,0,0,0,0,0
5190,0.36021,0.13491,0.14883,0.31531,1.84025,0,0,0,0,0,0
5191,0.19457,0.26649,0.09635,0.609,1.51059,0,0,0,0,0,0
5192,-0.1466,0.24312,0.3514,0.64247,1.49203,0,0,0,0,0,0
5193,0.2992,0.3778,0.07124,0.51424,1.63684,0.76939,0,0,0,0,0
5194,-0.85578,-1.7228,0.41889,-0.70864,1.50784,0,0,0,0,0,0
5195,0.48204,0.31422,0.38968,0.29791,2.05509,0.02608,0,0,0,0,0
5196,0.49463,0.67125,-0.95504,1.53298,2.57723,0,0,0,0,0,0
5197,-0.31286,0.71168,-0.79548,-1.76266,1.88588,0,0,0,0,0,0
5198,0.76601,0.1146,-0.26048,0.49881,1.24103,0.41579,0,0,0,0,0
5199,0.53015,0.42418,0.20831,0.50876,1.98294,0.53121,1.63116,0,0,0,0
5200,-0.39343,0.09435,0.05385,0.39209,2.14243,0.61545,0,0,0,0,0
5201,0.94301,1.312,0.76718,0.72446,1.61925,0,0,0,0,0,0
5202,0.19862,0.42268,0.53649,0.73471,2.05474,1.25252,0,0,0,0,0
5203,0,0,0,0,0,0,0,0,0,0,0
5204,0,-0.32947,-1.0094,0,0,0,0,0,0,0,0
5205,0.45431,0.14512,0.17589,0.83734,2.24778,0,0,0,0,0,0
5206,0.55542,0.33032,0.02665,0.41581,2.07116,1.11112,1.74423,0,0,0,0
5207,-0.59271,0.17378,0.24005,0.59766,2.35677,1.08832,0,0,0,0,0
5208,-0.24072,0.2241,0.08628,1.11228,3.35225,0,0,0,0,0,0
5209,-0.71916,0.03624,0.14866,0.77912,2.74417,0,0,0,0,0,0
5210,-0.26199,0.50939,0.10855,0.54483,2.75794,1.36222,0,0,0,0,0
5211,1.31556,0.53685,0.03893,0.6871,1.93226,0.87118,2.33036,0,0,0,0
5212,0,0,0,0,0,0,0,0,0,0,0
5213,0.45282,0.14785,-0.04023,0.98584,2.19293,1.04321,0.88074,0,0,0,0
5214,-1.06419,-0.22915,-0.45346,0.88769,2.35814,0,0,0,0,0,0
5215,0.76242,0.63366,0.37656,0.65426,2.06433,1.1709,2.60348,0,0,0,0
5216,-0.93673,0.07495,-0.02083,0.89446,2.88026,1.10271,-0.72776,0,0,0,0
5217,0.31116,0.31642,0.16725,0.25883,1.94891,0.01042,0,0,0,0,0
5218,0.64864,0.42844,0.09388,0.44148,1.70747,0.01033,2.13713,0,0,0,0
5219,0.90359,0.47177,-0.08292,0.18176,1.71455,0,0,0,0,0,0
5220,0.23806,0.63323,0.36601,0.9081,2.18127,0.74821,0,0,0,0,0
5221,0.8188,0.36291,0.25946,0.48705,1.52636,0.37058,0,0,0,0,0
5222,-0.40469,0.18919,-0.11356,0.42751,2.27542,1.32948,1.06355,0,0,0,0
5223,-1.05813,-0.31647,-0.14928,0.43553,2.40125,1.37827,0,0,0,0,0
5224,-0.33487,0.30768,0.11552,0.77264,2.3053,0,0,0,0,0,0
5225,-0.22611,0.31657,-0.09236,0.58276,2.18377,-0.76823,0,0,0,0,0
5226,-0.39545,0.21617,0.22559,0.30766,2.17241,0.31369,0.19403,0,0,0,0
5227,-1.12647,-0.19357,-0.06363,0.2371,2.43665,0.56754,-1.69152,0,0,0,0
5228,0.03399,0.17304,-0.05499,0.20893,1.64144,0.45357,0.78333,0,0,0,0
5229,-1.96361,-0.88717,-0.77402,-0.08733,1.91662,0.92224,0,0,0,0,0
5230,-0.34232,0.12472,-0.20716,0.28135,1.84597,0.83701,0,0,0,0,0
5231,-0.30713,0.09135,-0.28644,0.30604,1.90958,0.26164,0,0,0,0,0
5232,-0.60664,0.11886,-0.19228,0.58515,2.00392,0.82655,0.34644,0,0,0,0
5233,0.19695,0.36427,0.02692,0.38356,1.88834,0.30383,1.48606,0,0,0,0
5234,-0.41515,0.2014,-0.10559,0.36654,1.85426,0.63452,0.82942,0,0,0,0
5235,-1.6667,-0.66788,-0.50951,0.28501,2.30056,0.26716,-1.23915,0,0,0,0
5236,-0.61623,0.04665,-0.05162,0.79971,2.35678,0,0,0,0,0,0
5237,-0.96493,7.98023E-3,0.09115,0.87549,2.4584,1.70478,0,0,0,0,0
5238,-1.1274,-0.38867,-0.07997,0.59811,2.66457,0,0,0,0,0,0
5239,-1.4864,-0.4712,-0.35697,0.40675,2.36312,0.33922,-0.98665,0,0,0,0
5240,-1.57618,-0.45968,-0.16418,0.54521,2.63305,0.21351,-1.29269,0,0,0,0
5241,-0.49621,0.21412,0.23796,0.81427,2.52817,0,0,0,0,0,0
5242,-0.27005,0.11418,-0.09004,0.48286,1.81664,0.64042,0,0,0,0,0
5243,0.64232,0.56623,0.04559,0.30436,1.76919,0.29352,1.60333,0,0,0,0
5244,-0.01626,0.09395,-0.35657,0.26853,1.40106,-0.04686,1.10971,0,0,0,0
5245,-0.42386,0.01317,-0.19135,0.50943,1.80212,0.16831,0.53185,0,0,0,0
5246,-0.59143,0.13614,0.22967,0.92802,2.59329,0,0,0,0,0,0
5247,-0.58889,-0.08878,-0.29017,0.20333,1.72806,0.41728,-0.1114,0,0,0,0
5248,-0.79538,-0.1549,-0.45992,0.0706,1.62067,0.78252,0,0,0,0,0
5249,-0.11468,0.2261,-0.01457,0.40492,1.97354,0,0,0,0,0,0
5250,-0.99713,-0.36767,-3.35423E-3,0.49075,2.70673,0.69023,-0.23521,0,0,0,0
5251,-1.35986,-0.41331,-0.10621,0.45371,2.61177,0.60909,-1.0932,0,0,0,0
5252,-1.34888,-0.28127,-0.1544,1.02053,2.91634,0,0,0,0,0,0
5253,-0.03228,0.70748,0.37992,1.18814,2.30942,1.55153,0,0,0,0,0
5254,-0.43925,0.36511,0.13603,0.28867,1.89241,0,0,0,0,0,0
5255,-0.58364,0.1813,0.01778,0.78621,2.47593,0.24439,-0.39814,0,0,0,0
5256,-0.67809,-0.05023,0.22706,0.74504,3.17953,0,0,0,0,0,0
5257,-0.35197,0.39304,0.03635,0.66021,2.01544,0,0,0,0,0,0
5258,-0.08215,0.94646,-1.01031,-2.60276,1.23693,0,0,0,0,0,0
5259,0.89659,0.40057,0.20731,-0.01565,2.04041,0,0,0,0,0,0
5260,-0.28217,0.43334,-0.15834,0.3601,2.10325,0.03486,1.73496,0,0,0,0
5261,0.39101,0.44619,0.20744,0.4905,1.7886,0.62277,0.87144,0,0,0,0
5262,0.12951,0.69128,-0.0286,0.1537,1.6573,0,0,0,0,0,0
5263,-0.04749,0.23262,0.24138,0.59409,2.00087,0.56003,0,0,0,0,0
5264,-1.33926,-0.05702,-0.36934,1.04271,2.50562,0,0,0,0,0,0
5265,0.64571,0.43479,0.29654,1.06405,2.21635,0.58447,1.80958,0,0,0,0
5266,0.04685,0.2901,0.10291,0.58208,2.39486,1.2143,0,0,0,0,0
5267,-0.02118,0.2945,0.43629,0.87365,2.56639,0.96148,0,0,0,0,0
5268,-0.97422,-0.16285,2.146,0.4596,3.94772,0,0,0,0,0,0
5269,-0.9795,-0.29631,-0.01651,0.9692,2.98599,0,0,0,0,0,0
5270,-1.22896,-0.24354,-0.13601,0.76326,2.74403,0,0.34051,0,0,0,0
5271,-0.36334,0.33238,0.24741,0.70693,2.50963,1.20611,0,0,0,0,0
5272,-0.24622,0.32336,0.09024,0.75704,2.09702,0,1.31391,0,0,0,0
5273,-1.51705,-0.61594,-0.02346,0.68773,2.93546,0,0,0,0,0,0
5274,-1.07497,-0.20369,0.10151,0.92518,3.05243,1.1764,0,0,0,0,0
5275,-0.24224,0.30328,0.05863,0.52055,2.29288,0,0,0,0,0,0
5276,0.09838,1.09078,0.44484,0.96523,1.78152,1.01933,0,0,0,0,0
5277,-1.1347,-0.45546,0.0793,0.51534,2.92353,0.83752,-0.88434,0,0,0,0
5278,-0.13164,0.60274,0.14056,0.93363,2.36586,0.82373,1.174,0,0,0,0
5279,0.16936,0.40913,0.09405,0.46296,2.09147,0.54954,0,0,0,0,0
5280,-1.06889,-0.42529,0.07571,1.02662,3.02923,0,0,0,0,0,0
5281,-1.34436,-0.65404,-0.10841,0.5813,2.96686,0,0,0,0,0,0
5282,-1.34895,-0.73311,-0.22508,0.54528,2.97583,0,0,0,0,0,0
5283,0.08979,0.5603,0.48687,1.12233,2.6673,1.49923,1.28615,0,0,0,0
5284,0.1029,0.69506,0.52539,1.15776,2.67776,0,0,0,0,0,0
5285,-1.40553,-0.43184,-0.41461,0.90727,2.5868,1.14244,0,0,0,0,0
5286,-1.19624,-0.51941,-0.09115,0.78631,3.02312,1.13734,0,0,0,0,0
5287,0.28084,0.99093,0.61478,1.39547,2.9904,2.31683,0,0,0,0,0
5288,-0.11189,0.47443,0.38447,0.68151,2.8951,1.06496,3.02466,0,0,0,0
5289,0.73368,2.30828,0.51902,1.17012,4.02208,0,0,0,0,0,0
5290,0.31694,1.66638,1.13819,0.84629,3.94751,0,0,0,0,0,0
5291,-0.125,0.89929,0.13849,0.97162,3.85642,0,0,0,0,0,0
5292,0.07172,-0.36666,-0.31663,-0.81141,0.17998,2.19787,-0.78936,0,0,0,0
5293,0.90377,0.66596,0.15968,-0.24257,0.73678,4.28699,1.40529,0,0,0,0
5294,0.08983,-0.20752,-0.40036,-0.94287,0.30994,2.05251,-0.89799,0,0,0,0
5295,0.49302,0.28698,-0.06691,-0.32319,0.78036,3.0691,0.15457,0,0,0,0
5296,-0.16717,-0.79281,-0.73459,-1.36208,-0.15362,2.12889,-0.26506,0,0,0,0
5297,1.13842,0.78739,0.56825,0.08917,0.6723,0,0,0,0,0,0
5298,0.42961,-0.29025,-0.35976,-0.84991,0.2541,2.18248,0,0,0,0,0
5299,0.2568,-0.48813,-0.29788,-1.06059,0.13324,2.51629,0,0,0,0,0
5300,0.10523,-0.34958,-0.44126,-1.09822,0.18075,2.26379,0,0,0,0,0
5301,0.6117,0.08471,0.14873,-0.62333,0.35415,3.27354,0,0,0,0,0
5302,0.04583,-0.06838,-0.19964,-0.7307,0.5966,0,0,0,0,0,0
5303,0.03954,-0.3073,-0.24402,-0.99462,0.26137,1.69436,0,0,0,0,0
5304,0.7173,0.30899,-0.04854,-0.13,0.51403,0,0,0,0,0,0
5305,-0.1287,-0.44596,-0.49581,-1.10991,0.11152,2.2336,-0.4119,0,0,0,0
5306,-0.06018,-0.14287,-0.3185,-0.94776,0.57323,0,0,0,0,0,0
5307,0.23395,-1.91215E-3,-0.24974,-0.72595,0.56782,1.92073,-0.90875,0,0,0,0
5308,0.80731,0.42052,0.28003,-0.0498,1.26411,0,0,0,0,0,0
5309,0.65713,0.09566,-0.15804,-0.56322,0.56814,2.13806,0,0,0,0,0
5310,0.43886,1.47652,0.39914,0.46384,2.07329,0,0,0,0,0,0
5311,0.7233,0.70903,0.26768,-0.01096,0.78017,0,0,0,0,0,0
5312,0.06329,-0.24075,-0.22836,-0.84807,0.54529,2.11157,-0.82804,0,0,0,0
5313,-0.19348,-0.62469,-0.58579,-1.31883,0.18221,1.88749,-1.83662,0,0,0,0
5314,0.22081,-0.52873,-0.42475,-1.22883,0.22654,1.86294,-1.49052,0,0,0,0
5315,0.84758,0.41098,-0.16036,-0.74294,0.58307,0,0,0,0,0,0
5316,0.1536,-0.0793,-0.1249,-1.00403,0.35465,1.96058,-1.25148,0,0,0,0
5317,-0.27465,-0.55163,-0.54513,-1.14835,0.40284,2.2289,0,0,0,0,0
5318,1.2388,0.66199,0.20399,-0.18937,1.06809,2.16485,0,0,0,0,0
5319,-0.10288,-0.69991,-0.75372,-1.22981,0.09592,1.98401,-1.70104,0,0,0,0
5320,0.80369,1.25748,0.74303,0.58784,1.37126,0,0,0,0,0,0
5321,0.05101,-0.15544,-0.41806,-0.68287,0.60224,2.44199,0,0,0,0,0
5322,0.16258,0.76153,0.3999,0.08533,1.23251,0,0,0,0,0,0
5323,-0.26599,-0.65577,-0.44043,-1.27963,0.21299,1.76127,-0.23041,0,0,0,0
5324,0.07832,-0.2779,-0.22189,-0.93262,0.71866,1.98585,-0.81892,0,0,0,0
5325,-0.07428,-0.38543,-0.31745,-0.99114,0.44954,2.08977,0,0,0,0,0
5326,0.66453,0.46577,-0.02204,-0.15062,0.88234,3.05434,0.7285,0,0,0,0
5327,0.19194,-0.09769,-0.41211,-0.71727,0.51775,0,0,0,0,0,0
5328,-0.3245,-0.78535,-0.59445,-1.33543,0.27139,1.85599,0,0,0,0,0
5329,-0.11088,-0.34232,-0.46006,-0.97201,0.55457,2.22177,0,0,0,0,0
5330,0.03815,0.2503,-0.01578,-0.56053,0.77306,0,0,0,0,0,0
5331,-0.04999,-0.67405,-0.54392,-1.27259,0.35712,1.89187,-0.66856,0,0,0,0
5332,-0.46061,-0.42241,-0.58748,-1.04733,0.4123,2.12292,0,0,0,0,0
5333,0,1.03501,1.33889,-0.4821,0.01895,0,0,0,0,0,0
5334,1.66547,1.14301,0.75807,0.85531,1.86836,0,0,0,0,0,0
5335,0.94862,-0.02262,0.21025,-2.2003E-3,1.20462,2.87562,0.1173,0,0,0,0
5336,0.74893,0.71244,0.56826,0.02791,1.12927,0,0,0,0,0,0
5337,0.18185,-0.13132,-0.29145,-0.76658,0.7269,2.35155,0,0,0,0,0
5338,0.2034,0.89778,0.62299,0.10943,1.41337,1.97199,-0.11945,0,0,0,0
5339,0.1333,0.18614,0.08504,-0.67076,0.77296,2.57441,0.66982,0,0,0,0
5340,-0.22638,-0.12575,-0.31521,-0.63999,0.86072,3.0441,0.28069,0,0,0,0
5341,-0.46802,-0.03982,-0.20508,-0.73991,0.68359,2.66389,0,0,0,0,0
5342,-0.1655,0.01207,-0.17629,-0.63146,0.81022,0,0,0,0,0,0
5343,0.05218,0.3507,0.20859,-0.3658,0.88031,2.64036,0,0,0,0,0
5344,-0.86209,0.72374,0.43743,-0.45191,1.28935,0,0,0,0,0,0
5345,0.04609,-0.38385,-0.25036,-0.92661,0.64046,0,0,0,0,0,0
5346,0.07198,0.05322,-0.09638,-0.64607,0.75851,2.20755,0,0,0,0,0
5347,-0.24727,0.13654,-0.08571,-0.34632,1.12981,2.3855,-0.94973,0,0,0,0
5348,-0.12031,0.06137,0.05633,-0.25246,1.12102,3.18838,0.92819,0,0,0,0
5349,-0.4618,-0.03729,-0.23572,-0.8996,0.90227,1.02353,0.64096,0,0,0,0
5350,0.21229,0.34456,0.05369,-0.24334,0.97791,2.92201,-0.16053,0,0,0,0
5351,-0.17991,-0.46851,-0.52766,-1.22432,0.56511,2.61065,0,0,0,0,0
5352,0.03774,-0.04483,-0.26586,-1.08755,0.63187,1.86265,-0.1645,0,0,0,0
5353,0.25925,0.34182,-0.24041,-0.01995,0.88145,0,0,0,0,0,0
5354,-1.57458E-3,0.49776,0.2019,-0.46591,1.19076,2.2512,0.56079,0,0,0,0
5355,-0.24809,0.25327,0.11706,-0.27112,1.1197,0,0,0,0,0,0
5356,0.2228,0.30013,-0.25079,-0.40761,1.18886,2.7254,-0.16324,0,0,0,0
5357,0.11845,0.25994,-0.47318,-0.15958,0.8883,1.02353,0,0,0,0,0
5358,0.30341,0.63342,0.39436,-0.01283,1.92981,0,0,0,0,0,0
5359,0.06385,0.04863,0.67413,0.55277,1.93653,2.95754,1.04318,0,0,0,0
5360,0.81014,0.14241,0.4743,-0.50859,2.28755,0,0,0,0,0,0
5361,-0.06471,0.39398,0.26965,-0.26974,1.59054,0,0,0,0,0,0
5362,0.34655,0.17762,0.0663,-0.53688,1.48432,0,0,0,0,0,0
5363,0.56459,0.34958,0.1169,-0.23953,1.66524,0,0,0,0,0,0
5364,0.08729,0.62859,-0.46692,0,0,0,0,0,0,0,0
5365,0.18855,0.72326,0.72316,0.25756,2.16259,0,0,0,0,0,0
5366,0.11368,0.4957,0.33534,-1.0621,2.96606,0,0,0,0,0,0
5367,-0.73239,0.67296,0.8623,-0.46354,0.82787,2.48727,0,0,0,0,0
5368,1.29663,1.60422,0.45167,0.37874,1.7653,0,0,0,0,0,0
5369,0.54517,0.80626,0.96506,0.8228,2.7248,0,0,0,0,0,0
5370,0.17342,0.66359,0.60092,0.16406,1.38115,2.16485,0.95236,0,0,0,0
5371,0.43554,0.80019,0.67741,0.75983,2.62862,1.98668,0.28969,0,0,0,0
5372,-0.4277,1.04681,0.70375,0.52962,2.24891,1.16106,0,0,0,0,0
5373,0.07549,0.88542,0.64949,0.77543,2.23247,0,0,0,0,0,0
5374,-0.36053,0.70947,0.31434,0.52078,2.10129,0,0,0,0,0,0
5375,-0.3039,0.60415,0.71108,-1.96612E-4,2.23503,0,0,0,0,0,0
5376,-0.20617,0.81881,0.56973,0.32601,2.41682,1.75788,-0.62999,0,0,0,0
5377,-5.24606E-3,1.08864,0.4653,0.38161,2.61618,0,0,0,0,0,0
5378,0.11688,1.15089,-0.2416,0.61182,2.47993,0,0,0,0,0,0
5379,-0.01797,0.41602,0.13394,1.12403,2.60387,0,0,0,0,0,0
5380,-0.85391,0.5973,0.50769,0.7783,2.52048,0,0,0,0,0,0
5381,0.53238,-0.27309,0.86363,0.59588,1.96758,0,0,0,0,0,0
5382,-0.93793,0.60275,0.47609,0.3307,2.38823,0,0,0,0,0,0
5383,-0.68869,0.18038,0.37061,5.62124E-3,2.17767,0,0,0,0,0,0
5384,-1.05015,0.19276,0.07102,0.06618,2.00973,1.17074,-1.30096,0,0,0,0
5385,-0.3798,0.40576,0.21185,-4.21377,-1.40737,0,0,0,0,0,0
5386,0.08432,1.10951,0.94814,0.67886,2.3514,0,0,0,0,0,0
5387,-0.4704,0.61369,0.55798,0.60263,2.06653,2.13001,0.53118,0,0,0,0
5388,-0.91474,0.4375,0.24716,0.05483,2.30226,1.9497,-1.05456,0,0,0,0
5389,-0.36956,0.36968,0.42351,0.63682,2.55221,0,0,0,0,0,0
5390,-0.78932,0.19782,0.15512,0.43254,2.54219,0,0,0,0,0,0
5391,-1.09081,-0.67732,-0.22621,0.05132,2.18969,0.33039,0,0,0,0,0
5392,-0.96111,0.12848,0.33735,0.69539,2.99257,1.98775,-2.21977,0,0,0,0
5393,-0.62443,0.13024,0.44688,0.91379,3.13846,0,0,0,0,0,0
5394,0,0,0,0,0,0,0,0,0,0,0
5395,-0.19753,0.04071,0.39405,0.83847,3.94412,3.18838,0,0,0,0,0
5396,-0.9867,-0.12776,0.30694,0.78701,2.69815,0,0,0,0,0,0
5397,-0.96817,-0.49496,-3.03438E-3,0.37622,2.90076,0,0,0,0,0,0
5398,-1.01714,-0.49695,0.2365,0.5776,2.58514,0,0,0,0,0,0
5399,-0.90069,-0.39748,0.257,0.5706,2.77471,0,0,0,0,0,0
5400,-1.24429,-0.96656,-0.21646,-0.08933,2.4751,0.89287,-1.09783,0,0,0,0
5401,-1.13835,-0.50029,0.32694,0.25256,2.80276,0,0,0,0,0,0
5402,-1.14097,-0.31283,0.08986,0.41822,2.89255,1.72513,0,0,0,0,0
5403,-1.18648,-0.43163,0.04976,0.45359,2.93556,0,0,0,0,0,0
5404,-1.42309,-0.53964,-0.07122,0.64129,2.82905,1.33233,0,0,0,0,0
5405,-1.08199,-0.12886,0.3258,0.17993,3.12096,0,0,0,0,0,0
5406,-0.78618,-0.21091,0.48552,0.63361,3.07328,1.441,0,0,0,0,0
5407,-1.21338,-0.5069,0.27598,0.37815,2.75533,1.7439,0,0,0,0,0
5408,-0.97288,-0.25258,0.49861,0.60077,2.929,1.77839,0,0,0,0,0
5409,0,-1.26733,-0.93491,-0.89878,0,0,0,0,0,0,0
5410,-0.95061,-0.42132,-0.22319,1.10679,3.11197,0,0,0,0,0,0
5411,-1.04091,-0.10358,0.18787,0.86691,3.08706,0,0,0,0,0,0
5412,-1.38178,0.04264,0.04282,0.98596,3.2945,0,0,0,0,0,0
5413,-1.50627,-0.97465,-0.08282,0.08713,2.48034,1.35392,0,0,0,0,0
5414,-1.35109,-0.39537,0.1353,0.70543,2.86645,0.55341,-0.63133,0,0,0,0
5415,0,0,0,0,0,0,0,0,0,0,0
5416,-1.67669,-0.61729,0.16511,0.5584,2.88207,1.67064,0,0,0,0,0
5417,0.03377,-0.23519,0.31582,0.48612,2.91619,0,0,0,0,0,0
5418,-1.54054,-0.90235,-0.17996,0.33927,2.67698,1.27521,0,0,0,0,0
5419,-1.28522,-0.51057,0.03413,0.48448,2.9108,1.80209,0,0,0,0,0
5420,-0.97446,-0.47661,0.01881,0.93815,3.20907,0,0,0,0,0,0
5421,-1.20265,-0.47389,0.15544,1.06434,3.12092,0,0,0,0,0,0
5422,0.59774,-0.35679,-0.3002,-0.04448,1.05123,-0.35552,0.85968,0,0,0,0
5423,0.50007,-0.37241,-0.24288,-0.04814,1.05608,-0.45177,1.06309,0,0,0,0
5424,0.78935,-0.12092,-0.35672,0.07128,1.19203,0,0,0,0,0,0
5425,0.69103,-0.17446,-0.37858,-0.05283,0.92192,-0.35296,0.99157,0,0,0,0
5426,0.34432,-0.30122,-0.38715,0.03243,1.09473,-0.22524,0,0,0,0,0
5427,0.49595,-0.01465,-0.06681,0.03311,1.01411,-0.31158,0.80692,0,0,0,0
5428,0.16631,-0.46904,-0.35018,-0.1209,0.85673,-0.63573,1.23968,0,0,0,0
5429,0.76526,-0.22893,-0.12451,-1.54353E-3,1.14438,-0.26119,0,0,0,0,0
5430,0.82813,0.09264,0.09811,0.26673,1.1582,-0.30579,1.68203,0,0,0,0
5431,0.59681,-0.29722,-0.1436,0.01714,0.97545,-0.41636,1.0423,0,0,0,0
5432,0.39386,-0.26177,-0.10283,-0.14397,1.1339,-0.57234,0,0,0,0,0
5433,0.74015,-0.3602,-0.438,-0.12971,1.00923,-0.40108,0.94202,0,0,0,0
5434,0.63286,-0.2467,-0.31331,-0.05662,1.0445,-0.39429,0.73691,0,0,0,0
5435,-0.55539,-1.43327,-1.69133,-1.38858,0.74276,0,0,0,0,0,0
5436,0.204,-0.71118,-0.0789,-0.69059,0.54814,0,0,0,0,0,0
5437,1.26986,0.52964,0.62583,0.54728,1.48403,0.29541,0,0,0,0,0
5438,0.90905,-0.29569,-0.2246,-0.01373,0.94631,-0.38375,0.8904,0,0,0,0
5439,0.80332,-0.20935,-0.36206,0.01468,1.23377,-0.32038,1.17219,0,0,0,0
5440,0.69565,-0.28685,-0.39288,-0.04288,1.1911,0.27279,0,0,0,0,0
5441,0.90497,-0.14624,-0.23454,0.02166,1.25572,-0.3306,0.89398,0,0,0,0
5442,0.54169,-0.33827,-0.2156,-0.17891,1.05054,-0.29765,0.94212,0,0,0,0
5443,0.62793,-0.43135,-0.42174,-0.11936,1.12656,-0.65958,1.03627,0,0,0,0
5444,0.50386,-0.27875,-0.19129,0.04364,0.95497,-0.394,1.29951,0,0,0,0
5445,0.7498,-0.21266,-0.34559,-0.08987,1.08769,-0.25599,0.99627,0,0,0,0
5446,0.80975,-0.31496,-0.31144,-0.03674,1.15569,-0.42978,0.80557,0,0,0,0
5447,1.08023,-0.21001,-0.34273,0.89429,0.78803,0,0,0,0,0,0
5448,0.62723,-0.04713,-0.30664,0.14989,1.30055,-0.30402,1.33554,0,0,0,0
5449,0.71628,-0.16244,-0.25482,0.02941,1.1288,-0.3626,0.79215,0,0,0,0
5450,1.03487,-0.16138,-0.22542,0.1619,1.09054,0.24472,0,0,0,0,0
5451,0.55673,-0.20288,-0.24553,0.28192,1.0855,-1.02374,0,0,0,0,0
5452,0.98951,-0.26453,-0.29971,-8.49425E-3,1.27437,-0.1274,0,0,0,0,0
5453,0.8475,-0.3737,-0.267,0.06828,1.11977,-0.20087,0,0,0,0,0
5454,0.9286,-0.25567,-0.2291,-0.05433,1.08776,-0.35709,0.736,0,0,0,0
5455,0.67031,-0.34918,-0.33738,-0.08245,1.16555,-0.36761,0.65262,0,0,0,0
5456,0.96417,-0.28032,-0.08088,0.10044,1.13319,-0.19276,1.43277,0,0,0,0
5457,1.17994,0.05021,-0.16682,0.47522,1.14451,-0.57746,0,0,0,0,0
5458,0.80954,-0.39797,-0.43389,-0.15077,1.08412,-0.18617,0,0,0,0,0
5459,0.79162,-0.29901,-0.20045,-0.09062,1.04399,-0.38442,0,0,0,0,0
5460,0.65447,-0.27833,-0.3534,0.04223,1.16144,-0.62625,0,0,0,0,0
5461,0.8454,-0.14275,-0.28594,-0.13452,1.26647,-0.33335,0.57137,0,0,0,0
5462,0.83468,-0.12819,-0.13369,0.12963,1.09473,0,0,0,0,0,0
5463,0.90373,0.02485,7.96615E-3,-0.01126,1.04767,-0.23076,1.22397,0,0,0,0
5464,0.84934,-0.37432,-0.29389,0.02891,1.24145,0.66077,0,0,0,0,0
5465,0.69175,-0.10037,-0.17401,6.14138E-3,1.05864,-0.36917,1.38385,0,0,0,0
5466,0.76251,-0.05277,-0.27145,-0.11383,1.23495,-0.40658,0.63866,0,0,0,0
5467,0.88932,0.15488,-0.31182,-0.08211,0.97128,0,0,0,0,0,0
5468,1.26692,0.2391,0.3554,0.30665,1.29024,0.05912,1.70743,0,0,0,0
5469,0.88874,-0.33397,-0.35522,-0.12014,1.11326,-0.96659,0,0,0,0,0
5470,0.65769,-0.37547,-0.4031,-0.06485,1.10833,0,0,0,0,0,0
5471,0.62018,-0.47396,-0.52329,-0.24376,0.99348,-0.36482,0,0,0,0,0
5472,0.79413,-0.27396,-0.04003,0.06473,1.35414,0.0152,0,0,0,0,0
5473,0.70943,-0.27657,-0.39315,-0.15672,1.05801,-0.25342,0.74255,0,0,0,0
5474,1.31812,0.32962,0.14993,0.29314,1.43503,0.13589,0,0,0,0,0
5475,0.79138,0.24463,0.02513,0.05972,1.21728,0.07198,0,0,0,0,0
5476,0.80572,-0.37673,-0.33192,-0.21363,1.1676,-0.46147,0.37082,0,0,0,0
5477,0.56506,-0.367,-0.39577,-0.13192,1.03469,-0.30137,0,0,0,0,0
5478,0.67829,-0.42172,-0.38803,-0.07839,1.02391,-0.57788,0.92274,0,0,0,0
5479,0.74672,-0.10583,-0.22795,-0.07094,1.25306,0.12835,1.46956,0,0,0,0
5480,0.97893,-0.06793,-0.19457,0.07514,1.24196,-0.17763,0,0,0,0,0
5481,0.89565,-0.0537,-0.02741,-0.22478,0.96073,-0.25114,0.99175,0,0,0,0
5482,0.82118,-0.32547,-0.39527,-0.18529,1.04179,-0.40674,1.17541,0,0,0,0
5483,1.03628,-0.03669,5.66981E-3,0.17155,1.30901,-0.08807,1.40296,0,0,0,0
5484,1.00066,-0.10108,-0.36745,9.21407E-3,1.32302,0.56198,0.99064,0,0,0,0
5485,1.26224,0.15426,0.15186,0.36032,1.40146,0.48675,0,0,0,0,0
5486,0.80964,-0.17086,-0.2382,-2.94993E-3,1.12898,0.15628,0,0,0,0,0
5487,0.81299,-0.10728,-0.17572,0.01224,1.23785,-0.08695,1.07331,0,0,0,0
5488,0.92053,-0.03179,-0.22782,6.12004E-3,1.11404,-0.26259,0,0,0,0,0
5489,1.17721,-0.0193,-0.06537,-0.09257,1.1844,-0.39514,1.50048,0,0,0,0
5490,0.75686,-0.28174,-0.42836,-0.11164,1.03774,-0.23153,0,0,0,0,0
5491,1.36744,-0.15029,-0.35993,6.21277E-3,1.26388,0.04897,0,0,0,0,0
5492,0.8437,-0.23124,-0.37575,-0.12888,1.11196,-0.37595,0.32644,0,0,0,0
5493,0.77377,-0.32397,-0.32264,-9.13792E-3,1.14042,-0.45393,0.57696,0,0,0,0
5494,0.87778,0.05241,-0.27975,0.01896,1.2707,-0.15571,1.28143,0,0,0,0
5495,0.86999,-0.24044,-0.42251,-0.09799,1.13072,-0.25376,0.96274,0,0,0,0
5496,0.76485,0.08911,-0.11976,0.11375,1.09826,-0.17636,0.89303,0,0,0,0
5497,0.7381,-0.21451,-0.35998,-0.11819,1.04034,0.0666,1.31489,0,0,0,0
5498,0.96862,-0.12801,-0.18432,0.03662,1.1828,-0.21796,1.18551,0,0,0,0
5499,1.59272,0.15253,-0.07301,-0.09323,1.89287,0,0,0,0,0,0
5500,1.02381,0.71412,0.63055,1.3341,1.77522,0.52507,0,0,0,0,0
5501,0,0.48301,0.42833,0.96029,1.53302,0.87338,0,0,0,0,0
5502,0.75849,-0.14822,-0.22008,-0.0494,1.16745,-0.15566,0,0,0,0,0
5503,0.69918,-0.10639,-0.21618,0.08801,1.30752,0.01014,1.58188,0,0,0,0
5504,0.77446,-0.17976,-0.31171,-0.07739,1.17147,-0.51593,0.70549,0,0,0,0
5505,1.29252,0.37205,0.1797,0.60444,1.59097,0.4609,0,0,0,0,0
5506,0.9839,-0.11015,-0.17806,0.04832,1.23891,-0.20898,1.23939,0,0,0,0
5507,0.87332,0.03391,-0.16962,0.14386,1.32796,8.99951E-3,1.56697,0,0,0,0
5508,0.76215,-0.07524,-0.12778,-0.1694,1.23677,-0.24327,0.3062,0,0,0,0
5509,0.72751,-0.19108,-0.3016,-0.24014,1.02294,-0.72222,1.22732,0,0,0,0
5510,0.84543,-0.17531,-0.17262,0.03037,1.19501,-0.16883,1.02877,0,0,0,0
5511,0.7244,-5.84018E-3,-0.06467,0.07268,1.25675,0,1.50518,0,0,0,0
5512,0.8435,-0.04797,-0.13885,-0.05213,1.20574,0.07861,0,0,0,0,0
5513,0.91478,0.06043,0.14072,0.268,1.383,0,0,0,0,0,0
5514,0.82893,0.06307,-0.11607,-0.01829,1.20298,-0.09503,0,0,0,0,0
5515,1.12195,0.43012,0.29284,0.05029,1.35296,-0.07698,1.27957,0,0,0,0
5516,0.74874,-0.0655,-0.28087,-0.05257,1.2493,0,0,0,0,0,0
5517,0.5314,-0.2311,-0.27785,-0.19165,1.16065,-0.23814,1.91455,0,0,0,0
5518,0.62296,-0.24489,-0.36936,-0.24322,1.00367,-0.25407,1.27688,0,0,0,0
5519,0.85059,-0.09288,-0.08942,0.02776,1.27283,0.46791,0,0,0,0,0
5520,0.96276,0.06629,-0.21277,0.15409,1.36315,0.07888,0,0,0,0,0
5521,0.44123,-0.09203,-0.15665,-0.1785,1.31033,-0.39514,0,0,0,0,0
5522,1.25224,-0.04171,-0.62999,-0.26287,1.21557,0,0,0,0,0,0
5523,0.83604,-0.10125,-0.21551,-0.14352,1.18652,-0.26293,0.92396,0,0,0,0
5524,0.79863,-0.227,-0.13969,-0.0322,1.19396,-0.09262,1.3492,0,0,0,0
5525,0.55607,-0.18634,-0.3543,-0.1674,1.05618,-0.8909,0.46538,0,0,0,0
5526,0.91362,-0.35283,-0.12482,0.17267,1.76855,0,0,0,0,0,0
5527,0.60634,-0.07869,-0.12397,0.18933,1.56215,-0.18625,1.29182,0,0,0,0
5528,0.91967,-0.47498,0.58846,-1.05668,1.008,0,0,0,0,0,0
5529,0.70976,-0.13484,-0.13214,-0.08695,1.33417,-0.17753,0,0,0,0,0
5530,0.43581,-0.06702,-0.10856,-0.12462,1.29355,-0.39504,0.04234,0,0,0,0
5531,1.1207,0.09014,-0.37684,0.01029,1.59388,-0.05397,1.55779,0,0,0,0
5532,0,0,0,0,0,0,0,0,0,0,0
5533,0.83784,0.12376,-0.10507,0.2217,1.08231,0.0829,0,0,0,0,0
5534,0.55054,-0.18371,-0.28863,-0.14388,1.10905,-0.0899,0,0,0,0,0
5535,1.24307,-0.19393,-0.0418,0.43508,2.03547,0,0,0,0,0,0
5536,0.66859,-0.24203,-0.12158,-0.21552,1.55974,0,0,0,0,0,0
5537,0.72745,-0.05275,-0.08058,-0.13223,1.36518,-0.3943,0.68807,0,0,0,0
5538,0.68346,0.23398,0.13919,0.32023,1.42317,-0.16447,1.16306,0,0,0,0
5539,1.06588,-0.01513,0.05657,0.346,1.76569,0.30107,1.4689,0,0,0,0
5540,0.72729,-0.07073,-0.11226,-0.06191,1.47807,-0.0911,0.98479,0,0,0,0
5541,0.5666,-0.03484,-0.05653,0.14524,1.35561,0,0,0,0,0,0
5542,0.78704,4.56361E-3,0.08504,-0.28698,1.26767,-0.1942,1.14884,0,0,0,0
5543,1.03031,0.05425,-0.23401,-0.09631,1.38984,2.13222E-3,1.55863,0,0,0,0
5544,1.02862,-0.0484,-0.41231,0.23578,1.30196,-0.07668,0,0,0,0,0
5545,0.47859,-0.10479,-0.29661,-0.01344,1.3188,1.46116,0,0,0,0,0
5546,0.6557,-0.20062,-0.18804,-0.2409,1.19797,-0.30289,0.39044,0,0,0,0
5547,0.42229,-0.26396,-0.34787,-0.14819,1.1046,-0.10195,1.40727,0,0,0,0
5548,0.76278,-0.02714,0.1483,0.44468,1.6212,-0.36227,1.37941,0,0,0,0
5549,0.74567,-0.09803,-0.2344,-0.02761,1.2853,-0.17308,1.24453,0,0,0,0
5550,0.58736,-0.04665,-0.23976,0.18363,1.47822,0,0,0,0,0,0
5551,0.57084,-0.11679,-0.28357,-0.25679,1.23588,0,0,0,0,0,0
5552,0.40794,-0.11453,-0.26161,0.02361,1.18258,-0.1918,0,0,0,0,0
5553,0.63149,-0.27684,-0.25474,0.3434,1.32325,0,0,0,0,0,0
5554,0.54898,0.10636,-0.30281,0.296,1.43679,0.18467,1.60707,0,0,0,0
5555,0.39557,-0.0872,-0.02463,0.1661,1.42854,0.0126,0,0,0,0,0
5556,0.55612,-0.02223,-0.28414,0.10658,1.39613,0.02903,1.72218,0,0,0,0
5557,0.70308,-0.11754,-0.03907,0.20537,1.18847,0.03268,1.31421,0,0,0,0
5558,0.59504,-0.46116,-0.03107,-0.39945,1.37356,0,0,0,0,0,0
5559,0.64509,-0.02822,-0.24052,-0.06452,1.47382,-0.30395,0,0,0,0,0
5560,0.94154,-0.04146,-0.02486,-7.62299E-3,1.45128,5.87463E-3,0,0,0,0,0
5561,0.53407,-0.33622,-0.35741,-0.15886,1.16932,-0.04738,0,0,0,0,0
5562,0.23532,-0.29375,-0.31223,-0.30257,1.21162,-0.3306,0,0,0,0,0
5563,0.67527,0.03745,-0.15854,0.12068,1.41188,-0.10971,0,0,0,0,0
5564,0.78803,0.05078,-0.05902,0.13284,1.38364,0.0399,0,0,0,0,0
5565,0,0,0,0,0,0,0,0,0,0,0
5566,0,0,-2.28277,0,-0.43401,0,0,0,0,0,0
5567,1.27587,-0.06359,0.16208,0.29059,1.34443,0.15867,0,0,0,0,0
5568,0.98622,-0.12981,-0.60305,0.31718,2.25831,0,0,0,0,0,0
5569,1.12519,0.45079,0.52299,1.65788,2.49419,0,0,0,0,0,0
5570,0.68843,0.09909,-0.5063,0.03142,1.79412,0.38787,0,0,0,0,0
5571,1.04039,-0.30461,-0.09402,0.18758,1.56238,0.65023,0,0,0,0,0
5572,0.70972,-0.01753,-0.24126,0.28595,1.78875,0.02608,1.74509,0,0,0,0
5573,0.29165,-0.076,-0.26197,-0.29517,1.61866,-0.27307,1.08768,0,0,0,0
5574,-0.03763,0.17817,-0.30939,0.05403,1.78931,0,0,0,0,0,0
5575,1.00861,0.38845,0.11759,0.28166,1.98282,0.36564,0,0,0,0,0
5576,0.34856,-0.12774,-0.30421,0.11296,1.62022,0,0,0,0,0,0
5577,0.35031,-0.23514,-0.16657,-0.1289,1.81851,-0.38668,0.68146,0,0,0,0
5578,-3.45247,0.27429,-0.27905,0.26473,1.39786,0,0,0,0,0,0
5579,0.32233,-0.11695,-0.28233,-0.05093,1.58366,-0.08758,0,0,0,0,0
5580,0.43635,0.05799,-0.1641,0.20293,1.92747,0,0,0,0,0,0
5581,0.53883,0.0587,-0.1853,0.27454,2.31104,0,0,0,0,0,0
5582,0.25717,-0.34031,-0.3991,-0.3122,1.4509,-0.8741,-0.36126,0,0,0,0
5583,0.13895,-0.11564,-0.12905,-0.23469,1.86291,-0.24075,0.46747,0,0,0,0
5584,0.39667,-0.20126,-0.40633,-0.18669,2.00912,-0.4058,0,0,0,0,0
5585,-0.05234,0.04648,-0.3033,-0.5668,1.59875,-0.65465,0,0,0,0,0
5586,0.34114,-0.10298,-0.40011,0.04262,1.58644,0,0,0,0,0,0
5587,0.13794,-0.29776,-0.40478,-0.21144,1.36074,-0.57133,1.28744,0,0,0,0
5588,0.06152,-0.23869,-0.58409,-0.37234,1.4786,-0.4337,1.04121,0,0,0,0
5589,-0.11349,-0.41235,-0.48153,0.01003,1.5456,-0.45916,0,0,0,0,0
5590,0.55689,0.02941,-0.14739,-0.05049,1.69271,-0.03245,0.90066,0,0,0,0
5591,0.16463,-0.22551,0.0407,0.32435,1.7927,-0.11542,0,0,0,0,0
5592,0.01847,-0.3152,-0.39412,-0.30127,1.70852,-0.06262,0,0,0,0,0
5593,0.26535,-0.06417,-0.51237,0.15907,1.74036,0,0,0,0,0,0
5594,-0.05165,-0.26656,-0.5964,-0.39703,1.51429,-0.6699,0.23705,0,0,0,0
5595,0.01936,-0.22346,-0.46644,-0.16363,1.51279,0,0,0,0,0,0
5596,0.94319,0.48358,0.29842,0.17334,2.58296,1.10894,0,0,0,0,0
5597,-0.19526,-0.28462,-0.38713,-0.26274,1.60032,-0.41494,0,0,0,0,0
5598,1.43717,1.04928,1.34849,0.55159,3.30713,0,0,0,0,0,0
5599,0.12132,-0.25159,-0.34078,-0.05973,1.62958,0,0,0,0,0,0
5600,0.51264,-0.09456,-0.19936,0.03476,1.77459,-0.46986,0.2153,0,0,0,0
5601,8.46121E-3,-0.3237,-0.57617,-0.13948,1.59729,-0.51292,0,0,0,0,0
5602,0.16862,-0.15743,-0.156,-0.27253,2.06893,0,0,0,0,0,0
5603,-0.21408,0.45933,0.09965,0.38602,2.90642,0,0,0,0,0,0
5604,0.02581,-0.18757,-0.60646,-0.28586,1.67432,-0.85866,0.97772,0,0,0,0
5605,-0.07882,-0.42905,-0.48049,-0.34923,1.59221,-0.94152,-0.14901,0,0,0,0
5606,0.0704,-0.27632,-0.14239,0.05732,1.72391,-0.19496,1.08849,0,0,0,0
5607,0.30734,-0.29305,-0.41519,-0.34152,1.98102,-0.44962,1.54399,0,0,0,0
5608,-0.19883,-0.257,-0.60611,-0.04846,1.45981,-0.37897,0,0,0,0,0
5609,-0.11322,-0.37248,-0.59378,-0.3824,1.5962,-0.47385,0,0,0,0,0
5610,-0.03273,-0.19372,-0.46042,-0.17598,1.68444,-0.707,-0.11646,0,0,0,0
5611,-0.89018,-2.27749,-1.77166,-0.53755,1.89391,0,0,0,0,0,0
5612,0.11208,-0.21694,-0.93536,-0.39033,1.22635,0.0669,0,0,0,0,0
5613,0.42247,-0.44326,-0.7376,-0.4765,2.14624,-0.19234,0,0,0,0,0
5614,0.19042,-0.01979,-0.32787,-0.06798,1.62718,-0.10745,0,0,0,0,0
5615,-0.0358,-0.46577,-0.19716,0.04832,1.89864,-0.47957,0.75527,0,0,0,0
5616,0.01462,-0.32308,-0.59035,-0.43849,1.5918,-0.49806,1.30272,0,0,0,0
5617,-0.09582,-0.75316,-0.78607,-0.86014,1.6887,-0.35256,-0.1404,0,0,0,0
5618,-0.1646,-0.62042,-0.93404,0.26655,1.08273,0,0,0,0,0,0
5619,-0.12399,-0.63165,-0.82022,-0.69461,1.75977,-0.39305,0.14272,0,0,0,0
5620,0.45156,-0.1909,-0.2981,0.13968,2.38009,0,0,0,0,0,0
5621,-0.52514,-0.08081,0.2218,0.24036,1.85199,-0.1795,0,0,0,0,0
5622,-0.20778,-0.57753,-0.83138,-0.69996,1.94969,-0.482,0.40845,0,0,0,0
5623,-0.08099,-0.11187,-0.311,-0.13347,1.32853,-0.17175,0,0,0,0,0
5624,0.10302,-0.21714,-0.43267,-0.15803,1.48066,-0.23216,0,0,0,0,0
5625,-0.05424,0.22477,-0.15614,0.19859,2.07231,-0.05088,0,0,0,0,0
5626,0.039,-0.16918,-0.3609,-0.361,2.36362,0,0,0,0,0,0
5627,0.01935,-0.34404,-0.38689,-0.19064,1.75949,0.0538,0.52989,0,0,0,0
5628,0.10525,-0.45396,-0.30662,-0.16032,2.02822,-0.26233,0,0,0,0,0
5629,0.51886,-0.30447,0.09275,0.43362,2.2736,0,1.34281,0,0,0,0
5630,-0.2,-0.14045,-0.61558,0.14333,1.90574,-0.06663,0,0,0,0,0
5631,-0.24979,-0.23442,-0.49526,-0.19895,1.64471,-0.51234,0,0,0,0,0
5632,0.69301,-0.28933,-0.20611,0.16337,1.72057,0,0,0,0,0,0
5633,-0.17876,-0.19864,-0.20495,0.07702,1.86294,-0.27361,0,0,0,0,0
5634,-0.32216,-0.24063,-0.28736,0.22721,2.44413,-0.41064,0.97053,0,0,0,0
5635,-0.3893,-0.67915,-0.60016,-0.63345,1.91153,-0.04374,0,0,0,0,0
5636,-0.75669,-0.48236,-0.15906,0.31998,1.85787,0.58569,0,0,0,0,0
5637,-0.19601,-0.59137,-0.63748,-0.66272,1.89275,-0.84483,-0.19965,0,0,0,0
5638,-0.48943,-0.20232,-0.4679,-0.19178,1.84911,0,0,0,0,0,0
5639,0.32259,0.01937,-4.95672E-4,-0.16423,2.28503,0.46109,1.63924,0,0,0,0
5640,-0.12057,-0.13664,-0.4325,-0.28916,1.8966,-0.54496,0.43152,0,0,0,0
5641,-0.12425,0.36502,0.14916,-0.25824,2.13289,-0.1544,1.34152,0,0,0,0
5642,-0.07827,0.01991,-0.61307,0.47643,2.14311,-0.33275,0.66951,0,0,0,0
5643,-0.21488,-0.36351,-0.10011,0.10471,2.01903,-0.3572,0,0,0,0,0
5644,0.40356,-0.04277,-0.04883,-0.59576,2.15755,-0.09068,0,0,0,0,0
5645,-1.02113,-0.13422,-0.20091,0.04397,1.84659,0,0,0,0,0,0
5646,-0.48949,-0.6159,-0.63895,-0.61894,1.84608,-0.08607,0.71953,0,0,0,0
5647,0.1051,0.05212,-0.42473,0.74543,2.07271,-0.43784,0,0,0,0,0
5648,-0.15716,-0.04561,-0.37208,0.09099,2.03828,-0.3483,0.8837,0,0,0,0
5649,-0.07901,-0.01713,-0.08988,-0.08489,2.32304,0,0,0,0,0,0
5650,-0.33621,-7.26665E-3,-0.29278,-0.23423,1.87997,0,0,0,0,0,0
5651,-0.10614,0.35394,0.41854,-1.10937,1.62588,0,0,0,0,0,0
5652,-0.67543,-0.57504,-0.42012,0.1239,1.94336,0,0,0,0,0,0
5653,-0.34701,-0.49606,-0.53597,-0.51335,1.86504,0,1.91829,0,0,0,0
5654,0.27333,-0.09814,-0.57589,0.66912,1.87606,0,0,0,0,0,0
5655,-0.45669,-0.39991,-0.06339,-0.65978,1.7883,0,0,0,0,0,0
5656,0.71905,-0.25259,-1.00005,0.18066,1.9545,0,0,0,0,0,0
5657,0.05874,0.38763,-0.26708,-0.56046,1.9239,0,0,0,0,0,0
5658,-0.43919,0.15277,0.04037,-0.35721,1.9872,0,0,0,0,0,0
5659,-0.26156,-0.51016,-0.39643,-0.30828,1.82363,0.08492,0,0,0,0,0
5660,0.084,0.25186,0.10598,0.48259,2.24015,-0.06353,1.37468,0,0,0,0
5661,-0.54665,-0.18358,-0.54501,-0.32694,1.74177,-0.10745,0,0,0,0,0
5662,-0.07611,-0.21009,-0.24466,-0.02346,2.37775,0.20192,1.1094,0,0,0,0
5663,-0.32652,-0.3458,-0.54558,-0.11535,1.9939,-0.33798,0,0,0,0,0
5664,0.31566,-0.4886,-0.04659,0.48088,2.58826,0,0,0,0,0,0
5665,-0.49112,-0.56194,-0.46795,-0.72567,1.79712,-0.42472,0.43445,0,0,0,0
5666,0.1414,0.16901,-0.05466,0.01543,2.25987,0,0,0,0,0,0
5667,-0.44125,-0.0814,-0.30493,-0.20253,1.96976,0,0,0,0,0,0
5668,-0.47408,-0.4263,-0.22125,0.0535,2.10502,0,0,0,0,0,0
5669,-0.13336,-0.53787,-0.11002,0.91092,2.20538,0,0,0,0,0,0
5670,0.36306,0.13926,-0.69374,0.41675,1.97392,0,0,0,0,0,0
5671,-0.70447,0.96737,0.04716,-0.0136,2.42743,0,0,0,0,0,0
5672,-0.54528,-0.25755,-0.45004,-0.42066,1.83622,-0.60253,0,0,0,0,0
5673,-0.44597,-0.47971,0.84278,-1.26016,0,0,0,0,0,0,0
5674,-0.09315,-0.35097,-0.35524,-0.26052,1.86529,0.54569,0,0,0,0,0
5675,-0.52389,-0.21099,-0.43052,-0.0637,1.87149,-0.74506,0,0,0,0,0
5676,0.03874,0.26722,-0.48924,0.45964,2.63075,0,0,0,0,0,0
5677,-0.42103,0.05904,-0.44574,-0.16763,2.25826,-0.2616,0,0,0,0,0
5678,-0.71306,-0.56679,-0.8288,-0.63195,1.47214,-1.48936,0.53905,0,0,0,0
5679,-0.014,-0.27254,-0.50442,0.20131,1.98731,-0.61827,0.88281,0,0,0,0
5680,-0.51098,0.18419,-0.53343,-0.19309,1.79915,-0.1607,0,0,0,0,0
5681,-0.11897,-0.19009,-0.13755,-0.1661,2.29726,1.13366,0,0,0,0,0
5682,0.07339,0.48371,0.19493,-0.13457,2.7898,1.13078,0,0,0,0,0
5683,-0.49241,-0.04895,-8.89325E-3,-0.20694,2.16131,0.99116,0,0,0,0,0
5684,-0.64774,-0.14322,-0.57023,-0.25551,1.77002,-2.06603,0,0,0,0,0
5685,-0.29,-0.54415,-0.3473,-0.3753,1.84674,-0.15201,1.10484,0,0,0,0
5686,-0.1134,-0.14858,-0.04309,0.28783,1.86855,-0.41269,0.79764,0,0,0,0
5687,-0.46173,-4.44137E-4,-0.42444,-0.03039,1.96068,0,1.19023,0,0,0,0
5688,0.02795,0.06795,-0.51363,-0.01442,2.08095,0,1.24756,0,0,0,0
5689,-0.82943,0.04525,-0.68145,0.08674,2.24438,-0.03238,1.31332,0,0,0,0
5690,-0.10596,-0.04934,0.3421,1.27239,3.02512,-0.30408,-0.06131,0,0,0,0
5691,-0.45609,-0.29516,-0.24744,-0.35566,2.18562,0.08937,0,0,0,0,0
5692,-0.61304,-0.10951,-0.53521,-0.38468,1.85436,0,0,0,0,0,0
5693,-0.29446,-0.04821,-0.34747,0.22364,1.85528,0.32618,0,0,0,0,0
5694,-0.66703,-0.10857,-0.74474,-0.1117,2.54183,0,0.82629,0,0,0,0
5695,-0.74081,-0.41585,-0.69015,-0.62501,1.6161,0,0,0,0,0,0
5696,-0.39615,0.02008,-0.31657,0.13005,2.17885,-0.28672,0,0,0,0,0
5697,-0.5351,-0.04484,-0.15315,0.0524,1.93595,0,0,0,0,0,0
5698,-0.26895,-0.59381,-0.15403,-0.29505,1.91777,0.07487,0,0,0,0,0
5699,-0.10524,-0.03167,-0.22323,0.02019,2.10021,0.20052,0,0,0,0,0
5700,-0.01058,0.12826,-0.17476,-7.09651E-3,1.99605,0.99116,0,0,0,0,0
5701,-0.62305,-0.46589,-0.56807,-0.23548,1.89972,0.29893,0.04933,0,0,0,0
5702,-0.09999,-3.79297E-3,-0.26068,-0.07812,2.34115,0.32618,0,0,0,0,0
5703,0.37017,0.28678,0.20117,0.11113,2.5822,1.12469,0,0,0,0,0
5704,0.36974,-0.239,-0.20184,0.49351,2.28593,0,0,0,0,0,0
5705,-0.28374,-0.51191,-0.64663,0.01866,1.8575,0.58569,0,0,0,0,0
5706,-0.51825,-0.29511,-0.49024,-0.17934,1.98057,1.99647E-3,0,0,0,0,0
5707,-0.01139,0.1169,-0.24191,-0.19495,1.88651,-0.42899,0,0,0,0,0
5708,-0.81178,-0.6453,-0.5957,-0.24524,1.72534,0.22089,0.14864,0,0,0,0
5709,0.10462,0.27079,-0.18519,0.26542,2.29016,0.38028,0,0,0,0,0
5710,0.19036,0.45625,0.7028,0.68841,3.03842,0,0,0,0,0,0
5711,-0.14738,0.10499,-0.52902,0.04617,2.29824,0.01494,0,0,0,0,0
5712,-0.84263,-0.64528,-0.71644,-0.2776,1.75062,0.49498,0.23577,0,0,0,0
5713,0.26034,0.14888,-0.16614,0.06472,2.27774,0.37608,0,0,0,0,0
5714,-1.84128,-1.19195,-0.27718,-0.74216,3.71931,0,0,0,0,0,0
5715,-0.87778,-0.70132,-0.50017,-0.18591,1.79905,0.33826,1.13763,0,0,0,0
5716,-0.99899,-0.89778,-0.56539,-0.23692,1.71653,0.58959,0,0,0,0,0
5717,0.17007,0.39836,0.08184,-0.39854,2.55438,0,0,0,0,0,0
5718,-1.29764,-1.01384,-0.91335,-0.67137,1.69748,0.09255,-1.13121,0,0,0,0
5719,-0.83446,-0.7054,-0.68477,-0.42836,2.01914,1.74884,0,0,0,0,0
5720,-1.07171,-0.62681,-0.54048,-0.04206,2.17262,0.97281,0.78898,0,0,0,0
5721,0.11065,0.29844,0.01,0.90044,2.57364,-1.53645,0,0,0,0,0
5722,-1.2848,-1.04517,-0.82275,-0.56594,1.75172,0.36992,-0.06009,0,0,0,0
5723,-1.05901,-0.82522,-0.59369,-0.32594,2.04249,0.38139,0,0,0,0,0
5724,-1.34014,-0.94872,-0.7395,-0.5476,1.67831,0.06642,-0.36233,0,0,0,0
5725,-1.06069,-0.57037,-0.33099,0.07281,2.09961,0,0,0,0,0,0
5726,-1.29904,-0.81399,-0.74892,-0.44839,1.81865,0.54158,0.16331,0,0,0,0
5727,-0.137,0.44448,0.14856,0.258,2.52016,0.35791,1.22422,0,0,0,0
5728,-0.75605,-1.64921,-0.93439,0.15418,0.87765,0,0,0,0,0,0
5729,-0.92075,-0.6696,-0.60766,-0.38792,1.98144,0.52752,0,0,0,0,0
5730,-1.39066,-0.64615,-0.71888,-0.17795,2.17475,0.52237,0.43319,0,0,0,0
5731,-1.4235,-0.85111,-0.06393,-0.4497,3.54038,0,0,0,0,0,0
5732,-1.43448,-1.06495,-0.69627,-0.35269,1.8621,0.31356,-0.53039,0,0,0,0
5733,-2.85846,-1.18438,-0.20304,0.61062,1.66646,0,0,0,0,0,0
5734,-0.78155,-0.43479,0.28924,0.08559,2.37139,0,0,0,0,0,0
5735,-1.59499,-0.89379,-0.70843,-0.23988,1.91982,0.37124,-0.15822,0,0,0,0
5736,-0.83571,-0.8139,-0.70836,0.1277,2.27649,0,0,0,0,0,0
5737,-1.44352,-0.47818,0.10953,-0.33291,2.04288,0,0,0,0,0,0
5738,-1.60366,-1.04479,-0.66325,-0.46284,1.75157,0.24833,0.25413,0,0,0,0
5739,-1.33815,-0.94838,-0.63929,-0.26626,2.05248,-3.25918E-4,0,0,0,0,0
5740,0.26451,0.35435,0.12426,0.1243,2.32654,0,0,0,0,0,0
5741,-2.3877,-1.39913,0.81068,0.60947,1.6145,0,0,0,0,0,0
5742,-1.43775,-0.75152,-0.71956,-0.36322,2.29552,0,0,0,0,0,0
5743,-1.34741,-0.84068,-0.5001,-0.12595,2.00677,0.71648,0,0,0,0,0
5744,-0.86884,-0.38867,-0.13207,-0.09285,1.75341,0,0,0,0,0,0
5745,-1.14889,-0.62901,-0.42972,-0.03461,1.97304,0,0,0,0,0,0
5746,-1.5712,-0.78882,-0.58808,-0.15118,2.16332,0.52735,-0.49331,0,0,0,0
5747,-1.8338,-1.08002,-0.6006,-0.18926,1.95674,0.53358,0.07797,0,0,0,0
5748,-1.38221,-0.69619,-0.11512,-0.19157,1.92834,0,0,0,0,0,0
5749,-1.71326,-0.75062,-0.6071,-0.21271,1.93519,0,0,0,0,0,0
5750,-1.0315,-0.62289,-0.4499,0.37432,2.28277,0.18023,0,0,0,0,0
5751,-1.80664,-0.9705,-0.7832,-0.40979,1.97381,0.39218,-0.48164,0,0,0,0
5752,-0.68723,-0.20646,-0.47768,-0.22047,2.03592,0.13063,0.71907,0,0,0,0
5753,-1.30622,-0.34771,-0.47858,-0.03863,2.12745,0,0,0,0,0,0
5754,-1.01256,-0.38562,-0.26826,0.15619,2.19543,0.94469,0.66088,0,0,0,0
5755,-1.73055,-0.439,-0.5647,-0.17449,2.05832,0.99116,0,0,0,0,0
5756,-0.38922,1.55397,2.34273,1.38451,2.62362,0,0,0,0,0,0
5757,-2.11445,-1.01709,-0.82399,-0.13852,1.92386,-1.02207,0,0,0,0,0
5758,0.72422,-0.15806,0.24385,0.74519,2.89787,0.76801,0,0,0,0,0
5759,-1.52932,-0.59149,-0.49444,-0.05539,2.26841,0,0,0,0,0,0
5760,-1.76087,-0.78792,-0.6102,0.04973,2.00088,0,0,0,0,0,0
5761,-1.43529,-0.6024,-0.39142,0.10013,2.12136,1.1945,0,0,0,0,0
5762,-0.2168,1.32864,0.65692,1.47646,2.4199,0,0,0,0,0,0
5763,0.35239,0.39136,-0.27759,-1.47999,0,0,0,0,0,0,0
5764,-0.97127,-0.23631,-0.30467,0.18637,2.1332,0.9696,0,0,0,0,0
5765,-1.1695,-0.60852,-0.40276,0.46117,2.21818,0,0,0,0,0,0
5766,-1.86357,-0.82296,-0.77323,-0.2176,1.84804,-0.43638,-1.08309,0,0,0,0
5767,-0.73871,-0.10347,-0.19829,0.41399,2.27108,0,0,0,0,0,0
5768,-1.47426,-0.57305,-0.7064,5.33E-4,2.17278,0.8411,0,0,0,0,0
5769,-1.76786,-0.62989,-0.59228,0.04708,1.98652,0.53665,7.43657E-3,0,0,0,0
5770,-2.00708,-0.73571,-0.3751,-9.94701E-3,2.02787,0.37735,-1.16514,0,0,0,0
5771,-1.88288,-0.64733,-0.50271,0.10624,2.19816,0,0,0,0,0,0
5772,-1.78716,-0.46267,-0.46887,0.10081,2.19513,0.02608,0,0,0,0,0
5773,-1.67641,-0.53528,-0.60374,0.24501,2.08146,0,0,0,0,0,0
5774,-1.41241,-0.78055,-0.5299,0.197,2.2053,0,0,0,0,0,0
5775,-1.91955,-0.68821,-0.6462,-0.08111,2.1198,0.61646,0,0,0,0,0
5776,-1.86071,-0.86144,-0.85036,0.26246,2.35678,0,0,0,0,0,0
5777,-2.12352,-0.75225,-0.58023,-0.02707,2.04503,0,0,0,0,0,0
5778,-2.02606,-0.78485,-0.34055,0.02084,2.08667,0.61943,0,0,0,0,0
5779,-1.93553,-0.7379,-0.68948,-0.13245,1.98068,-0.58771,0.01511,0,0,0,0
5780,-2.58111,-1.44533,-1.44351,-0.82094,1.29539,0.73971,0.47039,0,0,0,0
5781,-1.85138,-0.73149,-0.75799,0.10818,2.41177,0.47419,0,0,0,0,0
5782,-1.73283,-0.57308,-0.43572,0.37225,2.11113,0.04442,0,0,0,0,0
5783,-1.95389,-0.68201,-0.63794,-0.03902,2.35514,0,0,0,0,0,0
5784,-1.95816,-0.54925,-0.77533,-0.05062,2.02332,-0.03238,0,0,0,0,0
5785,-0.02624,-0.43313,0.61067,0.94084,1.8379,0,0,0,0,0,0
5786,-2.07381,-0.53695,-0.75322,0.03718,2.33105,0.99709,0,0,0,0,0
5787,-1.30993,-0.26948,0.19367,0,2.7748,0,0,0,0,0,0
5788,-1.91931,-0.7895,-0.56737,-0.05298,2.18703,0,0,0,0,0,0
5789,-1.72619,-0.44254,-0.56109,0.38629,2.32193,0,0,0,0,0,0
5790,-2.2623,-0.60311,-0.59317,9.41902E-5,2.07134,0.05729,0,0,0,0,0
5791,-2.5223,-1.04001,-0.52818,0.67165,2.4635,0,0,0,0,0,0
5792,-1.54723,-0.75476,-0.58575,0.19042,2.36077,0,0,0,0,0,0
5793,-1.71076,-0.55891,-0.61895,0.02672,2.10034,0,0,0,0,0,0
5794,-2.02102,-0.65555,-0.44651,-0.02479,2.04717,1.34338,-0.38124,0,0,0,0
5795,-1.38865,-0.53772,-0.53487,0.10083,2.28325,0.61412,0.15209,0,0,0,0
5796,-1.97,-0.75924,-0.40427,0.10409,2.26501,-0.19926,0.1809,0,0,0,0
5797,-1.77502,-0.68116,-0.11414,-0.08457,2.26458,0.5166,-0.31998,0,0,0,0
5798,-1.36252,-0.32651,-0.52121,0.25058,2.3568,0,0,0,0,0,0
5799,-2.04589,-0.89178,-0.50325,-0.24709,2.14988,0.21737,-0.36103,0,0,0,0
5800,-1.17115,0.04069,0.10639,0.39697,2.79508,0,0,0,0,0,0
5801,-2.12551,-0.74675,-0.81175,0.15587,2.50556,0.66077,0,0,0,0,0
5802,-1.5919,-0.30861,-0.35488,0.25301,2.49044,0,0,0,0,0,0
5803,-1.67633,-0.47063,-0.65603,0.22426,2.17891,0,0,0,0,0,0
5804,-1.97108,-0.75274,-0.7038,0.05445,2.03799,0.42822,0,0,0,0,0
5805,-1.6473,-0.59397,-0.28877,0.59065,2.39155,0,0,0,0,0,0
5806,-1.01201,-0.69806,-0.61891,-5.08668E-3,2.02997,0.53509,-0.26165,0,0,0,0
5807,-2.03189,-0.64145,-0.62519,0.0499,2.2105,0.54319,-9.27357E-3,0,0,0,0
5808,-1.312,-0.63265,-0.84725,-0.07109,2.62108,0,0,0,0,0,0
5809,-2.16678,-0.56598,-0.78665,-0.05613,2.18928,0,0,0,0,0,0
5810,-1.8458,-0.83258,-0.57716,0.02379,2.17549,-0.47518,0,0,0,0,0
5811,-1.69076,-0.42382,-0.46533,0.51628,2.41907,0,0,0,0,0,0
5812,-1.54611,-0.5806,-0.06332,-0.22829,2.66835,1.23802,0,0,0,0,0
5813,-3.76843,0.24994,0.51802,-1.18594,2.98747,0,0,0,0,0,0
5814,-1.33633,-0.97633,-0.28035,0.67357,2.20542,0,0,0,0,0,0
5815,-1.61734,-0.74314,-0.44168,0.2109,2.03235,0.37497,0,0,0,0,0
5816,-1.66567,-0.34017,-0.21384,0.1478,2.50941,0.84121,0.356,0,0,0,0
5817,-1.9563,-0.07895,-0.49551,-0.25628,2.32542,0,0,0,0,0,0
5818,-1.65751,-0.67556,-0.92949,0.01244,2.0482,0.76801,0,0,0,0,0
5819,-0.32433,0.75422,0.23159,0.64777,2.3435,1.1716,0,0,0,0,0
5820,-1.88154,-0.74919,-0.61874,0.05579,2.01104,0.95194,0,0,0,0,0
5821,-0.13282,0.21784,-0.29252,0.37105,2.91283,0.7615,2.68169,0,0,0,0
5822,-1.49276,-0.5817,-0.67593,-0.15294,1.93188,0.79674,0,0,0,0,0
5823,-1.56882,-0.53263,-0.53729,0.01776,2.49538,0.78823,0.29494,0,0,0,0
5824,-2.52327,-0.5378,-0.85629,0.456,2.23571,0,0,0,0,0,0
5825,-1.6526,-0.62243,-0.76758,-0.09586,1.98625,1.29126,0,0,0,0,0
5826,-1.83796,-0.64331,-0.63721,-0.12414,2.30971,0.99666,0,0,0,0,0
5827,-1.68047,-0.64302,-0.29475,0.10485,2.1124,0,0,0,0,0,0
5828,-1.79647,-0.41737,-0.68356,0.06714,2.01422,0.5413,-1.0932,0,0,0,0
5829,-1.29933,-0.33749,-0.37829,0.50859,2.13654,0.63964,-0.14725,0,0,0,0
5830,-1.93732,-0.46451,-0.67748,0.03241,2.11702,1.17722,0,0,0,0,0
5831,-1.90327,-0.69848,-0.78107,-0.06495,1.93792,0.42102,-0.50712,0,0,0,0
5832,-1.24163,-0.37956,-0.60343,0.19766,2.21009,0.33039,0.37842,0,0,0,0
5833,-1.36594,-0.1908,-0.34894,0.42678,2.35253,-0.07508,0,0,0,0,0
5834,-1.86919,-0.66399,-0.83089,-0.13901,1.90996,0.75109,-0.6967,0,0,0,0
5835,-0.96508,-0.47633,-0.07046,0.21102,2.43985,0,0.54401,0,0,0,0
5836,-2.13895,-0.65425,-0.84597,-0.13221,2.05317,1.05265,0,0,0,0,0
5837,-1.31745,-0.10115,-0.13183,0.65128,2.69865,0.87233,-0.43016,0,0,0,0
5838,-0.85603,-0.33546,-0.27395,0.36635,2.51351,1.37357,0,0,0,0,0
5839,-1.00649,-0.2624,-0.25183,0.40707,2.17998,0.83416,-0.26898,0,0,0,0
5840,-1.60771,-0.57982,-0.86243,0.11933,2.11817,0.76872,-0.2423,0,0,0,0
5841,-1.52291,-0.49723,-0.6446,0.15476,1.96429,0.84937,0,0,0,0,0
5842,-1.26434,-0.41835,-0.49716,0.19907,2.35402,0.75533,0.21375,0,0,0,0
5843,-0.08779,0.38156,0.148,1.12871,2.7821,0,0,0,0,0,0
5844,-1.3205,-0.13721,-0.59783,0.279,2.19705,0.65966,0,0,0,0,0
5845,-1.76047,-0.61759,-0.97432,-0.07565,1.79584,0.86511,0.409,0,0,0,0
5846,-0.52456,0.37333,0.03848,0.50812,2.26508,1.21067,0,0,0,0,0
5847,-0.74504,-0.14329,-0.17709,0.05933,2.75909,0.59812,0.6031,0,0,0,0
5848,-1.81944,-0.65221,-0.99952,-0.08706,1.71882,0.66976,4.6866E-3,0,0,0,0
5849,-1.6222,-0.10658,-0.64189,0.30138,2.28087,0.75559,0.58576,0,0,0,0
5850,-1.19093,-0.19318,-0.7851,0.12224,2.37058,2.08977,0,0,0,0,0
5851,-1.15813,-0.35132,-0.66735,0.13333,1.97615,0.75339,0.0645,0,0,0,0
5852,-0.9974,0.03981,-0.42365,0.42495,2.21602,1.14284,0.34385,0,0,0,0
5853,-1.09477,-0.23636,0.79156,-0.18147,2.80393,0,0,0,0,0,0
5854,-0.56181,-0.13984,-0.16926,0.24082,2.33705,0.89523,-0.2126,0,0,0,0
5855,-0.46041,0.41076,-0.55523,2.13139,2.64043,0,0,0,0,0,0
5856,-0.41013,-0.0986,0.33929,1.54924,2.60815,0,0,0,0,0,0
5857,-0.1599,0.03096,0.06447,1.57534,2.78439,1.88765,0,0,0,0,0
5858,-0.58689,-0.11354,-0.15926,0.18919,2.49869,0.70348,0,0,0,0,0
5859,-0.99077,0.02195,-0.47628,0.22572,2.24575,1.48443,0,0,0,0,0
5860,-0.21743,0.24014,-0.2837,0.60938,2.66902,0,0,0,0,0,0
5861,-2.48999,0.78973,-0.2924,0.24932,3.86979,0,0,0,0,0,0
5862,-2.31058,0.41587,0.45657,1.23339,3.5335,0,0,0,0,0,0
5863,0.02481,0.08568,0.06997,0.74285,2.57021,0,0,0,0,0,0
5864,-0.44228,-0.03798,-0.20833,0.26323,2.20296,-0.03238,0,0,0,0,0
5865,-0.42259,-0.01931,-0.26316,0.23503,2.15078,0.74967,0,0,0,0,0
5866,0.13559,0.36446,0.16802,0.64678,2.34939,-0.36276,0,0,0,0,0
5867,-0.05041,0.14683,0.18295,0.44314,2.36139,0,0,0,0,0,0
5868,0,0,0,0,0,0,0,0,0,0,0
5869,-0.13503,-0.02894,-0.33838,-0.17006,2.04953,0,0,0,0,0,0
5870,0,0.38844,0.04462,-1.78414,0,0,0,0,0,0,0
5871,-1.89212,0.63867,-0.70859,0.84946,2.7439,0,0,0,0,0,0
5872,0,0,0,0,0,0,0,0,0,0,0
5873,-0.22091,0.33373,0.28419,-8.63005E-3,1.87495,0,0,0,0,0,0
5874,-0.84667,0.38776,0.28048,0.14752,2.4474,3.0706,0,0,0,0,0
5875,0.23448,-0.08459,0.63988,-0.10108,2.27676,0,0,0,0,0,0
5876,-0.77314,0.02012,-0.2415,-0.3952,2.19754,0,0,0,0,0,0
5877,-0.34586,0.35171,0.13701,-0.3126,2.45679,3.03092,1.42609,0,0,0,0
5878,-0.55104,0.18566,-0.03553,-0.10066,2.27764,2.94517,0.34846,0,0,0,0
5879,-0.3377,0.30834,0.39356,0.24511,2.85488,2.947,0.34469,0,0,0,0
5880,-0.10838,0.4019,0.44083,-0.38781,2.51957,3.23085,0.39423,0,0,0,0
5881,-1.29504,-0.01776,-0.42018,-0.65099,2.20592,3.83316,0,0,0,0,0
5882,-1.16513,-0.26852,-0.34417,-0.28142,2.80727,0,1.07909,0,0,0,0
5883,-1.18861,-0.32566,-0.04523,0.05347,2.93235,0,0,0,0,0,0
5884,-1.24106,-0.40662,-0.43408,0.03915,2.64271,2.51005,-0.46114,0,0,0,0
5885,-1.51583,-0.42094,-0.69931,-0.69603,2.64164,1.52834,-0.48607,0,0,0,0
5886,-0.53561,0.6561,0.26915,0.06991,3.18072,0,0,0,0,0,0
5887,-2.3633,-1.25544,-1.10248,-1.24432,2.37128,0.979,-1.36873,0,0,0,0
5888,-1.26412,-0.2208,-0.14542,-0.31661,2.7376,0.33039,0,0,0,0,0
5889,-1.36463,-0.38593,-0.47648,-0.6878,2.60814,2.44293,0.80258,0,0,0,0
5890,-0.92931,-0.07625,0.03821,-0.47483,2.92033,3.65084,1.27276,0,0,0,0
5891,-1.06218,0.01719,0.13202,0.17747,3.66353,0,0,0,0,0,0
5892,-1.59605,-0.65525,-0.76644,-0.76073,2.81426,1.96337,-0.48903,0,0,0,0
5893,0.28963,0.92272,0.48133,0.20927,3.50745,4.10104,2.85856,0,0,0,0
5894,-1.4218,-0.67502,-0.69531,-0.81443,2.25288,1.27884,0.40929,0,0,0,0
5895,-1.01607,-0.20916,-0.48342,-0.62505,2.58694,2.9007,0,0,0,0,0
5896,-1.46562,-0.52561,-0.76289,-0.80642,2.64506,2.72843,0,0,0,0,0
5897,-1.68868,-0.71323,-0.78423,-0.69065,2.76596,0.66077,0,0,0,0,0
5898,-1.72404,-0.66177,-0.77951,-0.9683,2.5369,2.28944,0,0,0,0,0
5899,-2.17302,-1.00833,-0.94334,-0.91944,2.59178,2.43779,-0.63968,0,0,0,0
5900,-0.75177,-0.39366,-0.31764,-0.42382,2.95077,1.57281,-6.92566E-3,0,0,0,0
5901,-1.33257,-0.48724,-0.60467,-0.58927,2.77351,0,0,0,0,0,0
5902,-0.88795,0.03391,-0.07437,-0.30633,3.44047,2.48727,1.66421,0,0,0,0
5903,-1.63949,-0.63272,-0.68609,-0.60139,2.76851,1.42479,0,0,0,0,0
5904,-1.48564,-0.46308,-0.41648,-0.21663,3.126,0,0,0,0,0,0
5905,-1.60663,-0.62664,-0.66903,-0.5006,2.80563,1.50762,-0.50288,0,0,0,0
5906,-1.27643,-0.1214,-0.34947,-0.50962,3.27396,1.02353,0,0,0,0,0
5907,-1.37756,-0.3595,-0.42342,-0.48615,3.11611,2.62107,0,0,0,0,0
5908,-1.10706,-0.07344,-0.39315,-0.07725,3.09405,3.2405,0,0,0,0,0
5909,-1.27732,-0.51312,-0.6014,-0.27146,3.04657,1.33066,-0.92436,0,0,0,0
5910,-1.2122,-0.41429,-0.88445,-0.36589,3.0499,0,0,0,0,0,0
5911,-1.28029,-0.20928,-0.13854,-0.20891,0,0,0,0,0,0,0
5912,-1.5789,-0.66051,-1.02906,-0.78967,2.71053,2.17119,0,0,0,0,0
5913,-1.18876,-0.53511,-0.61357,-0.60821,3.45391,1.1687,-0.76829,0,0,0,0
5914,-1.07525,-0.48802,-0.72052,0.44995,3.31149,1.03198,-0.82078,0,0,0,0
5915,-1.54386,-0.3307,-0.19859,0.35001,3.76135,1.60734,0,0,0,0,0
5916,-0.94422,-0.06049,0.18177,0.01001,3.22966,2.12215,1.03931,0,0,0,0
5917,-0.85467,0.12981,0.20737,0.12775,2.95612,0,0,0,0,0,0
5918,-1.35182,-0.47142,-0.51033,0.06014,3.53007,0,0,0,0,0,0
5919,-1.48219,0.47957,0.73492,-0.35683,4.33024,0,0,0,0,0,0
5920,0,0,0,0,0,0,0,0,0,0,0
5921,-1.76661,-0.53654,0.45696,1.26103,3.03168,0,0,0,0,0,0
5922,-1.36488,-0.49201,0.10039,0.64841,3.26543,1.51441,0,0,0,0,0
5923,-1.64016,-0.94139,0.31489,0.94271,3.44872,0,0,0,0,0,0
5924,-0.81231,-0.30949,0.31693,1.31061,3.22938,1.82874,0,0,0,0,0
5925,-1.39727,-0.60704,-0.11439,0.66601,3.0447,0.89618,-0.81556,0,0,0,0
5926,-1.56463,-0.58242,0.4227,0.88324,3.4204,0.29801,0,0,0,0,0
5927,-1.29867,-0.78605,-5.23119E-3,0.84698,3.07111,0,0,0,0,0,0
5928,0.02219,0.50081,1.07997,1.72623,3.50727,0,0,0,0,0,0
5929,0.03251,-0.09102,0.65258,1.13751,2.14209,0,0,0,0,0,0
5930,-1.54991,-0.94518,1.65541E-3,0.51098,3.38075,0,0,0,0,0,0
5931,-1.62881,-0.63783,0.27689,1.02707,3.0214,0,0,0,0,0,0
5932,-1.839,-0.73962,-0.15471,0.56678,3.00318,0.6599,-0.6006,0,0,0,0
5933,-2.0004,-0.58042,0.2726,0.62088,2.96101,0,0,0,0,0,0
5934,-1.8058,-1.039,0.31797,0.53882,3.22485,1.56239,-0.15381,0,0,0,0
5935,-1.69749,-0.37698,0.08766,0.85325,3.25174,1.39662,0.34541,0,0,0,0
5936,-1.54519,-0.42785,0.09527,0.54232,3.40411,0,0,0,0,0,0
5937,-1.60925,-0.58073,0.15708,1.17508,3.07265,1.04702,-0.93501,0,0,0,0
5938,-1.83328,-0.7406,0.13573,1.87607,3.48447,0,0,0,0,0,0
5939,-0.65579,0.77673,1.01955,1.61108,3.47826,0,0,0,0,0,0
5940,-1.45246,-0.32758,0.07618,0.69456,3.50094,0,0,0,0,0,0
5941,-1.73592,-0.3151,-0.06267,-0.17099,3.93393,0,0,0,0,0,0
5942,-1.80812,-0.53398,-0.15785,0.79596,3.12393,0,0,0,0,0,0
5943,-1.60923,-0.80966,0.59873,0.57371,3.17086,0,0,0,0,0,0
5944,-2.07084,-0.78348,-0.18065,0.74744,3.32416,0.29801,0,0,0,0,0
5945,-2.44674,-0.80056,-0.09445,0.73401,2.97083,0,-0.59582,0,0,0,0
5946,-2.30895,-0.90884,-0.20588,0.74828,2.95892,0.69778,-0.1419,0,0,0,0
5947,-1.58807,-0.11206,-0.07938,0.14271,3.53467,0,0,0,0,0,0
5948,-0.9001,-0.06857,0.17566,0.98468,3.54683,1.6926,0,0,0,0,0
5949,-1.64748,-0.59781,-0.07007,0.92137,3.4722,0,0,0,0,0,0
5950,-1.92351,-0.67631,0.19947,0.6966,3.24582,0.79286,-0.39677,0,0,0,0
5951,-1.29311,-0.32566,0.24941,0.41687,3.43303,1.96442,-0.09188,0,0,0,0
5952,-1.8013,-0.82034,0.10986,0.52613,3.16234,1.02353,0,0,0,0,0
5953,-2.0424,-0.59582,-0.09394,0.51558,3.46171,0,0.1552,0,0,0,0
5954,-1.333,-0.26319,0.62769,1.04834,3.35201,0,0,0,0,0,0
5955,-2.06768,-0.93258,-0.03429,0.21139,3.13488,0,0,0,0,0,0
5956,0,0,0,0,0,0,0,0,0,0,0
5957,-1.70577,-0.92866,-0.10803,0.81428,3.37146,0,0,0,0,0,0
5958,-2.02557,-0.76252,0.22979,0.5588,3.34073,2.529,0,0,0,0,0
5959,-2.1445,-0.65266,-0.03016,0.62176,3.193,2.04707,0,0,0,0,0
5960,-2.84259,-1.1045,-0.43752,0.33652,3.10826,1.13516,-0.50597,0,0,0,0
5961,-2.39808,-0.9034,-0.29516,0.5764,2.99247,0.86998,-0.50839,0,0,0,0
5962,-1.88751,-0.20624,0.55644,1.02019,3.63287,0,0,0,0,0,0
5963,-2.32462,-0.89224,-0.13231,0.20911,3.25111,1.92807,1.39663,0,0,0,0
5964,-1.96244,-1.12347,-0.57004,-0.10781,3.42378,1.98083,0.01362,0,0,0,0
5965,-1.61243,-0.57389,0.05974,0.6865,3.36164,0,0,0,0,0,0
5966,-2.17909,-0.52678,0.1987,0.61699,3.31425,0,0,0,0,0,0
5967,-2.08864,-1.02173,-0.16904,0.4174,3.12815,1.21844,-1.06174,0,0,0,0
5968,-1.32113,-0.31786,0.19602,0.61728,3.94408,1.72685,0.33875,0,0,0,0
5969,-1.42814,-0.55552,-0.14583,0.12938,3.61701,2.66513,0,0,0,0,0
5970,-2.1535,-0.29425,0.23376,1.22192,3.65079,1.83513,-0.06206,0,0,0,0
5971,-2.3539,-0.48699,-0.02175,0.45431,3.36873,1.80447,0.59788,0,0,0,0
5972,-2.11588,-0.7676,9.93663E-3,0.82233,3.32777,0,0,0,0,0,0
5973,-2.19081,-0.38264,0.06887,0.39066,3.03082,0.87711,0,0,0,0,0
5974,-2.8296,-0.97236,-0.37958,0.5876,3.18884,0.97568,-0.41594,0,0,0,0
5975,-1.73394,0.01682,0.09532,1.36807,3.77998,1.78707,0,0,0,0,0
5976,-2.60752,-0.97255,-0.19453,0.71657,3.3107,0.80977,-1.09763,0,0,0,0
5977,-2.69806,-0.79018,-0.25357,0.38311,2.86838,0.57353,-0.0461,0,0,0,0
5978,-2.71357,-0.9574,-0.35574,0.54058,3.00309,1.41237,0,0,0,0,0
5979,-2.87025,-1.09479,-0.52174,0.33011,2.83423,1.49606,0,0,0,0,0
5980,-2.29707,-0.70595,-0.03131,0.80827,3.38588,1.13952,-0.82094,0,0,0,0
5981,-2.45379,-0.73549,-0.03185,0.45703,3.26474,1.56207,-0.29371,0,0,0,0
5982,-2.61697,-0.94916,-0.32497,0.45511,2.89197,0.61958,0,0,0,0,0
5983,-1.84379,-0.49481,0.21179,0.88021,3.39018,0,0,0,0,0,0
5984,-2.34995,-0.63131,-0.25143,0.72162,3.18528,1.14893,0.06454,0,0,0,0
5985,-2.57459,-0.64867,-0.11266,0.48138,3.18448,0.66077,0,0,0,0,0
5986,-2.48534,-0.6776,-0.3082,0.47404,2.99753,0.702,-0.20418,0,0,0,0
5987,-2.59233,-0.64845,-0.02315,0.55301,3.20373,0,0,0,0,0,0
5988,-2.97158,-1.15802,-0.62373,0.20594,2.68397,0.11817,0,0,0,0,0
5989,-2.47105,-0.68051,-0.34128,0.53363,3.31372,1.34369,-0.45239,0,0,0,0
5990,-3.22604,-1.16823,-0.82227,0.02555,2.43127,0.30507,-1.0307,0,0,0,0
5991,-2.83526,-1.08393,-0.41141,0.46615,2.97453,1.80209,0,0,0,0,0
5992,-2.6261,-0.81151,-0.22617,0.5517,2.88811,0,0,0,0,0,0
5993,-1.8968,-0.41238,-0.15354,0.65656,4.05567,0.99116,0,0,0,0,0
5994,-1.71018,-0.55395,0.09403,0.62524,3.78494,0,0.95899,0,0,0,0
5995,-3.21315,-1.31654,-0.71383,0.1385,2.7012,-0.20397,0,0,0,0,0
5996,-2.6632,-0.76824,-0.38768,0.30238,2.98766,0.93524,-0.50291,0,0,0,0
5997,-3.00342,-0.94651,-0.52272,0.44938,2.99798,1.68431,0,0,0,0,0
5998,-2.77576,-0.62711,-0.25749,0.61635,3.05071,0,0,0,0,0,0
5999,-1.55971,-0.36662,0.41869,0.94675,3.99011,0,0,0,0,0,0
6000,-2.86697,-0.83684,-0.49223,0.42507,2.96017,2.16485,0,0,0,0,0
6001,-2.8503,-0.84481,-0.30887,0.59976,3.1429,0.35532,-1.37673,0,0,0,0
6002,-2.60975,-0.5157,-0.26138,0.72004,2.98634,1.2462,0,0,0,0,0
6003,-2.72471,-0.93976,-0.16104,0.58276,3.2384,0,0,0,0,0,0
6004,-2.4701,-0.73474,-0.31219,0.41471,3.21351,1.08101,0.46034,0,0,0,0
6005,-3.28851,-1.19175,-0.86737,0.08116,2.44082,1.94804,-0.34869,0,0,0,0
6006,-2.53226,-0.36144,0.13231,0.73867,2.90069,0.99116,0,0,0,0,0
6007,-2.5516,-0.77536,-0.27978,0.61501,3.29419,0.83255,0,0,0,0,0
6008,-2.72727,-0.85389,-0.41428,0.34329,3.13842,0.298,-0.95511,0,0,0,0
6009,-2.42516,-0.72161,-0.16863,0.51388,3.13528,1.8891,0.20375,0,0,0,0
6010,-2.71702,-0.93743,-0.53592,0.34644,2.96794,1.14839,-0.43447,0,0,0,0
6011,-2.74394,-0.59693,-0.34439,0.46995,3.07535,0,0,0,0,0,0
6012,-2.64746,-0.94552,0.43305,-0.60333,3.65537,0,0,0,0,0,0
6013,-2.88093,-0.7324,-0.46118,0.7015,2.97967,0.74822,-0.23529,0,0,0,0
6014,-2.47083,-0.61476,-0.12109,0.547,3.3332,0,0,0,0,0,0
6015,-2.45034,-0.72566,-0.60599,0.85321,3.18379,0.64601,-0.09017,0,0,0,0
6016,-2.77467,-0.13397,-0.96507,-0.33583,3.16316,0,0,0,0,0,0
6017,-2.66227,-0.65117,-0.62211,0.48903,3.23695,0,0.20731,0,0,0,0
6018,-2.73781,-0.71703,-0.48857,0.50388,3.1567,0.96991,-0.46085,0,0,0,0
6019,-2.91626,-0.67628,-0.38824,0.74045,2.99949,0.92199,-0.06827,0,0,0,0
6020,-2.54676,-0.66725,-0.06713,0.75271,3.0162,0,0,0,0,0,0
6021,-2.62755,-0.92112,-0.25245,0.65267,3.02267,0.99065,0,0,0,0,0
6022,-2.41557,-0.67775,-0.38764,0.63561,3.03855,0,0,0,0,0,0
6023,-2.8563,0.14691,-0.25478,0.38616,3.54783,0,0,0,0,0,0
6024,-2.91047,-0.68426,-0.16577,0.61945,3.04904,1.02353,0,0,0,0,0
6025,-2.6008,-0.3764,-0.06901,0.49589,2.98089,0,0,0,0,0,0
6026,-2.70703,-0.39625,-0.13457,0.73245,3.2482,0.56734,-0.03435,0,0,0,0
6027,-2.35564,-0.52256,0.02675,0.64371,2.75341,0,0,0,0,0,0
6028,-2.44895,-0.55148,-0.40321,0.4598,3.03828,0,0,0,0,0,0
6029,-2.90043,-0.84006,-0.58088,0.40161,2.88098,0.70565,0,0,0,0,0
6030,-2.87799,-0.64528,0.12916,0.66275,3.25808,0,0,0,0,0,0
6031,-2.76232,-0.78628,-0.20141,0.89452,3.18633,1.68431,0,0,0,0,0
6032,-2.4926,-0.36353,-0.59676,0.91106,3.57285,0,0,0,0,0,0
6033,-2.79716,-0.7516,-0.25493,0.62021,3.13395,0,0,0,0,0,0
6034,-3.04824,-0.89678,-0.32951,1.33555,3.45867,0,0,0,0,0,0
6035,-2.71051,-0.62199,-0.23091,0.7285,3.29584,1.27748,0,0,0,0,0
6036,-3.0777,-0.78218,-0.43257,-0.34904,3.36894,0.90196,0.19165,0,0,0,0
6037,-2.8425,-0.69137,-0.30621,0.63158,3.00921,0.76844,-0.28149,0,0,0,0
6038,-2.79008,-0.70451,-0.23501,0.76666,3.46296,0,0,0,0,0,0
6039,-2.89967,-0.93881,-0.48109,0.45058,2.93994,1.25512,0,0,0,0,0
6040,-2.96038,-0.73947,-0.32374,0.70256,3.16137,0,0,0,0,0,0
6041,-2.65723,-0.79779,-0.38123,0.43756,3.04804,0,0,0,0,0,0
6042,-2.98537,-0.23152,-0.30816,0.41083,2.82418,0.33039,0,0,0,0,0
6043,-2.95868,-0.59208,-0.18536,0.52764,3.147,0.76185,-1.05789,0,0,0,0
6044,-2.93822,-0.73869,-0.26522,0.46913,3.08147,0.79134,-0.2725,0,0,0,0
6045,-3.11564,-1.07838,-0.67919,0.30813,2.93746,0.73315,-0.15717,0,0,0,0
6046,-2.42894,-0.2491,-6.20855E-3,0.40513,3.30207,0,0,0,0,0,0
6047,-2.32162,-0.69232,-0.45075,0.69432,3.18458,0,0,0,0,0,0
6048,-2.68231,-0.67515,-0.24672,0.59964,3.2228,0,0,0,0,0,0
6049,-2.61342,-0.70787,0.19672,0.34131,3.0481,0,0,0,0,0,0
6050,-2.53012,-0.48322,-0.1201,0.81394,3.14568,0,0,0,0,0,0
6051,-2.72337,-0.68098,-0.33782,0.82603,3.13091,1.2168,0,0,0,0,0
6052,-3.0269,-0.85111,-0.49015,0.28567,3.0511,0.74218,-0.44107,0,0,0,0
6053,-2.63414,-0.44131,0.20369,0.54904,3.26004,0,0,0,0,0,0
6054,-2.38931,-0.4899,-4.5553E-3,1.09311,3.63965,0,0,0,0,0,0
6055,-2.8912,-0.57154,-0.05029,0.74688,3.26889,1.50198,0,0,0,0,0
6056,-2.83637,-0.155,-0.12611,0.86885,3.30574,1.08134,-0.3124,0,0,0,0
6057,-2.78399,-0.82081,-0.48573,0.65061,3.12588,0.82126,0,0,0,0,0
6058,-2.19684,-0.64203,-0.19526,0.67354,3.47429,2.14661,0,0,0,0,0
6059,-2.52916,-0.55528,-0.17397,0.8863,3.31056,1.09639,0.05764,0,0,0,0
6060,-2.74248,-0.53179,-0.119,0.64939,3.08322,0.9084,-0.88283,0,0,0,0
6061,-2.49738,-0.19673,-0.38344,0.20826,3.4867,0,0,0,0,0,0
6062,-2.72683,-0.7492,-0.27651,0.64306,3.25078,1.15431,-0.14152,0,0,0,0
6063,-2.20294,-0.67399,-0.07348,0.42538,3.67136,0,0,0,0,0,0
6064,-1.621,0.34405,0.64449,1.35872,3.80061,1.92163,-0.94971,0,0,0,0
6065,-3.12736,-0.84307,-0.40932,1.15715,3.51406,0,0,0,0,0,0
6066,-0.96802,0.61376,0.59597,2.01647,4.10857,0,0,0,0,0,0
6067,-2.62065,-0.56964,-0.29217,0.57159,3.24809,1.61613,0,0,0,0,0
6068,-2.41791,-0.44649,-0.33598,0.85625,3.21126,1.22897,-0.1367,0,0,0,0
6069,-2.80713,-0.57672,-0.28534,0.60341,3.25774,1.20416,-0.27578,0,0,0,0
6070,-2.68785,-0.63852,-0.1882,0.39227,3.13623,1.6926,0,0,0,0,0
6071,-2.80084,-0.48608,-0.06639,0.67677,3.44201,0.68845,0,0,0,0,0
6072,-2.09269,-0.48178,0.01835,1.19464,3.57978,1.63593,0,0,0,0,0
6073,-1.75776,0.19474,0.81541,1.19854,3.24356,0,0,0,0,0,0
6074,-2.63994,-0.10788,1.44688,-0.56323,2.91026,0,0,0,0,0,0
6075,-2.51473,-0.49982,0.53244,0.77723,3.46029,0,0,0,0,0,0
6076,-1.94858,-0.22848,0.52395,0.74977,4.34209,2.73454,0,0,0,0,0
6077,1.29345,2.40322,2.73476,0,0,0,0,0,0,0,0
6078,-2.5351,-0.42238,-0.23365,1.11008,3.35513,1.59425,0,0,0,0,0
6079,-2.54641,-0.02817,0.26797,1.49198,3.87669,0,0,0,0,0,0
6080,-2.68821,-0.21118,0.3178,0.66295,3.95469,0,0,0,0,0,0
6081,-3.04895,-0.1432,0.05177,0.73937,3.51236,2.32421,0,0,0,0,0
6082,-2.87659,0.44189,0.04094,0,3.27104,0,0,0,0,0,0
6083,-2.83673,-0.36694,0.14153,1.10226,3.47207,1.77251,1.02768,0,0,0,0
6084,-1.87734,-0.45627,0.47722,-0.97344,3.48224,0,0,0,0,0,0
6085,-2.43354,-0.50596,7.94535E-3,0.82237,3.53613,1.43676,0.77748,0,0,0,0
6086,-1.86033,0.16238,0.1488,1.54951,3.92793,0,2.05529,0,0,0,0
6087,-2.75899,-0.33048,0.74247,1.26729,3.41743,0,0,0,0,0,0
6088,-3.705,0.23707,0.58343,0.35631,3.26227,1.429,0,0,0,0,0
6089,-3.01484,-0.06759,0.32488,1.16764,3.45939,2.29483,1.27047,0,0,0,0
6090,-2.61906,0.94591,-0.56831,1.06628,1.65341,0,0,0,0,0,0
6091,-2.14889,-0.0597,0.39337,0.93171,3.27508,1.9843,0.99474,0,0,0,0
6092,-3.55593,0.05521,0.24609,2.33369,3.98213,3.1865,0,0,0,0,0
6093,-2.44808,-1.2575,-0.71166,0.66415,1.85526,0,0,0,0,0,0
6094,-2.91173,0.02692,-0.38323,1.90561,2.97648,0,0,0,0,0,0
6095,-2.59233,0.90043,1.09998,1.20842,0,0,0,0,0,0,0
6096,-2.52891,-5.9875E-3,0.12532,2.4774,3.79097,0,0,0,0,0,0
6097,-2.99087,-0.24227,0.50667,1.69684,3.37879,2.94152,2.9432,0,0,0,0
6098,-3.03647,0.09972,0.18513,1.24213,3.97071,2.59708,0,0,0,0,0
6099,-3.17666,0.13447,1.00832,1.49143,3.84175,3.26826,0,0,0,0,0
6100,-3.39048,0.23532,0.38626,1.67553,3.87028,2.57406,1.69727,0,0,0,0
6101,-3.2604,0.33966,0.76179,1.93649,3.78904,3.18041,0,0,0,0,0
6102,-2.5429,-0.10826,0.28693,1.4958,3.86799,2.20375,2.1893,0,0,0,0
6103,-3.06199,-0.03982,0.12677,1.18936,3.79744,3.83316,0,0,0,0,0
6104,-2.30551,0.08535,0.61633,2.0692,3.491,0,0,0,0,0,0
6105,-2.10172,0.06482,0.20948,1.87559,4.1735,0,0,0,0,0,0
6106,-3.86237,-0.25107,0.46714,0.62003,3.30408,0,0,0,0,0,0
6107,-3.10364,0.0253,0.73306,1.67218,3.62407,2.73454,1.75206,0,0,0,0
6108,-3.77471,-0.08822,0.67094,1.20487,3.77052,0,0,0,0,0,0
6109,-2.83507,0.21305,0.85432,1.63448,4.11186,0,0,0,0,0,0
6110,-4.13009,-0.53567,-1.16986,-3.85788,0,0,0,0,0,0,0
6111,-4.28554,0.3989,0.76577,1.11414,4.01472,0,0,0,0,0,0
6112,0,0,0,0,0,0,0,0,0,0,0
6113,-0.743,-0.10386,0.50065,0.27788,3.75281,0,0,0,0,0,0
6114,-0.60015,0.22352,1.04398,0.31348,4.11518,0,0,0,0,0,0
6115,-1.00302,-0.03978,0.73621,0.45661,4.96207,0,0.96098,0,0,0,0
6116,-0.80844,0.03227,0.62278,0.56009,3.7594,0,0,0,0,0,0
6117,-0.94873,0.45314,0.72617,0.82313,4.15137,0,0,0,0,0,0
6118,-0.99869,-0.92601,0.24133,1.28125,2.92831,0,0,0,0,0,0
6119,-4.19005,-1.85902,1.87686,2.40966,4.22721,6.68789,-2.83232,0,0,0,0
6120,-2.68033,-0.45051,1.41699,1.57672,4.345,5.03886,0.14033,0,0,0,0
6121,-1.56653,-0.01015,0.85074,0.98523,3.86994,3.24537,0,0,0,0,0
6122,-2.612,-0.5571,1.08685,0.47985,3.11945,0,0,0,0,0,0
6123,-1.78527,-0.04714,0,0,0,0,0,0,0,0,0
6124,-2.10544,0.26279,0.58737,-0.04026,3.90778,0,0,0,0,0,0
6125,-3.15786,-0.30638,2.26797,2.20046,5.06772,0,0,0,0,0,0
6126,-3.02407,0.05773,-0.30315,1.35236,4.12809,0,0,0,0,0,0
6127,-2.5904,0.06679,0.35713,1.1407,4.30294,3.20413,0,0,0,0,0
6128,-1.62606,-0.04693,0.957,1.5761,2.87329,0,0,0,0,0,0
6129,-2.19096,-0.14304,0.25765,1.18018,3.87333,0,0,0,0,0,0
6130,-3.17303,0.46406,1.09322,1.29976,4.63993,0,0,0,0,0,0
6131,-4.8199,-2.34818,0.78276,-0.79033,-0.2125,0,0,0,0,0,0
6132,-3.17219,0.01447,0.357,1.70093,3.06068,0,0,0,0,0,0
6133,-3.3576,-0.27385,0.13089,1.00093,3.26862,3.0706,0,0,0,0,0
6134,-3.86798,0.14779,0.64256,1.29636,3.5415,0,0.43568,0,0,0,0
6135,-3.71622,-0.03122,0.24903,0.73367,3.05749,0,0,0,0,0,0
6136,-2.86774,-0.16793,0.91554,0.33463,4.95375,0,0,0,0,0,0
6137,-2.53772,0.15601,0.48323,0.1244,0,0,0,0,0,0,0
6138,-4.38594,-1.01048,0.62836,0.02108,-0.49536,0,0,0,0,0,0
6139,-2.98867,-0.69625,0.25244,-0.69928,0,0,0,0,0,0,0
6140,-3.93337,0.17475,0.71185,0.39938,3.07599,0,0,0,0,0,0
6141,-4.11931,-0.40926,0.221,1.01292,3.17794,3.38143,-0.33904,0,0,0,0
6142,-3.36671,-0.43426,0.60995,1.05088,3.1662,3.94001,0,0,0,0,0
6143,-3.88056,-0.30469,0.44572,1.1058,3.55136,0,0,0,0,0,0
6144,-3.09594,-0.10888,1.46668,2.642,3.51295,0,0,0,0,0,0
6145,-3.90515,-0.69079,1.08604,-1.11122,0.24226,0,0,0,0,0,0
6146,-4.52387,0.0219,1.95554,0.80512,1.7119,0,0,0,0,0,0
6147,-3.89132,-0.33531,0.6255,1.14434,3.20542,0,0,0,0,0,0
6148,-4.20667,0.01116,0.88856,1.84781,3.87276,3.50271,0,0,0,0,0
6149,-3.26018,0.59763,0.25866,0.83238,1.98015,0,0,0,0,0,0
6150,0,0,0,0,0,0,0,0,0,0,0
6151,-3.95505,-0.37307,0.34202,0.94993,3.43699,0,0,0,0,0,0
6152,-2.9723,-0.19862,1.25124,1.54186,3.53773,2.74021,0,0,0,0,0
6153,-3.59381,0.04562,2.51062,0.80885,2.39531,0,0,0,0,0,0
6154,-3.45767,0.53249,1.21511,1.1619,3.76222,0,1.18807,0,0,0,0
6155,-3.11833,0.87664,0.11315,1.55381,3.56797,0,0,0,0,0,0
6156,-4.6359,0.06025,-0.25395,1.81,4.14895,3.31731,1.72388,0,0,0,0
6157,-3.25195,0.24537,1.35427,0.83458,4.52021,0,0,0,0,0,0
6158,-2.54788,-1.66286,0,-0.08467,0,0,0,0,0,0,0
6159,-3.31275,-0.65887,2.40038,0,0,0,0,0,0,0,0
6160,-3.8952,0.02893,0.96154,0.90003,3.20473,0,0,0,0,0,0
6161,-4.37113,-0.31843,1.44002,1.69575,3.21405,0,0,0,0,0,0
6162,-3.28557,-0.33916,1.63501,0.81928,2.96508,0,0,0,0,0,0
6163,-4.05676,-0.22714,1.88809,0.90934,3.05045,0,0,0,0,0,0
6164,-4.49786,-0.33363,0.80939,0.68628,1.97109,0,0,0,0,0,0
6165,-3.09187,0.77953,0.82229,0.53159,2.90377,0,0,0,0,0,0
6166,-3.57514,-0.23892,-0.63961,0,0,0,0,0,0,0,0
6167,-3.65723,-0.11128,0.86566,1.18367,3.6797,3.85282,0,0,0,0,0
6168,-2.91016,-0.88587,0.30998,0.06095,4.20265,0,0,0,0,0,0
6169,-2.5091,-0.28811,0.97138,0,0,0,0,0,0,0,0
6170,-4.06112,-0.36888,0.7702,1.16874,3.33743,3.83903,-0.21013,0,0,0,0
6171,-3.76749,-0.33009,0.68866,1.03232,3.30227,3.93852,0,0,0,0,0
6172,-3.81148,-0.20977,0.75599,-1.16622,0,0,0,0,0,0,0
6173,-3.3683,-0.71581,0.9497,0.96765,3.35722,0,0,0,0,0,0
6174,0,0,0,0,0,0,0,0,0,0,0
6175,-3.63634,-1.13915,0.66646,1.19271,3.47615,0,0,0,0,0,0
6176,-4.23677,-1.49339,0.31148,0.57518,3.03736,2.97059,0.78046,0,0,0,0
6177,-1.72679,-0.49914,-0.25753,0.42807,2.90562,0,0,0,0,0,0
6178,-3.14351,-0.57985,1.38749,0.44854,4.18587,5.15004,0,0,0,0,0
6179,-3.99334,0.59266,0.31203,0.66772,4.65834,0,0,0,0,0,0
6180,-3.69239,0.23481,0,0.06231,4.0298,0,0,0,0,0,0
6181,-4.72386,-2.14666,-0.23691,0.2453,2.88072,0,0,0,0,0,0
6182,-3.72836,-0.04263,1.05486,0.9521,3.48151,4.44486,0,0,0,0,0
6183,-4.21446,-1.39907,0.59339,0.74045,3.58485,0,0,0,0,0,0
6184,-2.81678,-0.50703,1.28008,2.24293,3.12026,0,0,0,0,0,0
6185,-3.91907,-0.37424,0.77906,2.05246,3.63104,0,0.69523,0,0,0,0
6186,0,0,0,0,0,0,0,0,0,0,0
6187,-4.24065,-1.61108,0.30653,0.77672,3.30051,3.40741,2.40319,0,0,0,0
6188,-3.18887,-0.06461,0.84218,1.07951,2.71071,0,0,0,0,0,0
6189,0,0,0,0,0,0,0,0,0,0,0
6190,-3.91447,-1.05562,0.83814,0.91916,3.51211,0,0,0,0,0,0
6191,-3.41856,-0.34593,0.076,-1.62062,2.872,0,0,0,0,0,0
6192,-3.66545,-1.49984,0.69906,1.01192,3.78417,4.29784,2.27272,0,0,0,0
6193,-3.60385,-0.48207,1.26568,0.76282,3.16368,0,0,0,0,0,0
6194,-3.1097,0.41008,2.24897,0.1361,3.08173,0,0,0,0,0,0
6195,0,0,0,0,0,0,0,0,0,0,0
6196,-4.21499,-0.40606,0.53101,0.04618,4.16216,0,0,0,0,0,0
6197,-2.49295,-1.00876,-1.11941,-1.82591,0,0,0,0,0,0,0
6198,-3.60404,-2.13709,-0.55224,0,0.88127,0,0,0,0,0,0
6199,0,0,0,0,0,0,0,0,0,0,0
6200,-3.99858,-1.35359,1.18416,0.74651,3.44157,0,0,0,0,0,0
6201,0,0,0,0,0,0,0,0,0,0,0
6202,-3.29502,-0.48193,1.78462,0.64596,1.25866,0,0,0,0,0,0
6203,-4.2432,-1.54783,1.46247,-0.94324,0,0,0,0,0,0,0
6204,-4.08352,-1.03257,1.06144,0.83934,2.10437,0,0,0,0,0,0
6205,-2.56056,-1.15753,0.88743,1.0627,3.39902,0,0,0,0,0,0
6206,0,0,0,0,0,0,0,0,0,0,0
6207,0.09172,0.88544,0.77142,0.12715,2.32059,0,0,0,0,0,0
6208,0.23924,0.38525,-0.15697,0.60443,2.75946,0,0,0,0,0,0
6209,-0.5147,-0.01429,-0.15365,0.3255,1.80726,0,0,0,0,0,0
6210,3.94107E-3,0.93674,0.86494,-0.37343,2.01849,0,0,0,0,0,0
6211,0.17708,0.13978,-0.31359,0.26439,2.22477,1.23597,0,0,0,0,0
6212,-0.31998,0.02903,-0.5036,0.13141,2.11222,0.44283,0,0,0,0,0
6213,-0.21872,0.31353,-0.37745,0.70356,2.77912,0,0,0,0,0,0
6214,-0.55993,-0.05277,-0.89218,-0.29896,1.926,0.30735,0,0,0,0,0
6215,-0.43762,-0.08139,-0.34708,-0.02967,1.84184,0.3119,-0.08978,0,0,0,0
6216,-1.14748,-0.76568,-1.17255,-0.73278,1.23696,-0.7002,0.98992,0,0,0,0
6217,-6.21219E-4,0.10736,-0.12694,0.25144,1.96991,1.20569,1.90066,0,0,0,0
6218,0.1841,0.25066,-0.52748,-0.65348,1.53465,0,0,0,0,0,0
6219,-0.13985,0.26419,-0.29468,0.10476,2.04119,1.05608,0,0,0,0,0
6220,-1.50511,0.73482,-7.35179E-3,3.36024E-3,2.17362,0,0,0,0,0,0
6221,-0.65603,-0.49657,-1.07866,-0.64122,1.46689,-0.20205,-1.05982,0,0,0,0
6222,0.01634,0.05243,-0.35557,-0.05411,1.75326,0.91842,0,0,0,0,0
6223,-0.83132,-0.47873,-1.0868,-0.5679,1.39957,-0.2587,-0.52553,0,0,0,0
6224,-0.29281,0.26749,-0.22045,0.29604,2.10544,0.91112,0,0,0,0,0
6225,-0.7405,-0.51604,-1.02131,-0.44261,1.4236,0.43704,-0.12498,0,0,0,0
6226,0,0,0,0,0,0,0,0,0,0,0
6227,-0.54005,0.04622,-0.55231,0.01472,1.90393,0.65023,0,0,0,0,0
6228,-0.85571,-0.46826,-1.1552,-0.50831,1.34837,-0.46547,-0.90466,0,0,0,0
6229,-1.02336,-0.96858,-1.56958,-1.00712,0.98067,-0.09479,-0.32684,0,0,0,0
6230,-0.75604,-0.11523,-0.83986,-0.35808,1.46707,-0.44576,0,0,0,0,0
6231,-0.56963,-0.54742,-1.03146,-0.82617,1.04156,0.05247,0,0,0,0,0
6232,-0.38451,-0.0723,-1.09058,-0.44236,1.15532,1.08761,0,0,0,0,0
6233,-0.58685,0.79376,-0.28851,-0.5644,0.97764,0,0,0,0,0,0
6234,-0.05444,0.28524,-0.5575,-0.21866,1.49199,0.3338,0.74338,0,0,0,0
6235,-0.45605,-0.33317,-1.10386,-0.43592,1.48178,-0.28119,-1.0102,0,0,0,0
6236,-0.70331,-0.59344,-1.41805,-0.77663,1.08654,-0.10478,0,0,0,0,0
6237,-0.35608,-0.35096,-1.01342,-0.45881,1.22989,0.85399,0,0,0,0,0
6238,-0.45213,-0.29927,-0.87146,-0.58371,1.3742,0,0,0,0,0,0
6239,1.03075,0.66301,-0.28166,0.12127,1.65163,0,0,0,0,0,0
6240,-0.35532,-0.2614,-0.90185,-0.66411,1.05475,0,0,0,0,0,0
6241,-0.48728,-0.55267,-1.2943,-0.76056,1.06406,0.07544,0,0,0,0,0
6242,-0.51728,-0.42486,-0.94302,-0.6305,1.1489,-1.09974,-1.91983,0,0,0,0
6243,-2.51839,0.61221,-0.74277,-0.17293,1.92821,0,0,0,0,0,0
6244,-0.59059,-0.54761,-1.20366,-0.64982,1.16496,-0.0541,0,0,0,0,0
6245,0.03091,0.11433,-0.65363,-0.38843,1.75782,0.4887,0,0,0,0,0
6246,-0.60488,-0.49022,-1.32223,-0.78661,0.85222,0.56023,0,0,0,0,0
6247,-0.36469,0.2623,-0.68738,-0.05916,1.75535,0.73188,0,0,0,0,0
6248,0.10002,0.0133,-0.501,-0.28666,1.40189,-0.52438,-1.51771,0,0,0,0
6249,0.39612,0.2453,-0.17731,0.23978,1.48145,0,0,0,0,0,0
6250,-0.05964,-0.06124,-0.66679,-0.32545,1.37493,0.73165,0,0,0,0,0
6251,-5.28422E-3,0.17109,-0.61058,-0.07028,1.3614,0,0,0,0,0,0
6252,0.59871,0.68247,0.10368,0.38693,1.85073,0.99507,0,0,0,0,0
6253,-2.51609,-1.11635,-2.04599,1.11267,3.64823,1.74284,1.56224,0,0,0,0
6254,0,0,0,0,0,0,0,0,0,0,0
6255,-0.96508,0.03997,-0.6685,1.07893,3.7024,1.79977,1.82816,0,0,0,0
6256,-1.00106,0.31623,-0.82283,0.83936,3.94176,0,0,0,0,0,0
6257,0,0,0,0,0,0,0,0,0,0,0
6258,-2.53785,-1.37996,-2.04544,0.62948,3.33825,0.43085,-0.0387,0,0,0,0
6259,-0.3327,-0.04085,-1.41957,2.04057,3.79448,0,0,0,0,0,0
6260,0,0,0,0,0,0,0,0,0,0,0
6261,-1.99991,-0.5126,-0.63879,0.3435,3.28764,0,0,0,0,0,0
6262,-1.00519,0.53177,0.77991,2.05581,3.80602,0,0,0,0,0,0
6263,-1.91468,-0.36192,-1.14699,0.95203,2.79286,1.68431,0,0,0,0,0
6264,-2.9746,0.16075,0.28268,1.33827,3.62739,0,0,0,0,0,0
6265,-1.40527,0.13864,-0.84237,0.44557,2.97137,1.97644,2.68574,0,0,0,0
6266,-1.5513,0.0658,-0.6301,0.8348,2.05328,0,0,0,0,0,0
6267,-3.04187,0.10518,0.39108,0.89512,3.5392,3.0072,4.35168,0,0,0,0
6268,-2.53936,-0.2028,-0.39735,1.34228,3.22598,2.81886,5.95033,0,0,0,0
6269,-1.45664,-0.27213,-0.945,0.22623,2.22312,0,0,0,0,0,0
6270,-1.91692,-0.21103,-0.73964,0.97362,1.83542,1.9255,5.20278,0,0,0,0
6271,-2.25355,-0.07729,0.07947,0.20472,1.8846,0,0,0,0,0,0
6272,-2.26527,-0.5623,-1.063,0.76875,1.65642,2.24679,4.43309,0,0,0,0
6273,-1.89481,-0.18141,-0.80816,0.31609,1.84784,1.42344,3.01516,0,0,0,0
6274,-3.16912,-1.08811,-1.68646,0.30148,1.29773,1.5047,4.14449,0,0,0,0
6275,-2.97978,-0.27038,-0.80541,0.88369,2.86325,2.38504,4.87705,0,0,0,0
6276,-2.89508,-0.20986,-0.36904,0.98316,3.22229,2.15355,3.91007,0,0,0,0
6277,-2.49218,-0.49132,-1.10068,0.73021,1.64778,1.57176,3.96941,0,0,0,0
6278,-2.46213,-0.57939,-1.08905,0.27779,1.63548,1.34234,3.98276,0,0,0,0
6279,-1.86765,0.6016,-0.66481,0.79989,2.64498,0,0,0,0,0,0
6280,-1.4924,-0.06563,-0.65137,0.7193,1.63235,2.06583,0,0,0,0,0
6281,-3.46691,0.28163,0.20885,1.39947,3.49797,0,3.6722,0,0,0,0
6282,-3.33699,0.28093,0.66279,1.0085,2.73358,3.26346,0,0,0,0,0
6283,-1.83947,-0.25034,-0.7074,0.70108,1.8885,2.86805,5.3233,0,0,0,0
6284,-3.21549,1.30796,0.62489,0.68345,2.70794,0,0,0,0,0,0
6285,0.04673,1.08244,0.37987,1.26305,1.65471,1.429,0,0,0,0,0
6286,-1.90467,0.20227,0.0195,1.09721,2.21131,0,0,0,0,0,0
6287,-3.73227,-0.26224,0.99218,2.04811,3.49119,0,0,0,0,0,0
6288,-3.84355,0.32573,0.62043,0,4.00112,0,0,0,0,0,0
6289,-4.76003,0.0291,0.68974,1.91568,2.78917,0,0,0,0,0,0
6290,-2.60792,0.56946,1.18336,2.51538,3.51901,0,0,0,0,0,0
6291,-4.80766,0.15014,0.84424,2.83518,3.2592,0,0,0,0,0,0
6292,-4.76298,0.1604,0.92117,1.45953,3.54218,3.06279,1.79455,0,0,0,0
6293,-4.54679,-0.08245,1.26628,1.86085,2.90479,0,0,0,0,0,0
6294,-3.79895,-0.14614,0.08531,-0.32538,3.15416,0,0,0,0,0,0
6295,-4.10586,-0.32545,0.23657,1.22687,2.84394,3.37814,0.66194,0,0,0,0
6296,-4.18895,0.18566,1.77972,0,3.54783,0,0,0,0,0,0
6297,-4.27443,-0.23721,0.61865,0.77841,2.81714,3.44228,1.21628,0,0,0,0
6298,-5.17764,0.02849,0.847,1.26681,3.48989,0,0,0,0,0,0
6299,-2.43819,0.09742,1.07603,1.64425,3.83172,0,0,0,0,0,0
6300,-3.69022,0.41217,0.44539,1.26199,3.46244,0,3.29984,0,0,0,0
6301,-4.6823,0.28303,1.56542,0,0,0,0,0,0,0,0
6302,-5.60463,-0.49362,0.22572,0.84801,2.52988,2.31434,0.45537,0,0,0,0
6303,-5.63755,-0.49838,0.14639,1.06085,2.91436,2.33573,0,0,0,0,0
6304,-3.86396,0.07951,0.99312,2.99761,3.35646,0,0,0,0,0,0
6305,-2.86956,1.00866,0.91095,0,2.57942,0,0,0,0,0,0
6306,-3.60272,-0.12418,0.3395,1.16729,3.1457,3.02892,3.13528,0,0,0,0
6307,-3.60181,-1.08459,0.25478,0,0,0,0,0,0,0,0
6308,-3.97192,-0.12626,-0.14828,2.21837,3.2962,0,0,0,0,0,0
6309,-6.0481,-0.50513,0.43431,0.59603,2.6827,2.15032,0.22267,0,0,0,0
6310,-5.38281,-0.06838,0.50562,1.16675,3.10584,2.87449,0,0,0,0,0
6311,-3.28542,0.2802,0.7453,1.8847,3.46244,0,0,0,0,0,0
6312,-5.59398,-0.6985,0.01793,0.51394,2.17948,2.31764,-0.53749,0,0,0,0
6313,-4.83284,-0.34149,0.35731,0.59707,2.3628,2.68319,0.5881,0,0,0,0
6314,-6.84427,-0.75441,0.01861,0.76917,2.57747,1.74594,0,0,0,0,0
6315,-6.86875,-0.93665,-0.189,0.55318,2.53501,0,0,0,0,0,0
6316,-3.86907,-0.49955,0.50017,0.53848,2.68073,3.10724,0.0108,0,0,0,0
6317,-5.99809,-0.76262,1.64817E-3,0.58651,2.30886,1.98987,-1.59376,0,0,0,0
6318,-6.54698,-0.5795,0.13401,0.92805,2.6529,1.86766,0,0,0,0,0
6319,-6.40853,-0.49223,0.46066,1.42191,3.44869,0,0,0,0,0,0
6320,-6.84285,-0.94254,0.02993,0.79735,2.77336,0.66077,0,0,0,0,0
6321,-6.8088,-0.93515,-0.18282,0.39891,2.43238,0,0,0,0,0,0
6322,-4.34548,-0.09228,0.68709,0.85571,2.74292,3.00573,0.45534,0,0,0,0
6323,-4.17323,0.05804,0.47818,1.49344,3.02568,2.79122,0,0,0,0,0
6324,-6.65679,-0.67374,0.1127,0.85125,2.81714,2.00176,0,0,0,0,0
6325,-6.45722,-0.89762,0.04893,0.71654,2.39027,1.76457,0,0,0,0,0
6326,-6.56141,-0.92154,0.09972,0.53549,2.55191,0,0,0,0,0,0
6327,-6.10697,-0.22738,0.43239,0.88126,3.00062,2.44359,0,0,0,0,0
6328,-4.3171,-0.11567,0.60919,1.36184,3.26292,0,0,0,0,0,0
6329,-7.02634,-0.84523,-0.1789,0.23279,2.37698,2.12277,0,0,0,0,0
6330,-5.52191,-0.32343,0.27213,0.66862,2.46211,2.2332,-0.86465,0,0,0,0
6331,-6.2817,-0.35875,0.27459,0.62284,3.0605,0,0,0,0,0,0
6332,-6.83367,-0.8788,0.05817,0.5753,2.69918,1.78718,0,0,0,0,0
6333,-6.05211,-0.15992,0.27806,1.20848,2.86871,2.25815,-0.1619,0,0,0,0
6334,-5.45115,0.09713,0.61732,1.00221,3.39107,2.62068,0.69912,0,0,0,0
6335,-8.21693,-1.95262,-1.24161,-0.74471,1.30697,-1.05829,0,0,0,0,0
6336,-6.15589,-0.33552,0.30807,0.78261,2.78165,1.57894,0,0,0,0,0
6337,-6.88622,-1.22118,-0.45997,0.05655,2.0409,1.5885,-0.35407,0,0,0,0
6338,-8.01951,-1.63075,-0.91676,-0.47821,1.569,-0.2402,0,0,0,0,0
6339,-3.49523,0.60466,0.07589,1.77591,2.91444,0,0,0,0,0,0
6340,-6.11126,-0.34267,0.36821,1.21329,3.2089,2.44547,0.98579,0,0,0,0
6341,-6.16691,-0.07186,-0.92701,0.51927,2.54354,0,0,0,0,0,0
6342,-6.78834,-0.66106,0.1472,0.59814,2.75675,1.58492,-0.49951,0,0,0,0
6343,-6.27223,-0.80223,-0.19302,0.50557,2.26916,1.94558,0,0,0,0,0
6344,-6.52005,-0.54546,-1.36978E-3,0.72701,2.8648,2.10685,0,0,0,0,0
6345,-6.31382,-0.5864,0.18642,0.74781,3.1062,1.9004,0.48938,0,0,0,0
6346,-6.95436,-0.34216,0.19423,0.38655,2.63467,1.50198,0,0,0,0,0
6347,-6.73009,-0.66139,0.11401,0.72085,2.83287,2.059,0,0,0,0,0
6348,-5.98445,-0.67682,0.26133,0.85312,3.01424,0,0,0,0,0,0
6349,-7.11204,-1.23618,0.0313,-0.33322,3.06832,1.549,0,0,0,0,0
6350,-6.85904,-0.80174,-8.60087E-3,-0.06824,2.88663,0,0,0,0,0,0
6351,-6.23942,-0.76972,0.47696,0.89924,2.39675,0,0,0,0,0,0
6352,-5.81116,-0.2484,-0.05384,0.66749,2.71753,1.34825,0,0,0,0,0
6353,-6.48636,-0.91816,-0.07504,0.32152,2.24845,0,0,0,0,0,0
6354,-6.78509,-0.65458,-0.09155,0.43114,2.56435,1.46254,0,0,0,0,0
6355,-6.7781,-0.46876,0.13318,0.74966,2.92318,0,0,0,0,0,0
6356,-6.56746,-0.21771,0.86822,0.01935,2.8643,2.08977,0,0,0,0,0
6357,-6.97353,-0.46888,0.25139,0.61454,2.72567,0,0,0,0,0,0
6358,-6.71088,-0.71639,0.04424,0.52828,2.79297,1.57266,0,0,0,0,0
6359,-6.51149,-0.39877,-0.1485,0.31379,3.06314,0,0,0,0,0,0
6360,-6.41224,-0.63314,-0.05881,0.58868,2.71498,0,0,0,0,0,0
6361,-5.90844,-0.58668,0.02578,0.53601,2.26854,2.12714,0,0,0,0,0
6362,-4.95584,-0.77548,0.55615,0.95279,2.43035,0,0,0,0,0,0
6363,-5.814,-0.31499,0.05296,1.20057,2.97874,0,0,0,0,0,0
6364,-6.1874,-0.28019,0.42185,0.46234,3.4091,0,0,0,0,0,0
6365,-6.52843,-0.55727,0.0188,0.69463,2.77248,1.68874,0,0,0,0,0
6366,-6.56149,-0.48037,0.12771,0.96971,3.16274,0.33039,0,0,0,0,0
6367,-6.53936,-0.76142,-0.04386,0.38199,2.60297,1.94951,0,0,0,0,0
6368,-6.7122,-0.54957,0.25907,0.55741,2.93297,1.80447,0,0,0,0,0
6369,-6.59246,-0.53846,0.14263,0.4475,2.84929,1.82392,0,0,0,0,0
6370,-6.68481,-0.29108,0.09515,0.68706,2.69442,1.88238,0,0,0,0,0
6371,-6.31077,-0.63418,-0.03038,0.46153,2.53745,2.15431,0,0,0,0,0
6372,-6.96625,-0.8512,-0.16952,0.35329,2.39797,1.27172,-0.2181,0,0,0,0
6373,-6.82446,-0.6299,0.04552,0.25201,2.74774,1.63242,0.26958,0,0,0,0
6374,-6.09153,-0.42457,0.23723,0.59012,2.60552,0,0,0,0,0,0
6375,-6.15064,-0.19434,-0.07148,1.13708,3.01486,0.33039,0,0,0,0,0
6376,-6.38965,-0.58038,0.08971,0.54256,2.80384,2.23595,0,0,0,0,0
6377,-5.96301,-0.33588,0.13893,0.6988,2.818,0,0,0,0,0,0
6378,-6.30187,-0.53704,0.18905,0.63744,2.56782,1.83412,-0.34831,0,0,0,0
6379,-6.40408,-0.46706,0.28858,0.4469,2.61506,2.29874,0,0,0,0,0
6380,-6.5532,-0.72364,0.14966,0.55723,2.73267,2.02263,0,0,0,0,0
6381,-6.4099,-0.63528,-0.12243,0.25936,2.4722,2.01144,0.6422,0,0,0,0
6382,-6.24088,-0.57167,0.21674,0.30642,2.69015,1.94168,-0.41341,0,0,0,0
6383,-6.01569,-0.54576,0.21063,0.71643,2.52464,1.97199,0,0,0,0,0
6384,-6.54093,-1.18742,-0.53902,-0.19691,1.68949,2.34037,0.13916,0,0,0,0
6385,-6.34015,-0.60445,0.17653,0.52601,2.49353,1.92306,0.20968,0,0,0,0
6386,-5.73654,-0.64964,-0.01505,0.34159,2.18372,2.18237,-0.9675,0,0,0,0
6387,-6.24915,-0.17455,0.02575,0.70913,2.86467,2.18547,-0.20828,0,0,0,0
6388,-6.6268,-0.64947,-8.60721E-3,0.47674,2.5708,1.97142,0,0,0,0,0
6389,-6.40725,-0.45153,0.21124,0.41673,2.61135,2.02418,0.37022,0,0,0,0
6390,-6.53687,-0.56136,0.13028,0.67892,2.79823,2.25207,0.4775,0,0,0,0
6391,-5.59509,-0.05306,0.33626,0.4484,3.04861,2.30028,0.75221,0,0,0,0
6392,-4.97552,-0.47653,0.28094,0.63047,2.47375,1.02353,0,0,0,0,0
6393,-6.39353,-0.39349,-0.04933,0.59362,2.56093,1.79524,-0.61697,0,0,0,0
6394,-6.1111,-0.3294,0.21544,0.65665,2.88081,2.74021,0,0,0,0,0
6395,-6.10232,-0.18351,0.39014,4.33215E-3,2.73799,0,0,0,0,0,0
6396,-6.1029,-0.2753,0.22676,0.87754,2.87528,0,0,0,0,0,0
6397,-6.43346,-0.85481,-0.23189,0.13946,2.19892,1.9261,0.38308,0,0,0,0
6398,-6.14895,0.36521,1.31961,0.93865,3.06702,0,2.94027,0,0,0,0
6399,-6.14952,-0.65735,0.30234,0.61349,2.83497,2.27014,0.1131,0,0,0,0
6400,-6.11945,-0.55967,0.30111,0.87642,2.76437,0,0,0,0,0,0
6401,-5.26585,-0.56502,0.34109,0.68584,2.40728,2.2178,-0.40363,0,0,0,0
6402,-6.13822,-0.76977,-0.11293,0.20673,2.08377,1.27332,-0.91115,0,0,0,0
6403,-6.11414,-0.59502,0.05668,0.3231,2.33406,1.90437,0,0,0,0,0
6404,-5.73242,0.03979,0.18659,0.74192,2.55953,0,0,0,0,0,0
6405,-6.35975,-0.63161,0.02426,0.46487,2.48284,1.98405,-0.0504,0,0,0,0
6406,-6.06254,-0.3073,0.37039,0.6142,2.8642,2.43143,0.43148,0,0,0,0
6407,-3.89188,0.47199,0.85463,2.04665,3.3726,0,0,0,0,0,0
6408,-3.66255,-0.37764,0.67259,0.47717,2.53715,0,0,0,0,0,0
6409,-3.79329,0.16919,1.01114,0.35774,1.84734,0,0,0,0,0,0
6410,-4.6859,-0.62799,0.39738,1.01797,2.18719,2.67756,0,0,0,0,0
6411,-5.78857,-0.34765,0.2945,0.54485,3.03413,0,0,0,0,0,0
6412,-6.02848,-0.35027,0.24339,0.7927,2.92544,2.50653,0.96178,0,0,0,0
6413,-5.90233,-0.18098,0.29102,0.88314,2.76828,0,0,0,0,0,0
6414,-6.19624,-0.30762,0.05535,0.45239,2.90888,2.13059,0,0,0,0,0
6415,-6.06302,-0.49302,0.06368,0.59791,2.65391,2.10021,-0.10172,0,0,0,0
6416,-5.98692,-0.61044,-4.99887E-3,0.26222,2.59536,2.07783,0,0,0,0,0
6417,-5.53993,0.01614,0.54341,0.77861,2.89518,2.64751,0,0,0,0,0
6418,-6.17557,-0.97593,-0.23563,-0.01244,2.05673,1.92379,0,0,0,0,0
6419,-5.75807,-0.09502,0.2411,0.51082,2.6997,0,0,0,0,0,0
6420,-4.95224,-0.33499,0.06422,0.7825,2.72106,2.46455,0.26105,0,0,0,0
6421,-5.80403,-0.46916,0.10063,0.48832,2.49329,2.1116,-0.30051,0,0,0,0
6422,-4.15339,-0.30111,0.37908,0.89194,2.66016,2.3932,0,0,0,0,0
6423,-4.98976,-0.187,-2.27158,0.2073,2.75117,0,0,0,0,0,0
6424,-4.47692,0.30447,0.87526,0.77054,3.19656,0,0,0,0,0,0
6425,-5.56491,-0.11606,0.3983,0.75227,2.74197,0,0,0,0,0,0
6426,-3.81258,0.37448,0.1205,1.17127,3.45449,0,0,0,0,0,0
6427,-4.36151,-0.19208,1.05039,1.23797,2.90181,0,0,0,0,0,0
6428,-5.20567,-0.57173,0.0188,0.29836,2.22216,2.34867,2.8181E-3,0,0,0,0
6429,-4.71347,0.11656,0.36423,0.67865,2.76774,2.9698,0,0,0,0,0
6430,-4.1338,-0.56714,0.37374,0.64585,3.09504,3.17421,0,0,0,0,0
6431,-5.23494,-0.19516,0.49908,0.69034,2.67872,0,0,0,0,0,0
6432,-4.58703,0.15139,0.53101,1.12682,2.69021,0,0,0,0,0,0
6433,-4.01591,-0.50523,0.29504,0.16217,2.22565,2.52364,0.08982,0,0,0,0
6434,-3.14254,0.40043,0.55387,-0.12734,1.94041,0,0,0,0,0,0
6435,-4.40053,-0.31788,0.53731,0.62122,2.36572,0,0,0,0,0,0
6436,-3.92803,1.19648,1.0218,0.66355,2.66113,0,0,0,0,0,0
6437,-4.61961,-0.29229,0.41217,0.33681,2.45494,0,0,0,0,0,0
6438,-3.73813,-0.2822,0.54654,0.21615,2.31546,0,0,0,0,0,0
6439,-4.56362,0.02194,0.56688,0.79864,2.69665,2.67223,0,0,0,0,0
6440,-4.70884,-0.09349,0.88191,1.16072,2.97468,0,0,0,0,0,0
6441,-4.29257,-0.26581,0.6002,0.90731,2.59493,0,0,0,0,0,0
6442,-4.43799,-0.34306,0.47611,0.46891,2.30861,3.38601,0,0,0,0,0
6443,-4.02707,-0.03653,0.25095,1.0789,2.43653,0,0,0,0,0,0
6444,-3.85466,0.22471,0.62779,1.04402,2.91824,0,0,0,0,0,0
6445,-4.41,-0.35411,0.49596,0.57269,2.4571,2.81031,-0.10193,0,0,0,0
6446,-4.80978,0.36225,1.23666,0.57436,3.24512,0,0,0,0,0,0
6447,-3.38288,0.37665,0.59515,0.78993,2.3886,0,0,0,0,0,0
6448,-4.20594,-0.397,0.18412,0.59683,2.5459,0,0,0,0,0,0
6449,-4.15036,0.18106,0.57299,0.35943,2.7009,0,-0.27256,0,0,0,0
6450,-4.09396,0.05086,0.64721,1.00149,2.74712,3.15664,0.35153,0,0,0,0
6451,-3.94266,-0.50302,0.11367,0.39447,2.49879,3.32011,0,0,0,0,0
6452,-3.90191,-0.22792,0.50979,0.24137,2.45035,0,-1.04011,0,0,0,0
6453,-3.78295,0.50699,1.11277,0.98414,2.71684,0,0,0,0,0,0
6454,-4.10227,-0.45756,0.40359,0.43025,2.21035,2.72967,-0.1896,0,0,0,0
6455,-4.49255,-1.09145,0,-1.3902,-0.15376,0,0,0,0,0,0
6456,0,0,0,0,0,0,0,0,0,0,0
6457,-4.02386,0.28914,0.89421,1.05382,2.89549,3.92383,0.94119,0,0,0,0
6458,-3.79344,-0.38292,0.39931,0.30693,2.81811,2.82374,1.31607,0,0,0,0
6459,-3.52215,0.19938,0.4505,0.19524,3.12864,0,0,0,0,0,0
6460,-3.3297,-0.1004,1.56243,1.15954,2.72685,3.31746,0,0,0,0,0
6461,-3.43086,0.19131,1.18374,0.89664,2.98707,0,0,0,0,0,0
6462,-3.73822,1.22327,0.78046,0.40003,2.20179,0,0,0,0,0,0
6463,-3.11355,-0.0288,0.6569,0.90399,3.04377,0,0,0,0,0,0
6464,-2.88825,-0.56712,0.3884,0.41005,2.64184,0,0,0,0,0,0
6465,-4.30183,-2.35539,0.16695,0.24798,2.9998,0,-0.539,0,0,0,0
6466,-4.17123,-1.43786,0.35168,1.34235,3.17409,0,-0.2322,0,0,0,0
6467,-3.98733,-2.65344,-0.50355,-0.02312,3.1428,0,0,0,0,0,0
6468,-3.44829,-1.35947,1.69291,-6.15761E-3,0.76691,0,0,0,0,0,0
6469,-1.2342,-0.08374,-0.23585,0.72046,3.76762,0,0,0,0,0,0
6470,-3.9096,-2.11782,0.4579,0.47988,3.30115,0,0,0,0,0,0
6471,-3.78084,-1.61279,1.16255,1.43905,3.80069,1.80021,0.94752,0,0,0,0
6472,-4.31127,-1.91894,0.79642,0.65714,3.308,2.28784,0,0,0,0,0
6473,-4.71021,-3.38912,-1.03988,-0.73912,2.02779,1.14424,0,0,0,0,0
6474,-3.93059,-2.46063,0.25136,0.90398,2.80839,0.69551,-1.04264,0,0,0,0
6475,-2.8244,-0.17883,0.1392,-0.3544,0,0,0,0,0,0,0
6476,-3.09043,-1.2666,0.10482,0.28655,1.2161,0,0,0,0,0,0
6477,0,0,0,0,0,0,0,0,0,0,0
6478,-2.30867,-0.99112,1.50499,0.11071,3.0328,0,0,0,0,0,0
6479,-2.14697,-0.797,1.45475,1.22425,4.89052,0,0,0,0,0,0
6480,-2.94272,-1.03334,0.89555,0.35491,2.32032,0,0,0,0,0,0
6481,-3.04982,-1.1059,1.00663,0.94454,4.34545,0,0,0,0,0,0
6482,0,0,0,0,0,0,0,0,0,0,0
6483,-1.92939,-0.69807,0.07279,0,0,0,0,0,0,0,0
6484,0,0,0,0,0,0,0,0,0,0,0
6485,-2.96346,-0.25373,1.38037,1.25208,3.8812,5.26782,0,0,0,0,0
6486,0,0,0,0,0,0,0,0,0,0,0
6487,-3.2959,-0.1603,1.21291,1.52674,0,0,0,0,0,0,0
6488,-4.17803,-1.29738,0.43945,0.41073,2.93294,0,0,0,0,0,0
6489,-3.91092,-0.4949,-0.55778,-0.2904,3.17988,0,0,0,0,0,0
6490,-4.08952,-0.77675,0.49144,0.55445,3.0851,0,0,0,0,0,0
6491,-3.42786,-0.49032,0.85044,1.74321,2.91101,4.42053,0,0,0,0,0
6492,-4.4362,-1.33029,0.48212,0.84273,2.7548,3.17999,0.74451,0,0,0,0
6493,-1.44785,0.37448,0.31581,0.60828,1.16093,0,0,0,0,0,0
6494,-4.29165,-1.35263,1.20324,1.12768,2.61062,0,0,0,0,0,0
6495,-3.8903,-0.96757,0.84954,0.49397,3.04144,3.89014,0,0,0,0,0
6496,-4.16204,-1.31698,0.6669,0.67695,3.00578,0,0,0,0,0,0
6497,-3.76443,-0.9775,0.7431,0.57675,3.15349,0,2.3252,0,0,0,0
6498,-2.22592,-0.40772,0.85119,-3.19219,-1.23696,0,0,0,0,0,0
6499,-3.49338,0.32198,-0.36758,1.01555,1.23432,0,0,0,0,0,0
6500,-4.08971,-0.99409,0.43093,0.15557,2.77161,3.63022,0,0,0,0,0
6501,0,0,0,0,0,0,0,0,0,0,0
6502,-2.90924,0.21131,0.62966,0.45612,3.10112,0,0,0,0,0,0
6503,-2.5069,-1.28832,1.05845,1.75922,3.19394,0,0,0,0,0,0
6504,-3.9719,0.1556,0.94937,1.20721,2.77567,0,0,0,0,0,0
6505,-3.12436,-0.37411,0.97061,1.10795,2.70161,0,0,0,0,0,0
6506,-3.35727,-0.88378,0.45094,9.95633E-3,3.20758,3.87958,0,0,0,0,0
6507,-3.51437,-0.71795,-0.06476,0.50965,3.78761,0,0,0,0,0,0
6508,-3.83312,0.07724,0.28006,-0.64364,0.53072,0,0,0,0,0,0
6509,-3.62799,-0.97458,0.21863,0.03334,2.61079,3.2387,1.75892,0,0,0,0
6510,-3.3992,-0.35755,0.66184,0.87943,2.77438,4.01061,0,0,0,0,0
6511,-4.35516,-0.81021,0.51264,0.65661,2.71798,0,0,0,0,0,0
6512,-3.07767,-0.58482,0.31599,0.42627,3.42409,0,0,0,0,0,0
6513,-3.6305,-0.80055,0.3398,0.44425,2.37563,0,0,0,0,0,0
6514,-3.69586,-0.65618,0.27013,0.09774,2.82268,0,0,0,0,0,0
6515,-3.30178,-0.48855,1.27564,-0.09056,2.32645,0,0,0,0,0,0
6516,-1.06447,0.04613,1.54272,-0.02097,1.25506,0,0,0,0,0,0
6517,-0.17892,0.81517,0.04597,0.24123,1.7462,0.33039,0,0,0,0,0
6518,1.00928,1.32109,-0.19857,0.65773,1.14851,0,0,0,0,0,0
6519,-0.10259,0.76992,0.15967,0.22151,0.79144,0.86801,0,0,0,0,0
6520,0.31509,0.99827,0.12958,0.99663,0.84262,0,0,0,0,0,0
6521,-0.07253,0.48007,0.39732,0.59024,1.0105,1.86756,0,0,0,0,0
6522,0.69659,0.90574,-0.21185,0.12822,1.34635,0,0,0,0,0,0
6523,-0.24359,0.41757,-0.03728,0.14147,1.21087,1.61317,0,0,0,0,0
6524,-0.28499,0.189,-0.21271,0.27225,0.62692,0,2.37758,0,0,0,0
6525,0.66081,1.17396,0.20494,0.49255,1.5232,0,0,0,0,0,0
6526,0.94043,1.55964,0.98995,0.03889,1.60437,0,0,0,0,0,0
6527,0.05808,0.49047,0.39001,0.24294,0.75321,0,0,0,0,0,0
6528,0.81582,0.55466,0.24133,-0.04315,0.39299,1.75841,0,0,0,0,0
6529,-0.05744,0.40328,-0.14522,-0.2573,0.24756,0.98682,-0.19012,0,0,0,0
6530,-0.02055,0.21646,-0.17915,-0.34667,0.03545,0.6642,-0.68697,0,0,0,0
6531,0.93908,0.87245,0.12839,0.33844,0.64661,0,0,0,0,0,0
6532,1.06914,0.85281,1.38415,0.41516,0.62306,0,0,0,0,0,0
6533,0.80914,1.08736,0.53459,-0.17882,0.27326,0.8858,0,0,0,0,0
6534,0.07992,0.35292,0.0642,-0.78807,-0.37502,1.04109,0,0,0,0,0
6535,0.88733,0.7563,0.14199,-0.29282,0.09467,0.87842,0,0,0,0,0
6536,0.58098,0.84702,0.55576,-0.48503,0.20052,1.0557,0,0,0,0,0
6537,0.16367,0.25713,-0.18595,-0.54139,-0.06366,1.46116,1.04384,0,0,0,0
6538,-0.12725,0.02034,-0.31695,-0.96531,-0.30867,0.96138,0.50548,0,0,0,0
6539,0.42189,0.67714,0.35815,-0.53623,0.04926,1.33375,0,0,0,0,0
6540,-0.20781,-0.11175,-0.38779,-1.27569,-0.65035,0.96621,0,0,0,0,0
6541,0.49602,0.68727,0.26126,-0.52277,0.10011,1.63219,0,0,0,0,0
6542,0.64469,0.87329,0.36421,-0.43512,0.07202,0.07487,0,0,0,0,0
6543,0.27959,0.40357,0.24696,-0.49991,-0.11233,1.48648,0,0,0,0,0
6544,0.04935,0.19571,-0.16311,-0.98998,-0.50052,0.68253,0,0,0,0,0
6545,0.25988,0.58268,0.4254,-0.58742,-0.05308,1.1775,0,0,0,0,0
6546,0.38518,0.69108,0.47644,-0.27183,0.14009,0,0,0,0,0,0
6547,0.4447,0.48007,0.10741,-0.58381,-0.07594,0,1.25876,0,0,0,0
6548,0.42426,0.64579,0.20165,-0.86822,0.01532,0.39291,0,0,0,0,0
6549,0.20639,0.27163,0.03084,-0.66678,-0.28915,0.45706,-0.28125,0,0,0,0
6550,1.39543,1.14128,0.81489,-0.13487,0.12798,1.49245,0,0,0,0,0
6551,2.33057,1.39566,0.55085,-0.02258,0.1155,0,0,0,0,0,0
6552,0.32322,0.59612,0.33015,-0.66623,-0.01875,0.59502,0,0,0,0,0
6553,0.33895,0.72618,0.58474,-0.69183,-0.0567,0.76577,0,0,0,0,0
6554,0.33033,0.631,0.40156,-0.48012,-0.14305,1.0485,0.77244,0,0,0,0
6555,1.52448,0.1369,-0.33276,-0.33162,-0.30535,0,0,0,0,0,0
6556,0.3378,0.56013,0.22572,-0.76273,-0.21447,0,0,0,0,0,0
6557,0.61179,0.85469,0.16863,-0.44331,-0.05741,1.09781,0,0,0,0,0
6558,0.56548,0.89037,0.50951,-0.64463,0.11091,1.1453,0.36631,0,0,0,0
6559,0.16704,0.44191,0.11731,-0.79486,-0.17139,-0.40112,0.64475,0,0,0,0
6560,-0.28219,0.36461,0.18924,-0.95986,-0.37527,0.96739,1.05131,0,0,0,0
6561,0.86197,0.75166,0.44037,-0.70977,-0.12704,0.89475,0,0,0,0,0
6562,0.64751,0.80202,0.14964,-0.75351,0.20683,0.92403,0.30519,0,0,0,0
6563,0.53365,0.91694,0.23394,-0.40492,-0.28231,1.54281,0,0,0,0,0
6564,0.67254,0.98128,0.80729,-0.14015,-0.04472,1.16932,1.409,0,0,0,0
6565,0.17623,0.49598,0.08507,-0.90798,-0.30449,-0.17148,0.327,0,0,0,0
6566,-0.08149,0.35498,0.12719,-1.0584,-0.44866,-0.1235,0,0,0,0,0
6567,0.90418,0.8352,0.42774,-0.54795,0.05026,0,0,0,0,0,0
6568,1.08156,1.211,0.70291,-0.34988,0.07815,0,0,0,0,0,0
6569,0.34957,0.87116,0.38998,-0.34193,-0.157,1.41596,0.64463,0,0,0,0
6570,1.45238,0.12468,0.80089,-0.38199,0.14182,0,0,0,0,0,0
6571,-0.17059,0.20262,4.57967E-3,-1.08166,-0.76603,0.30604,-0.52568,0,0,0,0
6572,1.0692,1.1234,0.81534,-0.18489,-0.04001,1.4598,0,0,0,0,0
6573,0.49393,0.69821,0.31376,-0.58419,-0.35345,2.37745,0,0,0,0,0
6574,0.97789,0.65802,0.24045,-0.59968,-0.41985,0.81575,0,0,0,0,0
6575,1.11342,0.89034,0.2978,-0.57431,-0.68951,0.52031,0.90742,0,0,0,0
6576,1.20344,1.77554,0.44418,-0.30706,-8.01757E-3,0,0,0,0,0,0
6577,0.95096,0.69432,0.37044,-0.67355,-0.50653,0.58223,0,0,0,0,0
6578,1.2047,0.67945,0.19006,-0.78353,-0.61424,-0.39514,2.09207,0,0,0,0
6579,1.25473,1.0302,0.48232,-0.24425,-0.32178,1.23047,0,0,0,0,0
6580,1.64562,0.96692,0.72474,-0.41117,-0.46189,0,0,0,0,0,0
6581,1.67408,1.45939,0.52553,-0.12694,0.01102,0,0,0,0,0,0
6582,1.11455,0.73738,0.24429,-0.88803,-0.68257,0.95525,1.10079,0,0,0,0
6583,1.53374,1.29601,0.77326,-0.55958,-0.35487,0,0,0,0,0,0
6584,1.26923,0.60509,0.08002,-0.84483,-0.7557,0.60727,2.0032,0,0,0,0
6585,1.10257,0.69938,0.12967,-1.01031,-0.99135,0.43631,1.94045,0,0,0,0
6586,1.25531,1.16181,0.14659,-0.5762,-0.67805,0.50048,1.7486,0,0,0,0
6587,2.45628,2.45186,1.3626,2.44102,1.24201,0.33039,0,0,0,0,0
6588,1.38381,0.65044,0.24572,-0.58903,-0.55421,0.56282,0,0,0,0,0
6589,1.43308,0.96184,0.52438,-0.31773,-0.5695,0.65215,1.86264,0,0,0,0
6590,1.48982,1.13323,0.41637,-0.562,-0.51863,0.50727,1.54718,0,0,0,0
6591,1.86038,0.97028,0.50952,-0.44026,-0.18327,0.98041,2.60407,0,0,0,0
6592,1.21907,0.57296,0.06805,-0.80911,-0.83825,0.42136,1.56549,0,0,0,0
6593,1.21294,0.57678,-0.38245,-1.10812,-0.78389,0,0,0,0,0,0
6594,1.39312,0.81946,0.24392,-0.79965,-0.77811,0.32026,1.65071,0,0,0,0
6595,1.40544,0.79525,0.10648,-0.94836,-0.84272,0.15587,1.23894,0,0,0,0
6596,1.80199,1.41025,0.62198,-0.55577,-0.3202,1.21455,2.67023,0,0,0,0
6597,1.85917,0.7437,0.31301,-0.47055,-0.34781,0.54933,0,0,0,0,0
6598,1.40482,0.61924,0.03837,-0.89,-0.77289,0.41224,1.24784,0,0,0,0
6599,1.11516,0.75384,0.0648,-0.69206,-0.80731,0.44956,0,0,0,0,0
6600,1.32217,0.7628,0.12009,-0.89364,-0.8759,0.56029,0,0,0,0,0
6601,1.81796,1.08101,0.66205,-0.60882,-0.46255,1.03962,0,0,0,0,0
6602,2.08434,1.25442,0.73,-0.25661,-0.50574,0.87155,1.96421,0,0,0,0
6603,2.01292,1.291,0.79938,-0.14626,-0.43608,1.33738,2.65911,0,0,0,0
6604,1.54353,0.98093,0.66801,-0.38516,-0.59004,1.34943,0,0,0,0,0
6605,1.5534,0.8496,0.61706,-0.59132,-0.78068,0.67695,1.31131,0,0,0,0
6606,-1.07234,-0.03773,0.03458,0.33634,-1.20013,0,0,0,0,0,0
6607,1.71912,1.45197,0.63403,-0.4027,-0.2962,0,0,0,0,0,0
6608,1.49398,0.75076,0.4781,-0.58535,-0.64574,0.45767,0,0,0,0,0
6609,1.77288,1.08907,0.80863,-0.4516,-0.37775,0.85179,2.23988,0,0,0,0
6610,-3.06277,-2.03035,-0.4579,0.50297,4.87044,0,0,0,0,0,0
6611,0,0,0,0,0,0,0,0,0,0,0
6612,-4.59552,-3.63982,-0.97827,-1.06965,2.64561,-2.35972,-9.36699,0,0,0,0
6613,-4.08919,-2.23003,-1.09812,0.18669,3.01681,0,0,0,0,0,0
6614,0,0,0,0,0,0,0,0,0,0,0
6615,-2.46215,-0.56809,0.70121,0.69846,4.59362,0,0,0,0,0,0
6616,-2.32674,-1.28323,0.25743,-0.41721,3.89846,0,0,0,0,0,0
6617,-1.60411,-0.37841,1.97261,0.15605,4.41652,0,0,0,0,0,0
6618,-1.10975,-0.78132,1.02043,0.55553,4.82313,0,0,0,0,0,0
6619,-2.87336,-0.20742,0,-0.40206,1.38617,0,0,0,0,0,0
6620,0,0,0,0,0,0,0,0,0,0,0
6621,-2.64727,-1.35368,0.24877,-0.31533,3.77364,0,0,0,0,0,0
6622,-2.25709,-0.55366,0.54307,0.30178,3.82467,2.07451,0,0,0,0,0
6623,-2.88935,-0.25502,0.8648,-0.68164,4.29336,0,0,0,0,0,0
6624,-2.28757,-0.82097,1.52932,-0.36202,4.20985,0,0,0,0,0,0
6625,-2.76939,-1.1343,0.81411,-0.29717,3.83897,0,0,0,0,0,0
6626,-2.32696,-0.80144,0.69767,-0.25703,3.9837,0,0,0,0,0,0
6627,-3.69747,-1.89557,-0.21869,-0.77669,3.33567,2.63436,0,0,0,0,0
6628,-4.0433,-2.03975,-0.33434,-0.93657,3.12899,0,0,0,0,0,0
6629,-3.34373,-1.63328,-0.29404,-0.3347,3.51829,0,0,0,0,0,0
6630,-3.19722,-1.29463,0.63004,-0.50212,3.96975,2.38988,0,0,0,0,0
6631,-3.1782,-1.47401,-0.01096,-0.5997,3.19664,0,1.61746,0,0,0,0
6632,-4.25916,-0.50959,0,-0.74657,0,0,0,0,0,0,0
6633,-2.94039,-1.24906,0.53098,-0.6343,3.64468,0,0,0,0,0,0
6634,-3.02207,-1.42814,-0.05717,-0.77342,3.3576,2.18802,0,0,0,0,0
6635,-3.09896,-1.6711,0.06875,-0.97959,3.27867,0,0,0,0,0,0
6636,-3.03807,-1.51772,-0.05196,-0.80113,3.45358,0.78082,-0.51717,0,0,0,0
6637,-3.71465,-1.78921,-0.33539,-1.00943,2.96209,2.39793,0.92392,0,0,0,0
6638,-2.65187,-1.33189,0.34625,-0.28649,3.53356,0,0,0,0,0,0
6639,-2.86468,-0.83695,0.56126,-0.42377,4.02601,0,0,0,0,0,0
6640,-2.8148,-0.52971,0.34486,-0.52529,0,0,0,0,0,0,0
6641,-2.61808,-1.29515,0.12122,-0.22509,3.78954,1.9729,2.33488,0,0,0,0
6642,-1.99111,-0.6914,0.61915,-0.892,-1.41072,0,0,0,0,0,0
6643,-2.46083,-0.82577,0.49795,-0.24117,3.90756,1.95649,2.25002,0,0,0,0
6644,-1.27304,0.18597,1.35628,2.14994,3.46157,0,0,0,0,0,0
6645,-2.6424,-0.50547,1.67539,1.24476,4.08103,0,0,0,0,0,0
6646,-2.73461,-0.07658,1.78338,0.87204,4.29083,0,0,0,0,0,0
6647,-1.76639,1.04759,1.16013,0.68049,2.97048,0,0,0,0,0,0
6648,-0.96469,-1.28257,-1.64517,2.40778,2.48663,0,0,0,0,0,0
6649,0,0,0,0,0,0,0,0,0,0,0
6650,-2.03927,0.85251,1.42285,0.27389,0,0,0,0,0,0,0
6651,3.06121,0.26946,1.29972,-1.06097,2.40842,0,0,0,0,0,0
6652,1.81636,-0.66826,-0.05404,0.45392,1.44963,0,0,0,0,0,0
6653,1.27504,-0.99141,-0.39148,0.02353,1.16999,0.56598,-0.08372,0,0,0,0
6654,0,0,0,0,0,0,0,0,0,0,0
6655,2.02743,-0.16784,-0.05991,0.1059,1.57359,0,0,0,0,0,0
6656,1.81535,-0.64325,-0.12492,0.0904,1.70895,0.51691,-1.37188,0,0,0,0
6657,1.81749,-0.5371,0.46197,0.68026,2.22074,0,0,0,0,0,0
6658,0.99449,-1.23594,-0.69641,-0.50455,0.60087,0.53732,0,0,0,0,0
6659,1.87203,-0.09791,0.37186,0.1172,1.68157,0.77137,0,0,0,0,0
6660,0.26206,-1.72532,-0.90335,-0.78774,0.36918,-0.74617,0.62575,0,0,0,0
6661,0,0,0,0,0,0,0,0,0,0,0
6662,0,0,0,0,0,0,0,0,0,0,0
6663,-0.82652,-1.58657,-0.22496,0.36464,0.32647,0,0,0,0,0,0
6664,-0.68338,-1.44813,-0.34861,-0.50843,0.83326,0,3.40046,0,0,0,0
6665,-1.8804,-2.53173,-1.56122,-0.87282,-0.29563,0,0,0,0,0,0
6666,-1.09442,-2.61502,-1.27461,-1.63279,0.07146,-1.89921,0,0,0,0,0
6667,-0.85273,-0.67061,0.16874,-1.02738,1.35135,0,0,0,0,0,0
6668,-1.00495,-1.29783,-0.81705,-0.18008,0.83859,0,0,0,0,0,0
6669,-0.39135,-1.21199,0.639,0.39747,0.82321,0,0,0,0,0,0
6670,-1.49019,-0.91677,0.74112,0.93461,2.25664,0,0,0,0,0,0
6671,2.08474,-9.73001E-3,0.40919,3.17305,3.16644,0,0,0,0,0,0
6672,-1.58771,0,0,0,0,0,0,0,0,0,0
6673,-0.84248,-0.53949,-0.53644,0.93641,1.83058,0,0,0,0,0,0
6674,-0.97064,0.03724,-0.05729,0.79648,0.3889,0,0,0,0,0,0
6675,-0.24993,-0.91821,-0.33304,0.21285,1.34539,0,0,0,0,0,0
6676,-3.56494,-0.09292,0.36203,1.12183,2.70409,0,0,0,0,0,0
6677,-2.7199,0.17668,0.19362,1.05946,2.07059,0,0,0,0,0,0
6678,-3.24977,0.24378,0.1657,0.5694,2.33001,0,4.25005,0,0,0,0
6679,-3.16859,-0.23803,-0.09109,-0.11612,2.46256,3.38047,2.40729,0,0,0,0
6680,-3.16399,-0.04104,0.01318,-0.25745,2.38867,3.56592,3.31174,0,0,0,0
6681,-3.12204,-0.26012,-0.03665,-0.07029,2.36487,3.83316,0,0,0,0,0
6682,-1.41069,0.5838,0.47314,1.23741,1.7904,0,0,0,0,0,0
6683,-1.9218,0.28851,0.47468,0.46509,1.34967,3.51689,0,0,0,0,0
6684,1.12274,1.36784,0.28791,-0.08779,0.77384,3.20413,0,0,0,0,0
6685,0.27145,0.63129,0.35598,-0.20981,0.09775,1.75101,1.43345,0,0,0,0
6686,-0.33357,1.00498,0.33992,0.20527,0.56885,0,0,0,0,0,0
6687,1.00464,1.78674,0.85509,0.54676,0.97485,0,0,0,0,0,0
6688,-0.55258,1.16583,0.49688,-0.09401,0.82302,0,4.50583,0,0,0,0
6689,0,0,0,0,0,0,0,0,0,0,0
6690,0.83079,1.14815,0.3181,-0.32527,0.09898,0,0,0,0,0,0
6691,-0.55535,0.84419,0.26773,-0.41119,0.54577,0,0,0,0,0,0
6692,0.73252,1.00739,0.62978,-0.33462,-0.12049,0,0,0,0,0,0
6693,0,0,0,0,0,0,0,0,0,0,0
6694,0.26937,0.73151,0.25325,-0.53179,-0.08276,0.33039,0,0,0,0,0
6695,0.07815,0.91809,0.05599,-0.69562,-0.28872,0,0,0,0,0,0
6696,-0.52396,0.40963,-0.40804,-1.17149,-0.44827,1.19133,1.06628,0,0,0,0
6697,-1.07788,0.58603,0.16407,-0.58163,0.63131,0,0,0,0,0,0
6698,-0.03636,1.44559,0.45353,0.19367,-0.05763,0,3.49835,0,0,0,0
6699,0.14042,0.78202,-3.18173E-3,-0.73005,-0.31937,0,0,0,0,0,0
6700,0.41947,0.73308,0.11851,-0.57336,-0.29299,1.22428,0.40543,0,0,0,0
6701,0.93037,0.75849,0.26486,-0.10408,0.26547,0,0,0,0,0,0
6702,-0.26,0.41245,-0.23425,-0.94951,-0.12846,0,2.99645,0,0,0,0
6703,-0.73237,0.06286,-0.39521,-1.18775,-0.26668,1.7583,1.56671,0,0,0,0
6704,0.23614,0.94634,0.18945,-0.85418,-0.12319,1.83049,0,0,0,0,0
6705,-0.34314,0.43459,-0.20065,-0.80108,-0.34979,1.27626,3.0031,0,0,0,0
6706,-0.55948,0.45018,-0.23552,-1.24553,-0.2692,1.16542,1.95399,0,0,0,0
6707,0.06778,0.52784,0.08044,-0.28737,-0.0744,0,0,0,0,0,0
6708,-0.26987,0.04679,-0.70576,-1.51682,-1.06308,0.63111,-0.16006,0,0,0,0
6709,0.71392,0.62898,-0.2123,-0.91768,-0.45772,1.13259,1.20226,0,0,0,0
6710,0.05205,0.46453,0.04197,-1.06265,-0.21561,0,0,0,0,0,0
6711,0.7692,0.76012,-0.19934,-0.56387,-0.32772,1.28825,0,0,0,0,0
6712,-0.53451,0.36443,-0.37381,-1.25251,-0.62745,0.30223,0,0,0,0,0
6713,0.08327,0.4117,-0.39498,-1.02498,-0.58488,0.9001,0.62825,0,0,0,0
6714,0.35494,0.70368,-0.13815,-1.13142,-0.33229,1.0418,1.30216,0,0,0,0
6715,0.72347,0.72425,-0.17568,-1.06172,-0.45192,1.17799,1.7439,0,0,0,0
6716,-0.17883,0.27019,-0.29327,-1.2358,-0.46832,1.30476,1.78191,0,0,0,0
6717,0.64109,0.52855,-0.16276,-0.97809,-0.54685,0.93424,0,0,0,0,0
6718,-0.06686,0.12508,-0.7254,-1.4942,-1.13643,0.85384,0.95186,0,0,0,0
6719,0.16759,0.52684,-0.26035,-1.24115,-0.54113,1.32891,1.26846,0,0,0,0
6720,-1.07873,-0.28359,-0.86697,-1.72735,-1.1053,0.89178,0.49116,0,0,0,0
6721,-0.31735,-0.02264,-0.83818,-1.53891,-0.92575,0.63436,0.47236,0,0,0,0
6722,0.3518,0.35024,-0.0991,-0.99064,-0.50887,0.63833,1.04481,0,0,0,0
6723,-0.04652,0.55053,-0.43105,-1.00898,-0.30835,0.58569,1.57068,0,0,0,0
6724,0.407,0.50939,-0.20426,-1.08094,-0.5497,0.96593,0,0,0,0,0
6725,0.96791,0.44555,-0.1316,-1.12416,-0.55873,0.46791,1.13546,0,0,0,0
6726,0.30788,0.24314,-0.42206,-1.33334,-0.71142,0.23498,-0.14731,0,0,0,0
6727,0.52947,0.35504,-0.38065,-1.08563,-0.61455,0.54665,0,0,0,0,0
6728,0.28821,0.46929,-0.20642,-1.27328,-0.61272,0.46249,0.4585,0,0,0,0
6729,0.41235,0.35385,-0.31627,-1.21979,-0.65973,0.60008,0.91937,0,0,0,0
6730,0.03861,-0.04621,-0.71431,-1.70378,-1.00767,0.25209,1.06766,0,0,0,0
6731,0.30568,0.46435,0.67162,-0.10957,1.21812,0,0,0,0,0,0
6732,0.52143,0.23572,-0.24515,-1.28149,-0.65697,0.45686,1.12829,0,0,0,0
6733,0,0,0,0,0,0,0,0,0,0,0
6734,0.07062,0.11702,-0.64384,-1.46766,-0.9034,0.5389,0.71175,0,0,0,0
6735,0.41836,0.14408,-0.47854,-1.30687,-0.68042,0.63713,0,0,0,0,0
6736,0.6202,-0.20757,-0.06557,-1.19624,-0.66577,0.27499,0.30986,0,0,0,0
6737,0.46787,0.24069,-0.38446,-1.3219,-0.45841,0.18694,-0.57589,0,0,0,0
6738,0.46813,0.36445,-0.5377,-1.24681,-0.5981,0.8406,0,0,0,0,0
6739,0.42523,0.24946,-0.39856,-1.16722,-0.55137,0.01626,0,0,0,0,0
6740,0.07061,-0.01544,-0.57139,-1.42328,-0.73515,0.31952,0,0,0,0,0
6741,-3.56461,0.20197,-0.11696,1.64877,3.04348,0,0,0,0,0,0
6742,0,0,0,0,0,0,0,0,0,0,0
6743,-2.87576,-0.075,0.20028,0.17425,0,0,0,0,0,0,0
6744,-3.06603,0.13462,0.10973,0.09794,2.51401,3.45918,0,0,0,0,0
6745,-2.99388,0.41857,0.56263,0.7502,2.92363,0,3.91395,0,0,0,0
6746,-3.20163,0.3872,0.67408,0.70691,2.46747,0,0,0,0,0,0
6747,-3.3373,1.22136,0.66489,0.74403,3.1153,0,0,0,0,0,0
6748,-2.62514,0.63787,0.9964,-2.65409,2.2337,0,0,0,0,0,0
6749,-3.30667,0.13089,0.78098,0.46803,1.80046,0,0,0,0,0,0
6750,-2.41421,0.53941,1.22295,1.53518,3.07871,0,0,0,0,0,0
6751,-1.78379,-0.07963,2.17725,0.04475,0.87314,0,0,0,0,0,0
6752,-3.48831,0.53164,0.65081,0.74995,1.94429,0,0,0,0,0,0
6753,-4.01283,0.83787,-0.68472,0,0.72988,0,0,0,0,0,0
6754,0,0,0,0,0,0,0,0,0,0,0
6755,-2.42792,0.75836,0.28371,-0.1062,1.49966,3.24318,0,0,0,0,0
6756,-3.05631,-0.11311,0.21174,0.05553,1.77453,3.25234,2.81743,0,0,0,0
6757,-3.21835,2.0477,1.18666,-1.9212,3.34459,0,0,0,0,0,0
6758,-3.66238,0.28319,0.45676,-0.34368,0,0,0,0,0,0,0
6759,-1.09565,0.66893,0.38863,0.42236,1.27589,3.03844,0,0,0,0,0
6760,-2.651,0.7774,0.82297,-0.15196,2.36857,3.27881,1.86573,0,0,0,0
6761,-2.56783,0.19277,0.36972,-0.1771,1.59728,3.17295,0,0,0,0,0
6762,-2.6666,0.04352,0.26775,-0.31456,1.30576,3.5251,1.93582,0,0,0,0
6763,-2.60672,-0.13408,0.53211,0.07604,1.19758,0.66077,0,0,0,0,0
6764,-2.23335,0.24547,0.36344,0.04522,1.49371,0,0,0,0,0,0
6765,-2.76748,-0.11707,0.33326,-0.26436,1.0911,3.25946,3.12787,0,0,0,0
6766,-2.73075,0.03798,0.42327,-0.36583,1.28495,3.35828,2.67119,0,0,0,0
6767,-3.01901,0.03349,-0.05313,-0.11002,1.18631,3.05068,0,0,0,0,0
6768,-2.41484,0.0944,0.68397,0.08833,1.55076,3.14204,1.05542,0,0,0,0
6769,-2.65938,0.35921,0.57204,-0.28627,1.55259,3.1756,1.3644,0,0,0,0
6770,-2.11765,-0.09728,0.78414,-2.97925,0,0,0,0,0,0,0
6771,-2.58984,-0.17707,0.08073,-0.14462,1.60804,0,0,0,0,0,0
6772,-2.14102,0.45861,0.6241,-0.01221,1.22418,3.03998,0,0,0,0,0
6773,-2.11603,0.28001,0.3776,0.63088,1.37493,0,0,0,0,0,0
6774,-2.05397,0.40999,0.41309,0.72605,1.69609,0,0,0,0,0,0
6775,-1.13062,-0.25646,1.45685,-1.30363,1.94253,0,0,0,0,0,0
6776,-1.6435,0.71175,0.45821,0.18523,2.22343,0,0,0,0,0,0
6777,-2.11377,-0.95143,0.55933,0.87957,3.24271,0,0,0,0,0,0
6778,-2.13298,0.24368,1.05048,-0.44379,2.23244,0,0,0,0,0,0
6779,-0.93467,0.99795,-0.11165,-1.96703,0.55145,0,0,0,0,0,0
6780,-1.43561,0.45572,0.98615,-0.11004,-0.66275,0,0,0,0,0,0
6781,0.13354,1.20992,0.8112,-0.09873,2.34661,0,0,0,0,0,0
6782,-1.67572,0.181,0.23272,-0.15118,1.83352,0,0.7826,0,0,0,0
6783,-1.01049,0.88111,0.64021,0.34659,1.45462,3.25693,1.40981,0,0,0,0
6784,-2.01689,0.03727,0,-7.1283E-3,1.27462,0,0,0,0,0,0
6785,-2.81757,-0.47964,0.34775,-0.69409,1.97442,0,0,0,0,0,0
6786,-2.49158,0.24691,0,-0.91862,0.77598,0,0,0,0,0,0
6787,-1.12456,1.18506,0.76472,4.69444E-3,1.95203,0,0,0,0,0,0
6788,2.46953,1.50736,0.92717,1.88426,3.50012,0,0,0,0,0,0
6789,0,2.90141,0.86512,1.76532,0,0,0,0,0,0,0
6790,2.0194,1.3438,0.13733,1.56137,2.6178,4.18983,0,0,0,0,0
6791,1.9811,0.98896,-0.27401,0.93346,2.13658,1.78558,3.20917,0,0,0,0
6792,1.50843,0.51615,-0.35938,0.5226,1.95875,0,0,0,0,0,0
6793,0.16899,-0.91192,-0.95256,0.20023,1.37014,1.02353,0,0,0,0,0
6794,1.21491,0.37396,-0.43981,0.18857,1.78157,1.99261,0,0,0,0,0
6795,0,0,0,0,0,0,0,0,0,0,0
6796,2.74029,1.10445,0.308,1.47176,2.80136,0,0,0,0,0,0
6797,2.15514,1.4479,1.07478,1.44711,2.51325,0,0,0,0,0,0
6798,0.94745,-0.27182,-0.74455,0.44704,2.2481,1.02353,0,0,0,0,0
6799,0.5456,-0.65399,-0.42199,0.95491,1.94203,0,1.30145,0,0,0,0
6800,0.36756,-0.41779,-0.38224,0.74551,1.73217,0.76381,-1.12575,0,0,0,0
6801,0.46273,-0.09531,-0.58005,0.68215,1.68228,0,0,0,0,0,0
6802,0.58826,0.11198,-0.82964,0.5556,1.74768,0,0,0,0,0,0
6803,1.70491,-0.34382,0.01458,0.8801,1.97549,0,0,0,0,0,0
6804,-3.5829,0.17226,0.72021,-0.08494,2.28616,0,0,0,0,0,0
6805,-3.08282,-0.23308,0.58137,0.69295,2.85007,0,0,0,0,0,0
6806,-3.79538,-0.43075,0.10543,0.17986,2.88785,0,0,0,0,0,0
6807,-3.47841,-0.42797,0.24725,0.31557,2.48445,0,0,0,0,0,0
6808,-3.50964,-0.5766,0.51604,0.09526,2.16086,2.99856,0,0,0,0,0
6809,-3.12787,-0.40604,0.30413,0.44607,2.70828,0,0,0,0,0,0
6810,-3.67811,-0.32627,0.41221,0.46688,1.87889,0,-0.72486,0,0,0,0
6811,0,0,0,0,0,0,0,0,0,0,0
6812,-3.74579,-0.0451,0.21755,-0.21849,2.99133,0,0,0,0,0,0
6813,-3.88627,-0.17511,0.07617,0.583,2.64328,0,0,0,0,0,0
6814,-2.71316,-0.18827,0.61477,1.22668,2.50624,0,0,0,0,0,0
6815,-3.53395,-0.34019,0.28358,0.8458,2.71656,0,0,0,0,0,0
6816,-2.71365,-0.17893,0.90141,0.79656,2.28323,0,0,0,0,0,0
6817,-3.53287,0.333,1.02945,0.97173,3.30773,0,0,0,0,0,0
6818,-3.80892,-0.28855,0.30015,-0.05827,2.40979,4.12084,0,0,0,0,0
6819,-3.23254,-0.60987,0.05404,-0.2252,2.27283,0.66077,0,0,0,0,0
6820,-2.20556,-0.59602,1.5743,0.54851,2.59583,0,0,0,0,0,0
6821,-3.96862,-0.71709,-0.12838,0.39145,1.12357,0,0,0,0,0,0
6822,-2.71093,-0.24487,0.90575,-0.20318,2.65795,0,0,0,0,0,0
6823,-2.35501,-0.35821,0.68472,0.74677,2.53012,0,0,0,0,0,0
6824,-2.28605,-2.17257,-0.10996,-2.34422,-0.36182,0,0,0,0,0,0
6825,-2.92173,-0.50992,1.11966,0.1403,2.84895,0,0,0,0,0,0
6826,-2.54823,-0.20458,1.09654,0.23095,2.90376,0,0,0,0,0,0
6827,-2.69165,-0.57491,0.25802,-0.20811,2.31114,3.94607,-0.24207,0,0,0,0
6828,-3.17329,-0.71471,0.07901,-0.35994,2.04279,3.39595,-0.45518,0,0,0,0
6829,-1.01579,0.4275,1.19733,-0.03165,2.27569,0,0,0,0,0,0
6830,-2.61253,-0.14061,0.36092,0.14045,2.16064,0,0,0,0,0,0
6831,-2.2449,-0.63659,0.2415,0.3624,1.86051,0,0,0,0,0,0
6832,-3.91254,0.57438,0.25714,-0.26703,3.49154,0,0,0,0,0,0
6833,-3.01794,-0.2701,-0.13536,-0.02609,2.76962,0,0,0,0,0,0
6834,0,0,0,0,0,0,0,0,0,0,0
6835,0,0,0,0,0,0,0,0,0,0,0
6836,-4.23851,-1.02059,0.14133,-0.05,2.61027,0,0,0,0,0,0
6837,-2.92804,-0.63,0.19437,-0.08101,2.15479,3.90818,0,0,0,0,0
6838,-2.72248,1.15756,-0.04507,-0.37833,2.61127,0,0,0,0,0,0
6839,-2.27431,-0.07233,1.36569,0.49966,2.0932,0,0,0,0,0,0
6840,-2.15683,-0.25714,0.38856,0.72171,2.48258,0,0,0,0,0,0
6841,-3.02134,-0.8124,0.05305,-0.45901,2.17614,0.33039,0,0,0,0,0
6842,-2.42662,-0.8743,-0.07176,-0.10618,2.39425,1.429,0,0,0,0,0
6843,-3.01517,-1.0091,-0.27189,-0.40593,2.457,3.32085,-0.99,0,0,0,0
6844,-2.58737,-0.33759,0.32158,-0.02212,2.60535,4.00388,0.64167,0,0,0,0
6845,-2.62738,-0.32411,0.43047,-0.31453,2.81066,0,0,0,0,0,0
6846,-2.64317,-0.58499,0.48902,0.07244,2.27307,3.95361,0,0,0,0,0
6847,-2.55373,-0.33125,0.13464,0.24421,2.23105,0,0,0,0,0,0
6848,-3.01738,-0.81844,0.09648,-0.23145,2.40465,0,0,0,0,0,0
6849,-3.21785,-1.44777,-0.47267,-0.56282,1.50906,3.59951,-1.10545,0,0,0,0
6850,-3.33042,-1.16439,-0.26382,-0.47172,1.86653,0,0,0,0,0,0
6851,-2.55844,-0.75362,0.29855,-0.30666,1.82559,0,0,0,0,0,0
6852,-3.35997,-1.32494,-0.29236,-0.79923,1.7996,0,0.56567,0,0,0,0
6853,-3.48761,-1.27045,-0.49533,-0.72894,1.98695,2.20219,0,0,0,0,0
6854,-3.25807,-1.08199,-0.43875,-0.49552,2.04706,0,0,0,0,0,0
6855,-3.80379,-1.73864,-0.68989,-1.08473,1.33873,3.4702,-1.22279,0,0,0,0
6856,-2.92984,-0.52131,-0.10482,-0.16114,2.46334,3.20091,-0.29814,0,0,0,0
6857,-3.21723,-0.8095,-0.17427,-0.34043,2.14247,0,0,0,0,0,0
6858,-2.68636,-0.56629,0.43513,0.11834,2.78955,4.15724,-0.25388,0,0,0,0
6859,-2.01334,-0.33834,8.0007E-3,0.2438,0,0,0,0,0,0,0
6860,-3.15286,-1.06862,-0.15372,-0.19864,1.77978,3.83978,-0.23611,0,0,0,0
6861,-3.09796,-0.87823,-0.10024,-0.49976,2.03477,0,0,0,0,0,0
6862,-3.82173,-1.57419,-0.54064,-1.09332,1.44599,2.35403,0.43938,0,0,0,0
6863,-3.66768,-1.3005,-0.41553,-0.6617,1.76709,0,0,0,0,0,0
6864,-2.98142,-0.72404,-0.05158,0.13525,2.30455,0,0,0,0,0,0
6865,-2.9052,-0.62797,-0.3406,0.2994,2.58784,0,0,0,0,0,0
6866,-2.73024,-0.84999,0.16958,-0.49904,2.20984,2.04707,0.58053,0,0,0,0
6867,-3.17112,-0.71198,-0.11935,0.04115,2.16456,0,0,0,0,0,0
6868,-3.29529,-1.23054,-0.37979,-0.73498,1.73384,3.87463,0,0,0,0,0
6869,-3.21115,-1.2471,-0.45807,-0.45773,1.80677,3.88005,0.47338,0,0,0,0
6870,-2.36853,-0.33677,-0.26766,-0.25278,2.25247,0,0,0,0,0,0
6871,-2.32687,0.39267,0.36145,0.94473,1.68838,0,0,0,0,0,0
6872,-2.86566,-0.33778,-0.06165,-0.36255,2.32676,0,0,0,0,0,0
6873,-2.99422,-0.58214,-0.12691,0.11387,2.54688,4.03578,-0.09262,0,0,0,0
6874,-2.3597,-0.89488,0.29255,-0.44429,2.2135,0,0,0,0,0,0
6875,-1.72709,0.11653,0.74159,1.56957,3.14203,0,0,0,0,0,0
6876,-2.71111,-0.71572,0.26395,-8.39069E-4,2.24523,0,0,0,0,0,0
6877,-3.34188,-1.05537,0.02345,0.1246,2.15753,0,0,0,0,0,0
6878,-3.1184,-0.97532,-0.20345,-0.40053,2.19321,3.98959,0,0,0,0,0
6879,-3.38729,-0.94296,-0.26033,-0.37192,1.94427,3.49708,0,0,0,0,0
6880,-3.29093,-1.08623,-0.17202,-0.30793,2.26079,3.97665,0.27674,0,0,0,0
6881,-2.12058,-0.53591,0.61906,0.17781,2.94938,0,0,0,0,0,0
6882,-2.80341,-0.28637,0.30478,-0.14795,3.31743,0,0,0,0,0,0
6883,-1.7061,0.42447,1.1726,0.49511,3.6209,0,0,0,0,0,0
6884,0,0,0,0,0,0,0,0,0,0,0
6885,-4.42963,-0.49272,0.09364,0.78103,2.91339,0,0,0,0,0,0
6886,0,0,0,0,0,0,0,0,0,0,0
6887,-1.51043,0.09751,1.30667,-0.60393,3.23019,0,0,0,0,0,0
6888,0,0,0,0,0,0,0,0,0,0,0
6889,-2.809,-0.46732,1.03828,-0.22409,3.36017,0,0,0,0,0,0
6890,-3.07937,-0.54219,0.44991,0.13014,3.32541,0,0,0,0,0,0
6891,0,0,0,0,0,0,0,0,0,0,0
6892,-1.82835,0.28383,1.0443,0.72114,3.96094,0,0,0,0,0,0
6893,-2.28707,-0.86294,0.56448,1.66478,4.31877,0,0,0,0,0,0
6894,-1.15592,0.35313,2.08491,1.83449,0,0,0,0,0,0,0
6895,0,0,0,0,0,0,0,0,0,0,0
6896,0,0,0,0,0,0,0,0,0,0,0
6897,-1.88543,-1.93252,0.26773,-1.93558,0,0,0,0,0,0,0
6898,0,0,0,0,0,0,0,0,0,0,0
6899,-2.70266,-0.09171,0.70778,-0.05022,3.28616,0,0,0,0,0,0
6900,-3.45452,-0.74957,0.41779,1.17917,3.47461,0,0,0,0,0,0
6901,-2.5046,-0.75419,-0.29696,-0.64209,-0.03309,0,0,0,0,0,0
6902,-1.5585,0.12757,0.60191,0.0904,0,0,0,0,0,0,0
6903,-2.21939,-0.3223,-0.26421,-1.27622,0,0,0,0,0,0,0
6904,-3.50887,-0.36608,0.02982,0.26364,3.07707,0.33039,0,0,0,0,0
6905,0,0,0,0,0,0,0,0,0,0,0
6906,0,0,0,0,0,0,0,0,0,0,0
6907,-2.90413,-1.60083,-0.68972,0,0,0,0,0,0,0,0
6908,-3.13352,-1.2356,-0.22868,-1.01124,2.76144,0,0,0,0,0,0
6909,-2.69241,-1.99928,0.4915,0.05818,0,0.66077,0,0,0,0,0
6910,-3.62608,-0.5009,-0.66546,-1.41242,3.06304,0,0,0,0,0,0
6911,-4.07766,-1.09308,-0.91841,-1.46962,2.63019,0.28118,0.9906,0,0,0,0
6912,-3.07784,0.05214,-0.94882,-1.03544,3.84788,0,0,0,0,0,0
6913,-4.33373,-1.14037,-1.06964,-1.53235,2.92312,0,0,0,0,0,0
6914,-2.64078,-1.18195,-5.07665E-3,-0.38794,1.24888,0,0,0,0,0,0
6915,-3.97379,0.40038,0.81352,1.60528,1.84673,0,0,0,0,0,0
6916,-3.51224,-0.33848,-0.61869,-0.7372,2.84537,1.77657,2.57362,0,0,0,0
6917,-3.72652,-0.18671,0.84964,-0.21458,2.55795,0,0,0,0,0,0
6918,-3.78118,-0.61055,-0.94389,0,0,0,0,0,0,0,0
6919,-3.02697,-1.01502,0.46753,-0.29178,4.39955,0,0,0,0,0,0
6920,-2.96405,-0.92674,0,0,0,0,0,0,0,0,0
6921,-3.53725,-0.85796,-1.4644,-0.13736,3.11679,0,0,0,0,0,0
6922,-2.34193,-0.66696,0.34308,0.13213,0,0,0,0,0,0,0
6923,-2.29922,-1.09017,-1.16389,-1.18397,-0.71584,0,0,0,0,0,0
6924,-3.28315,-0.71513,-0.62902,-1.06501,3.01932,0,0,0,0,0,0
6925,-2.39245,0.47067,-0.24665,-0.62604,1.58228,0,0,0,0,0,0
6926,-2.67237,0.27803,-0.44383,-0.4204,0,0,0,0,0,0,0
6927,0,0,-0.11821,-0.34155,0,0,0,0,0,0,0
6928,0,0,0,0,0,0,0,0,0,0,0
6929,-2.57074,-0.56623,-0.3488,-0.85184,2.63477,0,0,0,0,0,0
6930,-3.31403,0.22809,-2.10846,0.48748,0,0,0,0,0,0,0
6931,0,0,0,0,0,0,0,0,0,0,0
6932,-2.51437,0.05406,1.01105,0.84372,0,0,0,0,0,0,0
6933,-2.6749,1.04146,1.7323,0.2581,2.78015,0,0,0,0,0,0
6934,-3.17108,-0.02405,-0.14457,1.17874,3.43184,0,0,0,0,0,0
6935,0,0,0,0,0,0,0,0,0,0,0
6936,-1.29772,-1.24471,0.23711,0.68143,0.45581,0,0,0,0,0,0
6937,-3.57968,0.32888,1.05545,-0.26953,0,0,0,0,0,0,0
6938,-3.03397,-0.83631,1.07277,-0.69926,1.09896,0,0,0,0,0,0
6939,-2.68024,-0.70049,1.42114,0.05867,3.32049,0,0,0,0,0,0
6940,-4.76557,-0.17782,-1.40019,-1.96181,1.20954,0,0,0,0,0,0
6941,-3.13077,-0.24039,0.77839,0.81073,2.22788,0,0,0,0,0,0
6942,0,0,0,0,0,0,0,0,0,0,0
6943,-3.88456,-0.10142,0,-1.17443,1.95587,0,0,0,0,0,0
6944,-2.84755,1.04995,0.80575,0.61057,2.733,0,0,0,0,0,0
6945,-3.50182,0.05703,0.89622,0.60935,2.3122,0,0,0,0,0,0
6946,0,0,0,0,0,0,0,0,0,0,0
6947,-3.01739,-0.31777,0.35839,0.40498,2.31653,3.69265,0.63581,0,0,0,0
6948,-2.50382,0.19988,-0.26772,-0.04037,0.53458,0,0,0,0,0,0
6949,-1.97749,-1.79589,-0.98929,0,0,0,0,0,0,0,0
6950,-2.75047,0.47547,0.21579,1.34589,3.39633,0,0,0,0,0,0
6951,-3.30747,-0.09986,0.64318,0.06779,2.04666,3.76434,0.2408,0,0,0,0
6952,-2.74393,0.01601,2.17365,-1.27797,0,0,0,0,0,0,0
6953,-3.42958,-0.52069,0.18604,-0.30353,2.01587,0,0,0,0,0,0
6954,-3.04984,-0.31819,0.31059,0.15353,1.99774,3.54752,1.92046,0,0,0,0
6955,-2.67574,0.0457,0.27001,0.73112,1.4127,0,0,0,0,0,0
6956,-3.11444,-4.33871E-3,0.67917,0.25734,2.76671,0,0,0,0,0,0
6957,-2.4154,-0.09287,0.83533,0.68493,2.54557,0,0,0,0,0,0
6958,-2.05541,0.09887,1.40947,0.35635,2.76029,0,0,0,0,0,0
6959,-2.94721,0.37673,0.03832,0.30648,2.38389,0,0,0,0,0,0
6960,-1.37951,0.85399,0.81739,0.11306,2.09318,0,0,0,0,0,0
6961,-1.45696,-0.78471,0.84148,-0.01782,1.02193,0,0,0,0,0,0
6962,-2.46413,-0.8152,0.68412,1.06577,1.72245,0,0,0,0,0,0
6963,-1.58771,-1.31402,-1.67228,-0.78097,-0.85838,0,0,0,0,0,0
6964,-3.00399,-0.27273,0.89581,0.16571,2.72502,0,0,0,0,0,0
6965,-1.94575,0,0,0,0,0,0,0,0,0,0
6966,-0.64651,-0.13538,0.1548,0.8105,3.93739,0,0,0,0,0,0
6967,-1.33183,0.60811,0.22444,-0.79163,1.96083,0,0,0,0,0,0
6968,-1.95533,0.63717,0.86578,1.14169,1.47422,0,0,0,0,0,0
6969,-2.29409,0.3586,1.87351,0.22344,1.11756,0,0,0,0,0,0
6970,0,0,0,0,0,0,0,0,0,0,0
6971,-3.47315,-0.73496,0.36167,-1.05568,3.11482,0,0,0,0,0,0
6972,-3.94774,-0.82164,-0.12942,-0.79866,3.09526,0,0,0,0,0,0
6973,-3.81657,-0.92503,-0.25802,0.07679,2.30232,0,0,0,0,0,0
6974,-3.4066,-0.69531,0.11717,0.45023,2.79968,3.01611,0,0,0,0,0
6975,-3.60786,-0.90402,-0.37689,-0.78079,2.78921,0,0,0,0,0,0
6976,0,0,0,0,0,0,0,0,0,0,0
6977,-4.29657,-0.83818,-0.43315,-0.8827,2.41638,1.0351,-0.05155,0,0,0,0
6978,-3.6835,-0.813,-0.43067,-0.14342,2.27428,1.02353,0,0,0,0,0
6979,0,0,0,0,0,0,0,0,0,0,0
6980,-4.30388,-0.03391,0.18723,0.41363,0,0,0,0,0,0,0
6981,-3.85656,-0.62856,-0.312,-0.57422,2.91423,0,0,0,0,0,0
6982,-2.78131,-1.1019,0.40329,0.47356,2.50576,0,0,0,0,0,0
6983,-3.34898,-0.73403,-0.36738,-0.66253,2.55219,0,0,0,0,0,0
6984,-3.98519,-0.02923,-0.29849,-0.06669,3.23577,0,0,0,0,0,0
6985,-3.24742,-0.67506,-0.44173,-0.78668,3.39964,0,0,0,0,0,0
6986,-3.01115,-0.32394,-0.60953,0.69406,2.54315,0,0,0,0,0,0
6987,-4.27376,-0.56695,-0.64218,0.23205,3.83291,0,0,0,0,0,0
6988,-3.32264,-0.20971,-0.16471,0.36105,2.92861,3.04688,0,0,0,0,0
6989,-3.22841,-0.50862,-0.73736,0.07888,3.2006,0,0,0,0,0,0
6990,-3.47988,-0.66702,-0.44433,-0.57182,2.80276,0,0,0,0,0,0
6991,-2.37144,-0.40145,-1.20141,0.16303,2.81835,0,0,0,0,0,0
6992,-4.18688,-0.74777,-0.27038,-0.38185,3.86071,0,0,0,0,0,0
6993,-2.40492,-1.53305,0,0,0,0,0,0,0,0,0
6994,-3.4532,-0.24345,-0.38181,-1.11896,0,0,0,0,0,0,0
6995,-4.68429,-1.31132,-1.33691,-1.30727,3.04686,-0.59195,0.03787,0,0,0,0
6996,0,0,0,0,0,0,0,0,0,0,0
6997,-2.58459,0.18914,-0.14759,0.19267,2.54546,0,0,0,0,0,0
6998,-4.28027,-1.16116,-0.96512,-0.99875,3.0737,0,0.86314,0,0,0,0
6999,-2.72456,0.02247,-0.65918,0.64177,3.33262,0,0,0,0,0,0
7000,-4.37401,-1.13769,-1.17138,-0.47624,3.73136,0,0,0,0,0,0
7001,-4.27667,-0.37565,-0.01174,-0.61247,4.25303,0,0,0,0,0,0
7002,-4.33524,-1.45487,-0.87122,-0.66835,3.36116,0,0,0,0,0,0
7003,-4.82513,-1.54642,-1.3907,-1.05861,3.03023,-0.65938,-1.0017,0,0,0,0
7004,-3.54921,-0.2697,-0.53593,0.23897,3.51238,0,0,0,0,0,0
7005,-4.46884,-0.82216,-0.75862,-0.71049,3.21433,0,0,0,0,0,0
7006,-3.77607,-0.35777,-0.42418,-0.41705,3.6722,0,0,0,0,0,0
7007,-3.93011,-0.85141,-0.63218,-0.58423,3.57193,0,0,0,0,0,0
7008,-4.6286,-1.03352,-1.33685,-0.7825,3.62113,0,0,0,0,0,0
7009,-4.81845,-1.6645,-1.59923,-1.56986,2.87587,1.04035,0,0,0,0,0
7010,-4.45733,-1.21094,-0.63345,-0.33626,3.8143,0,0,0,0,0,0
7011,-3.27065,-1.06058,0.67669,-0.16551,0,0,0,0,0,0,0
7012,-4.72513,-1.041,-0.95752,-0.61639,3.34127,2.16485,0,0,0,0,0
7013,-4.13142,-0.68095,-0.9245,-0.7242,1.80868,0,0,0,0,0,0
7014,-4.9436,-1.78771,-1.72485,-1.40497,3.07721,0.16363,0.76166,0,0,0,0
7015,-4.57934,-0.84634,-0.97037,-0.78663,3.31721,0,0,0,0,0,0
7016,-5.1884,-1.89946,-1.70119,-1.44847,2.84424,0.29801,0,0,0,0,0
7017,-4.44191,-1.02724,-0.56266,-0.3574,3.4774,0.24629,0,0,0,0,0
7018,-3.24353,-1.15249,0.66054,-1.59166,3.15018,0,0,0,0,0,0
7019,-1.78004,0,0,0,0,0,0,0,0,0,0
7020,-3.68417,-0.33237,0.26567,0.53823,3.31834,0,0,0,0,0,0
7021,-4.21743,-0.7374,-0.89113,-0.43756,3.16983,0,0,0,0,0,0
7022,-4.38653,-0.96779,-0.87551,-0.57547,3.40651,0,0,0,0,0,0
7023,-4.56628,-1.38724,-1.48734,-0.60372,3.20581,0.44501,0,0,0,0,0
7024,-3.60981,-0.71505,-0.13824,0.19077,3.29742,1.87042,0,0,0,0,0
7025,-4.76883,-0.43613,-0.52756,-0.63161,3.62505,0,0,0,0,0,0
7026,0,0,0,0,0,0,0,0,0,0,0
7027,-3.0817,-0.32916,-0.19745,0.23975,3.83852,2.11794,0,0,0,0,0
7028,-4.30952,-0.25346,-0.32706,-0.31455,3.79519,0,0,0,0,0,0
7029,-3.03367,-0.09158,-0.25874,0.10067,3.73087,0,0,0,0,0,0
7030,-3.66348,-0.41908,-0.25814,-0.23084,3.73874,0,0,0,0,0,0
7031,-3.93156,0.07958,-0.66244,0.43356,5.05004,0,0,0,0,0,0
7032,-4.24382,-0.31827,0.3192,0.27328,4.60827,0,0,0,0,0,0
7033,-3.81021,-0.61537,-0.60954,0.03661,3.86661,0,2.23832,0,0,0,0
7034,-2.1239,-1.57698,-0.46557,0.29647,1.78506,0,0,0,0,0,0
7035,-2.05496,-1.52233,-0.39933,0.02027,1.77783,0,2.61238,0,0,0,0
7036,-1.84512,-1.29604,0.13178,0.41313,1.42332,0,0,0,0,0,0
7037,-0.90761,-1.10514,-0.0167,0.74654,1.72672,0,0,0,0,0,0
7038,-0.91821,-0.69596,0.07243,0,2.20407,0,0,0,0,0,0
7039,-2.34096,-1.93302,-0.36811,0.12691,1.34505,2.21293,0,0,0,0,0
7040,-2.61234,-1.78865,-0.09371,0.57957,1.59185,0,0,0,0,0,0
7041,-2.43887,-1.66149,-0.36741,-0.29834,1.03578,2.18354,1.66631,0,0,0,0
7042,-2.48108,-1.34823,-0.11503,0.33349,1.29537,2.4409,1.98904,0,0,0,0
7043,-3.66682,-2.82283,-1.33971,-1.18293,0.29746,1.28561,1.17235,0,0,0,0
7044,-2.46075,-1.81483,-0.37952,-0.37139,1.06315,1.98752,1.54623,0,0,0,0
7045,-3.08299,-2.48923,-0.86704,-0.74634,0.78435,1.89658,1.79736,0,0,0,0
7046,-3.68661,-2.88004,-1.48817,-1.11839,0.46555,1.44697,0.02258,0,0,0,0
7047,-3.2362,-2.16916,-0.14478,0.36036,0.78627,0,0,0,0,0,0
7048,-3.01759,-1.88965,-0.5369,0.01834,0.66222,0,0,0,0,0,0
7049,-2.36814,-0.80589,0.86077,0.81428,1.87125,2.16485,0,0,0,0,0
7050,-2.79707,-2.11754,-0.35371,0.46736,1.35225,0,0,0,0,0,0
7051,-3.24812,-2.4661,-1.0121,-0.61236,0.56843,2.15078,0,0,0,0,0
7052,-3.22389,-1.58757,0.11609,-0.17233,1.42308,0,0,0,0,0,0
7053,-3.48904,-2.23158,-0.46118,0.41458,1.47488,2.11817,0,0,0,0,0
7054,-0.19949,-0.69261,0.89221,1.10514,2.91705,0,0,0,0,0,0
7055,-3.49591,-2.1761,-0.194,0.12922,1.06339,0,0,0,0,0,0
7056,-3.48469,-1.37176,-0.33887,0.19982,0.77969,0,0,0,0,0,0
7057,-1.84994,0,0,0,0,0,0,0,0,0,0
7058,-2.88981,-1.94447,-0.02582,-0.52282,1.83026,0,0,0,0,0,0
7059,0.1771,-0.61116,0.1118,1.72004,2.38973,0,0,0,0,0,0
7060,-3.6175,-0.97511,-2.22281,-0.46751,1.27661,0,0,0,0,0,0
7061,-2.56491,-0.84251,-0.33939,-0.03487,1.73624,0,0,0,0,0,0
7062,-0.80936,-1.79398,0.14344,1.64714,2.54807,2.56755,0,0,0,0,0
7063,0,0,0,0,0,0,0,0,0,0,0
7064,-1.36661,-1.95743,0.43337,1.83292,2.57035,3.21736,1.35383,0,0,0,0
7065,-1.69708,-1.47147,0.3121,0.58208,2.31644,0,0,0,0,0,0
7066,-1.517,-2.44534,-0.31273,1.57266,2.49709,1.71368,2.04739,0,0,0,0
7067,-1.11238,-1.79901,-0.08707,1.29092,2.61721,0,1.77436,0,0,0,0
7068,-2.61843,-2.29469,-2.91942,-0.02216,0,0,0,0,0,0,0
7069,-1.38129,-1.89148,-0.25754,1.19342,2.38477,0,0,0,0,0,0
7070,-0.60306,-2.1881,-0.60311,1.1848,2.45996,2.03653,0,0,0,0,0
7071,-0.28236,-0.70861,-0.25229,2.4521,2.17306,0,0,0,0,0,0
7072,-0.86919,-2.26639,-0.70162,0.6314,2.08428,-0.03238,0,0,0,0,0
7073,0,0,0,0,0,0,0,0,0,0,0
7074,1.64934,0.71261,0.05623,-0.99756,-0.79331,0.55542,1.84782,0,0,0,0
7075,1.13023,0.33648,-0.25287,-1.25578,-1.00614,0.56148,0,0,0,0,0
7076,1.1463,0.37962,-0.32129,-1.13643,-1.0931,0,1.5,0,0,0,0
7077,1.26406,0.68694,-0.23872,-0.89595,-0.70462,0.27602,2.12993,0,0,0,0
7078,1.29759,0.70297,0.3723,-0.59318,-0.60474,0.81687,0,0,0,0,0
7079,0.9821,0.42159,-0.24395,-1.09345,-0.9938,0.17855,1.26991,0,0,0,0
7080,0.97589,0.41029,-0.19077,-1.07047,-0.88425,0.22951,1.59519,0,0,0,0
7081,1.05408,0.34539,-0.33473,-1.17184,-0.93242,0.58665,1.8738,0,0,0,0
7082,0.97185,0.43713,-0.23026,-0.95731,-0.83533,0.08745,0.82248,0,0,0,0
7083,1.54854,0.95363,0.10093,-0.71237,-0.64278,1.05288,2.0375,0,0,0,0
7084,0.9858,0.44839,-0.16464,-0.91622,-0.7672,0.18114,1.27697,0,0,0,0
7085,1.21956,0.54813,-0.08164,-0.84879,-0.62546,-0.10745,0,0,0,0,0
7086,0.89636,0.36587,-0.16712,-1.08048,-0.83682,0,0,0,0,0,0
7087,0.80172,0.34465,-0.26887,-0.9477,-0.8843,0.25437,0,0,0,0,0
7088,1.52576,0.476,0.04985,-0.80625,-0.52882,0,0,0,0,0,0
7089,0.87188,0.3217,-0.19272,-1.24643,-0.84026,0.01171,0,0,0,0,0
7090,0.92649,0.32134,-0.23834,-1.1731,-0.88795,0.60763,0,0,0,0,0
7091,0.69329,0.34531,-0.35349,-1.211,-0.88052,0.2509,1.20423,0,0,0,0
7092,0.98001,0.5498,-0.21922,-1.00497,-0.69769,0.09156,0.67936,0,0,0,0
7093,0.82813,0.2457,-0.30098,-1.1657,-0.74723,0,0,0,0,0,0
7094,0.71655,0.10542,-0.53404,-1.25924,-0.98026,0.0902,0.7737,0,0,0,0
7095,0.6944,0.17926,-0.16817,-1.00833,-0.56111,0.14386,0,0,0,0,0
7096,0.55881,0.60972,-0.36437,-1.20394,-0.67923,0.39827,-0.27515,0,0,0,0
7097,0.48513,0.12765,-0.13661,-0.82952,-0.5555,0,0,0,0,0,0
7098,0.1658,0.26243,-0.22447,-1.01938,-0.48391,0.66711,0,0,0,0,0
7099,-1.55184,0.62642,-0.31262,-1.14632,0.98845,0,0,0,0,0,0
7100,0.21864,1.00429,0.78778,-0.23142,0.88174,0,2.88103,0,0,0,0
7101,0.93554,0.24517,-4.935E-3,-0.90786,-0.72715,0.36108,0,0,0,0,0
7102,0.713,0.09099,-0.26228,-0.91957,-0.79284,0.25105,1.2218,0,0,0,0
7103,0.12045,0.06826,-0.57489,-1.40034,-0.78869,0.27509,0.64931,0,0,0,0
7104,0.6505,0.21231,-0.29116,-1.09364,-0.82076,0.24477,1.17933,0,0,0,0
7105,0.38394,0.12202,-0.27415,-1.13301,-0.45495,0,0,0,0,0,0
7106,0.8699,0.31144,0.06496,-1.08638,-0.62028,0.5404,0,0,0,0,0
7107,0.58742,9.2495E-3,-0.51511,-1.49944,-0.50893,0.05302,0,0,0,0,0
7108,0.64508,0.05537,-0.55532,-1.26713,-0.90462,0.23192,1.45133,0,0,0,0
7109,0.68242,0.10683,-0.27519,-1.23559,-0.72749,0.2606,1.174,0,0,0,0
7110,0.17213,-0.33107,-0.74483,-1.54776,-1.21716,0.19285,1.16119,0,0,0,0
7111,0.15504,0.0196,-0.53133,-1.32454,-0.36617,0.25916,0.18491,0,0,0,0
7112,0.12679,-0.20214,-0.58151,-1.35347,-0.56375,0.24418,0.20707,0,0,0,0
7113,0.70856,0.19689,-0.40459,-1.28033,-0.84278,0.30821,0.93204,0,0,0,0
7114,0.28414,0.11208,-0.42836,-1.49326,-0.67411,0.95479,0,0,0,0,0
7115,0.42073,0.21444,-0.40535,-1.18096,-0.55008,0.39621,0.40349,0,0,0,0
7116,0.54913,0.34942,-0.33424,-1.12101,-0.37454,0.26836,0,0,0,0,0
7117,0.10243,7.51966E-3,-0.24789,-1.24246,-0.46975,0.42667,0.06832,0,0,0,0
7118,0.73142,0.49852,0.01939,-1.10305,-0.81409,0.51297,1.45401,0,0,0,0
7119,0.34297,0.11722,-0.54626,-1.50085,-0.80965,0.42181,0.97912,0,0,0,0
7120,0.60209,0.06063,-0.38539,-1.28311,-0.98573,0.25493,0.78821,0,0,0,0
7121,0.78607,0.21285,-0.36862,-1.12093,-0.81627,0.49711,0.98246,0,0,0,0
7122,0.75088,0.18649,-0.19399,-1.22586,-0.72569,-0.10727,1.34348,0,0,0,0
7123,0.12326,0.06714,-0.35004,-1.43462,-0.55404,0.49455,-0.26785,0,0,0,0
7124,0.49996,0.87838,0.54362,-0.42717,0.3514,0,0,0,0,0,0
7125,0.70127,0.3863,-0.1939,-1.06644,-0.77435,0.39336,0.84598,0,0,0,0
7126,0.89316,0.27814,-0.2497,-0.97609,-0.76295,0.33042,1.01117,0,0,0,0
7127,0.97338,0.40044,-0.04537,-1.00038,-0.72258,0.39291,0,0,0,0,0
7128,0.80619,0.15002,-0.09126,-1.03764,-0.68465,0,0,0,0,0,0
7129,0.13289,-7.40898E-3,-0.34864,-1.54777,-0.59752,0.51807,0.26087,0,0,0,0
7130,0.64707,0.24561,-0.25439,-1.1753,-0.7409,0.37936,0,0,0,0,0
7131,0.53987,0.19915,-0.30709,-1.30723,-0.13564,0.77602,0.71247,0,0,0,0
7132,0.81409,0.35087,4.57192E-3,-1.01265,-0.59021,0.89891,0,0,0,0,0
7133,0.30664,-0.17045,-0.51348,-1.46019,-1.20866,0.24606,0,0,0,0,0
7134,0.84484,0.29619,-0.15592,-1.03095,-0.53909,0.46982,0,0,0,0,0
7135,0.72202,0.32987,-0.18869,-1.16347,-0.83892,0.86274,0,0,0,0,0
7136,0.81079,0.39456,-0.03094,-0.98113,-0.72104,0,1.15177,0,0,0,0
7137,0.83485,0.99875,0.22577,0.13551,0.63683,0,0,0,0,0,0
7138,0.34679,0.02143,-0.32781,-1.27962,-0.85433,0.68894,0,0,0,0,0
7139,0.48728,0.24346,-0.20704,-1.14244,-0.56873,0.53617,0.90638,0,0,0,0
7140,1.37902,0.7754,0.41897,-0.72736,-0.66469,0.56448,0,0,0,0,0
7141,0,-0.09435,0.65837,-2.56176,1.08409,0,0,0,0,0,0
7142,0.15205,-0.03884,0.0164,-1.00954,-0.32311,0,0,0,0,0,0
7143,0.73449,0.14737,-0.19262,-1.11596,-0.84259,-0.51292,0,0,0,0,0
7144,0.67586,0.36893,-0.06613,-1.01158,-0.6286,0.67052,1.03973,0,0,0,0
7145,0.06337,0.09728,-0.15955,-1.45797,-0.60321,0.38783,0.3239,0,0,0,0
7146,0.56248,0.18525,-0.24364,-0.88889,-0.58704,0.88034,0,0,0,0,0
7147,1.52931,0.86414,0.47805,-0.5247,-0.4757,-0.24198,0,0,0,0,0
7148,1.27754,1.48654,0.67065,-1.44584,0.08636,0,0,0,0,0,0
7149,0.54168,0.15041,-0.21496,-1.15911,-0.76249,0.61386,0,0,0,0,0
7150,0.47367,0.27248,-0.16827,-1.13279,-0.53616,0.46071,0.66381,0,0,0,0
7151,0.59886,0.1624,-0.05194,-1.07834,-0.67435,0.58569,0,0,0,0,0
7152,0.41602,0.02371,-0.3008,-1.24748,-0.47498,0.18106,-0.11354,0,0,0,0
7153,0.23927,-0.17604,-0.47474,-1.49682,-1.00839,0.15879,0.97041,0,0,0,0
7154,0.21834,-0.13162,-0.48791,-1.55386,-0.62219,-0.02354,-0.54355,0,0,0,0
7155,0.51486,0.0618,-0.22515,-1.2762,-0.82865,0.33883,0,0,0,0,0
7156,-0.05371,-0.21307,-0.40388,-1.56714,-0.54907,0.17837,-0.15665,0,0,0,0
7157,1.25016,0.832,0.41096,-0.74764,-0.78675,0.78239,0,0,0,0,0
7158,0.65229,0.85749,-0.14098,-2.19945,0.47061,0,0,0,0,0,0
7159,1.31356,0.63867,0.2111,-0.91966,-0.61138,0.55582,1.03078,0,0,0,0
7160,0.78441,0.42304,0.08214,-1.07573,-1.04453,0,0,0,0,0,0
7161,0.74569,0.07503,-0.354,-1.32234,-1.3275,0.41788,1.31408,0,0,0,0
7162,0.56972,0.25489,-0.29433,-1.09786,-0.68271,0.63675,0,0,0,0,0
7163,0.71424,0.54671,0.01409,-0.86878,-0.32802,0.88346,0,0,0,0,0
7164,0.43117,6.3624E-3,-0.1829,-0.90959,-0.58298,0,0,0,0,0,0
7165,0.9962,0.458,0.04474,-0.70364,0.11924,1.01323,0,0,0,0,0
7166,0.17781,-0.05752,-0.36891,-1.26163,-0.75303,-0.80786,0.35411,0,0,0,0
7167,1.4594,0.50375,0.25909,-0.92947,-0.93902,0.42846,1.08909,0,0,0,0
7168,0.70355,0.28776,-0.16334,-0.91144,-0.45435,1.10535,0,0,0,0,0
7169,-0.41541,0.0835,-0.68587,-1.64539,-0.31504,0,0,0,0,0,0
7170,0.11244,-0.10935,-0.41569,-1.42839,-0.45625,0.26434,-0.08307,0,0,0,0
7171,0.58301,0.18644,-0.01885,-1.07155,-0.37433,0.55785,0.73634,0,0,0,0
7172,1.06532,0.62594,0.04964,-0.78536,-0.6201,0.38047,1.49143,0,0,0,0
7173,0.57409,0.1703,-0.32315,-1.3988,-0.59247,0.36241,1.04982,0,0,0,0
7174,0.61605,0.19071,-0.14691,-1.02414,-0.51229,1.27748,0,0,0,0,0
7175,0.33083,0.14911,-0.14312,-1.35548,-0.39526,0.40519,0.08521,0,0,0,0
7176,0.50374,0.0516,-0.31299,-1.15499,-0.64066,0.4548,0.81262,0,0,0,0
7177,0.45733,0.0545,-0.24274,-1.16928,-0.75528,0.41809,0.70904,0,0,0,0
7178,0.30937,-0.02206,-0.31955,-1.24679,-0.2139,0.38206,0,0,0,0,0
7179,0.71498,0.22851,-0.22155,-1.05607,-0.73617,0.79815,1.50836,0,0,0,0
7180,0.61825,0.28364,-0.17775,-1.03276,-0.52616,0.85619,1.0918,0,0,0,0
7181,1.34805,0.64321,0.23085,-0.78881,-0.68694,0.39094,0,0,0,0,0
7182,0.69957,0.26544,-0.19657,-1.12511,-0.79117,-1.04182,0,0,0,0,0
7183,1.52634,0.69189,0.39309,-0.76617,-0.6508,0.2307,2.02892,0,0,0,0
7184,0.89108,0.40413,-5.91109E-3,-1.01529,-0.71471,0.38812,0.78245,0,0,0,0
7185,0.48028,0.11284,-0.22059,-1.10674,-0.66903,0.79333,0,0,0,0,0
7186,0.43127,0.32927,-0.12604,-1.34648,-0.35447,1.97199,0,0,0,0,0
7187,0.58147,0.63341,-0.23053,-0.86889,-0.11217,0.61654,0.82455,0,0,0,0
7188,1.02977,0.44092,0.10263,-1.0225,-0.80197,0.48598,0,0,0,0,0
7189,0.85888,0.22055,-0.11566,-0.90484,-0.77693,0,0,0,0,0,0
7190,-0.20553,0.05179,-0.11933,-1.42501,-0.68045,0.8837,0,0,0,0,0
7191,0.25101,0.14524,-0.19358,-1.25402,-0.44433,0.65469,0,0,0,0,0
7192,0.48925,-0.09394,-0.26801,-1.24466,-0.49064,-0.13425,0.46858,0,0,0,0
7193,0.74017,0.15181,-0.12904,-1.08346,-0.56531,0.45501,0.72836,0,0,0,0
7194,0.23341,0.13157,-0.14887,-1.09206,-0.60469,0.43823,0.31069,0,0,0,0
7195,0.01431,-0.39479,-0.69812,-1.69124,-1.12071,0.56959,0.87151,0,0,0,0
7196,0.46275,0.03996,-0.28749,-1.08618,-0.64514,0.68808,0.88355,0,0,0,0
7197,0.20723,-0.02927,-0.49845,-1.40623,-0.43793,0.37627,0.10866,0,0,0,0
7198,0.51853,0.21449,-0.04552,-1.02938,-0.31232,0.94032,0.74012,0,0,0,0
7199,0.21205,-0.08044,-0.21954,-1.30941,-0.42128,0.64749,0.56343,0,0,0,0
7200,0.19202,0.046,-0.26861,-1.24019,-0.51178,0.51749,0.47151,0,0,0,0
7201,0.40779,-0.05443,-0.5137,-1.13383,-0.61819,1.27884,1.4628,0,0,0,0
7202,0.91066,0.40433,0.04542,-1.13126,-0.3226,0,0,0,0,0,0
7203,0.2335,0.04097,0.02442,-1.14973,-0.44697,0.58569,0,0,0,0,0
7204,0.02167,-0.16994,-0.43261,-1.47653,-0.4993,0,0.08287,0,0,0,0
7205,0.86759,0.3802,-0.07936,-0.91257,-0.55679,0.50565,1.23314,0,0,0,0
7206,0.71584,0.0215,-0.20098,-0.86477,-0.47443,0.66868,0.84299,0,0,0,0
7207,0.31906,0.0217,-0.27586,-1.22021,-0.46607,0.65147,0.60316,0,0,0,0
7208,0.40908,0.32596,0.02719,-0.74518,-0.33572,0.66077,0,0,0,0,0
7209,0.42611,0.26292,0.01377,-0.84284,-0.40498,0.90743,0,0,0,0,0
7210,0.30169,0.1811,-0.37993,-1.33181,-0.40917,0.29037,-0.19617,0,0,0,0
7211,0.36416,0.04462,-0.04254,-1.07536,-0.43459,0,0,0,0,0,0
7212,0.8048,0.25906,-0.09091,-1.10363,-0.76332,0.14805,0.32834,0,0,0,0
7213,0.81,0.14128,-0.15634,-1.06492,-0.71778,-0.1231,0.49495,0,0,0,0
7214,1.12702,0.56706,0.23782,-0.87416,-0.72936,0.0702,0.2027,0,0,0,0
7215,0.36289,0.02263,-0.21403,-1.1927,-0.44262,0.825,0,0,0,0,0
7216,0.77707,0.4386,0.1372,-0.58761,0.14369,0,0,0,0,0,0
7217,0.63739,0.21503,0.75565,-0.93178,0.28491,0,0,0,0,0,0
7218,0.41996,0.25348,-0.25017,-1.13768,-0.57844,0.85276,0,0,0,0,0
7219,0.48444,0.14468,-0.1246,-1.12314,-0.5381,0.62488,0.67244,0,0,0,0
7220,0.45954,0.10217,-0.23611,-1.17225,-0.56286,0.67724,0.59308,0,0,0,0
7221,0.27967,-0.03804,-0.23813,-1.29265,-0.77516,0.33955,0.45983,0,0,0,0
7222,0.45766,0.22581,-0.20132,-1.18395,-0.53691,0.75113,0,0,0,0,0
7223,0.84075,0.29368,-0.02107,-1.08863,-0.52758,0.58569,1.86661,0,0,0,0
7224,0.04878,0.04187,-0.29401,-1.34592,-0.25828,0.39365,0.29959,0,0,0,0
7225,1.2929,0.63318,0.33173,-0.74565,-0.69158,0.65354,2.12309,0,0,0,0
7226,0.47716,0.07027,-0.25812,-1.33259,-0.61492,0.16382,0.75056,0,0,0,0
7227,0.64727,0.18336,-0.18132,-1.1296,-0.75142,0.42123,0.86291,0,0,0,0
7228,0.12597,0.32352,-0.32769,-1.26733,-0.33282,0.34391,0,0,0,0,0
7229,0.79043,0.2859,0.03636,-1.03447,-0.77265,0.2306,0.31911,0,0,0,0
7230,0.35625,0.14178,-0.2955,-1.10848,-0.52695,0.67105,0.89388,0,0,0,0
7231,0.1635,0.02447,-0.38109,-1.30753,-0.34777,0.65826,0.36147,0,0,0,0
7232,0.53076,0.18936,-0.12491,-1.09011,-0.20571,0.8164,0.30106,0,0,0,0
7233,0.49434,0.31548,-0.15033,-0.85079,-0.44725,0.60922,0.83708,0,0,0,0
7234,1.28577,0.41449,0.37864,-0.82512,-0.61319,0.30506,1.08028,0,0,0,0
7235,0.27535,0.10715,-0.3302,-1.12652,-0.37821,0.62434,0.62468,0,0,0,0
7236,1.65425,-0.25213,-0.29755,-1.34425,-0.38181,0,0,0,0,0,0
7237,0.27149,0.12335,-0.23712,-1.25687,-0.51256,0.71517,0.66758,0,0,0,0
7238,0.46596,0.17242,-0.25122,-1.13268,-0.46248,0.51217,0.88935,0,0,0,0
7239,-0.08032,0.38033,-0.29056,-1.21331,-0.6828,0.59797,0.32755,0,0,0,0
7240,0.95226,0.48542,0.19648,-1.02442,-0.50981,0.32869,0.8775,0,0,0,0
7241,0.556,0.1594,-0.25458,-1.31932,-0.47393,0.77988,0.6926,0,0,0,0
7242,0.50091,0.19871,-0.4345,-1.11583,-0.37956,0.29459,0.54386,0,0,0,0
7243,0.33908,0.01393,-0.44647,-1.05653,-0.4072,0.37065,0.83884,0,0,0,0
7244,0.24989,0.09049,-0.09197,-1.35303,-0.36229,0.83742,0,0,0,0,0
7245,0.19062,0.04612,-0.28409,-1.36846,-0.64428,0.59228,0,0,0,0,0
7246,0.29245,0.11411,0.06552,-0.89753,-0.52945,0,0.94234,0,0,0,0
7247,0.95593,0.99022,0.14437,-0.97981,0.40127,0,0,0,0,0,0
7248,-6.04254E-3,0.16498,-0.18505,-1.30608,-0.42419,0.80937,0,0,0,0,0
7249,0.92694,0.55524,0.0247,-0.46369,0.04195,0,0,0,0,0,0
7250,0.66977,0.28746,-0.23358,-0.87791,-0.58573,0.70469,0.83381,0,0,0,0
7251,0.26856,0.10955,-0.32455,-1.25917,-0.65784,0.19523,0.48843,0,0,0,0
7252,0,-0.11929,-0.49699,-1.95645,-0.49256,0,0,0,0,0,0
7253,0.53785,0.4388,-4.86579E-3,-1.05648,-0.31263,0,0,0,0,0,0
7254,0.20968,0.10019,-0.37066,-1.26239,-0.45226,0.8858,0.68609,0,0,0,0
7255,0.14501,3.77249E-3,-0.2312,-1.21369,-0.47456,0.81775,0,0,0,0,0
7256,0.30717,0.11421,-0.25879,-1.23433,-0.41042,0,0,0,0,0,0
7257,0.10484,-5.42733E-3,-0.42119,-1.4248,-0.57721,0.49299,0.61133,0,0,0,0
7258,0.4359,0.04682,-0.12983,-1.3897,-0.42577,-0.03238,0.55586,0,0,0,0
7259,0.81334,0.28059,-0.55528,-1.00119,-0.50992,0,0,0,0,0,0
7260,0.66755,0.13257,-0.2172,-1.2134,-0.72751,0.76022,0.86526,0,0,0,0
7261,1.26498,1.18939,0.48743,-0.27686,0.1946,1.62384,2.4212,0,0,0,0
7262,0.59371,0.1986,-0.01645,-1.54846,-0.16986,0,0,0,0,0,0
7263,1.13795,0.28797,0.35193,-0.36602,-0.16316,0,0,0,0,0,0
7264,0.30294,-0.01688,-0.15948,-0.99502,-0.32919,0,0,0,0,0,0
7265,0.81003,0.14303,-0.18557,-1.18828,-0.34694,0.75032,0.99152,0,0,0,0
7266,0.28689,0.04706,-0.52839,-1.0803,-0.55751,0,0,0,0,0,0
7267,0.35865,1.57152E-3,-0.47696,-1.06593,-0.54787,0.68371,0.7502,0,0,0,0
7268,0.57433,0.34832,0.04844,-0.88293,-0.35781,0,0,0,0,0,0
7269,0.66196,0.13643,-0.45276,-1.30705,-0.69882,0,0,0,0,0,0
7270,-0.03817,-0.18418,-0.20574,-1.17154,-0.61226,0.66077,0,0,0,0,0
7271,0.23314,-0.04504,-0.12817,-0.92971,-0.48847,-0.03238,0,0,0,0,0
7272,0.45316,0.11181,-0.189,-0.97726,-0.54826,0.65469,0,0,0,0,0
7273,0.33958,-0.30412,-0.07861,-1.24699,-0.13846,-0.72552,0,0,0,0,0
7274,0.09521,0.13309,-0.2825,-1.06541,-0.44282,0.49608,0,0,0,0,0
7275,0.07667,0.33146,-0.21589,-1.1524,-0.27362,0,0,0,0,0,0
7276,0.67611,0.64734,-0.4198,-1.2892,-0.79635,0,0,0,0,0,0
7277,1.19704,0.57573,0.33923,-0.61158,-0.58847,0.44865,1.44276,0,0,0,0
7278,0.29287,0.11032,-0.29407,-1.111,-0.34525,0.73415,0,0,0,0,0
7279,0.4436,0.2714,-0.03645,-0.91292,-0.33942,0.72831,0.75841,0,0,0,0
7280,0.22986,0.11238,-0.40131,-1.04674,-0.56797,0.68317,0.73382,0,0,0,0
7281,0.72333,0.20376,-0.37168,-0.96867,-0.39972,0.79049,0,0,0,0,0
7282,0.53047,0.17118,-0.05699,-1.08132,-0.6161,0.47455,0.6156,0,0,0,0
7283,0.84789,0.30821,-0.21498,-1.01497,-0.29002,0,0,0,0,0,0
7284,0.30519,0.08313,0.04225,-0.92772,-0.54024,0,0,0,0,0,0
7285,0.7591,0.55413,0.20708,-0.72846,-0.40839,0.46791,0,0,0,0,0
7286,0.28363,0.14647,-0.27597,-1.21322,-0.57658,0,0,0,0,0,0
7287,0.40595,0.18835,-0.27663,-1.18459,-0.38456,1.13711,0,0,0,0,0
7288,0.61232,0.19414,7.30187E-3,-1.09074,-0.61998,0,0,0,0,0,0
7289,0.384,0.19045,-0.26477,-0.9188,-0.34994,1.2549,0,0,0,0,0
7290,0.12915,-0.11336,-0.51591,-1.51262,-0.83916,0.33039,0,0,0,0,0
7291,0.56682,0.19001,-0.03892,-1.4797,-0.61062,0,0,0,0,0,0
7292,0.17084,0.07572,-0.06088,-0.93877,-0.16729,0.83909,0,0,0,0,0
7293,0.39054,0.27123,0.0868,-1.09444,0.03615,0,0,0,0,0,0
7294,-0.54373,-0.84948,-0.37084,-1.26719,-0.28637,0,0,0,0,0,0
7295,0.20112,0.15036,-0.20387,-1.09341,-0.39934,0,0,0,0,0,0
7296,0.61442,0.4203,0.22523,-1.03413,-0.30379,0,0,0,0,0,0
7297,0.60615,0.31555,-0.01413,-1.11546,-0.33993,0,0,0,0,0,0
7298,0.47119,0.16218,-0.24765,-1.14027,-0.50044,0,0,0,0,0,0
7299,0.97934,0.49517,-0.03029,-0.79672,-0.17066,0.99116,0,0,0,0,0
7300,0,0,0,0,0,0,0,0,0,0,0
7301,0.23869,0.07399,-0.39594,-1.23101,-0.48787,0,0,0,0,0,0
7302,0.38294,-0.07905,-0.3952,-1.37101,-0.71332,0.35065,0,0,0,0,0
7303,0.44556,0.18279,-0.10695,-1.15999,-0.54473,1.23614,0,0,0,0,0
7304,0.7697,0.41941,0.03465,-1.11879,-0.31437,0,0,0,0,0,0
7305,0.13037,0.11281,-0.29466,-1.20909,-0.43167,0.67641,0.53956,0,0,0,0
7306,0.39988,0.3566,-0.23765,-1.09139,-0.17864,0,0.96447,0,0,0,0
7307,0.4677,0.23458,-0.27994,-1.19445,-0.52061,1.48648,0,0,0,0,0
7308,0.47889,0.1536,-0.03623,-0.72313,-0.72522,0,0,0,0,0,0
7309,0.27271,0.61445,-0.09915,-0.77526,0.05403,0,0,0,0,0,0
7310,1.50889,0.415,-0.70668,-1.13836,0.02918,0,0,0,0,0,0
7311,0.60575,0.28696,0.07979,-0.58975,-0.40813,0,0,0,0,0,0
7312,0.12058,0.15226,-0.27323,-1.05236,-0.50609,0.95479,0,0,0,0,0
7313,0.71498,0.21993,0.14728,-0.96946,-0.60277,0,0,0,0,0,0
7314,-0.10345,0.72949,-0.09264,-0.40211,-0.26059,0,0,0,0,0,0
7315,0.32618,0.31323,-0.37057,-1.19113,-0.47075,0,0,0,0,0,0
7316,0.28902,0.20215,-0.15766,-1.33288,-0.51818,0.84966,0,0,0,0,0
7317,0.30812,0.3655,-0.32836,-1.09649,-0.52135,0,0,0,0,0,0
7318,0.38354,0.17064,-0.15739,-0.96699,-0.5415,0.70181,0.75791,0,0,0,0
7319,0,0,0,0,0,0,0,0,0,0,0
7320,0.29798,0.05549,-0.31227,-1.14887,-0.39888,0.29801,0,0,0,0,0
7321,0.40561,-0.1387,0.25923,-1.2093,-0.17295,0,0,0,0,0,0
7322,0.36291,0.40652,-0.11395,-1.35735,-0.50547,1.27884,0,0,0,0,0
7323,1.02726,0.1777,-0.16209,-1.09528,-0.28737,0,0,0,0,0,0
7324,-0.47292,-0.55907,0.6186,-2.01355,-0.71496,0,0,0,0,0,0
7325,0.21335,0.02095,-0.37662,-1.23896,-0.41451,0.59657,0,0,0,0,0
7326,0.30712,-0.02973,-0.36836,-0.87203,-0.40417,0.8324,0,0,0,0,0
7327,0.23211,0.20207,-0.20633,-1.12965,-0.56074,0,0,0,0,0,0
7328,0.06099,0.20421,0.16436,-1.67512,-0.62676,0,0,0,0,0,0
7329,0.20898,0.24934,0.11817,-1.63787,-0.38078,0,0,0,0,0,0
7330,0.02428,-0.03013,-0.09266,-1.33969,-0.54662,0.60631,0,0,0,0,0
7331,1.29308,-0.01166,-0.44324,-0.8955,-0.24627,0,0,0,0,0,0
7332,0.45446,0.33379,-0.17654,-1.01532,-0.53032,0,0,0,0,0,0
7333,1.20295,0.43327,-0.51548,-0.29176,-0.39864,0,0,0,0,0,0
7334,0,-1.32209,0,-0.14379,0.82486,0,0,0,0,0,0
7335,0.64344,0.43787,-0.12103,-1.20027,-0.48439,0,0,0,0,0,0
7336,0.54525,-0.08341,-0.49459,-0.89137,0.40315,0,0,0,0,0,0
7337,0.2954,0.04688,0.04432,-0.98402,-0.39409,0.82255,0,0,0,0,0
7338,0.55802,0.0112,-0.44046,-1.108,-0.44518,0,0,0,0,0,0
7339,0.2381,-0.60612,-0.35063,-1.58802,-0.70512,0,0,0,0,0,0
7340,-0.34393,-0.42932,-0.2305,-0.68513,-0.50799,0,0,0,0,0,0
7341,-0.17951,0.17531,-0.1773,-0.78136,-0.1993,0,0,0,0,0,0
7342,0.4248,0.2655,-1.61441,-0.63742,-1.69343,0,0,0,0,0,0
7343,0.70873,0.26507,0.12756,-1.27871,-0.32573,0.52479,0,0,0,0,0
7344,0.12838,0.07127,-0.34502,-1.25439,-0.38689,0.8426,0,0,0,0,0
7345,-0.08991,0.14867,-0.70199,-0.61193,-0.80045,0,0,0,0,0,0
7346,0.24606,0.12282,-0.21641,-1.0758,-0.46568,-1.89921,0,0,0,0,0
7347,0.51843,0.08069,-0.22431,-1.0781,-0.64534,0.48427,0.89616,0,0,0,0
7348,0.4281,0.29811,-0.0424,-1.00756,-0.38234,0,0,0,0,0,0
7349,-1.00803,0.46403,-1.6911,-0.89992,0.26036,0,0,0,0,0,0
7350,0.3939,0.12321,-0.27312,-1.13346,-0.23593,0,0,0,0,0,0
7351,-1.31553,0.64236,-0.597,-2.30351,-0.5629,0,0,0,0,0,0
7352,0.78879,0.37918,-0.16682,-0.99794,-0.54284,0,0,0,0,0,0
7353,-2.32741,-0.2445,-0.68649,-2.91575,-1.47535,0,0,0,0,0,0
7354,0.42178,-0.10543,-0.15773,-0.9894,-0.66081,0,0,0,0,0,0
7355,0.2343,-0.07606,0.06203,-0.94794,-1.03758,0,0,0,0,0,0
7356,-0.10436,-0.9504,0.02901,-1.26856,1.58745,0,0,0,0,0,0
7357,-5.16688E-3,0.13162,-0.11746,-1.24062,-0.42037,0.76063,0.70194,0,0,0,0
7358,0.32205,1.03221,1.47358E-4,-1.48993,-0.52782,0,0,0,0,0,0
7359,0.27463,0.1276,-0.26238,-1.21455,-0.47797,0,0,0,0,0,0
7360,0.88148,-0.08868,-1.42133,-2.02242,-0.96401,0,0,0,0,0,0
7361,1.01206,-0.61036,-0.21679,-0.59881,0.13242,0,0,0,0,0,0
7362,0,0,0,0,0,0,0,0,0,0,0
7363,0.43971,0.4915,-0.11929,-0.83414,-0.31454,0,0,0,0,0,0
7364,-6.53488E-3,-0.6646,-0.12635,-1.34354,-0.03004,0,0,0,0,0,0
7365,0.12331,0.04642,-0.15896,-1.16848,-0.42669,0,0,0,0,0,0
7366,0.57058,-0.01966,-0.25137,-1.17517,-0.53405,0,0,0,0,0,0
7367,-0.1467,0.14144,-0.24119,-1.35508,-0.27554,0.95718,0,0,0,0,0
7368,0.68939,0.25964,-0.0966,-0.94521,-0.51433,0,0,0,0,0,0
7369,-0.18039,0.28868,0.0525,-0.68525,-0.40657,0,0,0,0,0,0
7370,1.34911,1.03537,0.3486,-0.49563,-0.22089,0,0,0,0,0,0
7371,0.51214,0.05906,-0.15301,-1.18317,-0.26515,0.66147,0.69588,0,0,0,0
7372,-0.07717,-0.22209,-0.69725,-1.0191,-0.42673,0.58569,0,0,0,0,0
7373,0.29614,0.01111,-0.30315,-1.54133,-0.08148,0.78376,0,0,0,0,0
7374,0.30868,-0.16233,-0.51775,-1.2483,-0.45883,0,0,0,0,0,0
7375,0.40647,-0.07076,-0.51612,-1.53325,-0.48885,0,0,0,0,0,0
7376,0,0,0,0,0,0,0,0,0,0,0
7377,0.6752,-0.23421,-0.17565,-0.99512,-0.14227,0,0,0,0,0,0
7378,0.68569,0.32771,-0.2168,-1.13846,-0.28283,0.7509,0.81974,0,0,0,0
7379,0.3216,0.5464,-0.75331,-1.32274,-0.22917,0,0,0,0,0,0
7380,0,0,0,0,0,0,0,0,0,0,0
7381,0.23816,0.03577,-0.21277,-0.94655,-0.30327,0,0,0,0,0,0
7382,0,0,0,0,0,0,0.45499,0,0,0,0
7383,0.40489,0.28657,-0.11416,-1.05479,-0.32464,0.77849,0.56192,0,0,0,0
7384,0.42024,0.0356,-0.07339,-1.11603,-0.5225,0,0,0,0,0,0
7385,0.2812,0.26152,-0.08481,-1.1671,-0.15958,0.66957,0,0,0,0,0
7386,0.16738,-0.94227,0.67702,-2.13558,-2.40247,0,0,0,0,0,0
7387,0.41353,0.04142,0.09879,-1.21032,-1.27615,0,0,0,0,0,0
7388,0.60246,-0.20072,-0.62119,-0.85175,-0.70465,0,0,0,0,0,0
7389,0.0931,-0.73524,-0.08473,-0.73657,-0.31343,0,0,0,0,0,0
7390,-3.49708,-0.21509,0,-1.07257,-1.30539,0,0,0,0,0,0
7391,0,0.54154,0.01315,-1.89903,-3.67682,0,0,0,0,0,0
7392,0.59332,0.03443,-0.21147,-1.26521,-0.63985,0.3085,0.70486,0,0,0,0
7393,0.04336,0.07722,-0.55278,-1.07205,-0.18986,0,0,0,0,0,0
7394,0.32117,0.74768,-0.3941,-1.76732,-0.36877,0,0,0,0,0,0
7395,-0.18985,-0.8661,0.38515,-1.68739,-0.92063,0,0,0,0,0,0
7396,0.50064,0.38015,-0.23842,-0.98771,-0.32698,0.77949,0.59325,0,0,0,0
7397,0.97423,0.37625,-0.03301,-0.95589,-0.57111,0.68512,0,0,0,0,0
7398,0.90259,0.50598,0.13703,-0.73879,-0.15337,0,1.31451,0,0,0,0
7399,0.70468,0.42258,-0.3688,-0.80789,-0.12352,0,0,0,0,0,0
7400,0.26804,0.45748,-0.25243,-0.86193,-0.43038,1.00323,0,0,0,0,0
7401,0.88542,0.37451,-0.02041,-0.98343,-0.74697,0.04533,-0.11312,0,0,0,0
7402,0.37451,0.12705,-0.06552,-1.1042,-0.4392,0.43957,0.65832,0,0,0,0
7403,0.3908,0.15242,-0.24919,-1.32432,-0.54735,0.31835,-0.29004,0,0,0,0
7404,0.13186,-6.7689E-3,-0.20643,-1.26335,-0.50436,0.88101,0.74544,0,0,0,0
7405,0.43187,0.14562,-0.23728,-1.17141,-0.29212,0.6135,0.87937,0,0,0,0
7406,0.1428,-0.02135,-0.19938,-1.17328,-0.55684,0.24068,0,0,0,0,0
7407,1.42439,0.89091,0.5612,-0.60149,-0.41994,1.39662,0,0,0,0,0
7408,0.13551,-0.0707,-0.28227,-1.03679,-0.42656,0.19969,0,0,0,0,0
7409,0.55956,0.25911,-0.07888,-1.17749,-0.51514,0.99116,0,0,0,0,0
7410,0.24651,0.11415,-0.18648,-1.04724,-0.18192,0.72105,0.14148,0,0,0,0
7411,0.362,0.2463,-0.05497,-1.14559,-0.17069,0.68,0,0,0,0,0
7412,0.52314,0.2514,-0.10394,-1.05673,-0.40057,0,0,0,0,0,0
7413,1.00811,0.58692,0.22449,-0.7612,-0.68729,0.17677,0.80308,0,0,0,0
7414,0.21923,0.12584,-0.15805,-0.88855,-0.36006,0.28628,0,0,0,0,0
7415,0.20772,-0.01369,-0.43649,-1.22581,-0.54207,0.23129,0.37994,0,0,0,0
7416,0.27702,-0.23009,-0.5942,-1.60472,-1.00099,0.35917,0.46844,0,0,0,0
7417,0.40056,0.2339,-0.08055,-0.95343,-0.3849,0.40004,0,0,0,0,0
7418,0.17892,0.30415,-0.34246,-1.17057,-0.3347,0.78857,0.36829,0,0,0,0
7419,0.56626,0.23802,-0.36007,-0.94308,-0.35447,0.44728,0.49622,0,0,0,0
7420,1.00993,0.53514,0.30956,-0.66589,-0.39744,0.57501,0,0,0,0,0
7421,0.53245,0.16494,-0.1111,-0.75263,-0.44155,0,0,0,0,0,0
7422,0.28349,0.19123,-0.1738,-1.13651,-0.29809,0.79,0.31941,0,0,0,0
7423,0.72018,0.19695,0.04896,-1.11111,-0.65983,0.73497,0,0,0,0,0
7424,0.44813,0.01663,0.10144,-1.16937,-0.42596,0,0.84898,0,0,0,0
7425,0.40416,0.2174,-0.15201,-0.77966,-0.45325,0.95395,0.39939,0,0,0,0
7426,0.56382,0.22586,0.06037,-1.16256,-0.49888,0.9694,0.37649,0,0,0,0
7427,0.08934,0.05185,-0.32355,-1.02831,-0.35993,0.91292,0.06712,0,0,0,0
7428,0.36627,0.24174,-0.16704,-1.02943,-0.43794,0.80103,0.33054,0,0,0,0
7429,-0.01512,-0.16998,-0.55187,-1.33932,-0.60478,0.73325,0,0,0,0,0
7430,0.38403,0.32568,-0.13419,-1.29007,-0.30038,0.93154,0.83572,0,0,0,0
7431,0.53191,0.38818,0.12438,-0.10275,-0.45337,0,0,0,0,0,0
7432,1.1442,0.53064,0.14021,-1.1433,0.27446,0,0,0,0,0,0
7433,0.46942,0.55056,-0.30769,-0.5368,-0.37716,1.05008,0,0,0,0,0
7434,1.12779,0.25063,-9.39968E-3,-1.17344,-0.4646,0,0,0,0,0,0
7435,1.01107,0.47604,0.1176,-0.89414,-0.51415,0.15717,0.99893,0,0,0,0
7436,0.82284,0.27296,-0.28023,-1.10675,-0.14773,0.33039,0,0,0,0,0
7437,0.55203,0.08713,-0.09363,-1.17246,-0.26419,1.14353,1.14362,0,0,0,0
7438,0.16388,0.38518,0.28298,-0.78665,-0.37435,0,0,0,0,0,0
7439,0.84984,0.15503,-0.21011,-1.01474,-0.55441,0.52013,0.4758,0,0,0,0
7440,-0.10571,-0.1316,-0.42867,-0.98432,-0.51799,0,0,0,0,0,0
7441,0.41619,0.14636,0.02787,-1.06788,-0.31251,0.62158,0.66691,0,0,0,0
7442,0.55401,0.30053,-0.24368,-1.01691,-0.40522,0.62158,0.79755,0,0,0,0
7443,0.66915,1.00356,0.92414,-0.57963,0.04011,0,0,0,0,0,0
7444,0.17537,0.17376,-0.14733,-1.23503,-0.34742,0.29551,0.48015,0,0,0,0
7445,0.023,0.49382,-0.12804,-1.1328,-0.21954,0.33039,0,0,0,0,0
7446,0.38354,0.38608,-0.20701,-0.99299,-0.31697,0.98296,0,0,0,0,0
7447,0.71033,0.3883,-0.05777,-0.69042,-0.28526,0.99314,0.93619,0,0,0,0
7448,0.32992,0.47374,-0.51847,-0.99629,-0.2154,0,0,0,0,0,0
7449,0.35709,0.31401,2.67863E-3,-0.92616,-0.25425,1.57098,0,0,0,0,0
7450,1.12651,0.73474,0.38375,-0.58136,-0.13922,0.28764,0.59732,0,0,0,0
7451,0.34037,0.20379,-0.23809,-0.99687,-0.27299,0.78066,0.29782,0,0,0,0
7452,0,0,0.22594,0,-0.71551,0,0,0,0,0,0
7453,1.07434,0.44446,0.19649,-0.93839,-0.57031,0.76221,1.09921,0,0,0,0
7454,0.28116,0.09676,-0.13435,-1.07338,-0.37599,0.87462,0.35769,0,0,0,0
7455,0.39956,0.12341,-0.07398,-0.85655,-0.3271,0.91182,0.53605,0,0,0,0
7456,0.18345,0.42924,0.01191,-0.64222,-0.08733,0.93105,0.36124,0,0,0,0
7457,1.19529,0.55158,-4.3693E-3,-0.80815,-0.36862,0.7336,0,0,0,0,0
7458,0.81817,0.55994,-0.15999,-1.10149,-0.18791,1.21441,0.67496,0,0,0,0
7459,0.37323,0.22805,-0.1498,-0.95317,-0.27327,0.95976,0,0,0,0,0
7460,0.75112,0.27069,-5.49041E-3,-0.91713,-0.24112,0.78886,0.49428,0,0,0,0
7461,0.81461,0.43344,0.1026,-0.73909,-0.27272,1.63572,0,0,0,0,0
7462,0.54146,0.33962,-0.1259,-1.00636,-0.4455,0.90008,0.28313,0,0,0,0
7463,0.55169,0.24304,-0.05464,-0.91934,-0.16393,1.10822,0.39423,0,0,0,0
7464,0.47119,0.081,-0.26974,-0.95516,-0.1702,1.08441,0,0,0,0,0
7465,0.67077,0.31242,0.05367,-0.75462,-0.12848,1.05575,0.73888,0,0,0,0
7466,0.28773,0.5071,-0.06184,-0.98596,-0.26675,1.05732,0.14145,0,0,0,0
7467,0.89356,0.81211,0.53648,-0.64882,-0.25038,0.91082,0,0,0,0,0
7468,0.36519,0.31305,-0.11174,-1.19422,-0.22523,1.16571,0.56818,0,0,0,0
7469,0.69752,0.28012,-0.31559,-1.54577,-0.03462,0,0,0,0,0,0
7470,0.72794,0.49632,0.05235,-0.98261,-0.17443,0,0.80322,0,0,0,0
7471,1.0499,0.45449,-0.14163,-1.02071,-0.21493,0.9816,0,0,0,0,0
7472,0.26681,0.34844,-0.25318,-0.82888,-0.11202,1.09352,0.39594,0,0,0,0
7473,0.54695,0.38825,-0.11077,-0.97892,-0.22677,0.86558,-0.1179,0,0,0,0
7474,1.19288,1.19396,0.85298,-0.15396,0.15266,0.09549,2.11248,0,0,0,0
7475,0.42551,0.57531,-0.07135,-0.86435,0.18843,1.1339,0.65879,0,0,0,0
7476,0.52157,0.26326,-0.30979,-1.01539,-0.07001,0,0,0,0,0,0
7477,0.91829,-0.14652,-0.32355,-0.66087,-0.79108,0,0,0,0,0,0
7478,1.23983,0.18287,-0.17799,-1.35764,-0.40026,0,0,0,0,0,0
7479,0.80117,0.23172,-0.09111,-0.84162,-0.03438,0.96793,0,0,0,0,0
7480,0.90398,0.53206,0.16573,-1.20708,0.01076,0,0,0,0,0,0
7481,1.35134,0.42504,0.32421,-0.69387,-0.33729,0,0,0,0,0,0
7482,1.46461,0.81408,0.33748,-0.64515,-0.12921,0,0,0,0,0,0
7483,0.60459,0.25109,-0.25582,-1.0268,-4.52398E-3,0.89003,0.38019,0,0,0,0
7484,0.49715,1.29065,-0.89696,-0.44208,0.41436,0,0,0,0,0,0
7485,0.33823,0.26592,0.0763,-0.94431,0.02107,0.58569,0,0,0,0,0
7486,1.03913,0.66092,0.20829,-0.96676,-0.11361,1.03999,0.71129,0,0,0,0
7487,1.34258,1.23431,0.73004,-1.09505,-0.40222,0,0,0,0,0,0
7488,1.22771,0.46359,-0.24931,-0.94698,-0.05298,0,0,0,0,0,0
7489,0.60872,0.62993,-0.23143,-0.75792,-0.07144,1.11186,0.88569,0,0,0,0
7490,0.92952,-0.03801,-0.69401,-0.19951,-0.71795,0,0,0,0,0,0
7491,0.73536,0.32772,-0.41569,-0.97202,-0.26758,0.89892,0.38952,0,0,0,0
7492,1.10516,0.31533,-0.30209,-0.73316,0.13094,0,0,0,0,0,0
7493,0.85389,0.48293,-0.22515,-0.9906,-0.17551,1.02081,0,0,0,0,0
7494,1.59895,1.2833,0.6019,-0.20027,0.39611,0.87338,0,0,0,0,0
7495,0.91475,0.14483,0.24017,-0.93463,0.06917,1.0924,1.11228,0,0,0,0
7496,0,0,0,0,-0.28353,0,0,0,0,0,0
7497,1.14084,0.69469,0.20137,-0.90389,-0.31045,0,0,0,0,0,0
7498,0.46712,0.38848,-0.14108,-0.81161,-0.16866,1.06057,0.8964,0,0,0,0
7499,0.95256,0.60653,0.16938,-0.93144,-0.15517,-0.03238,0,0,0,0,0
7500,0,-1.18585,-1.10597,-1.22027,-1.08456,0,0,0,0,0,0
7501,1.03119,0.73571,0.09017,-0.37791,0.2211,0,0,0,0,0,0
7502,0.74457,0.55431,-0.21044,-0.99583,-0.08369,0,0,0,0,0,0
7503,0.54633,0.8086,-0.16702,-0.92263,0.2851,1.1941,0.46994,0,0,0,0
7504,0.66346,0.34636,-0.10947,-0.93663,-0.31072,1.31983,-0.24126,0,0,0,0
7505,0.76555,0.42369,-0.23063,-1.17534,-0.13075,0.77523,0,0,0,0,0
7506,1.37582,0.58528,0.11174,-1.24886,0.33753,1.33899,0,0,0,0,0
7507,1.80827,-0.03012,0.23829,-0.57434,-0.14668,0,0,0,0,0,0
7508,0.95988,0.37369,2.13807E-3,-1.34069,-0.04774,0.78847,-0.48049,0,0,0,0
7509,1.31024,0.69613,0.39533,-0.59101,-0.07252,0,0,0,0,0,0
7510,0.71774,0.35452,-0.32342,-0.98566,-0.30153,1.11987,0,0,0,0,0
7511,1.30688,0.73448,0.07319,-0.72955,-0.36322,0.97627,1.53807,0,0,0,0
7512,0.9338,0.48484,-0.04207,-0.92417,-0.30594,1.31966,0,0,0,0,0
7513,0,0,0,0,0,0,0,0,0,0,0
7514,0.82196,0.50676,-0.11184,-1.12338,-0.05599,0.43154,0,0,0,0,0
7515,1.15416,0.3976,0.0629,-0.833,-0.26526,0.94808,0.4326,0,0,0,0
7516,0.81791,0.54606,-0.13826,-0.99216,-0.23089,1.03508,0,0,0,0,0
7517,1.30919,0.56137,0.07736,-1.0467,-0.17561,0.88656,0.32946,0,0,0,0
7518,1.52271,0.81226,0.01906,-0.75605,-0.46289,0.99627,0,0,0,0,0
7519,1.23796,0.4197,0.20981,-0.52292,-0.03526,1.08199,0,0,0,0,0
7520,3.16445,1.82563,1.49725,-0.22743,0.06149,0,0,0,0,0,0
7521,1.37586,0.59903,-4.15802E-4,-0.94719,-0.52687,0.39062,0,0,0,0,0
7522,1.0912,0.54739,0.11499,-0.83137,-0.37179,0.91928,0.45466,0,0,0,0
7523,0.98564,0.26341,0.43901,-1.22898,0.20402,0,0,0,0,0,0
7524,1.18565,0.71854,0.22089,-0.60377,0.15584,1.44727,0,0,0,0,0
7525,0.98624,0.75702,0.14605,-0.59833,-0.37789,0,0,0,0,0,0
7526,1.35943,0.88389,0.29283,-0.8186,-0.18142,0,0,0,0,0,0
7527,1.27023,0.47727,-0.04633,-1.11382,-0.34763,1.39474,0,0,0,0,0
7528,1.1385,0.43742,-0.1943,-1.11551,-0.42155,0,0,0,0,0,0
7529,1.77909,0.64642,-0.01888,-0.78842,-0.41691,0.88637,0.0304,0,0,0,0
7530,0,0.90199,0.83478,-0.72612,-0.08458,0,0,0,0,0,0
7531,1.92654,1.02892,0.42839,-0.39905,-0.10547,1.00271,-0.08586,0,0,0,0
7532,2.49139,1.60671,1.37704,0.19544,0.67171,0,0,0,0,0,0
7533,1.30859,0.88422,0.2232,-0.74773,-0.19021,0,0,0,0,0,0
7534,1.5204,1.09145,0.20829,-0.41393,-0.03805,0,0,0,0,0,0
7535,1.37807,0.63045,-0.06025,-0.9346,-0.42827,0.61793,-0.48234,0,0,0,0
7536,1.58401,0.90377,0.10531,-0.79006,-0.19177,1.36499,0,0,0,0,0
7537,2.43632,1.47455,0.85045,-0.38916,0.28123,0,0,0,0,0,0
7538,3.05879,2.08315,0.55094,-1.98907,1.46968,0,0,0,0,0,0
7539,1.00688,-0.1611,-0.66585,1.26604E-3,1.44643,3.23698,2.02414,0,0,0,0
7540,1.17902,0.17603,0.11979,0.33027,1.29481,0,0,0,0,0,0
7541,0.54365,-0.29395,-0.39341,-0.25439,0.88578,0,0.92742,0,0,0,0
7542,0.12068,-0.44118,-0.26667,-0.74719,0.95576,0,0,0,0,0,0
7543,0.46821,-0.27661,-0.53095,-0.84956,0.95234,0,0,0,0,0,0
7544,1.0618,0.43969,-0.23962,-0.21249,0.87665,0,0,0,0,0,0
7545,-0.27355,-0.8812,-0.89262,-0.76494,0.64795,0,0,0,0,0,0
7546,-0.12481,-0.65207,-0.85327,-1.05563,0.54129,3.72202,1.40655,0,0,0,0
7547,-6.98841E-3,-0.59267,-0.56104,-0.79675,0.79412,4.03666,0,0,0,0,0
7548,-0.41002,-0.891,-0.55437,-0.98755,0.68776,0,0.63633,0,0,0,0
7549,-0.06275,-0.55975,-0.6167,-0.86273,1.03145,0.33039,0,0,0,0,0
7550,-0.01384,-0.7831,-0.32251,-0.82133,0.21666,0,0,0,0,0,0
7551,-0.15832,-0.78148,-0.93651,-0.95066,0.48671,4.05319,0.87081,0,0,0,0
7552,0.20199,-0.3002,-0.40699,-0.39381,0.65139,0,0,0,0,0,0
7553,-0.09304,-0.57078,-0.79815,-0.8884,1.03486,0,2.06435,0,0,0,0
7554,-0.15913,-0.80946,-0.9767,-1.04019,0.29653,4.29664,1.61838,0,0,0,0
7555,1.05808,0.04469,-0.5376,-0.43198,0.74349,0,0,0,0,0,0
7556,0.35736,-0.44868,-0.50685,-0.73011,0.84568,5.03713,0,0,0,0,0
7557,-0.27984,-1.01354,-1.13249,-0.95014,0.62994,3.64491,0.45129,0,0,0,0
7558,0.59939,-0.27734,-0.77324,-0.81678,0.33069,4.44717,0,0,0,0,0
7559,-0.57476,-1.14683,-1.02648,-0.82446,0.58849,0,0,0,0,0,0
7560,-0.36141,-0.7513,-0.92604,-1.25382,0.61802,3.25193,-0.2253,0,0,0,0
7561,0.07105,-1.11148,-0.84495,-1.15912,0.71128,0,0,0,0,0,0
7562,-0.48357,-1.1501,-1.25981,-1.44324,0.04118,3.94854,0.94703,0,0,0,0
7563,-0.22453,-0.61964,-0.82813,-1.04556,0.61187,4.0563,0,0,0,0,0
7564,-0.29255,-0.64636,-0.83697,-0.95517,0.58506,4.05143,0,0,0,0,0
7565,0.58951,-0.60294,-0.67594,-0.44752,1.17577,0,0,0,0,0,0
7566,1.10018,0.30231,-0.05694,-0.52733,1.47885,0,0,0,0,0,0
7567,0.13743,-0.42535,-0.82437,-0.8067,0.87595,4.53673,1.37643,0,0,0,0
7568,-0.31723,-0.71707,-0.7316,-0.54363,0.77738,0,0,0,0,0,0
7569,0.12305,-0.78769,-0.349,-0.19291,0.55571,0,0,0,0,0,0
7570,1.36111,-0.13613,-0.37594,-1.38778,0.50528,0,0,0,0,0,0
7571,-0.24776,-0.3124,-0.82225,-0.83861,0.76308,3.71228,0.83298,0,0,0,0
7572,-0.2039,-0.526,-1.09752,-1.07715,0.82564,0,0,0,0,0,0
7573,0.35085,-0.39408,-0.63308,-0.78662,0.31809,0,0,0,0,0,0
7574,0.11551,-0.68571,-0.81455,-0.8179,0.60875,3.78203,0.42816,0,0,0,0
7575,-0.99019,-1.44934,-1.62062,-1.76689,-0.27746,1.82345,0.44811,0,0,0,0
7576,0.01844,-0.81445,-1.25198,-1.34471,-0.03629,4.40875,-1.49883,0,0,0,0
7577,-2.08657E-3,-0.5963,-0.76315,-0.54618,0.5875,3.94896,0.90409,0,0,0,0
7578,-0.19753,-0.71488,-0.9047,-1.04329,0.48787,4.98014,0,0,0,0,0
7579,-0.07135,-0.65678,-0.71792,-0.99158,0.8188,0,0,0,0,0,0
7580,0.05686,-0.59791,-0.83288,-0.8027,0.42033,0,0,0,0,0,0
7581,0.61805,-0.15809,-0.82575,-0.71157,0.46916,0,0,0,0,0,0
7582,0.11611,-0.289,-0.59428,-0.63468,0.5054,0,0,0,0,0,0
7583,0.0681,-0.34218,-0.63015,-0.5756,0.52779,0,0,0,0,0,0
7584,-0.13331,-0.92755,-1.00302,-1.14775,0.30173,3.84135,0.70218,0,0,0,0
7585,-0.34088,-0.58707,-0.64489,-0.61811,0.73224,1.31122,0,0,0,0,0
7586,0.77079,-0.17615,-0.50644,-0.85149,0.71723,0,0,0,0,0,0
7587,0.0997,-0.534,-0.78214,-0.54377,0.77221,0,0,0,0,0,0
7588,-0.04479,-0.93435,-0.92884,-0.89236,0.45481,0,0,0,0,0,0
7589,0.21773,-0.64676,-0.88494,-0.62663,0.67392,1.93982,1.12196,0,0,0,0
7590,-0.23897,-0.94294,-0.98512,-1.21679,0.39075,4.02771,0,0,0,0,0
7591,0.65674,-0.24977,-0.96718,-1.05306,0.0967,3.50795,0,0,0,0,0
7592,0.05408,-0.40084,-0.74219,-0.86392,0.33999,2.27021,0,0,0,0,0
7593,-8.86053E-3,-0.59601,-0.7764,-0.75662,0.59879,0,0,0,0,0,0
7594,0.14084,-0.64513,-0.54784,-0.69665,0.68173,4.16338,0.5738,0,0,0,0
7595,0.31773,-0.47838,-0.60405,-0.64015,0.51356,0,0,0,0,0,0
7596,0.47215,-0.1702,-0.54406,-0.7906,0.42666,4.25084,0,0,0,0,0
7597,1.59443,0.49224,0.45369,-0.36119,0.64422,0,0,0,0,0,0
7598,0.11909,-0.66181,-0.67817,-0.27978,0.82051,0,0,0,0,0,0
7599,0.86743,-0.06878,-0.46325,-0.23647,0.74126,0,0,0,0,0,0
7600,0.49563,-0.41635,-0.62969,-0.63509,0.67875,3.00602,0,0,0,0,0
7601,0.50573,-0.44709,-0.93504,-0.88877,0.2311,5.26594,0.55257,0,0,0,0
7602,-0.14856,-0.84863,-0.70798,-0.95792,0.48206,4.04326,0,0,0,0,0
7603,0.52989,-0.76682,-0.53078,-0.80931,0.40079,0,0,0,0,0,0
7604,-0.35824,-0.33773,-0.65524,-0.71603,0.53374,3.71163,1.15824,0,0,0,0
7605,-0.91455,-1.40555,-1.53664,-1.52722,-0.19858,4.22454,1.526,0,0,0,0
7606,0.956,-4.64057E-3,-0.62752,-0.39199,0.71217,0,0,0,0,0,0
7607,-0.43518,-0.81332,-0.94367,-0.71171,0.34536,0,0,0,0,0,0
7608,-0.87654,-1.45301,-1.57684,-1.71176,-0.3329,4.37297,1.30174,0,0,0,0
7609,0.01958,-1.14379,-0.86258,-1.18536,0.65069,3.13842,0.4261,0,0,0,0
7610,1.25957,0.02829,-0.50609,-0.33251,0.38978,3.82073,0,0,0,0,0
7611,1.48414,0.37765,-0.12928,-0.43499,0.80742,0,0,0,0,0,0
7612,-0.05988,-0.90683,-0.61619,-0.24133,0.89221,0,0,0,0,0,0
7613,0.90205,-0.62957,-0.87636,-0.10165,0.76539,0,0,0,0,0,0
7614,1.21889,0.35855,-0.50896,-0.12796,0.6165,3.84832,0,0,0,0,0
7615,1.20457,0.11526,-0.3888,-0.37019,0.65141,0,0,0,0,0,0
7616,0.55887,-0.2048,-0.91294,-0.79144,0.26586,3.23476,0,0,0,0,0
7617,1.04456,0.28172,-0.47774,-0.52664,0.46695,3.72738,0,0,0,0,0
7618,1.15844,0.11058,-0.42025,-0.61553,0.36679,1.24668,0.40451,0,0,0,0
7619,0.09463,-0.50335,-0.83337,-0.86749,0.24791,4.10232,0.69825,0,0,0,0
7620,0.75092,-0.58655,-0.2951,-1.40937,0.94668,4.24917,1.47156,0,0,0,0
7621,1.20471,0.25721,-0.55428,-0.60487,0.69949,3.85353,0.57983,0,0,0,0
7622,-0.18336,-0.87735,-1.17182,-1.06114,0.27468,4.02553,0.79837,0,0,0,0
7623,-0.60767,-1.06484,-1.25106,-1.21099,-0.08247,3.47488,0.05467,0,0,0,0
7624,-0.84078,-1.3661,-1.45197,-1.65274,-0.28026,3.12668,0.49003,0,0,0,0
7625,0.06648,-0.86937,-0.80698,-0.75111,0.85051,0,0,0,0,0,0
7626,0.9192,-0.23098,-0.88068,-0.78227,0.11141,3.39763,-0.60158,0,0,0,0
7627,1.36713,0.40057,-0.18889,-0.15825,0.52336,0,0,0,0,0,0
7628,0.70745,-0.37112,-1.11765,-1.11833,-0.21916,0.33039,0,0,0,0,0
7629,-0.1262,-0.8552,-1.04015,-1.01855,0.26671,3.99122,0.87339,0,0,0,0
7630,0.01582,-0.90781,-0.69838,-0.68948,0.71761,1.02353,0,0,0,0,0
7631,0.46441,-0.35182,-0.51503,-1.4024,0.46645,0.33039,0,0,0,0,0
7632,-0.12426,-0.60773,-1.23773,0.35642,1.19745,0.33039,0.4519,0,0,0,0
7633,0.32555,-0.2844,-0.43948,-0.53535,0.23068,0,0,0,0,0,0
7634,-0.23531,-0.63072,0.33166,-0.28073,0.81192,0,0,0,0,0,0
7635,-0.02717,-0.62538,-0.76277,-0.3222,0.61626,0,0,0,0,0,0
7636,0.3203,-0.73984,-0.61532,-0.59509,0.52721,4.05143,0,0,0,0,0
7637,1.7762,0.54647,-0.05564,0.03522,0.69401,1.02353,0,0,0,0,0
7638,2.41507,1.20625,0.24307,-0.22806,0.89187,0,0,0,0,0,0
7639,-3.59286,-0.74104,-0.49713,-1.37661,0,0,0,0,0,0,0
7640,1.94131,0.56276,-0.04076,-0.06818,0.63966,0,0,0,0,0,0
7641,0.15219,-0.70036,-1.0784,-0.16137,0.96343,0,0,0,0,0,0
7642,1.92245,0.82956,0.07984,0.17231,0.40531,0,0,0,0,0,0
7643,2.61858,1.26477,0.82075,-0.03526,1.03096,0,0,0,0,0,0
7644,0.21126,-0.62238,-0.5452,-0.55724,0.96478,0,0,0,0,0,0
7645,1.99409,0.86418,0.14599,-0.06893,0.50278,0,0,0,0,0,0
7646,0.46612,-0.02866,-0.56753,0.0766,1.31955,0,0,0,0,0,0
7647,1.72625,1.34854,0.02272,0.1829,0.34612,0.33039,0,0,0,0,0
7648,0.36925,-0.12389,-0.28972,0.07869,0.59808,0,0,0,0,0,0
7649,0.22697,-0.1679,-0.77167,-0.62961,0.7414,3.79023,1.75418,0,0,0,0
7650,0.77572,-0.67989,-0.64905,-0.48284,1.24378,0,0,0,0,0,0
7651,0.26439,-0.7525,-0.59294,-0.74516,0.90934,0,0,0,0,0,0
7652,1.62763,1.20774,0.17403,-0.26147,0.40725,0,0,0,0,0,0
7653,0.27456,0.32451,-0.62257,-0.94088,0,0,0,0,0,0,0
7654,0.31191,-0.70531,-0.8518,-0.63202,0.78327,4.05143,0,0,0,0,0
7655,0.88001,-0.59949,-0.27004,-0.20308,0.98286,3.54306,1.37872,0,0,0,0
7656,1.83407,0.72597,0.34518,0.34334,1.43807,0,0,0,0,0,0
7657,0.30662,1.554,0.83062,-1.40728,1.47538,0,0,0,0,0,0
7658,-0.21859,-1.00302,-0.46159,0.72771,1.30949,0,0,0,0,0,0
7659,-0.60206,-0.9726,-0.56345,-0.63218,0.9528,2.59124,0.91594,0,0,0,0
7660,-0.49868,-0.83795,-0.60492,-0.08186,1.21002,0,0,0,0,0,0
7661,-0.206,-0.37803,-0.43012,-0.31509,2.29584,0,0,0,0,0,0
7662,-0.37654,-1.35819,-0.79043,-0.25393,1.4393,0,0,0,0,0,0
7663,-0.39318,-1.55746,-0.51783,-0.40339,1.72265,0,0,0,0,0,0
7664,-0.49858,0.72791,1.40418,0.12693,1.43061,0,0,0,0,0,0
7665,-1.89852,-0.37174,1.55374,0.09227,2.31033,0,0,0,0,0,0
7666,-1.48715,0,0,-0.55885,0,0,0,0,0,0,0
7667,-0.4472,0.3961,0.92637,-0.25319,1.16633,0,0,0,0,0,0
7668,-1.34018,0.2773,1.14409,0.29121,2.40451,0,0,0,0,0,0
7669,0.23851,0.54376,1.06516,-0.14221,1.21698,2.31221,0,0,0,0,0
7670,-0.80072,0.45522,1.2362,0.07433,1.51948,0,0,0,0,0,0
7671,-0.01913,1.13186,0.8814,-0.32474,0.24546,0,0,0,0,0,0
7672,0.10323,0.09276,0.70658,0.51534,-0.76826,0,0,0,0,0,0
7673,0.01264,0.62719,0.8177,-0.07532,1.073,-0.03238,0,0,0,0,0
7674,-0.3172,0.26409,0.55483,-0.57302,0.315,1.68807,0,0,0,0,0
7675,-0.25801,0.20078,0.32183,-0.84624,0.07079,1.6926,0,0,0,0,0
7676,0.17041,0.3142,0.66396,-0.78807,0.28335,0.95389,1.63278,0,0,0,0
7677,0.2987,0.29155,0.65886,-0.71198,-0.15262,0.51589,1.35932,0,0,0,0
7678,-0.2624,-0.06704,0.3141,-0.88254,-0.22664,0,0,0,0,0,0
7679,-0.16888,0.18347,2.09035,-0.89593,1.73871,0,0,0,0,0,0
7680,0.48088,0.59543,0.77276,-0.78418,-4.50012E-3,0,2.62055,0,0,0,0
7681,0.11381,0.54568,1.12641,-0.39275,0.81581,0,0,0,0,0,0
7682,-1.18772,0.03665,1.92153,0.66715,2.17239,0,0,0,0,0,0
7683,-0.25347,-0.12836,0.27402,-0.95493,-0.49876,0.53855,0.44329,0,0,0,0
7684,0.98855,0.57171,0.75598,-0.39713,0.26435,0,0,0,0,0,0
7685,1.04932,0.97997,1.54043,0.94986,1.90612,0,0,0,0,0,0
7686,2.18253,0.70916,1.62153,0.50915,1.32775,2.95282,0,0,0,0,0
7687,0.33754,1.5454,-0.17683,-1.03807,1.20692,0,0,0,0,0,0
7688,0,1.52002,2.18044,0.86814,2.274,0,0,0,0,0,0
7689,0,-0.20369,2.33208,-0.32591,0,0,0,0,0,0,0
7690,0,0,0,0,0,0,0,0,0,0,0
7691,-2.49932,-0.53576,0.1277,1.09263,1.92218,0,0,0,0,0,0
7692,-3.47815,-0.78203,-0.22762,0,0,0,0,0,0,0,0
7693,-2.42943,-0.48497,-0.0639,0.5302,0.72629,0,0,0,0,0,0
7694,-2.78964,-0.75503,0.47778,1.23094,1.08095,0,0,0,0,0,0
7695,-2.09493,-2.23533,0.10281,0,1.60859,2.64142,0,0,0,0,0
7696,-3.01128,-1.10488,0.4638,1.30644,1.17148,0,0,0,0,0,0
7697,-3.61516,-0.20567,0.8091,0.80632,2.11255,0,0,0,0,0,0
7698,-2.96662,-1.27152,-0.09825,0.89633,1.14709,0,0,0,0,0,0
7699,-3.02353,-0.62849,0.16658,0.9361,1.53766,0,0,0,0,0,0
7700,-3.21745,-1.33187,-0.13805,0.29966,1.26389,0,0,0,0,0,0
7701,-2.93156,-0.6337,0.1653,-9.80525E-3,0.97666,0,0,0,0,0,0
7702,-2.85704,-3.04028,0.50626,0.54482,1.98032,0,0,0,0,0,0
7703,-2.76183,-0.57681,0.32641,1.48924,2.02108,1.99895,-0.3181,0,0,0,0
7704,-2.66522,0.8566,0.73067,0.68453,0,0,0,0,0,0,0
7705,-2.8622,-1.59604,-0.16219,1.17072,1.1844,0,0,0,0,0,0
7706,-2.41859,-1.00446,-3.15832,0,0,0,0,0,0,0,0
7707,-3.70977,-0.90694,0.21866,1.01491,2.59604,0,0,0,0,0,0
7708,-3.03255,-1.45697,0.16563,0.36534,1.88493,2.37745,0,0,0,0,0
7709,-2.37685,0.81837,0.53706,-0.13704,1.5234,0,-0.40232,0,0,0,0
7710,-2.89808,-1.7774,0,0,1.07572,0,0,0,0,0,0
7711,-2.64169,-1.45553,-0.0416,0.948,1.33231,0,0,0,0,0,0
7712,-3.66389,-1.69954,-0.52752,0.24229,1.31436,0,0,0,0,0,0
7713,-3.60636,-2.39583,-1.08976,-0.2135,0.82801,1.0309,0,0,0,0,0
7714,-3.27388,-0.86982,0.80113,0.7804,1.07574,0,0,0,0,0,0
7715,-3.04933,-1.45535,-0.4566,0.2897,1.26547,0.93197,0,0,0,0,0
7716,-3.24842,-1.67136,-0.43777,0.40493,1.34607,0.82126,0,0,0,0,0
7717,-3.17249,-0.92859,0.29098,1.28539,3.36835,0,0,0,0,0,0
7718,-3.12505,-0.41047,0.13593,2.24437,3.18216,0.33039,0,0,0,0,0
7719,-2.11268,-0.75673,0.51887,5.67295E-3,1.31799,1.57894,0,0,0,0,0
7720,-2.67473,-0.29279,0.42843,-0.02085,2.44312,0,0,0,0,0,0
7721,-2.42478,-0.91959,1.07762,0.32119,2.39908,0,-0.12534,0,0,0,0
7722,-3.05899,-0.27486,1.53323,2.67424,2.2952,0,0,0,0,0,0
7723,-1.35206,-0.17073,-0.57817,0,0,0,0,0,0,0,0
7724,-3.33057,-1.37138,-0.12366,1.28981,1.83161,0,0,0,0,0,0
7725,-2.66658,-0.97342,0.96101,0.47254,2.26976,0,0,0,0,0,0
7726,-1.14819,0.02885,0.81687,2.87583,2.76564,0,0,0,0,0,0
7727,1.17727,-1.94934,-0.91793,0.54525,2.10881,0,0,0,0,0,0
7728,0.49588,0.76627,2.06595,1.2748,0,0,0,0,0,0,0
7729,-0.31721,-0.40479,-0.31119,0.20719,2.59387,0,0,0,0,0,0
7730,1.16988,-0.71699,-0.02913,0.46698,2.54915,0,0,0,0,0,0
7731,-0.19161,-2.26861,-0.67052,0.34971,3.01501,0,0,0,0,0,0
7732,-0.74876,-0.92173,2.07891,-0.88291,0.87732,0,0,0,0,0,0
7733,-0.90928,-3.08347,-1.44994,-0.18109,1.82017,0.71391,0,0,0,0,0
7734,-1.16525,-3.03867,-1.0786,0.29574,2.13757,0,0,0,0,0,0
7735,-1.36617,-3.15036,-1.59826,-0.05405,1.97954,0.9775,0.88,0,0,0,0
7736,-0.98683,-2.78237,-1.10405,0.2921,2.62541,1.04441,0.27576,0,0,0,0
7737,-1.14526,-2.12029,-0.61904,1.00456,2.43803,0,0,0,0,0,0
7738,-0.89642,-1.38027,-0.57275,0.17701,2.04831,2.24029,0,0,0,0,0
7739,-1.05571,-2.31007,-0.55908,0.52431,2.67062,0,0,0,0,0,0
7740,-0.89275,-2.96706,-1.17908,0.15085,2.22678,1.15624,0,0,0,0,0
7741,-0.62446,-1.55333,-1.2137,0.34884,2.79359,1.97199,0.43075,0,0,0,0
7742,-0.43421,-0.5878,0.05246,0.54081,2.44836,0,0,0,0,0,0
7743,-0.2708,-2.5201,-0.68753,0.33303,3.52662,0,0,0,0,0,0
7744,0,-2.72908,-2.09535,-0.81534,-0.27893,0,0,0,0,0,0
7745,-0.92258,-1.73754,-1.01468,0.27075,2.84056,0,0,0,0,0,0
7746,-0.75472,-2.0658,-1.10748,0.54705,3.10664,1.06819,0.1138,0,0,0,0
7747,-1.0469,-1.7952,-1.53626,-0.07212,2.00904,0,0,0,0,0,0
7748,0,0,0,0,0,0,0,0,0,0,0
7749,0,0,0,0,0,0,0,0,0,0,0
7750,-0.50753,0.40804,0,-0.27703,2.05158,0,0,0,0,0,0
7751,-3.94569,0.22275,-0.30472,0.25502,0,0,0,0,0,0,0
7752,-4.55503,0,0,0,0,0,0,0,0,0,0
7753,-3.80401,-0.27842,-0.13531,1.10675,4,0,0,0,0,0,0
7754,-3.29657,-0.8442,0,0,0,0,0,0,0,0,0
7755,-3.27787,0.18495,0.61075,1.35304,5.48103,0,0,0,0,0,0
7756,0,0,0,0,0,0,0,0,0,0,0
7757,-4.30526,-1.35217,-0.89038,-0.93973,0,0,0,0,0,0,0
7758,-3.81714,-0.49475,-0.01587,0.16515,3.66578,2.95727,0,0,0,0,0
7759,-3.09376,-0.96823,0.49568,0.61134,2.25573,0,0,0,0,0,0
7760,0,0,0,0,0,0,0,0,0,0,0
7761,-2.51853,0,0,0,0,0,0,0,0,0,0
7762,-3.52557,-1.95282,0,0,0,0,0,0,0,0,0
7763,-3.42216,-0.85374,-0.24727,0,0,0,0,0,0,0,0
7764,-4.89087,-0.90425,-0.36194,-7.05689E-4,4.25003,0,1.73781,0,0,0,0
7765,-3.84977,-0.75487,-1.17055,-0.84675,0,0,0,0,0,0,0
7766,-5.4986,-1.55534,-0.91031,-0.28708,3.39355,0,0,0,0,0,0
7767,-3.66627,-1.06504,0.34106,-0.02673,6.39856,0,0,0,0,0,0
7768,-4.54287,-1.14645,-0.48947,-0.07456,4.0326,0,0,0,0,0,0
7769,-4.46772,-1.00299,0.23632,0.6941,3.37884,0,-0.58118,0,0,0,0
7770,-4.40466,-0.83197,-0.02164,0.20432,3.54217,0,1.49038,0,0,0,0
7771,-4.76942,-0.483,-0.41852,-0.07479,3.79137,2.48939,0.59749,0,0,0,0
7772,-5.94116,-1.96614,-1.08177,-0.58812,3.35396,2.09092,0,0,0,0,0
7773,-5.61201,-1.82264,-0.88658,-0.16421,3.47614,3.09585,0.20962,0,0,0,0
7774,-6.17806,-2.11913,-1.26739,-0.74421,3.01285,2.59832,0,0,0,0,0
7775,-3.95948,-0.40122,0.11501,1.12954,3.65655,0,0,0,0,0,0
7776,-5.69913,-1.58674,-0.53149,-0.10909,3.61808,2.78479,0,0,0,0,0
7777,-4.24192,-0.89752,0.40139,0.86947,3.33123,0,0,0,0,0,0
7778,-6.16917,-2.00081,-1.26462,-0.78261,2.90514,1.65879,1.04268,0,0,0,0
7779,0,0,0,0,0,0,0,0,0,0,0
7780,-4.75291,-0.86544,-0.72628,-0.08766,3.99649,0.33039,0,0,0,0,0
7781,-4.51656,-0.75063,-0.52531,0.36311,4.78026,0,0,0,0,0,0
7782,0,0,0,0,0,0,0,0,0,0,0
7783,-3.15625,-0.52213,0.73579,0.95861,3.54546,0,0,0,0,0,0
7784,-1.99318,0,-1.13968,0,0,0,0,0,0,0,0
7785,-3.56295,-1.00486,0.75786,0.36711,2.03818,0,0,0,0,0,0
7786,-4.16131,-0.79538,-0.18811,1.02965,3.91047,0,0,0,0,0,0
7787,-4.46495,-0.53803,0.06855,0.19661,5.05319,0,0,0,0,0,0
7788,-5.18801,-0.88575,0.22441,-0.53056,4.63371,0,0,0,0,0,0
7789,-5.42765,-1.26717,0.48761,-0.14301,4.17076,3.1913,0.04767,0,0,0,0
7790,-4.05037,-0.57896,0.81069,0.60137,3.66717,0,0,0,0,0,0
7791,-4.10124,-0.53983,0.33447,1.00561,3.28295,0,0,0,0,0,0
7792,-4.6404,-0.45333,-0.33759,0.07657,3.80639,0,0,0,0,0,0
7793,-3.51837,-0.20439,-0.2124,0.67087,2.70441,0,0,0,0,0,0
7794,-4.11015,-0.25488,0.47705,0.41472,3.69861,0,0,0,0,0,0
7795,-4.28458,0,0,-0.42337,0,0,0,0,0,0,0
7796,-4.42197,-1.25332,-0.16702,0.71273,4.64759,0,0,0,0,0,0
7797,-3.11475,-0.74556,1.58842,1.25414,2.28588,0,0,0,0,0,0
7798,-3.45502,-1.71249,-0.1497,0.29588,1.24064,0,0,0,0,0,0
7799,-2.30555,-1.53535,0.32103,0.46052,1.43456,0,0,0,0,0,0
7800,-3.68159,-1.83759,-0.20056,0.61165,1.19556,1.91867,0,0,0,0,0
7801,-4.34902,-2.51298,-0.46593,0.29643,1.3444,0,0,0,0,0,0
7802,-4.25346,-2.30333,-0.7558,0.02869,0.87235,1.70492,0,0,0,0,0
7803,-3.60556,-2.1619,-0.30885,0.23777,1.01878,1.6482,0.88448,0,0,0,0
7804,-4.26986,-2.02437,-0.36185,-0.31309,0.84225,1.00691,0,0,0,0,0
7805,-1.16902,-0.10137,0.26569,0,-0.50107,0,0,0,0,0,0
7806,-4.33362,-2.34301,-0.73676,-0.10684,0.8768,1.70036,0,0,0,0,0
7807,-1.94537,-0.06851,-0.19444,0,0,0,0,0,0,0,0
7808,-4.66487,-2.64595,-1.12467,-0.13509,0.56646,1.05185,0.27467,0,0,0,0
7809,-4.59593,-2.74907,-1.2712,0.07564,0.85751,0.42584,0,0,0,0,0
7810,-3.70611,-1.63528,-0.26946,0.27918,0.99427,-0.72552,0,0,0,0,0
7811,-3.46253,-2.20618,-0.25927,-0.01914,0.77943,0,0,0,0,0,0
7812,-4.44244,-2.28305,-0.45618,0.20461,0.94268,0,0,0,0,0,0
7813,-4.63298,-2.61815,-1.0677,-0.41818,-0.03327,1.01277,-0.10092,0,0,0,0
7814,-2.80279,-1.30944,0.35297,0.60267,1.38994,1.86663,0,0,0,0,0
7815,-5.41441,-2.70005,-1.12106,0.02102,0.54039,0.83173,0.05872,0,0,0,0
7816,-5.0481,-2.69818,-1.0698,-0.29404,0.581,0.82634,0.22804,0,0,0,0
7817,0,0,0,0,0,0,0,0,0,0,0
7818,-4.86483,-2.55105,-1.19199,0.04868,0.7114,0,0,0,0,0,0
7819,-4.96952,-2.39462,-1.51514,-0.05598,0.71281,0.67554,-0.43468,0,0,0,0
7820,-5.47985,-2.51734,-0.87687,0.43014,0.63591,0,0,0,0,0,0
7821,-4.73176,-2.50569,-0.68958,0.27019,0.65468,1.01823,0,0,0,0,0
7822,-3.58447,-2.06307,-0.23214,-0.12206,0.7103,0.66077,0,0,0,0,0
7823,-5.20452,-2.78114,-1.23328,-0.37056,0.37162,0.78789,0,0,0,0,0
7824,-5.62774,-2.80247,-0.94267,-0.05913,0.48144,0.48295,-0.27309,0,0,0,0
7825,-5.58471,-2.78069,-1.28262,-0.20204,0.58135,0,0,0,0,0,0
7826,-4.92449,-2.65878,-0.9733,-0.30722,0.26177,0.94177,0.68304,0,0,0,0
7827,-5.39015,-2.93693,-1.47651,-0.59277,0.08541,0.53861,-9.38935E-3,0,0,0,0
7828,-6.22245,-3.42706,-1.93112,-0.94803,-0.28944,-1.30628,-0.06338,0,0,0,0
7829,-5.32363,-2.87976,-1.15853,-0.4698,0.20179,0,0,0,0,0,0
7830,-5.8272,-2.87636,-1.44037,-0.31874,0.43687,-0.03577,-0.23626,0,0,0,0
7831,-5.79901,-2.79134,-1.27918,-0.39752,0.40588,0.20107,0,0,0,0,0
7832,-5.62331,-3.14111,-1.66411,-0.73947,-0.07531,0.60203,0.68833,0,0,0,0
7833,-2.68622,-1.57145,0.64445,0.3122,0.64943,0,0,0,0,0,0
7834,-4.64006,-2.65455,-1.1399,-0.45111,0.06462,0.674,-0.03983,0,0,0,0
7835,-5.64934,-2.94733,-1.16756,-0.17126,0.60815,0,0,0,0,0,0
7836,-5.41918,-2.93847,-1.15127,-0.23083,0.36292,0,0,0,0,0,0
7837,-5.13814,-2.95068,-1.31512,-0.60373,-0.06735,0.73652,0,0,0,0,0
7838,-3.56958,-3.27733,-3.43993,-1.47751,0.16995,0,0,0,0,0,0
7839,-5.84397,-2.94264,-1.28784,-0.07494,0.67073,0.34819,0,0,0,0,0
7840,-5.30724,-2.74022,-1.05492,-0.35367,0.65021,0,0,0,0,0,0
7841,-5.66501,-3.00243,-1.48678,-0.50559,0.12988,0,0,0,0,0,0
7842,-6.23631,-1.9791,-0.79633,0.26713,0.49105,0,0,0,0,0,0
7843,0,0,0,0,0,0,0,0,0,0,0
7844,-5.9834,-2.23202,-0.73884,0.27814,0.56374,0,0,0,0,0,0
7845,-4.82405,-2.59607,-0.97925,-0.2009,0.34485,0.13941,0,0,0,0,0
7846,-5.60212,-3.02112,-1.37529,-0.34734,0.1141,0.33039,0,0,0,0,0
7847,-6.04874,-2.93567,-1.28806,-0.19008,0.44726,0.11949,0,0,0,0,0
7848,0,0,0,0,0,0,0,0,0,0,0
7849,-5.7228,-2.90568,-1.38625,-0.15453,0.34141,-0.10745,0,0,0,0,0
7850,-5.52096,-2.7426,-1.26453,0.04543,0.43418,0.66077,0,0,0,0,0
7851,-5.70389,-3.055,-1.47406,-0.50697,-0.01195,0.32749,0,0,0,0,0
7852,-5.42386,-2.91671,-1.1825,-0.34735,0.32246,0,0,0,0,0,0
7853,-5.90321,-2.73716,-1.10254,-0.33368,0.58636,0.34419,0,0,0,0,0
7854,-5.18559,-2.86495,-1.4169,-0.36102,0.42528,0,0,0,0,0,0
7855,-6.11483,-3.05351,-1.48084,-0.09102,0.4975,-0.43794,0.04178,0,0,0,0
7856,-5.72303,-2.82231,-1.30408,-0.27692,0.14321,0,0,0,0,0,0
7857,-5.96228,-2.59487,-0.92484,-0.95265,0.03124,0,0,0,0,0,0
7858,-4.4703,-3.30417,-1.73777,-0.62945,-0.02683,0,0,0,0,0,0
7859,-5.51691,-3.00807,-1.4107,-0.34922,0.2098,1.71668,0,0,0,0,0
7860,-5.53552,-2.73714,-0.87798,0.02567,0.3536,0,0,0,0,0,0
7861,-5.57954,-2.9312,-1.30642,-0.32348,0.21666,0.53471,0,0,0,0,0
7862,-5.86088,-2.97246,-1.24802,-0.13088,0.53738,-0.63401,0,0,0,0,0
7863,-5.00142,-2.73758,-1.30508,-0.06511,0.35942,0.33039,0,0,0,0,0
7864,-5.61274,-2.7179,-1.39283,-0.44222,0.57601,-0.09503,0,0,0,0,0
7865,-5.86257,-2.89067,-1.4956,-0.29796,0.41563,-0.39188,0,0,0,0,0
7866,-6.02113,-3.14136,-1.58857,-0.33898,0.10147,0.65023,0,0,0,0,0
7867,-6.31174,-2.80681,-1.44275,-0.30287,0.4423,-0.25945,0,0,0,0,0
7868,-5.56743,-2.59093,-0.76301,0.65652,0.77848,0.69551,0,0,0,0,0
7869,-5.55471,-2.75534,-1.16539,-0.06223,0.28054,0,0,0,0,0,0
7870,-5.0588,-3.13795,-1.82456,0.15421,0.642,0,0,0,0,0,0
7871,-5.58413,-2.49275,-0.97426,-0.211,0.26334,0.50851,0,0,0,0,0
7872,-6.28414,-3.0934,-1.87516,-0.41956,1.00637,0.13185,0,0,0,0,0
7873,-5.36382,-2.10878,-0.96932,1.44457,1.35849,0,0,0,0,0,0
7874,-6.48662,-3.22801,-1.66119,-0.47307,0.18409,-1.85049,0,0,0,0,0
7875,-5.37631,-2.74002,-0.98586,-0.08366,0.4204,0.315,0.73694,0,0,0,0
7876,0,0,0,0,0,0,0,0,0,0,0
7877,-5.52882,-3.11756,-0.73649,0.12139,0.50472,0,0,0,0,0,0
7878,-5.88601,-2.79841,-1.2048,0.34747,0.12837,0,0,0,0,0,0
7879,-5.71332,-2.89362,-1.21597,-0.34335,0.43707,0,0,0,0,0,0
7880,-6.048,-2.74767,-0.97896,-0.37636,-8.21176E-3,0,0,0,0,0,0
7881,-6.19552,-3.12409,-1.35976,0.051,0.71483,0.22891,0,0,0,0,0
7882,-5.36989,-2.76405,-0.76122,-0.23645,0.78456,0.34561,0,0,0,0,0
7883,-5.96847,-2.3974,-0.47832,0.17893,1.57265,0,0,0,0,0,0
7884,-5.24905,-2.89082,-1.4131,-0.19262,0.23838,0,0,0,0,0,0
7885,-5.45899,-2.71635,-1.5675,-0.75695,-0.04008,0,0,0,0,0,0
7886,-5.25365,-2.41954,-1.46172,-0.12381,0.31155,0,0,0,0,0,0
7887,-6.019,-3.02929,-1.45219,-0.02221,0.64019,0.59639,0,0,0,0,0
7888,-4.86264,-2.82362,-1.54722,-0.49442,-6.40714E-3,0,0,0,0,0,0
7889,-5.79724,-3.03994,-1.03145,-0.38816,0.39688,0.29801,0,0,0,0,0
7890,-5.36307,-2.55082,-1.7613,0.12917,0.23427,0,0,0,0,0,0
7891,-6.3522,-2.81561,-1.36536,0.33973,-7.78434E-3,2.36082E-3,0,0,0,0,0
7892,-5.31291,-2.78818,-1.06305,-0.08638,0.95312,0,0,0,0,0,0
7893,0,0,0,0,0,0,0,0,0,0,0
7894,-4.07571,-1.975,-0.57373,0.10734,0.44837,1.12557,-0.04693,0,0,0,0
7895,-5.62126,-2.74034,-1.23143,-0.04526,0.5638,0.33513,0.46293,0,0,0,0
7896,-5.1775,-2.87958,-1.22049,-0.48653,0.12054,0.46802,0.53107,0,0,0,0
7897,-5.45564,-2.61458,-1.23725,-0.03633,0.65075,-0.64547,0.4785,0,0,0,0
7898,-5.37355,-2.56532,-0.5232,-0.71617,0.02325,0,0,0,0,0,0
7899,-5.12679,-2.81011,-1.14744,-0.5507,0.25995,0.2119,-1.17071,0,0,0,0
7900,-3.41397,-1.54278,-0.11538,0.4604,0.78519,1.29055,0.47378,0,0,0,0
7901,-5.68493,-2.74005,-0.93699,-0.2426,0.40466,0,0,0,0,0,0
7902,-4.49491,-2.64443,-0.58923,0.15988,0.23675,0,0,0,0,0,0
7903,-3.14262,-1.49314,-0.34878,0.70481,0.16316,0,0,0,0,0,0
7904,-5.43033,-2.74263,-1.26778,-0.18228,0.36436,6.10992E-3,0,0,0,0,0
7905,-5.55879,-2.86317,-1.40553,0.0434,0.43509,0.31376,0,0,0,0,0
7906,-5.45721,-2.6993,-1.1079,-0.26376,0.47558,0.69105,0,0,0,0,0
7907,-5.37609,-2.90381,-1.17818,-0.29959,0.27036,0.33883,0,0,0,0,0
7908,-5.94064,-3.30262,-1.67059,-0.85206,-0.30727,0,0,0,0,0,0
7909,-5.03012,-2.84536,-1.24075,-0.12576,0.03763,0.34949,0,0,0,0,0
7910,-5.23011,-2.66103,-1.19202,-0.04403,0.55454,0.70631,0.3194,0,0,0,0
7911,-5.6139,-2.74998,-1.19498,0.02922,0.47633,0.56264,0,0,0,0,0
7912,-4.5801,-2.48723,-0.69413,0.62856,0.90687,0,0,0,0,0,0
7913,-3.99766,-1.81831,-0.47998,0.70577,1.21067,1.77433,0.62091,0,0,0,0
7914,-4.75391,-2.61409,-1.18264,-0.27011,0.01591,0,0,0,0,0,0
7915,-4.94924,-2.55547,-1.03669,-0.14395,0.42573,0.79109,0,0,0,0,0
7916,-5.69878,-3.16264,-1.56957,-0.41566,0.20529,0.04307,-0.56837,0,0,0,0
7917,-5.84085,-3.10512,-1.28348,4.27013E-4,0.48473,0.3044,0.19019,0,0,0,0
7918,-5.53289,-3.21674,-1.57959,-0.61518,-0.24021,0.50529,0,0,0,0,0
7919,-5.17412,-2.8442,-1.329,-0.25468,0.25978,0,0,0,0,0,0
7920,-5.30052,-3.16468,-1.68979,-0.96195,-0.66634,0.859,0,0,0,0,0
7921,-5.13903,-2.55673,-0.73582,0.14544,0.262,0,0,0,0,0,0
7922,-5.12521,-2.67131,-0.96549,-0.37659,0.4811,0.66077,0,0,0,0,0
7923,-5.84803,-3.09732,-1.5274,-0.32056,0.45586,-0.12083,-0.96556,0,0,0,0
7924,-5.46876,-2.83891,-1.14137,-0.21688,0.54865,0.55887,0,0,0,0,0
7925,-4.81209,-2.35413,-0.9606,-0.6315,0.17188,0.5275,-0.09511,0,0,0,0
7926,-4.04298,-2.3149,-0.69712,-0.29041,0.4409,0.93073,0.27816,0,0,0,0
7927,-3.60843,-1.57701,-0.07365,0.84078,1.07848,0.33039,0,0,0,0,0
7928,-5.43045,-2.93186,-1.42159,-0.28227,0.27345,0.29878,0,0,0,0,0
7929,-2.65246,-2.07659,-0.63251,0.77619,1.24059,0,0,0,0,0,0
7930,-5.38819,-2.9026,-1.47133,-0.28917,0.22629,0.1196,0.32036,0,0,0,0
7931,-5.06919,-2.8176,-1.13875,-0.36196,-0.14165,0.53358,0,0,0,0,0
7932,-4.08313,-2.03778,-0.70513,-0.0837,0.07913,1.06074,0,0,0,0,0
7933,-5.23488,-2.80519,-0.95796,-0.03264,0.59921,0,0,0,0,0,0
7934,-5.42543,-2.91001,-1.33918,-0.4324,0.32325,0.4708,0,0,0,0,0
7935,-5.2193,-2.8446,-1.28681,-0.33013,2.02482E-3,0.59204,0.3703,0,0,0,0
7936,-5.60752,-3.33185,-1.75239,-0.72226,0.05797,0.62549,0,0,0,0,0
7937,-5.45183,-3.04798,-1.35106,-0.34858,0.5154,0.29335,-0.62603,0,0,0,0
7938,-4.59671,-2.25964,-0.67446,-0.06737,0.30052,0,0,0,0,0,0
7939,-5.18609,-2.97661,-1.4472,-0.39485,-0.09813,0.03215,-0.02374,0,0,0,0
7940,-5.23562,-2.85214,-1.2694,-0.27923,0.34351,0.57956,0.07788,0,0,0,0
7941,-4.84105,-2.14237,-0.93533,0.28459,0.28245,0,0,0,0,0,0
7942,-5.09484,-3.0834,-1.59202,-0.90921,-0.5984,0.56749,-0.02571,0,0,0,0
7943,-5.08671,-2.28163,-0.88097,-0.72467,0.83055,0,0,0,0,0,0
7944,-3.81049,-2.04107,-0.54859,0.28304,0.40625,0,1.02056,0,0,0,0
7945,-3.80798,-2.38645,-0.33327,0.11721,0.23216,0,0,0,0,0,0
7946,-5.02562,-2.64246,-1.15915,-0.5388,0.36909,0,0,0,0,0,0
7947,-4.47783,-2.32467,-1.37447,0.02238,-0.12196,0,0,0,0,0,0
7948,-4.91642,-2.54085,-1.22322,-0.19655,0.61057,0.70296,-0.52092,0,0,0,0
7949,-4.67723,-2.6519,-1.11566,-0.35228,-0.09544,0.40255,0,0,0,0,0
7950,-4.72281,-2.52348,-0.92598,0.60329,0.68188,0.18023,0,0,0,0,0
7951,-3.85637,-1.6967,-0.55086,0.03884,0.3406,0.99116,0,0,0,0,0
7952,-5.18118,-2.7212,-1.0815,-0.21282,0.43315,0.55452,-0.39403,0,0,0,0
7953,-4.8506,-2.6062,-1.15672,-0.11372,0.4482,1.31658,-0.15543,0,0,0,0
7954,-4.69652,-2.72073,-1.1328,-0.36549,-0.12802,0.64524,0,0,0,0,0
7955,-4.74624,-2.71454,-1.14523,-0.3076,-0.20841,0.80377,0,0,0,0,0
7956,-3.48481,-1.56704,-0.14251,0.47176,0.54017,0,0,0,0,0,0
7957,-4.34582,-2.35152,-0.85949,-0.10499,0.20673,0.85883,0.11467,0,0,0,0
7958,-4.35507,-2.78011,-0.67987,-0.28694,0.3025,0.33039,0,0,0,0,0
7959,-2.6572,-0.51752,0.06037,-0.12132,0.5559,0,0,0,0,0,0
7960,-4.44874,-2.35873,-0.62481,-0.06112,0.47443,0.33039,0,0,0,0,0
7961,-3.45912,-1.68017,-0.51858,0.40199,0.73424,1.97199,0,0,0,0,0
7962,-4.02296,-2.32684,-0.87279,-0.17588,-0.09069,0.83436,0,0,0,0,0
7963,-2.91883,-1.31248,-0.35539,1.43044,0.67379,0,0,0,0,0,0
7964,-4.59998,-2.2246,-0.83123,0.06944,0.76644,0.99116,0,0,0,0,0
7965,-4.73039,-2.52831,-0.99138,-0.11962,0.55593,1.29126,0,0,0,0,0
7966,-4.5698,-2.5806,-0.97048,-0.09667,0.50805,0.99719,0,0,0,0,0
7967,-3.39069,-2.02144,-0.53636,0.22764,0.09963,0.74672,-0.72039,0,0,0,0
7968,-4.61956,-2.54499,-0.87307,0.15017,0.44483,1.14271,0,0,0,0,0
7969,-4.26667,-2.36862,-0.49359,0.22942,0.83812,1.17228,-0.27102,0,0,0,0
7970,-3.81618,-1.9415,-0.6908,-0.05167,0.03107,0.55903,0.20901,0,0,0,0
7971,-4.22159,-2.26292,-0.79285,0.20227,0.07549,0.72255,0,0,0,0,0
7972,-4.51277,-2.69025,-1.10344,-0.52148,-0.37984,0.5318,-0.30661,0,0,0,0
7973,-4.31591,-2.1766,-0.33244,-2.06743E-3,0.47273,0,0,0,0,0,0
7974,-3.58447,-1.98522,-0.65762,-0.05187,0.30792,0.66458,-0.51398,0,0,0,0
7975,-3.61991,-2.24004,-0.69162,-0.28676,-0.08652,0.67946,-0.127,0,0,0,0
7976,-3.03646,-1.23519,0.2321,0.76215,0.88382,0,0,0,0,0,0
7977,-3.04298,-1.39893,-0.22133,0.81685,0.43649,1.56156,0,0,0,0,0
7978,-3.0873,-1.8405,-0.29534,0.69091,1.35902,0.73165,0,0,0,0,0
7979,-3.86763,-2.13659,-0.75156,-0.18109,-0.22305,0.72413,0,0,0,0,0
7980,-2.59798,-0.63164,-0.10886,0.51967,1.02435,0,0,0,0,0,0
7981,-2.52439,-1.44893,-0.23402,0.21304,0.94689,0,0,0,0,0,0
7982,-3.84802,-2.24273,-0.83546,-0.2377,-0.23336,0.76319,-0.41163,0,0,0,0
7983,-3.00047,-1.65643,0.13179,0.72894,0.47008,0.33039,0,0,0,0,0
7984,-3.08541,-1.71056,-0.59093,0.12068,0.54613,0,0,0,0,0,0
7985,-3.43425,-1.68729,-0.68908,0.8345,0.34467,0,0,0,0,0,0
7986,-2.90956,-1.54174,-0.20902,0.54302,0.12543,0,0,0,0,0,0
7987,-3.52844,-1.9689,-0.60127,-0.06357,-0.19541,0.76902,-1.10409,0,0,0,0
7988,-2.09186,-1.35675,0.4094,2.11526,0.91297,0,0,0,0,0,0
7989,-3.06696,-0.97755,0.25769,0.41264,1.11418,2.15431,0,0,0,0,0
7990,-1.03504,-2.28554,0.20051,0.84237,1.816,0,0,0,0,0,0
7991,-0.73295,0.22532,-0.12008,1.06139,0.45738,0,0,0,0,0,0
7992,-1.2888,-0.23475,1.06148,-1.41759,1.11022,0,0,0,0,0,0
7993,-3.50403,-0.1878,0.17978,-0.21213,4.08708,0,-0.37041,0,0,0,0
7994,-3.53237,-1.08459,0.31306,0.44349,2.78118,0,0,0,0,0,0
7995,-2.31395,-0.66402,0.77183,0.9293,3.53833,0,0,0,0,0,0
7996,-2.6873,0.03977,-0.46507,0.59519,0,0,0,0,0,0,0
7997,-3.83501,0.17761,0.60842,0.21179,3.72988,0,0,0,0,0,0
7998,-2.98019,1.13159,0.79775,0.47125,4.42358,0,0,0,0,0,0
7999,-1.43438,-0.32279,0.76718,1.4467,3.89842,0,0,0,0,0,0
8000,-3.37915,0.12268,-0.22141,0.92405,1.75767,0,0,0,0,0,0
8001,-4.91254,0.32296,-0.17807,0.24628,5.24062,0,0,0,0,0,0
8002,-3.75133,-0.7663,-0.1901,0.29291,2.70754,0,0,0,0,0,0
8003,-2.76768,0.84879,1.17463,0.75822,3.84076,0,0,0,0,0,0
8004,-4.39248,0.5736,-0.24699,2.0072,3.73936,0,0,0,0,0,0
8005,-4.62532,-0.73398,-0.38685,-0.05439,3.67528,0,0,0,0,0,0
8006,-3.78849,-0.76928,-0.40472,-0.53372,3.80216,0,0,0,0,0,0
8007,-4.39212,-0.85034,0.11142,0.13375,0,0,0,0,0,0,0
8008,-3.61762,-0.45679,0.04976,-0.22056,3.41037,1.99891,0.05687,0,0,0,0
8009,-3.72119,-0.43854,-0.38783,-1.0174,4.81033,0,0,0,0,0,0
8010,-4.77719,-0.4583,-1.00662,-0.54755,4.22666,0,0,0,0,0,0
8011,-6.07023,-2.34469,-2.54622,-1.47783,2.93774,-1.20115,-0.19125,0,0,0,0
8012,-3.0942,-0.42144,-0.01199,-0.03811,1.5398,0,0,0,0,0,0
8013,-4.58737,-0.36191,0.20162,-0.71664,4.16031,0,0,0,0,0,0
8014,-5.56043,-1.71086,-1.14748,-0.49939,3.91938,0,1.53191,0,0,0,0
8015,-5.20498,-1.49916,-1.3995,-0.28903,3.76617,0,0,0,0,0,0
8016,-5.45904,-1.20116,-1.20706,-0.66186,3.64625,0,0,0,0,0,0
8017,-3.8581,-1.66566,-2.47572,-0.73235,0,0,0,0,0,0,0
8018,0,0,0,0,0,0,0,0,0,0,0
8019,-4.31103,-1.29225,0.56186,-1.24716,1.06104,0,1.10542,0,0,0,0
8020,-4.35829,-0.40862,-0.71895,-0.33907,3.84995,2.41805,0,0,0,0,0
8021,-4.48737,-0.8449,-0.0792,0.46788,2.94165,0,0,0,0,0,0
8022,-2.87089,-0.94707,-0.56153,0,0,0,0,0,0,0,0
8023,-4.38918,-0.17081,-0.57626,-0.57088,3.30583,0,0,0,0,0,0
8024,-5.40173,-0.96192,-0.44873,0.56728,3.65981,0,0,0,0,0,0
8025,0,0,0,0,0,0,0,0,0,0,0
8026,-5.25841,-0.53077,8.01563E-4,0.72019,4.23356,0,0,0,0,0,0
8027,-6.33373,-1.48859,-0.58375,0,1.12443,0,-1.28709,0,0,0,0
8028,-4.68325,-0.62406,0.81255,-0.46721,2.84798,0,0,0,0,0,0
8029,-5.06966,-0.23571,-1.28167,-1.01839,0,1.40256,-0.61175,0,0,0,0
8030,-5.87328,-0.60585,-0.33417,0.77479,2.43382,1.99261,0,0,0,0,0
8031,-4.36197,-0.42684,-0.42547,0.62759,2.05339,0,0,0,0,0,0
8032,-4.51887,0.26478,-1.2646,-0.90676,0,0,0,0,0,0,0
8033,-4.97974,-0.38802,0.98603,0.15353,5.33061,0,0,0,0,0,0
8034,0.63343,0.67488,0.90924,-3.06804E-4,0.46279,0,0,0,0,0,0
8035,0.64677,1.22313,0.88536,-0.07813,-0.14971,1.54145,2.75557,0,0,0,0
8036,1.26911,1.2413,0.82617,-0.33089,0.33053,1.35366,1.39797,0,0,0,0
8037,1.8795,1.53391,0.87523,0.01397,0.40469,1.0759,1.99226,0,0,0,0
8038,1.69805,1.11108,0.70005,-0.22126,0.32059,0,0,0,0,0,0
8039,1.92947,1.13811,0.5633,-0.38277,0.1136,1.17066,0.28928,0,0,0,0
8040,2.22782,1.25236,0.68542,-1.06372E-3,0.26189,0,0,0,0,0,0
8041,4.08872,1.80949,0.74786,-0.02813,-1.1894,1.10894,0,0,0,0,0
8042,1.78919,1.41311,0.41172,-0.23239,0.11103,1.19595,0,0,0,0,0
8043,3.47485,1.70202,0.45939,0.46753,-0.8632,0.70348,1.59881,0,0,0,0
8044,2.22528,1.74251,1.5821,-0.06389,0.75272,1.64794,2.24693,0,0,0,0
8045,3.2678,1.20487,0.51592,0.43817,-0.12397,0,0,0,0,0,0
8046,3.55119,2.21737,1.09632,-0.07024,-0.45296,0.90155,-0.55765,0,0,0,0
8047,3.75692,1.70257,0.66087,0.03028,-1.05264,0.74152,0,0,0,0,0
8048,4.1074,2.22606,1.00907,0.69816,-0.24437,0.35013,0,0,0,0,0
8049,3.95647,1.94625,1.10204,0.52462,-0.66312,0.02496,0,0,0,0,0
8050,2.53965,1.20175,0.69258,-0.43527,-0.38315,0.77073,0,0,0,0,0
8051,2.60726,1.28883,0.68094,-0.40938,-0.48006,0.98553,-1.04012,0,0,0,0
8052,4.06878,1.83363,1.04221,0.49767,-0.30927,0.49608,0,0,0,0,0
8053,3.76631,2.1296,0.99647,0.21026,-0.47678,0,0,0,0,0,0
8054,3.44743,1.64402,0.66484,0.22889,-0.91126,-0.07935,-0.03088,0,0,0,0
8055,2.43699,2.07172,1.38623,0.58811,1.15371,0,0,0,0,0,0
8056,3.12469,1.22237,0.711,-0.32776,-0.62814,1.15935,-0.22211,0,0,0,0
8057,2.485,1.2022,0.65245,-0.43124,-0.5172,-0.35863,-0.23255,0,0,0,0
8058,2.43574,1.22325,0.47607,-0.63911,-0.0883,0.33039,0,0,0,0,0
8059,3.42731,1.47813,0.41248,0.1798,-1.28355,-0.46084,-0.66116,0,0,0,0
8060,3.81733,2.00928,0.75758,0.26765,-0.80836,0.05444,-0.14635,0,0,0,0
8061,3.53578,2.29521,1.24972,0.77911,-0.12549,0,0,0,0,0,0
8062,2.12656,1.86906,0.80346,-0.14721,0.26267,0.60648,0,0,0,0,0
8063,1.49769,1.33156,0.34868,0.56533,1.70702,0,0,0,0,0,0
8064,4.08948,2.1578,0.90363,0.51197,-0.56649,-0.85969,0,0,0,0,0
8065,4.29414,2.07371,1.05886,0.52153,-0.6062,0.30527,0.61552,0,0,0,0
8066,4.382,2.50147,1.59196,0.73594,-0.25902,0,0,0,0,0,0
8067,4.26327,2.62364,1.30082,0.89202,-0.45109,1.31966,0,0,0,0,0
8068,3.60466,1.28327,0.76024,-0.33391,-0.44652,0.7123,-0.28399,0,0,0,0
8069,4.10167,2.5276,1.97844,1.15288,0.51326,0.67821,0,0,0,0,0
8070,0,0,0,0,0,0,0,0,0,0,0
8071,2.39499,1.97545,1.05347,0.0394,0.44776,0.21906,0.62737,0,0,0,0
8072,3.22904,3.10274,1.46986,0.3402,1.06613,0,0,0,0,0,0
8073,2.32695,1.9699,0.82655,0.13087,0.36137,0,0,0,0,0,0
8074,4.21038,2.40405,1.62649,0.21507,1.39666,0,0,0,0,0,0
8075,4.73377,2.08133,1.10223,1.17901,1.70318,0,0,0,0,0,0
8076,2.6002,1.33899,0.31308,-0.24031,0.42922,2.58434,-0.60893,0,0,0,0
8077,3.27666,1.94708,0.43097,0.22395,0.21046,2.35374,0.66534,0,0,0,0
8078,2.46971,1.30445,0.28738,-0.45313,-0.48182,2.55181,0.77858,0,0,0,0
8079,3.14515,2.27201,0.94702,0.30479,0.15479,1.9314,-0.36376,0,0,0,0
8080,2.90921,2.05035,0.94015,-0.35718,-0.33916,2.12841,0,0,0,0,0
8081,2.96461,1.99971,0.78921,-0.0817,-0.12067,1.5071,0,0,0,0,0
8082,3.08567,2.0766,0.57182,-0.21738,-0.26725,1.42479,0.14732,0,0,0,0
8083,2.95469,1.92278,0.59091,-0.38392,-0.7258,0.75621,-2.40192,0,0,0,0
8084,2.70649,1.95076,0.71797,-0.03268,-0.19691,0.87902,-0.85255,0,0,0,0
8085,3.4374,2.61176,1.18591,-0.14851,-0.15669,0,0,0,0,0,0
8086,3.17353,2.65656,1.04726,-0.39839,-0.24885,0.70348,0,0,0,0,0
8087,3.07595,2.54919,0.86555,-0.42373,-0.34961,0.53245,0,0,0,0,0
8088,2.65513,1.93485,0.56778,-0.26074,-0.45227,-0.24225,-1.85457,0,0,0,0
8089,3.06144,2.57461,0.7355,-0.65631,-0.50156,-0.07838,0,0,0,0,0
8090,2.51124,1.51673,0.21753,-0.87254,-1.03731,0.53485,0,0,0,0,0
8091,2.43821,1.71312,0.08466,-1.02786,-1.20508,0.83701,0,0,0,0,0
8092,2.663,2.2803,0.54974,-0.79435,-0.9224,0.20583,-0.6295,0,0,0,0
8093,2.27337,1.72319,0.98719,-0.0835,-0.04086,0,0,0,0,0,0
8094,3.04361,2.45727,1.01723,-0.25514,-0.0362,0,0,0,0,0,0
8095,1.30138,1.15011,0.62544,0.34207,0.90689,2.16961,0,0,0,0,0
8096,1.58992,1.485,0.64171,0.07811,-0.04119,0,0,0,0,0,0
8097,2.34198,2.2889,0.69118,-1.18302,-0.6725,0,0,0,0,0,0
8098,1.10265,-0.2475,-0.35958,1.46524,-0.64042,0,0,0,0,0,0
8099,1.94882,2.59511,0.83003,-0.21984,0.41681,0,0,0,0,0,0
8100,1.12125,1.25638,0.25177,-0.75605,-0.40658,0.66016,0,0,0,0,0
8101,0.92929,0.93262,0.06031,-0.70747,0.34607,0.76112,0.52656,0,0,0,0
8102,-0.47455,0.47754,0.23261,-0.46069,0.50438,1.5982,1.76687,0,0,0,0
8103,1.09899,1.36304,0.61874,-0.21807,0.5032,0.76695,-0.78478,0,0,0,0
8104,1.2885,2.25448,0.46068,-0.03754,0.81609,0,0,0,0,0,0
8105,1.92711E-3,0.70211,0.0575,-0.65554,0.69192,1.81864,0,0,0,0,0
8106,-0.34365,0.89246,1.277,0.44484,2.13698,0,0,0,0,0,0
8107,0.14881,1.13225,1.16095,-0.24477,1.43298,0,0,0,0,0,0
8108,-1.62602,-0.55426,-0.82907,-1.52129,-0.07521,1.30492,-0.0602,0,0,0,0
8109,-0.37713,0.57129,0.25929,-0.26543,1.38059,1.96258,1.41568,0,0,0,0
8110,-0.95729,-0.04015,-0.66976,-1.33142,-0.10083,1.37483,0.32325,0,0,0,0
8111,0.23276,0.93566,1.08449,0.80475,1.06428,0,0,0,0,0,0
8112,-0.77811,0.3377,-0.23453,-0.78678,0.42081,0,2.76457,0,0,0,0
8113,-0.38163,0.66038,0.07557,-1.12125,0.28612,0,0,0,0,0,0
8114,-1.65343,-0.2362,-0.47033,-1.2578,0.31328,0.36966,-0.40321,0,0,0,0
8115,-0.29205,0.91265,0.67993,-0.39521,1.32571,0,0,0,0,0,0
8116,0.03178,0.99391,0.7441,-0.81312,1.12137,0,0,0,0,0,0
8117,-0.98556,0.69645,0.81641,0.18732,1.24432,0,0,0,0,0,0
8118,0.69068,1.52905,0.22756,-1.32639,-0.02928,0,0.74602,0,0,0,0
8119,0.11303,1.062,1.32751,0.0852,1.48816,0,0,0,0,0,0
8120,-0.32195,1.85342,0.91551,-0.1601,1.49608,0,0,0,0,0,0
8121,-0.22449,1.2878,1.13054,-0.57059,1.13683,1.99538,0,0,0,0,0
8122,-1.2904,0.78734,0.64815,0.96359,2.4916,0,0,0,0,0,0
8123,0.31019,1.77482,0.6747,0.13222,0.61397,0,0,0,0,0,0
8124,0.65085,0.48988,-0.15238,0.33601,2.2234,0,0,0,0,0,0
8125,0.64969,1.87157,0.524,-0.79006,1.12058,0,0,0,0,0,0
8126,0.11763,1.4164,1.07315,0.3559,1.83476,0,0,0,0,0,0
8127,-0.34748,1.27236,-0.14049,-0.26729,0.43866,0,0,0,0,0,0
8128,0.27517,1.44718,1.02386,-0.7221,0.69606,0,2.70781,0,0,0,0
8129,-0.27837,0.71002,1.22853,-2.37254,-1.63282,0,0,0,0,0,0
8130,-2.07329,-0.2014,-0.16936,0.60107,1.48815,0,0,0,0,0,0
8131,-1.95569,-0.10249,-0.50512,0.36805,1.42375,0.66077,0,0,0,0,0
8132,-2.50648,-0.22983,-0.76826,-0.2743,1.26996,-0.1607,0,0,0,0,0
8133,-1.54427,0.03293,-0.27412,-0.60515,0.75928,0.5896,2.59636,0,0,0,0
8134,-2.5685,-0.2914,-0.66959,0.13502,1.31697,0,0,0,0,0,0
8135,-0.8035,0.63775,0.3511,0.12858,1.3606,0.98319,0,0,0,0,0
8136,-3.32575,-0.84693,-1.19888,-0.60507,0.72169,-0.79119,0,0,0,0,0
8137,-3.86846,-1.23803,-1.49052,-0.95768,0.45894,-1.43364,0,0,0,0,0
8138,-3.41692,-0.51753,-0.80198,-0.47085,1.28551,-0.78026,0.9756,0,0,0,0
8139,-2.4854,-0.46816,-0.89428,-0.36852,1.04315,-0.8343,0.64274,0,0,0,0
8140,-2.87674,-0.79825,-0.7711,-0.31818,1.24801,0,0,0,0,0,0
8141,-2.75302,-0.72727,-1.22361,-0.70127,0.93755,-0.6777,0,0,0,0,0
8142,-3.45316,-0.72351,-0.96115,-0.94328,1.12828,-0.65255,1.25521,0,0,0,0
8143,-3.69604,-0.8627,-1.22851,-0.82558,1.05156,-0.53897,1.0635,0,0,0,0
8144,-3.5191,-1.26658,-1.35698,-0.89253,0.84877,-1.074,0.50694,0,0,0,0
8145,-2.96688,-0.80393,-1.29555,-0.5357,0.83665,-0.59317,0.68084,0,0,0,0
8146,-3.14821,-0.8599,-1.11286,-1.10012,1.01007,-0.85707,0,0,0,0,0
8147,-3.39054,-1.2947,-1.14667,-0.13645,0.91025,-0.72552,0.9318,0,0,0,0
8148,-3.32898,-1.022,-1.42837,-1.10422,0.35834,-0.21281,0,0,0,0,0
8149,-3.35491,-0.84703,-1.12922,-0.69278,0.65332,-0.32556,0,0,0,0,0
8150,-3.7142,-1.2975,-1.49632,-0.90532,0.6406,-1.13739,-0.04515,0,0,0,0
8151,-2.46164,-0.58142,-1.19997,-0.57612,1.08339,-0.33815,0,0,0,0,0
8152,-4.17456,-1.50289,-1.74884,-1.06961,0.44448,-1.92959,1.20379,0,0,0,0
8153,-3.09916,-0.77735,-1.20711,-0.95818,0.54332,-0.72364,0,0,0,0,0
8154,-3.13181,-0.98411,-1.42046,-0.91702,0.54209,-0.13973,0,0,0,0,0
8155,-3.38028,-1.02019,-1.33744,-1.09833,0.3163,-0.55964,0,0,0,0,0
8156,-3.68779,-1.20583,-1.41966,-0.80711,1.05761,0,0,0,0,0,0
8157,-3.20993,-0.60023,-1.02931,-0.65467,0.73557,-0.03049,1.36839,0,0,0,0
8158,-3.37426,-0.9075,-1.30068,-0.9888,0.81989,0,0,0,0,0,0
8159,-3.36151,-0.92505,-1.4197,-1.09665,0.81179,0,0,0,0,0,0
8160,-3.15971,-0.90255,-1.17617,-0.93519,0.69239,0,0,0,0,0,0
8161,-3.05446,-0.86061,-1.15701,-0.74277,0.71159,-0.0974,0,0,0,0,0
8162,-3.08436,-0.76239,-1.10945,-1.08722,0.44053,-0.31818,1.6953,0,0,0,0
8163,-3.41955,-1.25056,-1.58382,-0.85863,0.60702,-0.83957,0,0,0,0,0
8164,-3.48176,-1.11506,-0.50425,-1.1943,0.46647,0,0,0,0,0,0
8165,-3.23433,-0.84114,-1.05675,-1.04308,0.62564,0,0,0,0,0,0
8166,-2.93181,-0.88757,-1.43102,-0.8321,0.71307,-0.53354,0,0,0,0,0
8167,-3.09259,-0.95638,-1.18264,-0.93716,0.53078,-1.05591,0,0,0,0,0
8168,-3.25309,-0.67645,-1.38895,-0.80578,0.67573,-0.69649,0,0,0,0,0
8169,-3.47397,-0.92084,-1.2004,-0.55784,0.57881,-0.54564,0.99036,0,0,0,0
8170,-3.0608,-0.8485,-1.23745,-0.84019,0.76601,0,0,0,0,0,0
8171,-2.60513,-0.53901,-1.30466,-0.95966,0.75924,0,0,0,0,0,0
8172,-3.18272,-0.93397,-1.44372,-1.00571,0.49454,0,0,0,0,0,0
8173,-3.10785,-0.84166,-1.15072,-0.67107,0.6988,0,0,0,0,0,0
8174,-3.4442,-1.41,-1.52885,-1.29478,0.43819,0,0,0,0,0,0
8175,-3.395,-1.05794,-1.5213,-0.86406,0.37708,0,0,0,0,0,0
8176,-3.62646,-1.27023,-1.36392,-0.97915,0.60695,0,0,0,0,0,0
8177,-3.49793,-0.91799,-1.23856,-1.10165,0.73261,-0.92605,0.70355,0,0,0,0
8178,-3.39013,-1.10831,-1.55481,-0.82517,0.7508,-1.49375,0,0,0,0,0
8179,-2.26634,-0.63743,-1.03357,-1.18665,1.23149,-0.53312,0,0,0,0,0
8180,-3.49012,-0.86519,-1.30817,-1.23407,0.5074,-0.37939,0,0,0,0,0
8181,-3.4436,-1.04207,-1.46505,-0.99578,0.24954,-0.32223,0,0,0,0,0
8182,-3.03629,-0.83519,-1.49751,-0.7683,0.5203,-0.34876,1.09698,0,0,0,0
8183,-2.82847,-0.65454,-1.3067,-1.1445,0.52534,-0.09969,1.25938,0,0,0,0
8184,-3.01507,-1.00511,-1.22876,-0.60717,0.49244,-0.89591,0,0,0,0,0
8185,-3.51726,-1.16342,-1.42008,-1.04073,0.63509,-0.98374,0.14543,0,0,0,0
8186,-3.58962,-0.99062,-1.09167,-1.27648,0.40973,0,0,0,0,0,0
8187,-3.39409,-0.92404,-1.55285,-0.87512,0.9512,-0.81123,0,0,0,0,0
8188,-2.92565,-0.89179,-1.32045,-1.36959,0.48694,-0.8006,0,0,0,0,0
8189,-3.56911,-1.23691,-1.5415,-1.10006,0.43507,-0.9727,0,0,0,0,0
8190,-4.61493,-2.02489,-2.38418,-1.79697,-0.31204,-0.91383,1.01593,0,0,0,0
8191,-3.05276,-0.89599,-1.27477,-0.66902,0.63242,0,0,0,0,0,0
8192,-3.95922,-0.94077,-1.03647,-1.6365,-0.56941,0,0,0,0,0,0
8193,-3.16795,-1.00231,-1.48258,-1.17565,0.31917,-0.74279,0.7963,0,0,0,0
8194,-3.07989,-1.13913,-1.39305,-0.87668,0.63592,-0.78079,0.01744,0,0,0,0
8195,-2.89158,-0.83107,-1.25606,-1.00213,0.44283,-0.17456,1.36781,0,0,0,0
8196,-3.26241,-0.92248,-1.41622,-0.53526,0.36938,-0.59074,0,0,0,0,0
8197,-3.43842,-1.10959,-1.54014,-1.09606,0.54738,-0.78987,0.21337,0,0,0,0
8198,-3.40233,-0.95501,-1.54831,-1.05172,0.6386,-0.59726,0,0,0,0,0
8199,-3.27807,-1.03937,-1.89933,-0.84694,0.9346,0,0,0,0,0,0
8200,-3.36991,-1.26368,-1.6373,-1.19435,0.73621,0,0,0,0,0,0
8201,-3.59138,-1.30109,-1.66775,-1.15373,0.3416,-0.72097,0.0274,0,0,0,0
8202,-3.36387,-0.80659,-1.10214,-0.71761,0.39574,0,0,0,0,0,0
8203,-2.83431,-0.73711,-1.32447,-0.94232,0.36474,-0.14382,0,0,0,0,0
8204,-3.43914,-1.10741,-1.57505,-0.83072,0.37746,-0.8006,1.42462,0,0,0,0
8205,-3.18349,-1.27686,-1.33304,-0.75836,1.20971,-0.31215,0,0,0,0,0
8206,-3.50646,-1.30492,-1.58225,-1.16508,0.45867,-0.32223,0,0,0,0,0
8207,-3.15723,-0.89124,-1.52971,-0.84605,0.49111,0,0,0,0,0,0
8208,-3.46204,-1.37724,-1.91048,-1.10224,0.54924,-0.8318,0.5581,0,0,0,0
8209,-3.33055,-1.23929,-1.42598,-0.96872,0.38844,-0.77454,0.60844,0,0,0,0
8210,-3.30762,-1.50328,-1.3872,-0.97083,0.75959,-1.42921,0,0,0,0,0
8211,-3.48968,-1.25872,-1.70491,-1.124,0.50117,-0.71087,0,0,0,0,0
8212,-2.32505,-0.8035,-1.11485,-0.96112,0.50535,0,0,0,0,0,0
8213,-3.3005,-0.85819,-1.43722,-0.98068,0.40405,-0.81848,0.90514,0,0,0,0
8214,-2.74247,-0.98231,-1.29002,-1.08963,0.51553,0,0,0,0,0,0
8215,-3.10568,-0.60415,-1.69953,-0.84527,0.54878,-0.66098,0,0,0,0,0
8216,-2.99707,-0.89599,-1.23072,-1.0834,0.59904,-0.3748,0.98419,0,0,0,0
8217,-3.67391,-1.36908,-1.5655,-0.9904,0.37244,-0.44001,0,0,0,0,0
8218,-3.71039,-1.24085,-1.72527,-1.14082,0.47297,0,0,0,0,0,0
8219,-2.7881,-0.93591,-1.2887,-0.80869,0.48955,-0.24916,1.06216,0,0,0,0
8220,-2.34599,-0.27831,-0.52294,-0.62089,1.08214,0,0,0,0,0,0
8221,-3.37803,-1.16939,-1.49991,-1.14085,0.41297,-0.46658,0.85725,0,0,0,0
8222,-3.576,-1.43551,-1.90937,-1.21719,0.28005,-0.49293,0.48113,0,0,0,0
8223,-2.99615,-0.9832,-1.48551,-1.12137,0.55828,-0.73102,0,0,0,0,0
8224,-2.97958,-1.10812,-1.59623,-1.32992,0.58428,-0.65156,0,0,0,0,0
8225,-3.38826,-1.10744,-1.58777,-1.20163,0.50202,-0.7648,0,0,0,0,0
8226,-3.13995,-1.23514,-1.28647,-0.31513,0.91888,-0.08214,0,0,0,0,0
8227,-2.56277,-0.80346,-1.24988,-0.97246,0.41224,0.0669,1.53148,0,0,0,0
8228,-3.32527,-1.0998,-1.48188,-0.81911,0.4785,-0.10745,0,0,0,0,0
8229,-3.04223,-1.00887,-1.38679,-1.22524,0.48486,0,0,0,0,0,0
8230,-2.66753,-0.98356,-1.47192,-0.8933,0.58204,-0.31818,0,0,0,0,0
8231,-3.30461,-1.14774,-1.68974,-1.23105,0.33907,-0.939,0,0,0,0,0
8232,-3.31079,-0.95666,-1.09963,-0.85352,0.96034,-0.44838,0,0,0,0,0
8233,-3.61094,-1.38597,-1.70927,-1.22449,0.46778,0,0,0,0,0,0
8234,-3.04299,-1.0874,-1.72861,-1.27292,0.57879,-0.82841,0.19146,0,0,0,0
8235,-3.48884,-1.38057,-1.88948,-1.3343,0.1825,-0.11824,0,0,0,0,0
8236,-3.24602,-1.4212,-1.62201,-0.80384,0.66204,-0.45575,1.14854,0,0,0,0
8237,-2.90332,-0.87813,-1.46037,-1.0453,0.30779,-0.20568,1.44656,0,0,0,0
8238,-4.24456,-1.31383,-1.77283,-1.30864,0.26832,-1.97953,0,0,0,0,0
8239,-2.1152,-1.13513,-1.30266,-1.13787,0.75707,0,0,0,0,0,0
8240,-3.53945,-1.53694,-2.04287,-1.52315,0.01648,-0.4604,0,0,0,0,0
8241,-3.2483,-1.10964,-1.75051,-1.18242,0.31629,0,0,0,0,0,0
8242,-3.17308,-1.32215,-1.95485,-1.19923,0.29327,-1.21902,0,0,0,0,0
8243,-3.16828,-1.06742,-1.28672,-1.2594,0.32591,0,0,0,0,0,0
8244,-2.90623,-0.98552,-1.49498,-1.23148,0.42981,-1.08914,0,0,0,0,0
8245,-2.98033,-0.86757,-1.41301,-0.84213,0.41766,0,0,0,0,0,0
8246,-3.38848,-1.24729,-1.70217,-0.93115,0.42516,0,1.19338,0,0,0,0
8247,-3.40959,-1.22246,-1.79512,-1.30114,0.34613,-0.57442,0.05709,0,0,0,0
8248,-2.70509,-1.04388,-1.40609,-1.08936,0.41364,-0.20705,1.08103,0,0,0,0
8249,-3.30248,-1.01977,-1.86636,-1.0965,0.49509,-0.85383,1.01733,0,0,0,0
8250,-3.30977,-1.33358,-1.8048,-1.18171,0.39281,0,0,0,0,0,0
8251,-3.19127,-1.11719,-1.64278,-1.23473,0.20444,-0.61061,0,0,0,0,0
8252,-3.18856,-1.24755,-1.73604,-1.18263,0.20487,0.58569,0,0,0,0,0
8253,-3.21644,-1.26496,-1.86592,-1.38469,0.21194,-0.28707,0,0,0,0,0
8254,-2.63105,-0.90492,-1.28817,-1.11797,0.46438,-0.35243,1.5469,0,0,0,0
8255,-3.27754,-1.29202,-1.9264,-1.36576,0.32123,-0.28733,0,0,0,0,0
8256,-2.79351,-0.85611,-1.46754,-0.81233,0.79701,-0.43671,0.73999,0,0,0,0
8257,-3.01966,-1.09792,-1.77471,-0.4788,0.49538,0,0,0,0,0,0
8258,-1.9263,-0.34087,-1.2238,-0.48945,0.67168,0.28128,2.23512,0,0,0,0
8259,-2.72255,-1.13164,-1.54764,-0.80167,0.32345,0.22642,0,0,0,0,0
8260,-2.93739,-1.07555,-1.71299,-0.82327,0.45598,-0.17418,0.574,0,0,0,0
8261,-2.57995,-0.72367,-1.60273,-0.9718,0.22176,0,0,0,0,0,0
8262,-3.04308,-1.08438,-1.77138,-1.10425,0.50711,-0.43734,0,0,0,0,0
8263,-2.85081,-1.01554,-1.72623,-1.03803,0.51997,-0.70262,1.42769,0,0,0,0
8264,-2.64995,-0.93516,-1.63961,-1.14218,0.33339,-0.11149,0.52998,0,0,0,0
8265,-2.81241,-0.92258,-1.49156,-0.84006,0.36659,-0.5436,1.46998,0,0,0,0
8266,-2.62945,-1.02172,-1.43141,-0.99661,0.52176,-0.41144,1.16644,0,0,0,0
8267,-2.73782,-0.69389,-1.288,-1.02224,0.29711,-0.03595,0,0,0,0,0
8268,-3.17204,-1.47846,-2.12786,-1.47562,0.01658,-0.02736,1.33351,0,0,0,0
8269,-2.99013,-1.40723,-1.99501,-1.1973,0.28752,-0.50397,1.47747,0,0,0,0
8270,-3.18317,-1.48948,-2.37518,-1.75377,-0.29525,-0.02365,1.33327,0,0,0,0
8271,-2.66648,-1.03226,-1.80812,-1.44086,0.12762,-0.12946,0,0,0,0,0
8272,-2.81134,-1.25524,-1.82512,-0.94215,0.1954,0.29801,0,0,0,0,0
8273,-2.13559,-0.67388,-1.29739,-0.79373,0.68358,-0.19461,1.4524,0,0,0,0
8274,-2.54268,-1.01119,-1.79831,-1.08663,0.3181,-0.43784,0,0,0,0,0
8275,-2.3964,-0.82418,-1.58784,-0.48842,0.41494,0.06097,0,0,0,0,0
8276,-2.81785,-1.37914,-2.21087,-1.53195,-0.30211,-1.97989,0,0,0,0,0
8277,-2.37963,-0.67897,-1.35311,-0.97282,0.43295,-0.36276,0,0,0,0,0
8278,-2.53293,-0.7847,-1.48951,-1.26192,0.37729,0,0,0,0,0,0
8279,-2.71883,-0.9339,-1.68119,-0.98957,0.24221,-0.20219,0,0,0,0,0
8280,-2.65229,-0.9165,-1.77507,-0.96441,0.18292,-0.33376,1.175,0,0,0,0
8281,-2.24661,-0.92772,-1.62248,-0.61856,0.52761,-0.19707,0,0,0,0,0
8282,-2.22834,-0.75573,-1.2687,-0.76583,0.61063,0.06244,0,0,0,0,0
8283,-2.44518,-0.91629,-1.64408,-0.84421,0.27947,-0.43209,0.76398,0,0,0,0
8284,-2.39335,-0.94497,-1.76921,-0.87501,0.33586,0.41216,0,0,0,0,0
8285,-2.24912,-0.86425,-1.5737,-0.5945,0.42812,0,0,0,0,0,0
8286,-2.11948,-0.97319,-1.69636,-0.83496,0.51848,-0.57234,0,0,0,0,0
8287,-2.00674,-0.59518,-1.31893,-0.77095,0.39814,0.22105,0,0,0,0,0
8288,-2.34399,-0.57553,-1.20266,-0.47737,0.77702,0.01733,0,0,0,0,0
8289,-1.55025,-0.48683,-1.3185,-0.71602,0.63513,0,0,0,0,0,0
8290,-2.13469,-0.95739,-1.69726,-0.78293,0.27104,4.52655E-3,1.03786,0,0,0,0
8291,-1.37072,-0.56434,-1.17027,-0.42564,0.4628,-0.14382,1.47624,0,0,0,0
8292,-2.05572,-0.86277,-1.65494,-0.79263,0.38414,1.31966,0,0,0,0,0
8293,-1.21463,-0.47489,-1.15951,-0.57317,0.73481,0,0,0,0,0,0
8294,-1.3775,-0.27118,-1.10547,-0.73769,0.91159,0,0,0,0,0,0
8295,-1.38202,-0.51823,-1.091,-0.30032,0.90793,0,2.31036,0,0,0,0
8296,-1.41809,-0.12786,-0.78317,-0.07649,1.0981,0.58569,0,0,0,0,0
8297,-1.07887,-0.30216,-0.72537,-0.17849,1.19639,0,0,0,0,0,0
8298,-0.77054,-0.21109,-0.99408,0.11378,1.1365,0,0,0,0,0,0
8299,-0.66654,-0.24275,-0.96115,-0.4657,1.27564,0,0,0,0,0,0
8300,0.65017,0.06406,0.05421,0.09805,1.68763,0,0,0,0,0,0
8301,0.13605,0.30869,-0.80551,-0.21393,1.23601,1.02353,0,0,0,0,0
8302,-0.44247,-0.34686,-1.09595,-0.37402,0.98662,0.7507,1.35495,0,0,0,0
8303,-2.18818,0.57188,-0.1925,0.04074,1.06696,0,0,0,0,0,0
8304,-1.44449,0.55656,0.35817,0.11887,1.34863,0,0,0,0,0,0
8305,-2.19327,0.47058,-0.64913,0.2847,1.74279,0,0,0,0,0,0
8306,-3.64179,0.5589,3.37401E-3,-0.43635,1.51214,0,0,0,0,0,0
8307,-1.80987,0.06543,-0.29475,0.20659,0.57372,2.18017,0,0,0,0,0
8308,-0.5583,-0.07917,-1.08212,-0.98873,1.30951,0,0,0,0,0,0
8309,-1.16869,-1.09635,-1.02602,-0.53004,2.29418,0,0,0,0,0,0
8310,-0.69419,-0.89915,-1.45032,-1.81515,0.57606,1.84924,-0.91801,0,0,0,0
8311,0.44189,-0.45755,-1.40683,-0.22681,1.28218,0,1.92655,0,0,0,0
8312,0.48819,0.09611,-0.61819,-0.06198,1.41819,1.57743,2.81541,0,0,0,0
8313,-0.05119,-0.45677,-0.64914,-1.54967,0.62633,0.59861,0,0,0,0,0
8314,-0.74197,-0.52034,-0.50363,-1.57928,0.84831,0,0,0,0,0,0
8315,-1.4423,-1.59262,-1.50341,-2.23982,0.08043,2.19869,0,0,0,0,0
8316,2.46653,2.17978,0.51884,-0.79874,-0.72558,0.34178,0,0,0,0,0
8317,2.06917,2.21127,0.31972,-1.1067,-0.80736,0,0,0,0,0,0
8318,1.99902,2.31003,0.39755,-0.92722,-0.5972,0,0,0,0,0,0
8319,2.34961,2.61464,0.74399,-0.73597,-0.31999,0,0,0,0,0,0
8320,1.98557,1.91363,0.06963,-1.12205,-1.1008,-0.19632,0,0,0,0,0
8321,1.9482,1.97764,0.20124,-1.17868,-0.85672,-0.73606,0,0,0,0,0
8322,2.23104,2.15252,0.32427,-1.11503,-0.87828,0.57221,-1.26374,0,0,0,0
8323,2.09752,2.4139,0.39269,-0.85969,-0.42001,1.68431,0,0,0,0,0
8324,2.46966,2.29953,0.96289,-0.97171,-0.48316,0.01112,0.49152,0,0,0,0
8325,0.83174,1.97968,0.15085,-1.36124,-0.06229,0,0,0,0,0,0
8326,2.64299,4.20537,0.14441,-0.81214,0.07848,0.01033,-1.56798,0,0,0,0
8327,1.42516,1.99428,-0.03068,-1.19388,-0.11346,0,0,0,0,0,0
8328,1.52419,2.23062,0.47951,-1.12423,-0.53329,-0.04416,0,0,0,0,0
8329,1.09105,1.86035,0.19328,-1.12796,-0.06911,0,0,0,0,0,0
8330,2.37892,2.73148,0.95406,-0.95467,-0.36681,0.44956,0,0,0,0,0
8331,0.4909,1.69244,0.66228,-1.62553,-0.17951,-0.51517,1.30693,0,0,0,0
8332,2.30943,2.61692,0.94914,-0.87006,0.01804,-0.41159,0,0,0,0,0
8333,0.72891,1.47657,0.02363,-1.4501,-0.36624,0,0,0,0,0,0
8334,0.61031,1.77844,-0.0414,-1.5601,-0.18268,-0.21546,1.307,0,0,0,0
8335,0.70693,1.35635,-0.23561,-1.5227,-0.08712,0,0,0,0,0,0
8336,0.22781,1.30819,-0.26764,-1.6914,-0.49473,-1.67976,0,0,0,0,0
8337,0.18476,1.32131,-0.45,-1.83853,-0.45585,-0.90694,0.87674,0,0,0,0
8338,0.33154,1.88377,0.46369,-0.85784,-0.05714,0,0,0,0,0,0
8339,0.36614,1.33829,-0.31,-1.69403,-0.31847,-1.50266,-0.12586,0,0,0,0
8340,0.40984,1.64,0.14451,-1.32575,-0.1442,-0.84456,1.04941,0,0,0,0
8341,0.06124,1.24198,-0.06752,-1.83371,-0.23359,-1.19619,0.78864,0,0,0,0
8342,1.17254,1.77642,0.78914,-0.73717,0.12593,0,0,0,0,0,0
8343,0.22077,1.353,-0.45933,-1.75122,-0.55329,0.07487,0,0,0,0,0
8344,0.59177,1.46587,-0.31932,-1.60109,-0.39564,-0.66648,1.15117,0,0,0,0
8345,0.25821,1.48083,-0.31341,-1.65685,-0.18093,0,0,0,0,0,0
8346,0.18273,1.37464,-0.42301,-1.87557,-0.59205,-1.22033,-0.12906,0,0,0,0
8347,0.23091,1.27423,-0.53304,-2.04588,-0.58913,-1.18406,0,0,0,0,0
8348,0.81836,1.78088,-0.33709,-1.92162,-0.17622,-0.99109,0.73844,0,0,0,0
8349,-0.57528,0.59275,-1.21735,-2.79785,-1.21525,-1.05109,0,0,0,0,0
8350,0.62599,1.74426,-0.06615,-1.68806,-0.33356,-0.52872,1.2364,0,0,0,0
8351,0.26318,1.23675,-0.32542,-1.73892,-0.4765,-1.8546,0.97161,0,0,0,0
8352,0.80422,1.62301,-0.51835,-1.30821,-0.21272,-0.84142,0,0,0,0,0
8353,0.15075,1.23386,-0.56235,-1.98933,-0.59183,-1.23926,-0.09337,0,0,0,0
8354,0.37868,1.64005,-0.12864,-1.73689,-0.19354,-0.85751,0,0,0,0,0
8355,0.32918,1.46267,-0.33776,-2.01519,-0.90744,-0.72211,0.98234,0,0,0,0
8356,-0.61877,0.84303,-0.99936,-2.4368,-0.88292,-1.04985,0,0,0,0,0
8357,0.54166,1.71051,-0.2563,-1.55477,-0.08922,0,0,0,0,0,0
8358,0.30042,1.48534,-0.27128,-1.6599,-0.17999,-1.1654,0.64396,0,0,0,0
8359,1.62186,1.76318,-0.09482,-1.61984,-1.28216,-0.28324,0.38613,0,0,0,0
8360,0.20465,1.55314,-0.19348,-1.56219,-0.24514,-0.53127,0,0,0,0,0
8361,0,2.53477,0.81328,-1.30712,-0.17633,0.29128,0,0,0,0,0
8362,0.85817,1.99716,0.23181,-1.37547,-0.1001,-0.43822,1.70096,0,0,0,0
8363,0.13264,1.34143,-0.43247,-2.06271,-0.57691,-1.511,1.02894,0,0,0,0
8364,-0.5589,0.71242,-1.26593,-2.63084,-1.30678,-1.28819,-0.1729,0,0,0,0
8365,0.44324,1.52824,-0.10277,-1.75526,-0.49146,-1.08523,0.6071,0,0,0,0
8366,1.13058,1.84726,0.02764,-1.55958,0.03408,-0.88859,0.91154,0,0,0,0
8367,1.91425,2.48751,0.53008,-1.25553,-0.7843,0.42584,0,0,0,0,0
8368,1.30744,1.96617,0.64663,-1.18671,-0.084,0.1362,0,0,0,0,0
8369,1.35145,1.70928,0.24174,-0.59431,0.57934,0,0,0,0,0,0
8370,1.72573,2.08156,0.18164,-1.48615,-0.98731,0.61445,0,0,0,0,0
8371,1.68398,1.96797,0.40181,-1.6459,-0.93678,0.27793,0.78566,0,0,0,0
8372,1.84202,2.3399,0.53063,-1.20546,-0.26005,0,0,0,0,0,0
8373,0.37728,1.4121,-0.45882,-2.13069,-0.83705,-0.18746,1.18243,0,0,0,0
8374,1.29884,2.26397,0.50641,-1.30316,-0.43747,-0.39514,0,0,0,0,0
8375,0.97706,1.91336,0.04471,-1.96445,-0.83673,-0.03862,1.39673,0,0,0,0
8376,1.32406,1.89536,0.251,-1.57849,-0.32054,0,0,0,0,0,0
8377,2.12549,2.26254,0.21325,-1.31108,-0.70111,0.2027,0,0,0,0,0
8378,1.65354,1.96618,0.35487,-1.50519,-0.18756,0.83255,0,0,0,0,0
8379,1.2647,1.97383,0.19319,-1.58753,-0.48764,0.21199,0,0,0,0,0
8380,1.48122,2.06628,0.19853,-1.64687,-0.40051,0.22188,0,0,0,0,0
8381,1.50071,2.04385,0.17463,-1.44721,-0.50986,0.05734,2.08446,0,0,0,0
8382,1.10832,1.98938,0.04846,-1.04901,-0.31071,0,0,0,0,0,0
8383,1.374,1.75931,0.08425,-1.76968,-0.80941,-0.6368,0.4223,0,0,0,0
8384,1.15264,1.80725,-0.22691,-1.79444,-1.20273,-0.15924,1.44947,0,0,0,0
8385,1.00864,1.7646,0.04123,-1.68818,-0.90826,-0.22454,0,0,0,0,0
8386,1.68005,1.98162,0.20347,-1.46839,-0.63205,-0.46076,0,0,0,0,0
8387,1.18235,1.9163,-0.01942,-1.85591,-0.82479,-0.27151,2.31386,0,0,0,0
8388,1.08914,2.45931,0.73874,-1.30298,0.23248,0.07823,3.61147,0,0,0,0
8389,1.44921,1.43531,-0.0282,-1.1853,0.33478,0,0,0,0,0,0
8390,0.16834,1.96713,-0.21848,-0.50936,0.09226,0,0,0,0,0,0
8391,0.06936,0.76594,-1.13368,-2.7828,-0.97941,0.20716,0,0,0,0,0
8392,0.4212,1.20945,-0.52904,-2.11996,-0.69943,-0.12371,0,0,0,0,0
8393,0.79018,0.78464,0.10551,-1.49182,-0.39877,0,0,0,0,0,0
8394,0.63793,1.63247,-0.11605,-1.93382,-0.13064,-2.95462E-3,0,0,0,0,0
8395,0.94636,1.94593,-0.53254,-2.06503,-0.28275,0,0,0,0,0,0
8396,-0.26669,0.55937,-1.59938,-3.37635,-1.51333,-1.02341,-1.04031,0,0,0,0
8397,-0.64051,0.29087,-1.66028,-3.29763,-1.52033,0,0,0,0,0,0
8398,0.92881,1.53844,-0.54306,-2.05669,-0.14792,0,0,0,0,0,0
8399,0.55306,1.00956,-0.62153,-2.19556,-0.73834,-0.64063,0.03309,0,0,0,0
8400,0.76201,1.40028,-0.52152,-1.42402,-0.26832,0,0,0,0,0,0
8401,0.26365,0.90261,-1.26629,-2.90432,-0.97428,-0.79094,0.60341,0,0,0,0
8402,0.17211,0.88071,-1.10229,-2.91591,-1.09111,1.76616E-4,0,0,0,0,0
8403,0.67209,1.19035,-0.72756,-2.54838,-0.30337,-0.02188,0,0,0,0,0
8404,0.95007,0.77963,-1.3764,-1.76521,-0.63137,-0.27735,-0.23736,0,0,0,0
8405,1.1642,1.55298,0.01236,-1.42104,0.22685,1.3558,0,0,0,0,0
8406,0.30075,0.9301,-0.63205,-1.85328,-0.28728,0.67947,0,0,0,0,0
8407,0.10386,0.95357,-0.67091,-2.83183,-0.8794,0,0,0,0,0,0
8408,0.39779,0.97584,-1.02626,-2.88658,-0.94377,-0.84325,-0.3619,0,0,0,0
8409,-0.49032,0.5291,-1.68359,-3.25785,-1.23303,-0.1049,0,0,0,0,0
8410,0.24849,1.4718,0.65646,-0.98539,0.60711,1.02353,0,0,0,0,0
8411,0.8449,1.56916,-0.29538,-2.08755,-0.31365,0,0,0,0,0,0
8412,1.40976,1.58981,0.37625,-1.39031,0.34427,0,0,0,0,0,0
8413,0.56257,1.25237,-1.03224,-2.36029,-0.9345,0.70348,0,0,0,0,0
8414,0.48424,0.78062,-1.00804,-2.80457,-0.84508,-0.39497,0,0,0,0,0
8415,0.19387,0.77684,-1.00095,-2.93915,-0.84522,-0.74444,0,0,0,0,0
8416,0.49885,0.82896,-1.04386,-2.64871,-0.79168,-0.6845,-1.26647,0,0,0,0
8417,0.55898,1.02214,-0.38414,-1.76216,-0.08225,0.2174,0.26581,0,0,0,0
8418,0.43912,1.12688,-0.50018,-2.33738,-0.28625,-0.10608,0,0,0,0,0
8419,0.79637,1.47348,-0.4938,-2.34237,-0.31265,-0.54981,1.61106,0,0,0,0
8420,0.61022,1.49785,-0.33196,-1.86358,-0.10131,0,0,0,0,0,0
8421,1.03836,0.47152,0.60874,0.47576,-0.68309,0,0,0,0,0,0
8422,1.56462,1.59502,-0.19711,-1.59052,1.54509,0,0,0,0,0,0
8423,1.98854,1.31991,-0.83268,-1.77458,0.28607,0,0,0,0,0,0
8424,0.38267,2.31673,1.1281,-0.93153,0.85547,0,0,0,0,0,0
8425,0.6747,1.14097,-0.12975,-1.4937,0.15768,0,0,0,0,0,0
8426,-2.26007,0.37087,1.52688,-0.56482,-0.18973,0,0,0,0,0,0
8427,0.59665,2.01434,0.51937,-0.61803,0.87482,1.23813,0,0,0,0,0
8428,1.13584,3.08274,1.33298,-1.17791,0.48484,0,1.50487,0,0,0,0
8429,0.5552,0.90151,-0.49721,-0.68213,1.71432,0,0,0,0,0,0
8430,0.18593,1.92879,0.03151,-1.04486,0.72518,0,0,0,0,0,0
8431,-1.98953,-0.14882,-0.58128,-0.63646,0.50488,-0.32573,0,0,0,0,0
8432,-1.68203,-0.14463,-0.49258,-0.81047,0.69786,-0.15463,0.72246,0,0,0,0
8433,-2.75498,-0.78093,-1.14641,-1.45785,-0.06853,-0.14023,0,0,0,0,0
8434,-1.87573,-0.12,-0.53115,-1.20252,0.21534,-0.84142,0,0,0,0,0
8435,0.21702,0.7373,0.04975,-1.33783,0.31473,-0.80857,0,0,0,0,0
8436,-1.96389,-0.16861,-0.71787,-1.60931,-0.04898,-1.06928,-0.64914,0,0,0,0
8437,-1.83144,-0.16535,-0.88332,-1.55596,-0.06663,-0.52112,0.99452,0,0,0,0
8438,-1.38101,0.18733,-0.26256,-1.37726,0.28684,-1.33262,-0.81545,0,0,0,0
8439,-1.92579,-0.08717,-0.54825,-1.35998,0.32921,-0.62524,0,0,0,0,0
8440,-1.13605,0.03167,-0.69881,-1.69321,-0.41361,-1.45405,0,0,0,0,0
8441,-0.53912,0.57169,-0.2096,-1.99776,-0.28518,-0.39514,0,0,0,0,0
8442,-1.6887,0.03271,-0.56714,-1.45651,0.1735,-0.86774,0,0,0,0,0
8443,-1.23818,0.02541,-0.25126,-1.56325,0.05112,-0.95386,0,0,0,0,0
8444,-0.69102,0.27492,-0.5055,-2.04734,-0.52203,-1.46091,0,0,0,0,0
8445,-1.15703,-0.30456,-1.02221,-2.57232,-0.8159,-2.3938,-1.37523,0,0,0,0
8446,-1.29297,-0.29935,-0.71338,-2.52948,-0.76718,-2.80803,-1.16645,0,0,0,0
8447,-1.00086,0.16518,-0.73019,-2.33158,-0.62044,-2.07253,-0.82062,0,0,0,0
8448,0.24146,0.87991,-0.12556,-1.16989,0.19934,0,0,0,0,0,0
8449,-1.75059,-0.08641,-0.28693,-0.85406,0.54404,0,0,0,0,0,0
8450,-1.50639,0.07979,-0.08794,-1.3074,0.27735,0,0,0,0,0,0
8451,-1.55643,-0.0647,-0.49494,-0.89358,0.61653,0.73724,0,0,0,0,0
8452,-1.35541,0.19155,-0.70502,-1.40079,0.66498,0,0,0,0,0,0
8453,-2.15262,-0.67862,-1.14183,-1.6677,0.28443,0.19886,0.99283,0,0,0,0
8454,-2.00487,-0.49118,-1.10436,-1.63075,0.16379,0.51779,0.99766,0,0,0,0
8455,-2.30044,-0.77328,-1.06459,-1.55758,0.54156,0.61386,0,0,0,0,0
8456,-2.0866,-0.35657,-0.93704,-1.73005,0.55285,0.57212,1.70754,0,0,0,0
8457,-1.08572,0.31787,-1.05302,-1.24382,0.50762,0,0,0,0,0,0
8458,-1.41024,-0.06073,-0.81896,-1.2928,0.59782,0.57105,0,0,0,0,0
8459,-1.38372,-0.22213,-0.69854,-1.55191,0.50633,0,0.25128,0,0,0,0
8460,-2.65914,-1.0979,-1.5456,-2.47955,-0.27371,-1.36075,1.35055,0,0,0,0
8461,-2.81492,-1.21895,-1.67711,-2.27698,-0.2425,-0.05688,0.8897,0,0,0,0
8462,-2.02293,-0.87625,-1.11225,-1.79184,0.33618,0.14807,0.38552,0,0,0,0
8463,-1.58195,-0.32005,-0.82013,-1.86399,0.33547,0,0,0,0,0,0
8464,-0.51773,0.57049,-0.5846,-1.06671,0.29959,-0.11542,0,0,0,0,0
8465,-2.13792,-0.35749,-0.82827,-1.93278,0.34523,0.43457,0,0,0,0,0
8466,-1.98637,-0.62537,-1.10253,-1.75705,0.21566,0,0,0,0,0,0
8467,-1.52943,-0.19222,-0.67307,-1.23854,0.48677,0,0,0,0,0,0
8468,-2.30687,-0.52957,-1.09182,-2.04116,0.28974,0.59812,1.50903,0,0,0,0
8469,-1.97716,-0.61558,-0.9753,-1.90092,0.19838,0.38326,0.82263,0,0,0,0
8470,-2.07831,-0.69442,-1.28283,-1.68753,0.08245,0,0,0,0,0,0
8471,-2.12218,-0.57881,-0.96845,-2.03479,0.26572,0.35105,-0.39719,0,0,0,0
8472,-1.47328,-0.47254,-1.04487,-1.49397,0.5946,0.39913,0,0,0,0,0
8473,-1.78064,-0.44219,-1.12533,-1.42674,0.48366,0.26577,0.89334,0,0,0,0
8474,-1.43146,-0.23939,-0.95538,-1.07024,0.52728,1.00537,0,0,0,0,0
8475,-1.79841,-0.57904,-0.96651,-1.82878,0.10164,0.51499,1.52282,0,0,0,0
8476,-1.97285,-0.43891,-0.78756,-1.84229,0.24727,0.34832,1.93212,0,0,0,0
8477,-1.81645,-0.44629,-0.44426,-1.57387,0.73619,0.26942,1.01737,0,0,0,0
8478,-1.9587,-0.6066,-0.94762,-1.68064,0.25136,0.16162,1.47858,0,0,0,0
8479,-1.32602,-0.52083,-0.84958,-1.50685,0.60002,0.95744,0,0,0,0,0
8480,-1.3876,-0.03487,0.04666,-1.19553,0.7354,1.05918,0,0,0,0,0
8481,-1.15647,-0.24117,-0.66273,-1.49092,0.52409,1.58713,0,0,0,0,0
8482,-1.29073,-0.18201,-0.81202,-0.58367,0.78773,-0.07508,0,0,0,0,0
8483,-1.50338,-0.56903,-1.27141,-2.11205,-0.20506,0.64731,1.48804,0,0,0,0
8484,-0.88897,-0.22073,0.73139,-0.2722,1.20072,1.69673,0,0,0,0,0
8485,-0.87782,0.19526,-0.46543,-0.56075,1.00364,0,0.79208,0,0,0,0
8486,-2.78055,-1.75009,-1.67232,-3.08896,-1.387,0.03598,-3.53236,0,0,0,0
8487,-1.52934,0.14966,1.01981,-0.55454,1.09662,0,0,0,0,0,0
8488,-1.17413,-0.35037,-0.08065,-1.73859,0.51428,0,0,0,0,0,0
8489,-0.66744,-0.26104,0.09035,-1.1382,0.42249,1.56999,0,0,0,0,0
8490,-0.59543,2.00147,1.18237,-0.31222,1.41923,0,0,0,0,0,0
8491,-1.28188,-0.69483,-0.01865,-1.234,0.78096,0,-0.10233,0,0,0,0
8492,-1.16384,0.22053,-0.24309,-1.85764,0.61113,0,0,0,0,0,0
8493,-1.51731,-0.66968,-0.38341,-1.71561,0.13458,0,0,0,0,0,0
8494,-0.10478,-0.36246,0.42866,-2.08788,1.14954,0,0,0,0,0,0
8495,0.35585,-0.06071,-0.43924,0.34651,1.23434,0,0,0,0,0,0
8496,0,0,0,0,0,0,0,0,0,0,0
8497,-0.64899,-0.71082,-0.12696,-0.43265,1.35469,2.25967,0,0,0,0,0
8498,-1.15568,-1.02468,-0.53683,0.03802,1.27671,0,0,0,0,0,0
8499,-0.6947,-0.91812,-0.14654,-0.94263,1.88552,0,1.71572,0,0,0,0
8500,-1.36182,-0.78474,-0.96606,-0.13709,1.75561,1.429,0,0,0,0,0
8501,-1.68419,-1.64342,-1.08623,-0.58544,2.2682,1.73912,0,0,0,0,0
8502,-1.75003,-1.81217,-1.51091,-1.18175,1.2744,0.7753,0.38143,0,0,0,0
8503,0.49677,0.08992,0.31763,-0.02499,1.52121,0,0,0,0,0,0
8504,-0.51157,-0.72882,-0.29573,-0.17112,2.8974,0,0,0,0,0,0
8505,-0.89038,-1.26307,-1.113,0.19867,2.2562,0,0,0,0,0,0
8506,-0.53083,-2.07101,-1.17774,-0.8187,0.97796,0,0,0,0,0,0
8507,-0.3401,-1.22712,-0.66136,-0.52317,2.43676,0,0,0,0,0,0
8508,-3.01544,-0.98573,-0.71836,0.35305,1.28553,0,0,0,0,0,0
8509,-1.21028,-0.55954,-0.0702,-0.41836,2.39597,0,0,0,0,0,0
8510,-1.90361,-1.74642,-1.37398,-0.33649,2.38187,0,0,0,0,0,0
8511,-0.68019,-0.64801,0.2108,0.96171,1.65767,0,0,0,0,0,0
8512,-2.06282,-1.13337,-0.46739,-2.77971,2.85102,0,0,0,0,0,0
8513,-1.35599,-1.66745,-0.91881,-0.17145,2.11665,0,0,0,0,0,0
8514,-0.35414,-1.44599,-1.06653,-0.28002,3.22267,0,0,0,0,0,0
8515,-2.49494,-2.27123,-1.9345,0,0,0,0,0,0,0,0
8516,-2.11097,-2.32374,-1.98573,-0.83329,2.20338,0,0,0,0,0,0
8517,-3.68634,0.21924,-1.11072,-0.191,0,0,0,0,0,0,0
8518,-2.00644,-2.01489,-1.35252,-0.85366,2.82171,0,0,0,0,0,0
8519,-3.17536,-2.96765,-2.69348,-1.69235,1.47853,1.77775,0.46417,0,0,0,0
8520,0,-1.50096,-1.50363,0,0,0,0,0,0,0,0
8521,-2.50346,-1.97782,-1.59267,-0.24031,2.07808,0,0,0,0,0,0
8522,-3.06673,-2.78592,-2.63068,-1.70778,1.69758,0.35216,0.22544,0,0,0,0
8523,0,-2.31061,0,0,0,0,0,0,0,0,0
8524,-1.89092,-1.74239,-1.46754,-0.79213,2.21362,0,0,0,0,0,0
8525,-1.59333,-1.53999,-1.55154,-0.53786,2.37112,1.77028,1.36174,0,0,0,0
8526,-0.74895,-0.04718,-1.23843,-1.69785,2.78871,0,0,0,0,0,0
8527,-1.95306,-2.03865,-1.60168,-0.8648,2.4674,1.45879,2.44865,0,0,0,0
8528,-1.81346,-1.82457,-1.92361,-0.49497,2.50936,1.35392,0,0,0,0,0
8529,-1.56334,-1.34364,-1.11753,-0.38687,2.44589,2.9007,0,0,0,0,0
8530,0,0.09899,-0.66092,0.19836,0,0,0,0,0,0,0
8531,-1.44567,-1.1734,-0.54959,0.67154,2.03527,0,0,0,0,0,0
8532,-1.82347,-1.68633,-1.01187,-0.42455,2.12534,0,2.36757,0,0,0,0
8533,-0.81754,-0.52398,-0.91482,-0.28911,0,0,0,0,0,0,0
8534,-1.38753,-1.95059,-1.17162,-0.01895,-0.01822,0,0,0,0,0,0
8535,-2.48602,-1.5156,0.11338,1.34052,1.89487,2.858,0,0,0,0,0
8536,-4.20752,-2.2942,-0.37016,0.66988,0.89923,0,0,0,0,0,0
8537,-2.12943,-1.35945,0.32295,1.57681,1.9726,0,0,0,0,0,0
8538,-3.90293,-2.30542,-0.2508,0.31464,0.5225,0,0,0,0,0,0
8539,-4.18658,-2.2764,-0.52795,0.10804,0.78803,1.29946,0,0,0,0,0
8540,-2.74027,-1.63195,-0.07981,1.21929,1.91617,0,0,0,0,0,0
8541,-2.47876,-1.10079,0.26269,-0.36852,2.66008,0,0,0,0,0,0
8542,-0.47714,-0.86699,0.83001,2.42688,2.44993,0,0,0,0,0,0
8543,-3.00405,-1.05418,-0.38883,0.24273,1.35614,0,0,0,0,0,0
8544,-1.38413,-2.46849,0.46517,-0.76237,1.78062,0,0,0,0,0,0
8545,-1.65407,-1.71411,-0.63899,1.4993,1.76797,0,0,0,0,0,0
8546,-2.52337,-1.86576,-0.0456,1.10324,1.67063,0,0,0,0,0,0
8547,-3.27132,-1.76496,-0.25839,0.46843,1.43879,2.22453,0,0,0,0,0
8548,-1.01341,-1.08316,-0.43748,1.84557,2.00899,0,0,0,0,0,0
8549,0,0,0,0,0,0,0,0,0,0,0
8550,-2.22431,-1.32755,0.1257,0.30267,0.89828,0,0,0,0,0,0
8551,-3.41818,-1.78399,-0.2243,0.4087,1.17874,2.07521,0.4106,0,0,0,0
8552,-1.94709,-1.46132,-0.20316,1.29772,2.74566,2.22732,0.45939,0,0,0,0
8553,-3.29602,-2.23681,-0.60325,0.74318,1.74162,2.05657,0,0,0,0,0
8554,-2.53946,-1.68744,-0.49068,0.50951,2.24099,2.53254,-0.71925,0,0,0,0
8555,-0.86505,-0.63845,-0.30697,0.47407,1.91663,0,0,0,0,0,0
8556,-1.00708,-0.3581,-0.19052,0.34016,2.98914,0,0,0,0,0,0
8557,-1.48728,0.36051,-1.77691,-3.47221,1.07883,0,0,0,0,0,0
8558,-2.56582,-2.20814,0.68179,-0.80912,3.0412,0,0,0,0,0,0
8559,-3.23617,-1.94992,-0.41494,0.52204,0.87808,1.429,0,0,0,0,0
8560,-2.6707,-1.92238,-0.39233,1.01472,1.90217,2.79867,0,0,0,0,0
8561,-2.61674,-1.79324,-0.0323,2.48968,1.93638,0,0,0,0,0,0
8562,-3.29975,-1.81498,-0.48686,-0.06113,0.70939,1.589,0.96889,0,0,0,0
8563,-3.26791,-2.0218,-0.20646,0.92288,1.81645,2.28478,-0.57994,0,0,0,0
8564,-3.57791,-0.29179,-1.02728,1.34456,1.17117,0,0.84913,0,0,0,0
8565,-2.58697,-2.15855,-0.39077,1.03713,1.89317,0,0,0,0,0,0
8566,-3.0977,-2.52354,-0.66344,0.24165,1.34732,1.41189,-0.08456,0,0,0,0
8567,-0.12891,-0.8878,-1.23843,-1.99142,0.16775,0,0,0,0,0,0
8568,-3.20045,-0.20217,-0.46599,0.63205,3.2039,0,0,0,0,0,0
8569,-2.9447,-2.03045,-0.47113,0.34363,1.38774,0,0,0,0,0,0
8570,-3.46543,-1.82532,-0.59619,0.1329,1.41272,0,0.60191,0,0,0,0
8571,-1.24697,-1.50607,-0.61438,0.48018,-0.78546,0,0,0,0,0,0
8572,-3.23554,-2.46577,-0.90046,0.52086,1.71444,2.18237,-1.06525,0,0,0,0
8573,-2.1495,-1.88444,-1.79979,0,0.74223,0,0,0,0,0,0
8574,-3.26653,-2.11592,-0.64688,0.45305,1.38051,2.3423,0,0,0,0,0
8575,-1.45137,-1.88987,-0.18935,-3.30328,2.80591,0,0.31297,0,0,0,0
8576,-2.84061,-2.21459,-0.48891,0.11975,1.67422,2.50387,0.50818,0,0,0,0
8577,-0.59282,-1.92713,0.02662,0,2.8482,0,0,0,0,0,0
8578,-0.21667,-1.81713,-0.21159,0.96931,2.04402,0,0,0,0,0,0
8579,0,0,0,0,0,0,0,0,0,0,0
8580,-2.99363,-1.65312,-0.04506,0.51835,1.48373,1.9721,-0.03397,0,0,0,0
8581,-1.8751,-2.15252,0,0,0,0,0,0,0,0,0
8582,-3.6343,-2.77514,-0.54714,0.64309,1.5561,0,0,0,0,0,0
8583,-3.40989,-1.93307,-0.44162,0.46553,0.8228,1.87717,0,0,0,0,0
8584,-2.17021,-1.24359,-0.24731,0.80952,1.06106,0,0,0,0,0,0
8585,-2.0996,-0.69433,-1.32871,1.29519,2.38579,0,0,0,0,0,0
8586,-3.48199,-0.68825,0.07865,1.27095,1.58884,2.10594,0,0,0,0,0
8587,0.289,-1.61904,-0.2831,0,0,0,0,0,0,0,0
8588,-2.26416,-1.42998,0.04028,1.64625,1.78264,0,0,0,0,0,0
8589,-3.47536,-1.98871,-0.56741,0.32787,1.24127,0.33039,0,0,0,0,0
8590,-0.54285,-1.00396,0.19279,0.70535,2.49507,0,0,0,0,0,0
8591,-3.14615,-1.67701,0.0468,0.67035,1.4887,1.9392,0,0,0,0,0
8592,-3.1707,-2.08865,-0.19519,0.57088,1.32191,0,0,0,0,0,0
8593,-3.36475,-1.80872,-0.58168,0.28206,1.02891,1.63943,0,0,0,0,0
8594,-2.94565,-1.42544,0.29547,0.55569,1.97567,4.24429,0,0,0,0,0
8595,-1.80019,-1.24743,5.71069E-3,1.5823,2.41346,0,0,0,0,0,0
8596,-1.91215,-1.39488,0.72145,0.68099,1.35054,0,0,0,0,0,0
8597,-2.02562,-1.47719,-0.27005,0.72925,1.45354,0,0,0,0,0,0
8598,0,0,0,0,0,0,0,0,0,0,0
8599,-2.08439,-1.80049,-0.40147,2.70886,1.14121,0.66077,0,0,0,0,0
8600,-1.09291,-1.91138,-0.17265,0.48276,2.80104,0,0,0,0,0,0
8601,-2.72971,-2.02781,-0.51356,1.16454,1.10114,0,0,0,0,0,0
8602,-1.59536,-1.63728,-0.42306,0.59849,0.17219,0,0.61011,0,0,0,0
8603,-1.4088,-2.00379,-0.0519,1.73568,3.94661,2.03393,0.68173,0,0,0,0
8604,-2.16455,-1.58823,-0.15897,1.31534,2.32603,0,0,0,0,0,0
8605,-2.17256,-1.06678,0.47403,0.63635,1.12303,0,0,0,0,0,0
8606,-2.75672,-1.26923,0.25749,2.09322,1.14033,0,0,0,0,0,0
8607,-2.70155,-1.46311,-0.2423,0.60574,1.4309,0,0,0,0,0,0
8608,-2.64414,-0.7065,0.08022,1.9645,1.17714,0,0,0,0,0,0
8609,-1.53682,-1.03752,1.31057,0.26976,1.26336,0,0,0,0,0,0
8610,-1.71744,-0.81481,0.03128,0.58869,1.22147,0,0,0,0,0,0
8611,-0.82064,-1.83745,-0.29774,0.3646,1.76911,0,0,0,0,0,0
8612,-0.7905,-0.92762,0.38011,1.09366,3.54774,0,0,0,0,0,0
8613,-2.04281,-2.59584,-1.18729,0.51662,2.42659,0,-0.09507,0,0,0,0
8614,-1.75654,-1.42597,0.92976,1.08318,2.19199,0,0,0,0,0,0
8615,-0.78686,-1.67106,-0.26797,0,0,0,0,0,0,0,0
8616,-0.94735,-0.8633,0.06158,2.60931,3.65795,0,0,0,0,0,0
8617,-0.08961,-1.67561,-0.966,1.79332,3.23333,0,0,0,0,0,0
8618,-1.23089,-1.61764,-0.57849,0.75015,1.84069,-4.1824E-3,0,0,0,0,0
8619,-0.77895,-1.63591,-0.25502,2.06168,3.88409,0,0,0,0,0,0
8620,-0.5407,-1.13278,0.45887,2.56515,3.11232,0,0,0,0,0,0
8621,-1.06141,-1.81067,-0.38078,1.10152,3.58811,0,0,0,0,0,0
8622,-1.31529,-1.73097,-0.18406,1.4509,3.42015,0.78863,0,0,0,0,0
8623,-1.04659,-1.87838,-1.19967,0.61069,3.33158,-0.36276,0,0,0,0,0
8624,-3.29588,-3.43246,-2.23408,0,1.00467,0,0,0,0,0,0
8625,0,0,0,0,0,0,0,0,0,0,0
8626,0.01419,0.09384,0.27853,-0.20514,4.68853,0,0,0,0,0,0
8627,-1.40479,-1.56077,-1.11418,-0.10526,2.99993,0,0,0,0,0,0
8628,-0.59091,-1.69281,-0.79915,1.1659,3.30185,0.71016,0.95071,0,0,0,0
8629,-1.08391,-0.86411,-0.57095,0.73149,1.99993,1.27884,0,0,0,0,0
8630,-0.38299,-1.51318,-1.44769,0.7924,3.28935,0,0,0,0,0,0
8631,-0.7528,-2.36792,-0.43526,0.73397,5.202,0,0,0,0,0,0
8632,-2.06479,-1.63829,-0.92558,0.17424,2.7799,0,0,0,0,0,0
8633,-0.88519,-1.70155,-0.84109,0.07154,2.97922,1.81191,1.12405,0,0,0,0
8634,-1.07967,-2.0095,-0.60447,0.86799,3.38848,0.86543,0.63463,0,0,0,0
8635,-0.2085,-2.60092,-0.36923,2.13697,3.64595,0,0,0,0,0,0
8636,-1.25561,-1.58334,-1.73849,-0.10144,3.89231,0,0,0,0,0,0
8637,-1.46535,-2.62748,-1.37131,0.16741,2.8264,-0.08277,-1.26063,0,0,0,0
8638,-1.23115,-2.64348,-1.64682,-0.2513,2.89199,0,0,0,0,0,0
8639,-1.51734,-1.30825,-0.59673,0.99295,3.15101,0,0,0,0,0,0
8640,-0.84695,-1.8825,-1.07496,0.38833,3.50576,0,0,0,0,0,0
8641,0.31384,-1.32308,-0.39651,2.37861,4.86038,0,0,0,0,0,0
8642,0.19219,-1.56069,-1.24074,-0.17552,3.31467,0,0,0,0,0,0
8643,-2.18207,-2.81344,-2.0575,-0.33431,3.17706,-0.07508,0,0,0,0,0
8644,0.13785,-1.48465,-1.36119,-0.67087,1.2671,0,0,0,0,0,0
8645,-1.04256,-1.809,-1.27337,0.01424,3.49688,2.34055,0,0,0,0,0
8646,-0.87342,-1.93545,-1.24593,-0.3013,3.23132,0,0,0,0,0,0
8647,-1.86347,-2.94117,-2.14399,-0.36505,2.99418,0.33039,0,0,0,0,0
8648,-1.32358,-2.17377,-1.64177,0.05881,3.12177,0,0,0,0,0,0
8649,-2.27693,-2.96943,-2.10934,-0.51516,2.86106,2.67561,0.68947,0,0,0,0
8650,-0.66998,-1.59681,-0.61223,0.40421,3.1021,0,0,0,0,0,0
8651,-1.60699,-2.5181,-1.62513,-0.20407,3.15697,2.23389,2.15326,0,0,0,0
8652,-1.03297,-2.03899,-1.37231,0.83566,3.981,1.46273,0,0,0,0,0
8653,-1.91538,-2.80372,-1.73909,-0.32194,3.14431,2.25533,0.8385,0,0,0,0
8654,-0.90493,-2.32384,-0.96,0.30699,3.35633,0.92686,0.59843,0,0,0,0
8655,-2.402,-3.38099,-2.74378,-1.13311,2.31373,0.38575,0.50491,0,0,0,0
8656,-1.17411,-1.90198,-1.30421,-0.1386,3.42397,0,0,0,0,0,0
8657,-1.35225,-1.84395,-1.00622,1.29402,3.52579,0,0,0,0,0,0
8658,-1.05779,-2.17561,-1.29852,0.20506,3.62282,2.39118,0.68599,0,0,0,0
8659,-0.73088,-2.12269,-0.88303,0.33531,4.05736,0,0,0,0,0,0
8660,-1.37105,-2.63536,-1.83898,0.11226,3.20655,0,0,0,0,0,0
8661,-1.58835,-1.54171,-1.89192,0.62682,3.07459,0,0.9898,0,0,0,0
8662,-0.74167,-1.393,-0.26554,0.49068,2.58413,0,0,0,0,0,0
8663,-0.54072,-1.74863,-0.94524,0.48986,3.76804,0,0,0,0,0,0
8664,0.24015,-1.03379,-0.95929,1.3332,4.7643,0,0,0,0,0,0
8665,-0.7246,-1.79698,-1.03758,0.5525,3.5248,0,0,0,0,0,0
8666,-1.8201,-1.92004,-1.51484,-0.46714,3.58548,0,0,0,0,0,0
8667,-0.65708,-1.83754,-0.98885,0.03934,2.71175,0,0,0,0,0,0
8668,-0.28418,-2.14214,-0.70703,1.44759,4.20083,0,0,0,0,0,0
8669,-1.82341,-1.85774,-1.6023,-0.43915,2.89008,0,0,0,0,0,0
8670,-1.44438,-2.91793,-2.03656,-0.67933,3.02079,2.01542,0,0,0,0,0
8671,-0.47736,-1.32263,-0.61551,1.52912,3.56139,0,0,0,0,0,0
8672,-0.95372,-2.51847,-1.39741,-0.15918,4.3803,1.90708,-0.7233,0,0,0,0
8673,-1.28889,-1.31312,-1.21742,0.61335,4.3019,0,0,0,0,0,0
8674,-0.91469,-1.42934,-1.24063,0.50787,4.3828,0.33039,0,0,0,0,0
8675,-1.40143,-2.70061,-1.5164,-0.35396,3.00569,0,0,0,0,0,0
8676,-1.35937,-2.69635,-2.32242,-0.78083,3.06306,0,0.74005,0,0,0,0
8677,-2.2687,-2.77291,-2.11585,-0.77951,3.04073,1.32221,0.2867,0,0,0,0
8678,-2.08303,-1.72797,-0.62975,-0.65357,3.1513,0,0,0,0,0,0
8679,-0.54657,-2.48673,-1.44401,0.21714,3.90432,0,0,0,0,0,0
8680,-1.39291,-2.8104,-2.12853,-0.43914,3.73653,0,0,0,0,0,0
8681,0,0,0,0,0,0,0,0,0,0,0
8682,-1.93854,-1.68459,-1.28288,-0.54136,4.03382,0,0.46875,0,0,0,0
8683,-1.62414,-2.53699,-1.57047,-0.76368,3.01339,1.99341,0,0,0,0,0
8684,-0.85451,-0.09592,0.26033,-0.01244,1.9967,0,0,0,0,0,0
8685,-0.73083,-0.1936,-0.45553,-0.03668,2.55219,0,0,0,0,0,0
8686,-0.71536,-0.5684,-0.71469,-0.13298,2.23999,0,0,0,0,0,0
8687,0.1053,0.47875,-0.19926,-0.43308,2.57173,0,0,0,0,0,0
8688,-1.77516,-1.65582,-1.27562,-0.60558,2.43979,0,0,0,0,0,0
8689,-1.88136,-0.98222,-1.45489,-0.50539,2.82753,0,0,0,0,0,0
8690,-2.51488,-2.37554,-1.82532,-1.00207,1.74797,0.29801,0,0,0,0,0
8691,-0.42682,-0.2563,-1.32245,0.10344,2.60091,0,0,0,0,0,0
8692,-1.83379,-1.53643,-1.42015,-0.9112,2.5781,0,1.45506,0,0,0,0
8693,-3.07811,-2.45712,-2.07835,-1.44215,1.8526,0,0,0,0,0,0
8694,-0.46749,0.72939,0.57978,-0.33981,1.74661,2.29132,0.49215,0,0,0,0
8695,-2.17016,-1.57834,-1.33195,-0.94727,1.92451,0.1367,1.42283,0,0,0,0
8696,-2.71516,-2.31749,-1.86737,-1.41899,1.75026,1.69673,0,0,0,0,0
8697,-0.26537,-0.28886,0.17326,0.3289,2.13264,2.12511,0,0,0,0,0
8698,-0.68394,-0.19761,-0.35495,0.28801,2.97723,0,0,0,0,0,0
8699,-1.61519,-1.60468,-1.13918,-0.67704,2.57475,0.79472,3.16611,0,0,0,0
8700,-2.00204,-1.37206,-0.77292,-0.44997,2.82622,1.06624,1.59051,0,0,0,0
8701,-0.80909,1.02336,0.27744,-0.38289,1.58025,0,0,0,0,0,0
8702,-1.60634,-1.77916,-0.8496,0.21523,2.23214,0,0,0,0,0,0
8703,-1.74538,-1.0026,-0.38163,-0.48091,2.37392,1.57894,0,0,0,0,0
8704,-1.56694,-0.25916,0.38614,0.22503,2.62677,0,0,0,0,0,0
8705,-2.58729,-1.48303,-0.72857,-0.71424,2.57814,0.67199,0,0,0,0,0
8706,-2.42297,-1.03751,-0.91663,-0.05923,2.74165,0.88912,0,0,0,0,0
8707,-1.76497,-1.6637,-1.06044,-0.80164,3.75293,0,0,0,0,0,0
8708,-1.86774,-1.4044,-1.19632,0.12743,2.08739,0,-0.15156,0,0,0,0
8709,-1.1612,-0.29964,0.12318,-0.9542,2.81619,1.8542,0,0,0,0,0
8710,-1.50227,-1.92877,-1.39452,-0.71506,2.93821,1.52127,0.53513,0,0,0,0
8711,0.20772,1.64987,0.23009,-0.45381,3.39766,0,0,0,0,0,0
8712,-1.33269,-1.19666,-0.84729,-0.4063,3.07071,0,1.23626,0,0,0,0
8713,0,0,-0.99969,0,0,0,0,0,0,0,0
8714,-0.57045,-1.35269,-0.92369,-0.03692,3.12913,0,0,0,0,0,0
8715,0.78476,-1.55661,-1.07125,0.4633,0,0,0,0,0,0,0
8716,-1.96958,-1.66415,-1.01497,-0.41509,2.77987,1.61271,1.46335,0,0,0,0
8717,-1.3379,-1.03564,-0.66071,-0.48061,0.60424,0,0,0,0,0,0
8718,-2.2354,-1.74572,-1.78318,-0.83777,3.23281,0,0,0,0,0,0
8719,-1.79292,-0.11116,0.11158,0.71781,3.41642,0,0,0,0,0,0
8720,-1.14051,-1.91603,-2.40952,0,0,0,0,0,0,0,0
8721,-0.20195,1.22762,0.59795,0.30267,1.6518,0,0,0,0,0,0
